0.0 0.0 0.0625
-0.00014747377561566397 0.00013509805885230478 0.0625
2.4727729119004277e-05 -0.00028175971928687244 0.0625
0.00021076940410294536 0.00027491136443240995 0.0625
-0.0003938853941261715 -6.967278015172465e-05 0.0625
0.0003773388391151792 -0.00024003208222070845 0.0625
-0.00012717961640771057 0.00047310183382691254 0.0625
-0.00024388907298285528 -0.00046959356903556886 0.0625
0.0005313603666749779 0.0001940519536800212 0.0625
-0.0005546073336826829 0.0002289338450849618 0.0625
0.00026806374429836916 -0.000572836651230295 0.0625
0.00019852245683424613 0.0006329208750961647 0.0625
-0.0005994359098282909 -0.0003473853623979127 0.0625
0.0007042909162639697 -0.00015483638224932133 0.0625
-0.0004303874553783571 0.000612181866974956 0.0625
-9.954395228022564e-05 -0.000768173809475715 0.0625
0.0006117191963648346 0.0005155575863070595 0.0625
-0.0008239169432182228 3.4071552326538204e-05 0.0625
0.0006014617026701203 -0.0005985347276651203 0.0625
-4.026876898201316e-05 0.0008708492557524944 0.0625
-0.0005730676807778339 -0.0006867266073539856 0.0625
0.0009083301205610289 0.00012221453302118643 0.0625
-0.0007700333760574485 0.0005357691664864341 0.0625
0.00021051913388232745 -0.0009357786566648304 0.0625
0.0004871357814141825 0.0008501168922365874 0.0625
-0.0009526927771966907 -0.0003039349803449032 0.0625
0.0009257689408826663 -0.0004277287319049145 0.0625
-0.00040120644552188065 0.0009586622909407141 0.0625
-0.00035818422486129543 -0.0009958433918345361 0.0625
0.0009533782011902002 0.0005010688630271675 0.0625
-0.0010592625685740395 0.00027921821362140444 0.0625
0.0006022514171406459 -0.0009366393278909891 0.0625
0.0001916272642382563 0.0011150242112172102 0.0625
-0.00090835687165269 -0.0007034826179240951 0.0625
0.0011622086253930573 -9.628660894423605e-05 0.0625
-0.0008034975185339698 0.0008685572737072398 0.0625
5.853932596134098e-06 -0.0011999857213622002 0.0625
0.000817383583618894 0.0009010461016120843 0.0625
-0.0012276217206126463 -0.00011377570513974373 0.0625
0.0009949024238599434 -0.0007550954687969 0.0625
-0.00022639831457463722 0.0012444853567470226 0.0625
-0.0006820679575682313 -0.0010838742091491527 0.0625
0.0012500534329908503 0.00034258782037280554 0.0625
-0.001166812646032081 0.0005987889854194162 0.0625
0.000461165823421473 -0.0012439156254778678 0.0625
0.0005058558036201682 0.0012426221895426599 0.0625
-0.0012257784428173469 -0.0005809192793532336 0.0625
0.0013102701980318647 -0.00040397030602451164 0.0625
-0.0007006108868326096 0.0011954682702822457 0.0625
-0.0002939333306016999 -0.0013687962584553596 0.0625
0.0011529334424957378 0.0008189899127430861 0.0625
-0.0014173210710892651 0.00017663799547769466 0.0625
0.0009348033245197433 -0.0010982453025016022 0.0625
5.306213389971589e-05 0.0014550547790189922 0.0625
-0.0010315982180599786 -0.001046807105676818 0.0625
0.001481304640150348 7.5740102119346e-05 0.0625
-0.001153777634976698 0.0009533085382118307 0.0625
0.0002086473941221792 -0.001495481950718906 0.0625
0.0008638124847795052 0.0012545230133955523 0.0625
-0.00149710813983063 -0.00034448108460824147 0.0625
0.0013478942265353964 -0.0007636629846159531 0.0625
-0.0004820155933886511 0.0014858199647770878 0.0625
-0.0006535254591280786 -0.001432796033729656 0.0625
0.0014613737469340972 0.000619989331982251 0.0625
-0.0015081974790014038 0.0005341725978874341 0.0625
0.0007571160209341035 -0.0014236485980904522 0.0625
0.000406478152994552 0.0015731419233934803 0.0625
-0.001372648597124918 -0.000892096311398604 0.0625
0.001626756503085078 -0.00027140980024753915 0.0625
-0.00102362960953282 0.0013085038870739689 0.0625
-0.00013002112204421804 -0.0016682609231838893 0.0625
0.0012314706728017589 0.001150426000240426 0.0625
-0.0016969755031553476 -1.6557224726818278e-05 0.0625
0.0012712181656325172 -0.001141930109667793 0.0625
-0.00016712708482609446 0.001712328396516723 0.0625
-0.0010403860837442437 -0.0013847731932527135 0.0625
0.0017138619146630908 0.0003204330467778967 0.0625
-0.0014899041696680197 0.0009274618942068996 0.0625
0.00047517326652807225 -0.0017012378924703747 0.0625
0.0008038958584541773 0.0015854814564542283 0.0625
-0.0016742420415924815 -0.0006300107825777593 0.0625
0.001670443547905209 -0.0006705358702275799 0.0625
-0.0007835852276774086 0.0016327872460812965 0.0625
-0.000528332950448578 -0.0017438074129531337 0.0625
0.0015769157640486589 0.0009345248381369184 0.0625
-0.0018046782277814201 0.00037833383958048636 0.0625
0.0010814586586324353 -0.0015068003084911202 0.0625
0.0002216726890000845 0.0018522584104145598 0.0625
-0.0014227439900404827 -0.0012230288380915995 0.0625
0.001885855874142176 -5.956191705652675e-05 0.0625
-0.001357902910839477 0.0013251791142082172 0.0625
0.00010671769686509685 -0.0019048914229361758 0.0625
0.0012146648355848316 0.001484785956693312 0.0625
-0.0019089052189981905 -0.00027582759992696696 0.0625
0.0016024325341163893 -0.0010918836813531593 0.0625
-0.0004463826483615486 0.0018975622601753361 0.0625
-0.0009576369662984779 -0.0017096582818734998 0.0625
0.001870656813143068 0.0006169627925907851 0.0625
-0.0018053510868651416 0.000812839131166095 0.0625
0.0007861251677329281 -0.0018281157569084282 0.0625
0.0006585110456501452 0.0018884817189363397 0.0625
-0.001770000800264925 -0.0009524164882348086 0.0625
0.0019581138374372316 -0.0004957723264128801 0.0625
-0.0011143856421650595 0.001696509546255596 0.0625
-0.00032583272926086705 -0.0020134132791214065 0.0625
0.0016079753863975932 0.0012705963783749387 0.0625
-0.002053656542570129 0.00014998268286340292 0.0625
0.0014196399783065704 -0.0015048662173076123 0.0625
-3.0416960877456857e-05 0.002078238390678745 0.0625
-0.0013877819823616064 -0.0015601478037136388 0.0625
0.0020866784997859308 0.00021394587757453162 0.0625
-0.001690803611965919 0.001257451051040557 0.0625
0.0003991358335327429 -0.0020786270917098437 0.0625
0.00111472545857276 0.0018103555319355783 0.0625
-0.0020538694932153777 -0.0005844827669309056 0.0625
0.0019176275957020184 -0.0009605750382984652 0.0625
-0.0007684592876169726 0.0020123295762064465 0.0625
-0.0007960804887720176 -0.0020115307244475554 0.0625
0.0019540720411443465 0.0009495274919758606 0.0625
-0.0020910730709258426 0.0006224254268976855 0.0625
0.0011261519860292345 -0.0018793035157638614 0.0625
0.0004408874872932707 0.0021553696257366685 0.0625
-0.0017883724510105654 -0.001296813007517454 0.0625
0.0022036510003012716 -0.0002528285365048932 0.0625
-0.0014600195362043757 0.001681767806179426 0.0625
-5.96840785987612e-05 -0.00223527130585122 0.0625
0.0015601165254081099 0.0016143222810667413 0.0625
-0.002249715054876921 -0.00013704806405102582 0.0625
0.0017583264333802587 -0.0014241798178868633 0.0625
-0.0003358197043296761 0.0022466030192679638 0.0625
-0.0012748482643040956 -0.0018907040759994235 0.0625
0.002225696987756321 0.0005350447819504837 0.0625
-0.0020102061413396987 0.0011131357820680103 0.0625
0.000733112291544133 -0.002186903374177037 0.0625
0.000940172491645663 0.002115673813694537 0.0625
-0.0021302756374174544 -0.0009283995414828999 0.0625
0.0022060492755337996 -0.0007571965358589537 0.0625
-0.0011192856342120447 0.002056015483659241 0.0625
-0.0005655449130918097 -0.002280385702304761 0.0625
0.0019644728315480926 0.001304165056313586 0.0625
-0.0023378564159554265 0.0003666433940166489 0.0625
0.0014814612649005675 -0.0018561445311718618 0.0625
0.00016199559956714028 0.0023777631138784372 0.0625
-0.0017316718381040486 -0.0016496401562514618 0.0625
0.0023995430971822432 4.682867460274769e-05 0.0625
-0.001807223302850671 0.0015918366541933604 0.0625
0.00025820579508677556 -0.0024027754300773945 0.0625
0.0014375565571582536 0.0019528008462132817 0.0625
-0.002387185970658534 -0.00047047119092572936 0.0625
0.0020850439350210775 -0.0012698786513016982 0.0625
-0.00068193271350764 0.002352651222397427 0.0625
-0.0010899722817003911 -0.002202716601182468 0.0625
0.002299200965168801 0.0008908843481433792 0.0625
-0.0023046869704210367 0.0008991206639664687 0.0625
0.001095620165666121 -0.00222701963453081 0.0625
0.0006987114910437478 0.0023899377088709706 0.0625
-0.002136446428196159 -0.0012944483996853169 0.0625
0.0024575756128754926 -0.0004902265874059125 0.0625
-0.00148570553334167 0.0020279741290751083 0.0625
-0.0002752306893950929 -0.0025068402557034027 0.0625
0.0019022466448624562 0.0016677702785784171 0.0625
-0.0025371116121687912 5.535943820413596e-05 0.0625
0.0018390773310773747 -0.001760055274790346 0.0625
-0.00016769332090240286 0.0025479165901035154 0.0625
-0.0016023337247897714 -0.0019981307851092574 0.0625
0.002538934406228623 0.0003921888331767123 0.0625
-0.0021435170946121555 0.0014301519028080427 0.0625
0.000616357217267692 -0.0025100007531317654 0.0625
0.0012447085363303323 0.0022739174698274346 0.0625
-0.0024611107137096303 -0.0008384116261501122 0.0625
0.00238811960276894 -0.00104732266416359 0.0625
-0.0010565626720157781 0.0023924203895015774 0.0625
-0.0008394240641814116 -0.0024850286196487076 0.0625
0.00230424721973948 0.0012690329981221442 0.0625
-0.002563677164101101 0.0006225426879070506 0.0625
0.001474071878614343 -0.0021970689785890617 0.0625
0.0003982971814668275 0.0026232345215850567 0.0625
-0.002071521448869868 -0.0016699697263340078 0.0625
0.002663014702660902 -0.00016838258048820925 0.0625
-0.001855072388603476 0.0019283947814285835 0.0625
6.544272611278249e-05 -0.002682483410871152 0.0625
0.0017686285602138026 0.002027795111937114 0.0625
-0.002681263829644184 -0.00030137066187969593 0.0625
0.0021866360585783423 -0.0015933056038704475 0.0625
-0.0005375576506905267 0.0026591411719169935 0.0625
-0.001403644545249913 -0.0023301892606803778 0.0625
0.0026160659459652 0.0007721392143656496 0.0625
-0.002457156901821686 0.0012009912405301095 0.0625
0.0010032448635239558 -0.0025521559011574503 0.0625
0.0009868090695720586 0.0025663608203466497 0.0625
-0.0024676966279357196 -0.0012290131620428968 0.0625
0.002656753134713201 -0.0007626681986234784 0.0625
-0.0014476068432807288 0.0023631407971779427 0.0625
-0.0005302338854351822 -0.0027274258975701453 0.0625
0.0022391060351367987 0.001657227855007864 0.0625
-0.0027776196926284297 0.00029125391520586926 0.0625
0.0018561322097787828 -0.0020963714412817525 0.0625
4.754526344929778e-05 0.0028067310964756736 0.0625
-0.0019358727675037328 -0.002042644518274641 0.0625
0.0028143189362523037 0.00019901991119409564 0.0625
-0.0022151720849407576 0.0017586962881916874 0.0625
0.0004465288350422728 -0.0028001092834880202 0.0625
0.001566071401557794 0.0023722184480403164 0.0625
-0.002763999134320253 -0.0006930431339223352 0.0625
0.0025123962500164057 -0.001359362013189829 0.0625
-0.0009366141753828025 0.0027060587367002944 0.0625
-0.0011400567630548716 -0.002634439328778108 0.0625
0.0026265325359570947 0.0011752986163349275 0.0625
-0.002737213926167791 0.000909758166983461 0.0625
0.001407174031438168 -0.002525838721147107 0.0625
0.0006701707529454383 0.0028197289163847906 0.0625
-0.002404567365882573 -0.0016303544960935776 0.0625
0.0028811449644867777 -0.00042308828110984543 0.0625
-0.001843005997475341 0.0022634771687096654 0.0625
-0.0001703801446878063 -0.0029207825332085518 0.0625
0.0021034908095100197 0.002043361547623641 0.0625
-0.0029381286651667827 -8.602294417922204e-05 0.0625
0.0022297358742417953 -0.0019256889497318035 0.0625
-0.00034414387276575196 0.002932842476990162 0.0625
-0.0017313029154272547 -0.002400539567479172 0.0625
0.0029047593119537764 0.0006019745340276644 0.0625
-0.0025542925646224717 0.0015217061129910588 0.0625
0.0008574915997878726 -0.002853893508225777 0.0625
0.0012984042380681715 0.0026896368592370626 0.0625
-0.0027804397507705737 -0.0011086725361146414 0.0625
0.002805348326864586 -0.0010630243482432885 0.0625
-0.0013535117334257793 0.0026847729862092143 0.0625
-0.0008173028797527282 -0.0029003475658527372 0.0625
0.0025674468914248173 0.0015900366221295165 0.0625
-0.0029737096592200372 0.000563072697492473 0.0625
0.0018163236439263071 -0.0024291908983269024 0.0625
0.00030224927595769505 0.0030246727715875395 0.0625
-0.002270905788860197 -0.0020305139492555195 0.0625
0.0030526455040793357 -3.6816116365219165e-05 0.0625
-0.002230828692781726 0.0020936578859646043 0.0625
0.00023119048797200605 -0.0030572129396349325 0.0625
0.0018986718776775112 0.0024155838012614164 0.0625
-0.0030381413213190424 -0.000499697220018064 0.0625
0.0025832040916201845 -0.0016873223228052008 0.0625
-0.0007666099180988297 0.0029953813168731133 0.0625
-0.0014611238975126206 -0.002732236621546079 0.0625
0.002929069833850951 0.0010298300386104326 0.0625
-0.0028613631603696507 0.0012217204526729518 0.0625
0.0012872712722044209 -0.0028395303611261514 0.0625
0.0009708729618115715 0.0029694116743933007 0.0625
-0.002727271824263179 -0.0015368761812781778 0.0625
0.003055366728114715 -0.0007104464488823767 0.0625
-0.0017766327256277788 0.0025929859541132133 0.0625
-0.00044239599385119535 -0.003118378710904821 0.0625
0.0024375431799355802 0.0020045905432156314 0.0625
-0.0031577718075886997 0.00016875192205718733 0.0625
0.0022188768541714157 -0.0022619870702597668 0.0625
-0.00010839570948929943 0.0031730506409706595 0.0625
-0.0020675273564957635 -0.0024177118583780083 0.0625
0.0031639055245683586 0.00038691320939691735 0.0625
-0.002599423500281543 0.0018555315858761476 0.0625
0.0006646398079046769 -0.003130216274596443 0.0625
0.001627515461577803 0.002762461478885306 0.0625
-0.0030720545414836113 -0.0009394045423298293 0.0625
0.002905410386211157 -0.0013851319387323134 0.0625
-0.001209043339263803 0.0029896846328303314 0.0625
-0.001130159155402596 -0.0030270018638018192 0.0625
0.0028835628116260664 0.0014714161584701915 0.0625
-0.0031261256740468713 0.0008644872873935141 0.0625
0.0017244240621516554 -0.0027543350656505806 0.0625
0.0005901044248945986 0.0032018395911912597 0.0625
-0.0026028333561874143 -0.001966026073051464 0.0625
0.003253378025767168 -0.0003090815773470241 0.0625
-0.002194255685747216 0.0024300703663816025 0.0625
-2.3556920513734694e-05 -0.0032801593058106055 0.0625
0.0022372327816801113 0.002407236897477245 0.0625
-0.00328179154850988 -0.00026428059355375626 0.0625
0.0026031996279038106 -0.0020256731467049325 0.0625
-0.0005522081371739253 0.0032580770668047283 0.0625
-0.001796900354528686 -0.0027804944013420855 0.0625
0.003209015266828213 0.0008379862870378345 0.0625
-0.0029376061701423444 0.001552568835556616 0.0625
0.0011193765484954243 -0.0031348040038698547 0.0625
0.0012944665239750259 0.0030731671640683673 0.0625
-0.003035839376645513 -0.0013941589863457416 0.0625
0.003185968657623431 -0.0010245016899162035 0.0625
-0.0016601498227183885 0.0029127139519918716 0.0625
-0.0007446887350296956 -0.003274971555284087 0.0625
0.0027662134245638034 0.0019152188621050594 0.0625
-0.003339315703452298 0.0004571330579567495 0.0625
0.002157306604188516 -0.0025973117286002883 0.0625
0.0001640151042180995 0.0033783278475583633 0.0625
-0.0024071646312469825 -0.0023844409068109825 0.0625
0.00339152816307543 0.00013242627785374993 0.0625
-0.002594753064243456 0.0021971018491638472 0.0625
0.0004299110472928356 -0.0033786353001493932 0.0625
0.0019686177421316944 0.0027864931698039935 0.0625
-0.0033395698930344564 -0.0007261356137374276 0.0625
0.0029580446368417516 -0.0017233606489797059 0.0625
-0.0010187907764926613 0.003274456497456255 0.0625
-0.0014631209423091832 -0.0031079377580923795 0.0625
0.0031836239313122864 0.0013055798190749212 0.0625
-0.003234862190388365 0.001189817889088826 0.0625
0.0015842366168871906 -0.003067604006666087 0.0625
0.0009054854141582101 0.00333767825962101 0.0625
-0.0029271286536983426 -0.001852543614789712 0.0625
0.0034154269896407904 -0.0006122568729163022 0.0625
-0.002108349531580573 0.0027631254500445645 0.0625
-0.00031234894791364243 -0.0034673387683837936 0.0625
0.002576711581673522 0.0023495866497896052 0.0625
-0.003492840574851288 8.044791639316221e-06 0.0625
0.0025742875517105516 -0.002369186274041806 0.0625
-0.0002983234555674397 0.0034915617015682686 0.0625
-0.002142021744596909 -0.002780601166236183 0.0625
0.00346333791872063 0.0006043926379034233 0.0625
-0.002966807995795016 0.001896852739694561 0.0625
0.0009077869076007205 -0.0034082140382300993 0.0625
0.0016354647305489042 0.0031313343984842312 0.0625
-0.003326444848477404 -0.0012061362568292775 0.0625
0.0032727658073098925 -0.001359780853852276 0.0625
-0.0014970951128832073 0.003218494403130324 0.0625
-0.0010718476930949854 -0.003389858776233452 0.0625
0.0030850336604742365 0.0017783608502609746 0.0625
-0.003481551751425173 0.000773820006298822 0.0625
0.0020476920731342728 -0.0029269364826765656 0.0625
0.00046794451477102917 0.003546974475675813 0.0625
-0.0027452740174401004 -0.002302926522746284 0.0625
0.0035854559442455723 -0.00015654287551368666 0.0625
-0.0025419984664841705 0.00254130749740997 0.0625
0.0001580060329807558 -0.00359653084145565 0.0625
0.0023164795053920956 0.0027629554287209182 0.0625
-0.0035799443989683205 -0.00047328437571438374 0.0625
0.0029639741279967016 -0.0020724037658154826 0.0625
-0.0007868540360591393 0.003535655628866794 0.0625
-0.0018108535348270879 -0.0031433754906794445 0.0625
0.003463838897242074 0.0010962755556669199 0.0625
-0.0032996386178690174 0.0015337486728494484 0.0625
0.0013991271917206149 -0.0033648838169226566 0.0625
0.00124314149426514 0.003431413589941649 0.0625
-0.0032393934511434678 -0.0016930239421487272 0.0625
0.0035375330017161353 -0.0009412014990262331 0.0625
-0.0019756363889193228 0.003088180833237882 0.0625
-0.0006301991003517404 -0.0036170221306920224 0.0625
0.0029122638207530298 0.002244709210194712 0.0625
-0.003669107651104167 0.0003124884711615114 0.0625
0.002498079213997888 -0.0027128583156132012 0.0625
-9.510360521653321e-06 0.003693224817560224 0.0625
-0.002491369895006356 -0.002733692749058683 0.0625
0.0036890230537139305 0.00033333003040102605 0.0625
-0.0029496223527005765 0.0022493839104183884 0.0625
0.0006564748286355843 -0.003656369893674309 0.0625
0.0019886541246010372 0.003144082500938435 0.0625
-0.0035953532365705742 -0.0009764400157108974 0.0625
0.0033154443323597806 -0.001711089968126577 0.0625
-0.0012907313134006865 0.003506281887784686 0.0625
-0.0014187425084610636 -0.003462249224808291 0.0625
0.003389684373726347 0.0015968844186463283 0.0625
-0.0035832211123242937 0.0011137892350859982 0.0625
0.0018924843872504436 -0.003246306030554315 0.0625
0.0007985177740290151 0.003677277439160628 0.0625
-0.003077104380837038 -0.0021751847345532543 0.0625
0.003743538657913591 -0.0004753086541464511 0.0625
-0.0024427261017397344 0.0028832428256876674 0.0625
-0.0001466172555597861 -0.003781336189810702 0.0625
0.0026660826932962283 0.0026929543391053493 0.0625
-0.003790218776896259 -0.00018504492228382842 0.0625
0.0029238378614724666 -0.0024271736979087663 0.0625
-0.0005171295294395355 0.0037699571681627424 0.0625
-0.002168242876064768 -0.003133484135972988 0.0625
0.003720547094496569 0.0008470710227797561 0.0625
-0.0033201551685607877 0.0018911820791978453 0.0625
0.0011723065596273654 -0.0036422105005414845 0.0625
0.0015980341134313497 0.0034822818628464994 0.0625
-0.003535395015129438 -0.0014902959729523261 0.0625
0.0036184771331047227 -0.001290977628465431 0.0625
-0.001798541671998064 0.0034007716556814583 0.0625
-0.0009723108677648002 -0.0037275476625291412 0.0625
0.003239230775832405 0.00209460831204791 0.0625
-0.0038085042079356525 0.0006444344017325816 0.0625
0.0023761420781154836 -0.0030518762793745476 0.0625
0.00030983297411683424 0.0038605703630616444 0.0625
-0.002840018137336666 -0.0026408894296427437 0.0625
0.0038831897042979793 2.894340052884991e-05 0.0625
-0.002886715156802716 0.002605163258509047 0.0625
0.00036929894398466556 -0.003876031255030306 0.0625
0.0023490047768830753 0.0031116196037080904 0.0625
-0.0038389932176634534 -0.0007086120763393817 0.0625
0.0033137549196899686 -0.002073409832192018 0.0625
-0.0010442556787711955 0.0037722049357576145 0.0625
-0.0017804059319153631 -0.0034914402067915446 0.0625
0.0036760270624148312 0.0013736175000318642 0.0625
-0.003643175439671054 0.001472165994641101 0.0625
0.001694120547682487 -0.00355104992501091 0.0625
0.0011509921854890662 0.0037676540431604254 0.0625
-0.0033980900904680995 -0.002003243304509592 0.0625
0.003863774022731729 -0.0008192986642632069 0.0625
-0.0022985396112050393 0.0032181851493848818 0.0625
-0.00047959337608816967 -0.003930647553980432 0.0625
0.0030125867513879413 0.002577658058269531 0.0625
-0.003967608948888827 0.00013445902237224007 0.0625
0.0028383607332410576 -0.002782751937919599 0.0625
-0.00021346664301117154 0.0039742209289773435 0.0625
-0.002530332832223236 -0.003078541173701131 0.0625
0.00395027914839997 0.0005615110414910893 0.0625
-0.0032962413820594094 0.0022571647594269843 0.0625
0.0009069873659007818 -0.003895814923491151 0.0625
0.0019652528822483814 0.003489667764818656 0.0625
-0.003811096139121952 -0.0012472153857172193 0.0625
0.0036572058668294977 -0.00165675744984832 0.0625
-0.0015795422998934163 0.003696626316365696 0.0625
-0.0013339777686546097 -0.0037974337799012736 0.0625
0.003553141840297796 0.0019013634746479163 0.0625
-0.003909134114976114 0.000999335014462079 0.0625
0.0022101429037555374 -0.0033816073611492863 0.0625
0.0006553540147118538 0.00399130443782494 0.0625
-0.003183209396385879 -0.0025034332303380193 0.0625
0.004043166079805643 -0.00030464413847811154 0.0625
-0.002778895171876065 0.0029593481754811982 0.0625
5.012056072532003e-05 -0.004064171247547596 0.0625
0.002711627783082317 0.003034316194139312 0.0625
-0.004054008368399239 -0.00040622179772747914 0.0625
0.0032676282849317 -0.002441844669817127 0.0625
-0.0007609179471628982 0.0040126056219974325 0.0625
-0.0021519746130587367 -0.0034769246849408026 0.0625
0.003940132622284732 0.0011114652125944577 0.0625
-0.0036604754405153866 0.0018441582224374574 0.0625
0.0014551389094098924 -0.0038370002286058566 0.0625
0.0015206850966757155 0.0038167416518214035 0.0625
-0.0037038584790465554 -0.0017892546960103077 0.0625
0.0039443882994792635 -0.0011839767493203085 0.0625
-0.002111189587503241 0.0035415926538236863 0.0625
-0.0008365684310703703 -0.004042295543393192 0.0625
0.003351317491180212 0.002418402587103639 0.0625
-0.004109568398967069 0.00048108998556533234 0.0625
0.0027084547727311077 -0.0031343695927682318 0.0625
0.00012024588362950894 0.0041455447081740855 0.0625
-0.0028922980698025806 -0.002979028679857961 0.0625
0.0041498013359164915 0.00024320541199921228 0.0625
-0.0032279468264871966 0.002626853495224132 0.0625
0.0006064725935591083 -0.004122158535677842 0.0625
0.002339975240614866 0.0034531892321894844 0.0625
-0.004062682442529553 -0.000966753004216749 0.0625
0.0036529097903611795 -0.002033777289548549 0.0625
-0.0013212543171195585 0.003971685665997868 0.0625
-0.001710532631337834 -0.0038254513612289557 0.0625
0.0038497259700150236 0.0016672162294651181 0.0625
-0.0039693594625599855 0.001372656350652088 0.0625
0.0020019320026875816 -0.0036976030420551214 0.0625
0.001022687539137063 0.00408339444546982 0.0625
-0.0035163533684752224 -0.0023227696803628534 0.0625
0.004166542054075389 -0.0006632701648809836 0.0625
-0.0026271928172538397 0.0033072432479286772 0.0625
-0.00029713304426196306 -0.004218022279932577 0.0625
0.0030717599893743063 0.002912780556045918 0.0625
-0.004237296435134365 -7.293093169296374e-05 0.0625
0.003177246892741339 -0.0028116013555562086 0.0625
-0.0004440861578702559 0.0042240723815280485 0.0625
-0.002528663326761311 -0.0034184589773598893 0.0625
0.004178307867634994 0.0008134760987635202 0.0625
-0.003634454303492137 0.002225026273064541 0.0625
0.0011782453275438838 -0.004100211939414963 0.0625
0.0019029396360379872 0.003823456648321727 0.0625
-0.003990244405897283 -0.001535561650082938 0.0625
0.003983890633915598 -0.0015648052329282304 0.0625
-0.0018826381421549524 0.003849113355787713 0.0625
-0.0012131593074983565 -0.004114394790808256 0.0625
0.003677770736336072 0.0022167549280310674 0.0625
-0.0042138330161018865 0.0008506534619982923 0.0625
0.0025352805300120234 -0.003477406020892866 0.0625
0.00048003461397670786 0.004281304330386271 0.0625
-0.0032494380065920935 -0.0028356926210918562 0.0625
0.004316150850652174 -0.00010412412983799059 0.0625
-0.003115598016958532 0.0029955047983143118 0.0625
0.000274203705969167 -0.004317963909950241 0.0625
0.0027174520494518692 0.0033727517487846374 0.0625
-0.004286588268701765 -0.0006520437214086263 0.0625
0.0036050750648139894 -0.002417319543845293 0.0625
-0.0010264822177156539 0.004222124377219785 0.0625
-0.002097326216514033 -0.0038106722164892295 0.0625
0.004124928664015322 0.0013946194881704348 0.0625
-0.0039878458937665255 0.0017598537233444909 0.0625
0.0017535923203956902 -0.003995611839737346 0.0625
0.0014074286816266367 0.004135111184253056 0.0625
-0.003835035222005676 -0.0021005963072365606 0.0625
0.004251207941808069 -0.0010427037141527834 0.0625
-0.0024329077920917943 0.0036443051018238072 0.0625
-0.0006684374394202004 -0.0043351114621865685 0.0625
0.003424765187583139 0.002747905276736924 0.0625
-0.0043860413760864045 0.0002874735592329919 0.0625
0.0030430901232005435 -0.0031779871777713807 0.0625
-9.7280797394293e-05 0.0044034686834878625 0.0625
-0.0029057595282571892 -0.003316106386101411 0.0625
0.00438712086734703 0.0004828773087319836 0.0625
-0.0035647596179938187 0.002610074494323978 0.0625
0.0008663491027978669 -0.00433698503941175 0.0625
0.002293113541355023 0.003787034497658322 0.0625
-0.004253309086059231 -0.0012447336335320869 0.0625
0.003981111139861233 -0.001957231231120329 0.0625
-0.0016150956139498172 0.004136600797490624 0.0625
-0.0016049377028788748 -0.0041453799548265636 0.0625
0.003987624979240842 0.001974549828425326 0.0625
-0.004278454936446689 0.0012388798798894716 0.0625
0.002320283646530556 -0.003807398560650418 0.0625
0.0008618215423274779 0.0043791852700223 0.0625
-0.003597183730578007 -0.0026495790625050033 0.0625
0.0044466651629802454 -0.0004766224169485402 0.0625
-0.0029598340874634832 0.0033584791460852053 0.0625
-8.621644204766925e-05 -0.0044802418154738744 0.0625
0.0030930092749785424 0.0032485833258355423 0.0625
-0.004479521461922405 -0.0003064106267356924 0.0625
0.0035135175732454796 -0.002802711947827531 0.0625
-0.0006982440984771982 0.004444373429285816 0.0625
-0.002489724209276237 -0.003752502280045118 0.0625
0.004374932173086916 0.0010862635411763542 0.0625
-0.00396359473295271 0.0021563665720163495 0.0625
0.0014674661093250602 -0.004271597267765581 0.0625
0.0018051257895843767 0.004145059816670608 0.0625
-0.004135031343761631 -0.0018388898243529646 0.0625
0.004295384227882435 -0.0014386362760819076 0.0625
-0.0021976366271717024 0.003966155979649992 0.0625
-0.0010596603118999616 -0.0044132890255889744 0.0625
0.0037661455735708785 0.0025408950231507956 0.0625
-0.004497740414244806 0.0006710671844673695 0.0625
0.0028659621423706536 -0.0035364192339848812 0.0625
0.00027581142185785707 0.004547958669510174 0.0625
-0.0032786307453142975 -0.0031702650418978873 0.0625
0.004563425130534023 0.00012308971529147639 0.0625
-0.0034513810820894896 0.002994656679186245 0.0625
0.000522579311739761 -0.004543887197427067 0.0625
0.0026865827366504853 0.003707057215519015 0.0625
-0.0044893612878555665 -0.0009195842686256669 0.0625
0.003935228034982925 -0.0023566884207897373 0.0625
-0.0013110389869339788 0.004400133722370165 0.0625
-0.0020074301524610565 -0.0041340324361318435 0.0625
0.004276759524058728 0.0016939090806099841 0.0625
-0.004301828760513037 0.0016414229543974545 0.0625
0.0020652149356049157 -0.004120059134254555 0.0625
0.0012614208404592377 0.004437208296131151 0.0625
-0.00393111306221613 -0.002422054931679653 0.0625
0.0045390070249495245 -0.0008702960573614413 0.0625
-0.00276162814576378 0.0037112545027962324 0.0625
-0.0004710173356317685 -0.0046063155199719385 0.0625
0.003462059972010861 0.003081256359052288 0.0625
-0.004638486908564381 6.662731479546271e-05 0.0625
0.003378405194801163 -0.0031853380259778586 0.0625
-0.0003397806852284947 0.004635142833392047 0.0625
-0.0028831161437989907 -0.00365070421992328 0.0625
0.004596177357646105 0.0007450863688601919 0.0625
-0.0038959658509441102 0.0025576258694886052 0.0625
0.001146166463746826 -0.004521758777000616 0.0625
0.0022112863218918476 0.004112202913599234 0.0625
-0.004412329316851337 -0.0015399188289173622 0.0625
0.004297644715278707 -0.0018466861945758447 0.0625
-0.0019232864858269385 0.004268602709720767 0.0625
-0.0014665643798141192 -0.004450751500573855 0.0625
0.004091559664141293 0.002293281385868728 0.0625
-0.004570227172277804 0.0010737893619205 0.0625
0.0026470077293335136 -0.003882441252723425 0.0625
0.000671337535233926 0.0046550301732412045 0.0625
-0.003642740263350976 -0.0029816846536415732 0.0625
0.00470438243839118 -0.0002622706109282247 0.0625
-0.0032946681129401995 0.003374190573393131 0.0625
0.00015028771555174034 -0.0047177763408786395 0.0625
0.0030787546223595597 0.003583471776824766 0.0625
-0.004694979571615826 -0.0005631756583074919 0.0625
0.0038457867829621724 -0.002758609073426945 0.0625
-0.000973217612981293 0.004636037907284948 0.0625
-0.0024161287686152717 -0.00407950018672259 0.0625
0.004541275838119058 0.0013772486202992013 0.0625
-0.004282711960497718 0.0020538690959771015 0.0625
0.0017721388324191546 -0.004411295043253407 0.0625
0.0016745468998661862 0.004453750406135097 0.0625
-0.004246970718088509 -0.002154817792691247 0.0625
0.004591185855751284 -0.0012810200771062685 0.0625
-0.0025222983402278377 0.0040494457747800375 0.0625
-0.0008762660125117467 -0.004693842549054747 0.0625
0.0038201229535145933 0.002871699952994907 0.0625
-0.004760808589052232 0.0004633590167532062 0.0625
0.0032002713468318243 -0.00356065489856111 0.0625
4.5446937815283985e-05 0.004791443892590543 0.0625
-0.003272932269033218 -0.0035054121529887287 0.0625
0.004785386067444835 0.00037427287572687094 0.0625
-0.003784693503317504 0.0029590699697618302 0.0625
0.0007925780757752611 -0.004742554163507296 0.0625
0.002621391602526124 0.0040358773601542365 0.0625
-0.004663150261930466 -0.0012062460920798151 0.0625
0.004256934437121791 -0.0022624122520103584 0.0625
-0.0016120789951128164 0.004547658882712737 0.0625
-0.0018848197341315039 -0.004446060567494381 0.0625
0.0043968442080517 0.002006928252360365 0.0625
-0.004601691388324657 0.001491454446712566 0.0625
0.0023877191861429357 -0.004211745135703836 0.0625
0.0010852879737601644 0.004722515221151919 0.0625
-0.003993668193445408 -0.002751474942764788 0.0625
0.004807484043692553 -0.0006694006047513751 0.0625
-0.003095339785960175 0.0037441783623983534 0.0625
-0.000246957939261837 -0.004855822461358689 0.0625
0.0034650878733364135 0.0034166015322330072 0.0625
-0.0048670346026484495 -0.0001788132450984958 0.0625
0.0037127129517444696 -0.003158443055992758 0.0625
-0.0006046496771970547 0.004840908878285719 0.0625
-0.0028265093367261466 -0.0039813119658474285 0.0625
0.0047775205603379466 0.001027276640223165 0.0625
-0.004220240481143808 0.0024717544945473597 0.0625
0.0014434331903319104 -0.004677232154281873 0.0625
0.002096830299345481 0.004427561709987422 0.0625
-0.004540691553990471 -0.001849897351617002 0.0625
0.004601575838595964 -0.0017045526690747496 0.0625
-0.002243511092506894 0.004368827986748679 0.0625
-0.0012978804945639934 -0.004740833916288391 0.0625
0.004162845772538057 0.002621204889752427 0.0625
-0.004844149852735262 0.0008798932913967162 0.0625
0.0029800216887540336 -0.00392421593882849 0.0625
0.00045376784789358433 0.004910610424399193 0.0625
-0.0036546657488460478 -0.0033171400730465936 0.0625
0.00493958320644226 -2.2754046532395297e-05 0.0625
-0.0036298964612932394 0.0033561662176195654 0.0625
0.0004098499569047227 -0.0049307223621722195 0.0625
0.0030309177059165146 0.003915806157097383 0.0625
-0.004883972238469553 -0.0008407230066191313 0.0625
0.004172583085275214 -0.002681333697337053 0.0625
-0.0012665464785867227 0.00479956873245707 0.0625
-0.0023100228782242417 -0.004398158057878388 0.0625
0.0046780384118142865 0.0016840298743163896 0.0625
-0.004590695424147803 0.0019197696535544118 0.0625
0.0020899362789508612 -0.004520195388467741 0.0625
0.0015135132444871338 0.004748607970633292 0.0625
-0.004327135962772398 -0.0024811074865232663 0.0625
0.004870569950841024 -0.0010943255246792262 0.0625
-0.0028544885971500326 0.004100231072603159 0.0625
-0.0006653877627098253 -0.004955528137871483 0.0625
0.003841116598865363 0.00320715189442611 0.0625
-0.005002710808479878 0.0002299664469408734 0.0625
0.0035363198162694847 -0.0035516815956754566 0.0625
-0.00020861162322392522 0.005011634582714096 0.0625
-0.003234054529727126 -0.003839386838904287 0.0625
0.004982109059643241 0.0006469847894817467 0.0625
-0.004113940101529936 0.002890587629016608 0.0625
0.0010817823351923338 -0.004914239206557392 0.0625
0.002523839456030326 0.004357778608440836 0.0625
-0.004808425476267233 -0.0015096504360891732 0.0625
0.004568930855869775 -0.0021365558345807596 0.0625
-0.001927278061109088 0.004665361644628163 0.0625
-0.0017316492726007402 -0.00474567074255066 0.0625
0.004486030378022255 0.0023314226230912107 0.0625
-0.004886531635845183 0.0013121770352678066 0.0625
0.0027189351804281277 -0.004271696558117192 0.0625
0.0008813180337321746 0.004990318479157263 0.0625
-0.004023898408647369 -0.0030867849936277027 0.0625
0.005056117841163954 -0.00044234870437648597 0.0625
-0.0034320832451459806 0.003744436486093501 0.0625
1.3819381356335123e-06 -0.005083305823009962 0.0625
0.0034353606128394985 0.0037521057367498364 0.0625
-0.005071553755926316 -0.0004464778838304117 0.0625
0.004044314386021348 -0.0030989548475285605 0.0625
-0.0008895221507394679 0.005020831638617634 0.0625
-0.0027377206027976156 -0.004306377352371418 0.0625
0.004931409281087696 0.0013271030489009285 0.0625
-0.004536187633024112 0.002354358035218753 0.0625
0.001755840482936233 -0.004803855139206661 0.0625
0.0019517458460023187 0.004731879980791218 0.0625
-0.004639032842129629 -0.0021724120901989814 0.0625
0.004891846007994153 -0.0015329196437098944 0.0625
-0.0025735790121667722 0.004438095432517726 0.0625
-0.001101049031785263 -0.005014747354513957 0.0625
0.004202477357251684 0.0029562110989891956 0.0625
-0.005099526812557105 0.000659413594044867 0.0625
0.0033173113509019866 -0.003933884263825875 0.0625
0.00021137796029270986 0.0051454173162050225 0.0625
-0.0036342806747322776 -0.0036540394055438854 0.0625
0.005151948720050999 0.00023963385813543793 0.0625
-0.003963733887031198 0.003305875628755647 0.0625
0.0006901646668991861 -0.005118952308096251 0.0625
0.00295110639406546 0.004243933440913743 0.0625
-0.005046562991446998 -0.0011367506205661481 0.0625
0.00449239628876704 -0.002572620373213298 0.0625
-0.0015759478840440871 0.004935219171098379 0.0625
-0.002173255334432563 -0.004707118147163975 0.0625
0.0047856602600621035 0.0020043592181199265 0.0625
-0.004886348367934135 0.0017560181169872405 0.0625
0.0024186602836488765 -0.004598921877168555 0.0625
0.0013240619705131036 0.005028604169970128 0.0625
-0.00437632874289822 -0.002815625460547424 0.0625
0.005132682847209583 -0.000880662699312587 0.0625
-0.0031921529809026787 0.004119485325439835 0.0625
-0.00042919379228439485 -0.005197671852730273 0.0625
0.003830264302691832 0.003545289180239696 0.0625
-0.005222956675020388 -2.6899272480462514e-05 0.0625
0.0038722516772449617 -0.0035107929229838634 0.0625
-0.00048412535249232734 0.00520822643930486 0.0625
-0.0031634373637628747 -0.00417045129998529 0.0625
0.005153477184193384 0.0009389743936861287 0.0625
-0.004437512585830956 0.002790785203234363 0.0625
0.0013879444060397332 -0.0050590127817335085 0.0625
0.002395626134850236 0.004671292692823104 0.0625
-0.004925443487066102 -0.0018275684544547524 0.0625
0.004869898572040334 -0.0019809310684724803 0.0625
-0.0022544414566671484 0.00475368212215126 0.0625
-0.0015498297749061331 -0.005031702263530147 0.0625
0.004544937916319465 0.0026652465808629567 0.0625
-0.005155354192480013 0.0011055872421834268 0.0625
0.0030567810381877066 -0.004300708044563836 0.0625
0.0006515789223997605 0.00523979435740415 0.0625
-0.0040227669223841 -0.0034259810694416207 0.0625
0.005284261318101452 -0.00019126505696733323 0.0625
-0.0037699459309188704 0.0037131533334819685 0.0625
0.0002718357242099389 -0.005288298907876072 0.0625
0.0033741554835546935 0.004085960691538502 0.0625
-0.005251760611877636 -0.000734173327989137 0.0625
0.004371517662075586 -0.003008294089706191 0.0625
-0.001192193441412019 0.005174811571280076 0.0625
-0.002618303630465354 -0.00462433628737054 0.0625
0.005057928191240078 0.0016423648840190389 0.0625
-0.004842381343798442 0.00220711189594746 0.0625
0.0020812068583583704 -0.004901895349017774 0.0625
0.0017778179912017675 0.005023879296933727 0.0625
-0.004707801217161873 -0.0025053158882043566 0.0625
0.005167332688154401 -0.0013336689581492916 0.0625
-0.0029113922358367165 0.004477029735115648 0.0625
-0.0008780351926307899 -0.00527153243379018 0.0625
0.0042112507808462285 0.0032962655931860286 0.0625
-0.00533556793621844 0.00041438484286673833 0.0625
0.0036569198467000007 -0.003912408111995941 0.0625
-5.374261600042508e-05 0.00535883492293105 0.0625
-0.003582705163461474 -0.003990516722394043 0.0625
0.005341040946907473 0.0005227634297248918 0.0625
-0.004294418125671584 0.003224588805088699 0.0625
0.0009890770282322853 -0.0052822084995031385 0.0625
0.002840731179196586 0.004566207000075706 0.0625
-0.005182675705360034 -0.0014490936936826695 0.0625
0.00480370654009366 -0.0024340097527868277 0.0625
-0.0018992622205079347 0.005043094587428564 0.0625
-0.002007485733437317 -0.005004997605398592 0.0625
0.004864426908912944 0.002336097354102278 0.0625
-0.005168434197386923 0.0015643810109053997 0.0625
0.0027562067959836126 -0.004647937617672354 0.0625
0.0011080537982773207 0.005292656873454315 0.0625
-0.0043951859371820536 -0.0031563175660248633 0.0625
0.005376603990038016 -0.000641973156999019 0.0625
-0.0035333015167600145 0.0041080141664387405 0.0625
-0.00016969259922584162 -0.005419520681920863 0.0625
0.0037885342690404176 0.0038841998007706022 0.0625
-0.005420965502517241 -0.00030517703143911917 0.0625
0.004206246099711775 -0.0034391123489440536 0.0625
-0.0007789951936492782 0.005380814667712625 0.0625
-0.003062351126969183 -0.004496888432588758 0.0625
0.005299263864169664 0.001248119584777676 0.0625
-0.0047538093713783485 0.0026610705478426143 0.0625
0.001708934165563388 -0.005176827601704559 0.0625
0.0022382866623447736 0.004974944503928612 0.0625
-0.005014336108234122 -0.0021578770571233866 0.0625
0.005158498997175241 -0.0017971889428054155 0.0625
-0.0025914680949331507 0.004812929784751026 0.0625
-0.001341116202696948 -0.005302962127986935 0.0625
0.00457405125665576 0.003006335826464813 0.0625
-0.005407119664287394 0.0008735313022877747 0.0625
0.0033992437429096077 -0.004299435076412933 0.0625
0.00039799483215599996 0.00547006399538224 0.0625
-0.0039910951507619455 -0.0037671155407771194 0.0625
0.005491201927522 8.186202525395259e-05 0.0625
-0.004107059216120009 0.00365130998345576 0.0625
0.0005623652489912499 -0.005470260078527072 0.0625
0.003282605841588123 0.0044163898026296925 0.0625
-0.005407287823651663 -0.001039826135557508 0.0625
0.004692650574824215 -0.0028877379698653343 0.0625
-0.0015105696414957545 0.0053026577636305534 0.0625
-0.0024696699925558204 -0.004933632548930792 0.0625
0.005157063704891405 0.0019709626946474014 0.0625
-0.005137392126767853 0.0020315516571880908 0.0625
0.0024174422557994577 -0.004971516161079559 0.0625
0.0015766950872518667 0.00530226674186011 0.0625
-0.004747335404184394 -0.002846542913812717 0.0625
0.005426888382070473 -0.0011085497230835103 0.0625
-0.0032549238003669483 0.004486142112528846 0.0625
-0.0006306761406913743 -0.005510194879091177 0.0625
0.004189845681533383 0.003639394615171054 0.0625
-0.00555143887208289 0.00014671894740302826 0.0625
0.0039969405587952905 -0.0038606302813733915 0.0625
-0.0003396210391346162 0.005550194370450203 0.0625
-0.0035009387632133596 -0.0043247459782315666 0.0625
0.005506360859075067 0.0008246151160669398 0.0625
-0.004620216539687175 0.0031134545325732744 0.0625
0.0013045353075535947 -0.005420164908132044 0.0625
0.0027010815243434213 0.004880999754030994 0.0625
-0.005292159268762521 -0.0017756830443665754 0.0625
0.005105003692569352 -0.0022669224289448646 0.0625
-0.0022344176900515353 0.005123219455223909 0.0625
-0.0018142553329920305 -0.005290413744378599 0.0625
0.004914537833513767 0.0026771846934721933 0.0625
-0.00543570728115168 0.0013465089504472723 0.0625
0.003100543149889762 -0.004667615255745879 0.0625
0.0008672366315638318 0.005539666111316983 0.0625
-0.004384250298576826 -0.003501192556748202 0.0625
0.0056013866219398875 -0.0003800893468026444 0.0625
-0.0038759985560148395 0.004066526182599946 0.0625
0.00011121214869973353 -0.005620287524493884 0.0625
0.0037167954676940425 0.00422201746222455 0.0625
-0.0055961151388549644 -0.0006029057577086867 0.0625
0.004536519384242042 -0.0033376626366959567 0.0625
-0.0010912168729072245 0.0055289461686909725 0.0625
-0.00293196469632324 -0.004817009759125902 0.0625
0.005419187940642707 0.0015723873772046993 0.0625
-0.0050612491282736715 0.0025027499398759365 0.0625
0.002042704589353319 -0.0052675760991783395 0.0625
0.0020532550307720125 0.0052672709991616554 0.0625
-0.005075169768597398 -0.0024985299317628845 0.0625
0.005433397650368111 -0.0015868805793046576 0.0625
-0.0029363270990007684 0.0048433442132140205 0.0625
-0.0011071653970456976 -0.005558253753076108 0.0625
0.004573781046110605 0.003352689508773425 0.0625
-0.005640777698775475 0.0006177596239616644 0.0625
0.0037443668221861827 -0.004268456055872117 0.0625
0.00012239693247226679 0.00568023054029688 0.0625
-0.003929624739240879 -0.004108290326735205 0.0625
0.005676202471482808 0.000375133979709212 0.0625
-0.0044415969837517735 0.0035598056455271765 0.0625
0.0008710183901200746 -0.005628616789591616 0.0625
0.003161761655733083 0.0047416519518345066 0.0625
-0.005537731303798328 -0.0013614448233153146 0.0625
0.005006069409097674 -0.002738479335561336 0.0625
-0.0018426343690711741 0.0054041371727517875 0.0625
-0.0022931465166607656 -0.005232731509749626 0.0625
0.0052287551739218195 0.0023108698213412646 0.0625
-0.005419805324500076 0.001829128274485043 0.0625
0.0027625244131224396 -0.005012829427269845 0.0625
0.001349941483901366 0.005565757629473474 0.0625
-0.0047579186154492895 -0.003194089924964717 0.0625
0.005669367424563732 -0.0008592281450788264 0.0625
-0.0036022039491568824 0.004465884762136005 0.0625
-0.0003607276821213864 -0.0057297360793802125 0.0625
0.00413887964905341 0.003983676097607777 0.0625
-0.0057462950229754325 -0.00014175157469239037 0.0625
0.004335512949080464 -0.003779328970644871 0.0625
-0.0006443615054098064 0.00571881091227416 0.0625
-0.0033899143430137103 -0.004654941540667286 0.0625
0.005647388233398552 0.0011432436928632444 0.0625
-0.004939431219150815 0.0029735533005611817 0.0625
0.0016345590648841341 -0.005532469309757182 0.0625
0.0025333774295730857 0.005186713680099342 0.0625
-0.005374831710686428 -0.002114517458381368 0.0625
0.005394801036105033 -0.0020727088027120604 0.0625
-0.002579406877460801 0.005175583074447546 0.0625
-0.0015950348918489649 -0.005562001770386662 0.0625
0.004936153379337661 0.003025622219586146 0.0625
-0.005686934447935632 0.0011039821488063291 0.0625
0.0034496932473519768 -0.004658284716413776 0.0625
0.0006032884542929259 0.005768539073363104 0.0625
-0.00434401863670294 -0.0038483115887331075 0.0625
0.005806086002479022 -9.677464449518113e-05 0.0625
-0.004218356555654416 0.003995681164628556 0.0625
0.00041168466761590223 -0.00579918233326475 0.0625
0.003615865587575967 0.00455691957934128 0.0625
-0.005747775721147762 -0.0009181907532666168 0.0625
0.004861327071100326 -0.003207413148907875 0.0625
-0.0014188506839239818 0.005652155583202611 0.0625
-0.002773391788186006 -0.0051291615288682835 0.0625
0.005512951675935811 0.0019098072726839584 0.0625
-0.005358280722966465 0.0023170730877307187 0.0625
0.0023872688105632542 -0.005331130051509896 0.0625
0.0018419075988338788 0.005546834808912018 0.0625
-0.005107986417467997 -0.0028475383683038338 0.0625
0.00569328123075631 -0.0013514987338203181 0.0625
-0.003287042437120123 0.0048451369450792005 0.0625
-0.000849575421627157 -0.005796397295127986 0.0625
0.004544506591181598 0.0037023586863926374 0.0625
-0.005855290313826727 0.000339963734546652 0.0625
0.004090242622606939 -0.004208315017701207 0.0625
-0.0001734422978233416 0.005869405231309708 0.0625
-0.003839060211721029 -0.004447652941808802 0.0625
0.005838529672595194 0.0006867104646249775 0.0625
-0.004771775377437452 0.003439499926919851 0.0625
0.0011959005119355354 -0.005762796366830285 0.0625
0.003012631084254871 0.00506004485653846 0.0625
-0.005642682921881607 -0.0016970944119599387 0.0625
0.0053101657899637085 -0.0025616672857924215 0.0625
-0.002186426530537088 0.005479008945654638 0.0625
-0.0020900146104710273 -0.005520130336144034 0.0625
0.005272930530272687 0.002660113460534756 0.0625
-0.005688234493265763 0.0016012458741934655 0.0625
0.003114483290757901 -0.005025932135593341 0.0625
0.0010990735488816772 0.005813091891080738 0.0625
-0.00473981592865107 -0.003546004083825285 0.0625
0.005893645171006649 -0.0005873215458928912 0.0625
-0.003951311342053626 0.004416688655334262 0.0625
-6.989607840089156e-05 -0.005929174861498367 0.0625
0.004058946139780183 0.004327234247687956 0.0625
-0.005919305674752359 -0.00044924417508134467 0.0625
0.004670820472778879 -0.003669255525453316 0.0625
-0.000966118377984426 0.00586401017049943 0.0625
-0.0032505353895170967 -0.004979359364566585 0.0625
0.005763609752795776 0.0014767540815848195 0.0625
-0.0052504033243098115 0.0028059338787784147 0.0625
0.001977217774987958 -0.005618772986184055 0.0625
0.0023388050310477527 0.005481787211005707 0.0625
-0.005430511238207825 -0.0024636452041027564 0.0625
0.005671645616282595 -0.001852683460093069 0.0625
-0.0029322712257774997 0.005200171675865838 0.0625
-0.0013512575953593415 -0.005818427872800667 0.0625
0.004929427664028204 0.003379458966330772 0.0625
-0.0059209106756442555 0.0008383416791749612 0.0625
0.003801728058559499 -0.004620266633946727 0.0625
0.00031784673417880227 0.005978208214304004 0.0625
-0.004274975509620798 -0.0041957817379056316 0.0625
0.0059897797317901924 0.00020624927790277814 0.0625
-0.004558532586766525 0.0038961237987758675 0.0625
0.000729931878289662 -0.0059554344470455324 0.0625
0.003486544473426009 0.004887126725881226 0.0625
-0.005875333796987162 -0.0012491808411837044 0.0625
0.005178966263242599 -0.003049312782283083 0.0625
-0.0017600010758111494 0.005749990975048883 0.0625
-0.002587723153507576 -0.005431729823988009 0.0625
0.005580267763858656 0.0022584533831009044 0.0625
-0.005643390999112168 0.0021052643613427187 0.0625
0.0027406848500779388 -0.005367368680513131 0.0625
0.0016055931439155167 0.005812234566516693 0.0625
-0.005112832473640409 -0.0032029586473272015 0.0625
0.005936870354743931 -0.0010925064718173012 0.0625
-0.003641682998971895 0.004818521031914157 0.0625
-0.0005699126778940638 -0.006016244637610377 0.0625
0.004486605783738375 0.004053439100483115 0.0625
-0.00604964896672204 4.180166789683836e-05 0.0625
0.0044350077672542084 -0.004119551687307109 0.0625
-0.0004877855608098727 0.0060367263683775985 0.0625
-0.003720098929005744 -0.004783394606177742 0.0625
0.005977474851496472 0.0010147878594697656 0.0625
-0.005095853513387586 0.0032912424660142257 0.0625
0.001535155090043146 -0.005872248193793807 0.0625
0.002836209565860195 0.0053699083137911325 0.0625
-0.005721753994306491 -0.0020448792699418023 0.0625
0.005603372371936254 -0.002358435511397648 0.0625
-0.0025400254597721028 0.005527049001384874 0.0625
-0.0018615376542174722 -0.0057943660189817585 0.0625
0.005289531746274101 0.003016762155881445 0.0625
-0.005941331657068636 0.001349288012514029 0.0625
0.003471390952901371 -0.005010932533183272 0.0625
0.0008255846211341416 0.006043046419923217 0.0625
-0.0046933008572235604 -0.003900375246509571 0.0625
0.006098632287106839 -0.0002944218515294124 0.0625
-0.004300367753590386 0.004338990341528773 0.0625
0.00024014007226263223 -0.006107563568698545 0.0625
0.003950641304163757 0.004668236635586857 0.0625
-0.006069671697262354 -0.0007740061288209109 0.0625
0.0050010900211398075 -0.003531161083900852 0.0625
-0.001303077888053322 0.005985147284542504 0.0625
-0.0030837022714645494 -0.0052962987360008675 0.0625
0.005854539421292359 0.0018232849926804436 0.0625
-0.005551517061601138 0.0026116390092720465 0.0625
0.002330616490533182 -0.0056787522198150885 0.0625
0.002118541537903728 0.005764701358455312 0.0625
-0.005459038620013572 -0.0028211517763495663 0.0625
0.005934126406671252 -0.0016081491814029377 0.0625
-0.0032910909042577867 0.005196991500850436 0.0625
-0.0010843419759193635 -0.006058399333096103 0.0625
0.004894532159943302 0.0037367840364785276 0.0625
-0.006136471012931312 0.0005511111570760951 0.0625
0.004154759799939905 -0.00455389624440471 0.0625
1.2528730670272397e-05 0.006167644852851678 0.0625
-0.004177617235822466 -0.004541752330429198 0.0625
0.006151582882621468 0.0005272836411634077 0.0625
-0.004894726793549484 0.0037685076113109805 0.0625
0.0010641862004494847 -0.006088309102761857 0.0625
0.0033296378206991314 0.005210903183035542 0.0625
-0.0059782100568308355 -0.0015940528587241596 0.0625
0.005487778209828322 -0.0028643132370139725 0.0625
-0.002112802923364506 0.005822032618168882 0.0625
-0.0023760492533382404 -0.005723145109615062 0.0625
0.00562087900237723 0.0026164325408148345 0.0625
-0.005915111212205634 0.001868544713738263 0.0625
0.0031010456143085274 -0.005376199038166077 0.0625
0.0013456538791621838 0.006062113133016883 0.0625
-0.005089779750372754 -0.0035628839572312 0.0625
0.006162929464947956 -0.0008113571408919171 0.0625
-0.003998356448664598 0.004763732329741274 0.0625
-0.0002697307042028337 -0.006216690867914396 0.0625
0.004400476584313964 0.004404066964852432 0.0625
-0.006222887473122857 -0.00027508452673790897 0.0625
0.004776840869287439 -0.004002722986855977 0.0625
-0.0008189146250881841 0.006181373539660638 0.0625
-0.0035734524514620704 -0.005113749854767998 0.0625
0.0060923693219884795 0.0013575846362174411 0.0625
-0.0054121349430338184 0.0031158939902365622 0.0625
0.0018869506458750113 -0.005956460128300354 0.0625
0.002633500417552806 0.005669627461372502 0.0625
-0.005774592571286361 -0.0024029316751926957 0.0625
0.005884167830788918 -0.0021299222847580243 0.0625
-0.002901541156909568 0.005548068034438645 0.0625
-0.0016089802421718545 -0.006054022016833157 0.0625
0.005278533398509171 0.003378917749934617 0.0625
-0.006177795511865755 0.0010746360377222287 0.0625
0.003831355253965541 -0.0049679690938964835 0.0625
0.0005309623724710351 0.006254444736267155 0.0625
-0.004618674565442818 -0.004255331392327935 0.0625
0.006283285765729733 1.7888157482829422e-05 0.0625
-0.004647535239442356 0.00423325125620267 0.0625
0.0005677147957481956 -0.00626400031215585 0.0625
0.0038145832360432378 0.005004893079307279 0.0625
-0.006196638906668779 -0.001114300794381283 0.0625
0.005324592493030361 -0.003365815619306073 0.0625
-0.001653445770145743 0.006081621254664511 0.0625
-0.0028903309330543187 -0.005604104486662374 0.0625
0.005919733754527461 0.002180997999886341 0.0625
-0.005841203485288807 0.002391723613515971 0.0625
0.0026928864065853338 -0.0057121241934352165 0.0625
0.0018737728230843443 0.006033985035403265 0.0625
-0.00546029365541928 -0.00318515198955842 0.0625
0.006180881074903313 -0.0013404137935361879 0.0625
-0.0036539784560359885 0.005166085698362433 0.0625
-0.0007957079128705208 -0.006280672648482425 0.0625
0.004831672877733173 0.004095721817040024 0.0625
-0.006332499965601405 0.00024381178326366164 0.0625
0.004506938717967271 -0.004459540715419866 0.0625
-0.00031105451400262145 0.006335869718461593 0.0625
-0.00405246923187273 -0.004884413283571002 0.0625
0.006290659598316049 0.000864639704220309 0.0625
-0.005225182268029063 0.0036135121787361744 0.0625
0.0014126939084122736 -0.006197119969883983 0.0625
0.0031459741271096884 0.00552655831341319 0.0625
-0.006055872685414173 -0.0019510012860207283 0.0625
0.005786151134040098 -0.0026533855833720224 0.0625
-0.002475412480281038 0.005867907041907607 0.0625
-0.002139476320009637 -0.006001886459782293 0.0625
0.005634572906989838 0.0029818766164642174 0.0625
-0.00617202258832859 0.0016081471229839842 0.0625
0.003466472606125033 -0.0053575710607498914 0.0625
0.00106344016974239 0.006295164414483412 0.0625
-0.005038940822367027 -0.003925439515351511 0.0625
0.006370274823742857 -0.0005095082629240823 0.0625
-0.004355205761742032 0.00468104505136289 0.0625
4.941684595089299e-05 -0.006396683357438937 0.0625
0.004286552633681951 0.004752416913389894 0.0625
-0.006374092077548706 -0.0006090568010709897 0.0625
0.005113961873469754 -0.0038584185823595804 0.0625
-0.001165119407856444 0.006302578580663335 0.0625
-0.00339986190113253 -0.005436997246019857 0.0625
0.00618259613244011 0.0017133315683593164 0.0625
-0.005718969692108969 0.00291434137683612 0.0625
0.0022494721336947326 -0.006014970915950539 0.0625
0.0024055294826792464 0.005957636100666179 0.0625
-0.005800896409520702 -0.00276940442081142 0.0625
0.006151081414721532 -0.0018772845893650098 0.0625
-0.0032691081430078015 0.0055419249317651435 0.0625
-0.0013336216944143367 -0.006297733971531938 0.0625
0.005239956413372653 0.0037447105076300353 0.0625
-0.0063963782339156935 0.000778681891846444 0.0625
0.004192516240323217 -0.004897224476642466 0.0625
0.0002167008144796194 0.006446164809947374 0.0625
-0.004516279924627038 -0.0046090363030042185 0.0625
0.006446617678821996 0.0003480237105423916 0.0625
-0.004991015082327981 0.004099971761850882 0.0625
0.0009111645458866319 -0.006397638562025773 0.0625
0.003651425887787806 0.005335455836757815 0.0625
-0.006299508400787613 -0.001468398416100446 0.0625
0.005639644203340497 -0.003174021622441779 0.0625
-0.002015439113195199 0.006152885922963544 0.0625
-0.002671366240347708 -0.005901169579831659 0.0625
0.005958803304855575 0.002548070480587668 0.0625
-0.006117944213807244 0.0021472677049549425 0.0625
0.003062178921466622 -0.005718658955815211 0.0625
0.0016057058095552837 0.006288219847712102 0.0625
-0.005434207475658231 -0.0035537851808318684 0.0625
0.006410601787306483 -0.0010508019435568796 0.0625
-0.004019075155567781 0.0051075468567501 0.0625
-0.0004867877138853211 -0.006484060280534899 0.0625
0.004741103023942085 0.004454429493927052 0.0625
-0.006507939114310983 -8.202733947395942e-05 0.0625
0.00485645175466292 -0.004337611826181711 0.0625
-0.000651288687366549 0.00648196135793082 0.0625
-0.0039000986134273756 -0.0052219949066943635 0.0625
0.0064062322036335965 0.0012166301628382511 0.0625
-0.0055481859625402625 0.003431855551312028 0.0625
0.0017737074644260573 -0.006281238877055967 0.0625
0.0029364168436779355 0.005832448552723335 0.0625
-0.006107847612804547 -0.0023182315541718022 0.0625
0.006072523263818131 -0.002417532049505775 0.0625
-0.002846001693492217 0.005887297712927337 0.0625
-0.0018791376957579859 -0.006266485579683508 0.0625
0.005621192728525795 0.003352937862348292 0.0625
-0.0064127612835511525 0.0013253274011305227 0.0625
0.0038351123114282733 -0.005311488826942149 0.0625
0.0007603207375524233 0.006510139197901051 0.0625
-0.004960480428709656 -0.004288780003262988 0.0625
0.0065577811592959796 -0.00018843106639483359 0.0625
-0.004710407706285223 0.004570783219599107 0.0625
0.0003859674053307227 -0.006555229146416034 0.0625
0.004145314663468802 0.005096701515767873 0.0625
-0.0065024095012707105 -0.0009584730970582318 0.0625
0.005444632587255248 -0.003687272161069511 0.0625
-0.001524690798788179 0.006399634205803536 0.0625
-0.0032001090183192576 -0.005751460881451926 0.0625
0.0062475991986729795 0.002080265428434737 0.0625
-0.006014756734453793 0.0026875084047017863 0.0625
0.0026209155430162627 -0.006047379739719986 0.0625
0.0021533554982233463 0.00623242008358481 0.0625
-0.005800422852342656 -0.003142466345726091 0.0625
0.00640269719681685 -0.0016017080276609873 0.0625
-0.0036408819343269633 0.005508536896517218 0.0625
-0.0010367654355392915 -0.00652419477266513 0.0625
0.0051738783473584335 0.004112296541682709 0.0625
-0.006595891297424574 0.0004628368962807305 0.0625
0.004553044526537087 -0.004798935875730231 0.0625
-0.00011569156680007057 0.006617145567491421 0.0625
-0.004386511848331952 -0.004959688881819444 0.0625
0.006587702306140396 0.0006943906146201342 0.0625
-0.005329048038732681 0.003939701384734554 0.0625
0.0012688215190815684 -0.0065076948263356315 0.0625
0.003461869127868899 0.005658220757579917 0.0625
-0.006377644713773735 -0.001834570223478493 0.0625
0.0059446089106173815 -0.002956623902326509 0.0625
-0.0023872812750866082 0.006198458527216332 0.0625
-0.0024277914513825974 -0.00618593797807524 0.0625
0.005971421536091901 0.0029226913689778876 0.0625
-0.006380275095745821 0.0018793854587618923 0.0625
0.0034366622446239115 -0.005698188538156362 0.0625
0.0013155770747212798 0.006526044511070072 0.0625
-0.005380771822523068 -0.00392521268136413 0.0625
0.006622040324317338 -0.0007406631779122933 0.0625
-0.004384549345288826 0.005021526365431862 0.0625
-0.00015903361461679585 -0.006667436412101875 0.0625
0.0046231323675531046 0.0048110962484742325 0.0625
-0.00666179345195436 -0.0004248623347603498 0.0625
0.0052015225917480925 -0.004188575262250185 0.0625
-0.0010065500056741369 0.00660506298880468 0.0625
-0.0037211233438928905 -0.005552768774182425 0.0625
0.006497588506864042 0.0015815636552059186 0.0625
-0.005862070366216911 0.003224303183871135 0.0625
0.0021454807604940097 -0.0063401034933469385 0.0625
0.0027018730192592826 0.0061269798586088674 0.0625
-0.006133726503570514 -0.0026939560463000575 0.0625
0.0063453860161691855 -0.002157794314990324 0.0625
-0.003222754979799672 0.005879953260033317 0.0625
-0.001596201714791704 -0.006515530683351588 0.0625
0.005580645840929393 0.0037277864743192387 0.0625
-0.006636022908077729 0.001021371608900307 0.0625
0.004205134549364203 -0.005238019036023401 0.0625
0.00043768955758488164 0.0067058502705608595 0.0625
-0.004854623969706965 -0.004651088701879012 0.0625
0.006724387325162517 0.00015038318121952525 0.0625
-0.005062172753103568 0.004433329112273963 0.0625
0.0007383437646451383 -0.006691401085363936 0.0625
0.003977298820673555 0.005435171946780409 0.0625
-0.006607053504515532 -0.001321682257000163 0.0625
0.005767158087427953 -0.003489969569296323 0.0625
-0.0018959162369512697 0.00647190092804769 0.0625
-0.00297502404934502 -0.006055512522142016 0.0625
0.006286890516054425 0.0024566252541128315 0.0625
-0.006297946785601381 0.0024363633320449636 0.0625
0.002999484870074194 -0.006053353658443887 0.0625
0.0018780773061665439 0.006492520745601221 0.0625
-0.005772996428001011 -0.0035203000216299123 0.0625
0.006637658105364921 -0.0013044136139596855 0.0625
-0.004015037448732361 0.005447887139550226 0.0625
-0.0007197453215279987 -0.006732159138949299 0.0625
0.005080441105763914 0.0044798569364282535 0.0625
-0.006775210557108084 0.00012853756980421227 0.0625
0.004911141128722046 -0.004673402701862397 0.0625
-0.0004646865394526299 0.006766392422853669 0.0625
-0.004229824872325614 -0.0053055236828663385 0.0625
0.006705682058490558 0.0010553805619006947 0.0625
-0.005659915544934435 0.003753046232623514 0.0625
0.001639009568038629 -0.0065934549089136756 0.0625
0.0032466659377167056 0.005971529141590964 0.0625
-0.006430482349294344 -0.0022110849724544506 0.0625
0.006237900298638002 -0.002714516506535177 0.0625
-0.0027671990673041624 0.006217926448737631 0.0625
-0.0021606348076743643 -0.00645690771405833 0.0625
0.005957331724906394 0.0033030589942391005 0.0625
-0.006626789831775431 0.0015892314260288745 0.0625
0.0038145198928621776 -0.005650613947789984 0.0625
0.0010046586429007611 0.006746158982061186 0.0625
-0.005300046073570223 -0.00429761696967434 0.0625
0.006814012675297808 -0.0004113772731700421 0.0625
-0.004748596239331819 0.004908241411728209 0.0625
0.00018607738768785064 -0.006829741957482088 0.0625
0.004478134149971268 0.005163943699815201 0.0625
-0.006793136758282536 -0.0007831302466835577 0.0625
0.005540412714740756 -0.004012957382073598 0.0625
-0.0013752014611574173 0.00670438818545216 0.0625
-0.0035162188031576643 -0.005875049389436696 0.0625
0.006564087742785717 0.00195774158279644 0.0625
-0.006165215742462059 0.002991674255145105 0.0625
0.002526266528042957 -0.006373223472410943 0.0625
0.0024432993219334217 0.006408610490850547 0.0625
-0.006133173045837649 -0.0030763921059921034 0.0625
0.006603287285391125 -0.0018752591891767673 0.0625
-0.0036038678378225177 0.005845693851674792 0.0625
-0.0012918769972450595 -0.006747670251574916 0.0625
0.005512910151082842 0.0041046098068010985 0.0625
-0.006840566712297773 0.0006976009278976277 0.0625
0.004574732284913286 -0.005137297394678653 0.0625
9.697027534069546e-05 0.006881176989854305 0.0625
-0.004721663816577094 -0.005010577891144557 0.0625
0.006869101207028847 0.0005054192394387364 0.0625
-0.005408746047311019 0.004269129442368485 0.0625
0.001104950645922959 -0.0068043430300121135 0.0625
0.003783102667929058 0.005766119510026483 0.0625
-0.006687310319273705 -0.001697021123538368 0.0625
0.006079888771805895 -0.003267254584887532 0.0625
-0.00227707735183955 0.006518812678221349 0.0625
-0.0027254912461765588 -0.006347574140332269 0.0625
0.006300055913295803 0.002840650539814178 0.0625
-0.006567045322435967 0.0021619240812461226 0.0625
0.0033833908647345427 -0.0060326334429029295 0.0625
0.0015808386850800753 0.0067365383582188776 0.0625
-0.005718514716088753 -0.003901101055071039 0.0625
0.006854669770858906 -0.0009866622180225192 0.0625
-0.004389768858119588 0.005360030724938381 0.0625
-0.0003839296644858665 -0.006920447818799574 0.0625
0.004959856717147067 0.004845598141135016 0.0625
-0.006933280759104557 -0.00022275079221079972 0.0625
0.005265038384846459 -0.004520992236898157 0.0625
-0.0008287330144097093 0.006892982053569224 0.0625
-0.004046738642919674 -0.005644812340184626 0.0625
0.006799772472556699 0.0014293685044312954 0.0625
-0.0059819416327853495 0.003540674272218407 0.0625
0.00202004207585239 -0.0066542790752857645 0.0625
0.0030066274363543446 0.0062737701152465975 0.0625
-0.006457531069260004 -0.002596207327919276 0.0625
0.006517984784091246 -0.002448647454076436 0.0625
-0.0031534216503330344 0.006210952575508115 0.0625
-0.001870973939559843 -0.006712634096797465 0.0625
0.0059163523501199475 0.0036873804888064047 0.0625
-0.006856143543963352 0.0012780045792444 0.0625
0.004193950607030244 -0.005575910536028234 0.0625
0.0006742616422652217 0.00694732835252299 0.0625
-0.00519216254192109 -0.004669202087966588 0.0625
0.006985403217769197 -6.435747959441679e-05 0.0625
-0.0051094388266517505 0.004767980167398306 0.0625
0.000547040724803329 -0.006969988984597224 0.0625
0.004306550114832754 0.005511227277878675 0.0625
-0.006901116221691093 -0.0011552466813248346 0.0625
0.00587142323515009 -0.003811350048701857 0.0625
-0.0017555909270029308 0.0067792256561516676 0.0625
-0.0032861223822549363 -0.006187196432055729 0.0625
0.006605165460131117 0.0023434566870951324 0.0625
-0.006456052773617214 0.0027348459891316517 0.0625
0.002914315390477879 -0.006380185405207577 0.0625
0.00216170605380626 0.0066758540230398514 0.0625
-0.0061059279243207715 -0.003463761565552665 0.0625
0.006844834788576395 -0.0015710622893744014 0.0625
-0.003987546847688975 0.005784416144909158 0.0625
-0.0009674157641086711 -0.006961616675697825 0.0625
0.00541803898025792 0.004481612835621316 0.0625
-0.007025219491324884 0.0003553745892842425 0.0625
0.004942122542637976 -0.005009533388804745 0.0625
-0.000260381270071759 0.007035069409337467 0.0625
-0.0045619639330809715 -0.005365490198785979 0.0625
0.006991004029775742 0.0008751357926969572 0.0625
-0.005748409172593243 0.004078699790919388 0.0625
0.001484173032963995 -0.006893274287899943 0.0625
0.0035633893913743376 0.006087877794883931 0.0625
-0.006742543193403465 -0.002082813310186157 0.0625
0.006381222883030938 -0.0030199328663204307 0.0625
-0.0026664491775574514 0.006539881404391306 0.0625
-0.00245245252577904 -0.0066261207813320165 0.0625
0.006286759665056407 0.0032305808941767507 0.0625
-0.006820615751982213 0.0018652615805329089 0.0625
0.0037708511269829996 -0.005985038160123212 0.0625
0.0012628313494072482 0.006963135571203124 0.0625
-0.005636952862894866 -0.004283078614910235 0.0625
0.007052504206326527 -0.0006497572006116119 0.0625
-0.004763290535118365 0.005245098976954754 0.0625
-3.0723486655444984e-05 -0.007087951471854736 0.0625
0.004812411594055169 0.0052077533207135875 0.0625
-0.0070691195855635365 -0.0005895322595091976 0.0625
0.005613001690870662 -0.00434214371230192 0.0625
-0.0012062555933673687 0.006996066569399547 0.0625
-0.003837841779246344 -0.005975865667622664 0.0625
0.0068692664640717625 0.0018147116149898398 0.0625
-0.006293495368692584 0.0033033189437662543 0.0625
0.0024102213328216957 -0.0066896063506615405 0.0625
0.0027426262185048073 0.006563383382491839 0.0625
-0.006458380197089465 -0.002988197655752148 0.0625
0.006783384549677233 -0.0021600217710014396 0.0625
-0.0035441807365237292 0.006177279571692876 0.0625
-0.0015599385763638476 -0.006951732995302102 0.0625
0.005848381290296658 0.004073872394087474 0.0625
-0.007067056276470521 0.0009469506772787146 0.0625
0.004573169349159052 -0.005474132086816337 0.0625
0.00032573830823935066 0.007128386532346949 0.0625
-0.005057330420433897 -0.005038195015931193 0.0625
0.007135168546220608 0.00029894785000748116 0.0625
-0.005465329603586474 0.0046011055545554826 0.0625
0.0009223230126986684 -0.0070872646529000485 0.0625
0.004108894063924384 0.00585123829385259 0.0625
-0.006984956448838677 -0.0015396049518714178 0.0625
0.006192897275255597 -0.003584413946258415 0.0625
-0.002146050694776503 0.006828943286881894 0.0625
-0.0030316365334523893 -0.006487617430847536 0.0625
0.006620337562193446 0.002736992978180716 0.0625
-0.006733065493891846 0.002454756414588412 0.0625
0.003307876178289875 -0.006360656820573043 0.0625
0.0018581595985946787 0.006927282505149509 0.0625
-0.006051812744830145 -0.003854291439617849 0.0625
0.007068699425876019 -0.0012463901582650807 0.0625
-0.004372010731852229 0.005696097098941426 0.0625
-0.000624115609387892 -0.0071561497822585 0.0625
0.005296164733206654 0.004857019571582771 0.0625
-0.007188879239629571 -3.908711163106732e-06 0.0625
0.005305548155607667 -0.004855013776347918 0.0625
-0.0006328759964281413 0.007166552028217272 0.0625
-0.004375963162294683 -0.005714100664342545 0.0625
0.007089254166250177 0.0012579647714878656 0.0625
-0.006079482507539992 0.0038626276600929655 0.0625
0.0018743758648623325 -0.006957493450749456 0.0625
0.0033188905948104124 0.006398825299981161 0.0625
-0.006772196211117657 -0.0024773692655968055 0.0625
0.006669609371909468 -0.002748874465328926 0.0625
-0.003062300582893224 0.006534700845487254 0.0625
-0.0021569096813820916 -0.0068896836376106715 0.0625
0.006246748184529797 0.0036246568277664157 0.0625
-0.007057282665562779 0.0015475016569771773 0.0625
0.00416009124098332 -0.005910468751858339 0.0625
0.0009252965103247784 0.00717104081483161 0.0625
-0.005528367014093747 -0.004664456898448113 0.0625
0.0072300033247118325 -0.0002950456314806921 0.0625
-0.005133838834176338 0.0051033027369246815 0.0625
0.00033843061200353636 -0.007233634267839294 0.0625
0.004638469585891739 0.005564584431991065 0.0625
-0.007181821300950886 -0.0009702797540957522 0.0625
0.005953331849992336 -0.004137371131995153 0.0625
-0.0015956544117288298 0.007074877171960678 0.0625
-0.003603794442396684 -0.0062970362566012565 0.0625
0.006913537966867602 0.0022097494836927074 0.0625
-0.00659299367345165 0.003041781455303209 0.0625
0.002807839081424755 -0.0066989581050207955 0.0625
0.002455598355435383 0.006838862238470888 0.0625
-0.006432702116251372 -0.0033853129077790014 0.0625
0.0070326807220213805 -0.0018497031821643288 0.0625
-0.0039377118036667096 0.00611673325814228 0.0625
-0.0012287119163196666 -0.007172884149816869 0.0625
0.005753399056060149 0.0044607621884299314 0.0625
-0.007258316408325295 0.000597363303723776 0.0625
0.00495040912789365 -0.005345413872327123 0.0625
-3.951731640541192e-05 0.007288239731355172 0.0625
-0.004895838633883059 -0.005402847774181508 0.0625
0.007262340990319895 0.000677054901997962 0.0625
-0.0058145529335006125 0.0044080578698015545 0.0625
0.0013103620355000244 -0.007180734735103381 0.0625
0.0038857542309093194 0.006182306532110028 0.0625
-0.0070439629573188865 -0.001934576402192317 0.0625
0.006503222766497011 -0.003332880683330106 0.0625
-0.002544898131930975 0.006852991572889481 0.0625
-0.002753630585979387 -0.006774770741210276 0.0625
0.0066092036460490625 0.003136626717518645 0.0625
-0.006994794416864273 0.0021524058785007075 0.0625
0.0037051972256234205 -0.006314389401932107 0.0625
0.0015337836210752155 0.007161529711152598 0.0625
-0.00597073309964133 -0.004246215521243291 0.0625
0.007273618617377153 -0.0009024811404924104 0.0625
-0.004755492233851911 0.005580796861898322 0.0625
-0.0002633200479672465 -0.007330120227686482 0.0625
0.005147501580892921 0.005229075202624733 0.0625
-0.007330518571819023 -0.0003788105967583077 0.0625
0.005663280149434997 -0.004674105042573982 0.0625
-0.0010189916935307835 0.0072747272064672824 0.0625
-0.00416417743319189 -0.006054719341546346 0.0625
0.007163090515233242 0.00165231179581082 0.0625
-0.006400328021014024 0.00362157441224431 0.0625
0.002273904801685272 -0.006996381704343514 0.0625
0.0030504079549333405 0.006697388394626624 0.0625
-0.006775797504641793 -0.0028789873525408294 0.0625
0.006943550996648333 -0.002455015184666672 0.0625
-0.003462895651894281 0.006502949615681463 0.0625
-0.0018399254318914977 -0.007136853256518512 0.0625
0.006179852952808434 0.004021121420905479 0.0625
-0.007275735124880447 0.0012098257695143156 0.0625
0.0045493467133129566 -0.0058089107827602755 0.0625
0.0005695252872225398 0.007359051633683112 0.0625
-0.005392896857322893 -0.005043477320884557 0.0625
0.007386082289458689 7.608162291050634e-05 0.0625
-0.005499674510905163 0.0049349346777946375 0.0625
0.0007220526891672161 -0.007356537223046342 0.0625
0.004438474045230748 0.0059143848496536824 0.0625
-0.007270560043824844 -0.0013634356050571995 0.0625
0.006284367880159119 -0.003907265072505881 0.0625
-0.001995306006444831 0.007128727371743513 0.0625
-0.0033453298539760368 -0.006606721438663558 0.0625
0.006932045045909535 0.002612805289622836 0.0625
-0.006878904412036772 0.00275693200678962 0.0625
0.0032111779798208837 -0.006681941034004525 0.0625
0.0021465443145483646 0.007098756757748507 0.0625
-0.0063802550921685675 -0.0037858083626693367 0.0625
0.007264516628763789 -0.0015188147189221 0.0625
-0.004332256096381627 0.006029225250010504 0.0625
-0.0008785309178598941 -0.007374834467726328 0.0625
0.005631471219886604 0.004846290529837112 0.0625
-0.007428783957868179 0.00023058384011109698 0.0625
0.005323923461285756 -0.005189974853346701 0.0625
-0.0004200697252145675 0.007425869742054338 0.0625
-0.004708057790494341 -0.005761440083986429 0.0625
0.007366031846056261 0.0010684450584307064 0.0625
-0.006155427878645895 0.004189356469768227 0.0625
0.0017095677080801149 -0.007249646767359752 0.0625
0.0036377946861578243 0.00650280322794423 0.0625
-0.007077525216357168 -0.002338511665959446 0.0625
0.006800835545598918 -0.003057553904957075 0.0625
-0.0029504372253226605 0.006850906522456012 0.0625
-0.0024530415556879774 -0.007047168731204605 0.0625
0.006571449743258396 0.003540628231236537 0.0625
-0.007239839782346573 0.001828857546653634 0.0625
0.004104528436312626 -0.0062412215403317515 0.0625
0.0011897592545841123 0.007377294417069952 0.0625
-0.005862680910005361 -0.004637776681499305 0.0625
0.007458399582529373 -0.00054062525590809 0.0625
-0.005136240630238745 0.00543866088189774 0.0625
0.00011358192377680906 -0.007482452749372439 0.0625
0.004972347321319244 0.00559604879501326 0.0625
-0.0074491879159438905 -0.0007678537575316864 0.0625
0.006013620608044471 -0.0044672549941214305 0.0625
-0.0014171740719419056 0.007358778271548586 0.0625
-0.003927201073805807 -0.006385694302571846 0.0625
0.007211835493587933 0.0020565575152242427 0.0625
-0.0067093523876146435 0.0033562762905949336 0.0625
0.002681087843494368 -0.007009405679190407 0.0625
0.0027588139405537726 0.006982044517289056 0.0625
-0.006752961937794466 -0.0032859557310924315 0.0625
0.007201607575473187 -0.0021393569895852413 0.0625
-0.0038664958141033 0.006444393696812887 0.0625
-0.001502623522080415 -0.0073662828177372235 0.0625
0.00608599279781414 0.004418222681684845 0.0625
-0.007474729934824414 0.0008534707970632645 0.0625
0.004936865537493559 -0.005680436485403955 0.0625
0.00019685818572930282 0.007526037925410113 0.0625
-0.005230767414987608 -0.005418401263315948 0.0625
0.00751973269020287 0.000462190726750672 0.0625
-0.0058590856289040035 0.00474037082865577 0.0625
0.0011186265854782858 -0.0074557812844973665 0.0625
0.004212949070385119 0.006255482405885351 0.0625
-0.007334592791852816 -0.0017674129618458518 0.0625
0.006604490159369452 -0.0036524936324095186 0.0625
-0.002403565004700079 0.007157015807456422 0.0625
-0.00306325494383774 -0.006903366508382243 0.0625
0.0069243325457414495 0.003022187749956273 0.0625
-0.007149749665400737 0.0024497101302199125 0.0625
0.003618513794176261 -0.006638249612763603 0.0625
0.0018165289886595292 0.007341677085881645 0.0625
-0.006300885509498731 -0.004187940042095746 0.0625
0.007477601080627724 -0.0011685384371064181 0.0625
-0.004726063244792222 0.005914754957411509 0.0625
-0.0005106857085382486 -0.007556401266945448 0.0625
0.005482750162165139 0.005228714054074687 0.0625
-0.007577393758642031 -0.0001519994292515231 0.0625
0.005691989329685789 -0.005008119155006512 0.0625
-0.000814443139672642 0.007540337019804896 0.0625
-0.004494441373987082 -0.006112282448954165 0.0625
0.007445434332812547 0.001471566374913541 0.0625
-0.006486311383522159 0.003945600668591649 0.0625
0.0021183238274105846 -0.00729333285694713 0.0625
0.003365755931379145 0.006811144324589379 0.0625
-0.007085119280117469 -0.00274974267641678 0.0625
0.007084222656629118 -0.002759309578735716 0.0625
-0.003360960832036712 0.006822312092356601 0.0625
-0.00213087411965674 -0.0073033810996125026 0.0625
0.006506850535728703 0.003947264382542305 0.0625
-0.007466864861262432 0.0014852370664794094 0.0625
0.0045041239564953236 -0.006141080310867537 0.0625
0.0008273244545634956 0.0075733436635928 0.0625
-0.005727736145374596 -0.00502722971913651 0.0625
0.007621922531795122 -0.00016216324896181145 0.0625
-0.00551252473260002 0.005269921353537744 0.0625
0.0005051570749538477 -0.007612149258233451 0.0625
0.004771084540102557 0.005956236421700734 0.0625
-0.00754401847971059 -0.0011695234832123408 0.0625
0.00635490590123043 -0.0042349936229593875 0.0625
-0.0018258385691220214 0.007417972332080139 0.0625
-0.0036657073704273054 -0.006705414936780194 0.0625
0.007234897672501582 0.002469059672918253 0.0625
-0.00700501032896033 0.003067544668160368 0.0625
0.0030942376348881994 -0.0069961198859683285 0.0625
0.002445051748421188 0.007251325530380118 0.0625
-0.006703393318979439 -0.003696554884086239 0.0625
0.007442399325731248 -0.0018029676304235377 0.0625
-0.004271362569448426 0.0063588884091730176 0.0625
-0.001146188034514612 -0.0075766914276308986 0.0625
0.005965175605193192 0.004814216447066755 0.0625
-0.007653094864354152 0.00047972804503814244 0.0625
0.005320911246543369 -0.0055252061958272905 0.0625
-0.0001913161933036772 0.007670945060041806 0.0625
-0.005042290191333977 -0.0057875132506437655 0.0625
0.0076300255332222115 0.0008618064529678953 0.0625
-0.006210390835822738 0.004520071422702185 0.0625
0.0015266017767790081 -0.007530570165341744 0.0625
0.003962500046158176 0.006586242736507398 0.0625
-0.007373262017260143 -0.0021805979053527687 0.0625
0.006912123813173158 -0.003373802660406291 0.0625
-0.0028187664762849888 0.007159228698133054 0.0625
-0.0027584502626915495 -0.007185468123111878 0.0625
0.006890034317571783 0.003436193693999675 0.0625
-0.007404109113223849 0.002121124286663925 0.0625
0.004028118172809209 -0.006567668078236309 0.0625
0.0014666809800731506 0.007566296776012137 0.0625
-0.00619452959187992 -0.0045899676616860795 0.0625
0.007670711633053118 -0.0008001143934110741 0.0625
-0.0051173943674383045 0.005773411027123456 0.0625
-0.00012651826164291436 -0.007716475434385239 0.0625
0.00530747622169915 0.005606308603359087 0.0625
-0.007703158487314816 -0.0005489529299582124 0.0625
0.006052910502908959 -0.004800236915379742 0.0625
-0.0012211233982083842 0.00763078355389196 0.0625
-0.004255526282116072 -0.006453719552492142 0.0625
0.007499826282564552 0.0018848357306019995 0.0625
-0.006805601713799831 0.003677469960873209 0.0625
0.002534990465991807 -0.007311212166072781 0.0625
0.0030704548041182757 0.007105793924387829 0.0625
-0.007066310044297379 -0.0031665852835289295 0.0625
0.007351925784997149 -0.0024390955807212745 0.0625
-0.0037747534986349762 0.00676692219731711 0.0625
-0.0017881998860443545 -0.007542038263463727 0.0625
0.006415271100161096 0.004354801569697273 0.0625
-0.007674599267735357 0.001122731526089803 0.0625
0.00490224532637826 -0.006013982936457545 0.0625
0.0004477726546418295 0.007748515964347948 0.0625
-0.005566067993184137 -0.005412844639859075 0.0625
0.007763143743527984 0.00023151504772333929 0.0625
-0.005882636266925725 0.005074898082823949 0.0625
0.0009099298561495945 -0.0077182917576940294 0.0625
0.004544181162237888 0.006307964613467828 0.0625
-0.007614224986332135 -0.0015822698434576207 0.0625
0.006685510178592678 -0.003977933339302418 0.0625
-0.0022433727763119245 0.007451662806817183 0.0625
-0.003380448478660944 -0.00701231545804372 0.0625
0.00723177407754131 0.002888155759546487 0.0625
-0.007285808104820693 0.0027562656366411967 0.0625
0.003511654324128073 -0.006956168766485803 0.0625
0.002110134572353346 0.007503821165683466 0.0625
-0.006626886184928826 -0.004109060658106602 0.0625
0.007664610234425312 -0.0014469795970720408 0.0625
-0.00467576068608531 0.006246379912113818 0.0625
-0.0007718620371017356 -0.007766867386255617 0.0625
0.005817499522211133 0.005207369711195208 0.0625
-0.007809731782158106 8.994159632545269e-05 0.0625
0.005699766344216709 -0.005343469249591926 0.0625
-0.0005935630865447195 0.0077927968575019005 0.0625
-0.004827863752107717 -0.006149124457277183 0.0625
0.007716114035284962 0.0012734143844320427 0.0625
-0.006551942914371238 0.004274581154548423 0.0625
0.0019443958262325405 -0.007580192930983319 0.0625
0.0036878135755619226 0.006905072847689674 0.0625
-0.007385998042861397 -0.002601352131267048 0.0625
0.007205742267277055 -0.0030720153608953435 0.0625
-0.0032392288265329725 0.007134941948562569 0.0625
-0.002431869263713531 -0.007451577811725876 0.0625
0.006828875055639868 0.003853111142240721 0.0625
-0.0076406234693145725 0.0017722508287935305 0.0625
0.004438261886285643 -0.006470071980182618 0.0625
0.0010981912515809344 0.007771356122000272 0.0625
-0.006061214653702722 -0.004990158005688738 0.0625
0.007842697788911734 -0.0004148389950317811 0.0625
-0.005504525552849361 0.005605372283624742 0.0625
0.000272579542821411 -0.007854024471112582 0.0625
0.005105978317087521 0.005977372786219049 0.0625
-0.007805171525388329 -0.000958800010047586 0.0625
0.006405021149041187 -0.004566804580922543 0.0625
-0.0016385604248183294 0.007696435521344876 0.0625
-0.00399193279257775 -0.006784133885732387 0.0625
0.007528572563036112 0.002306641533290308 0.0625
-0.00711174207330459 0.0033857236571801543 0.0625
0.0029579068917699233 -0.007302793083445537 0.0625
0.0027527837847310184 0.007385267864777958 0.0625
-0.007020753147225015 -0.00358734236527963 0.0625
0.007602544762669508 -0.0020979306784558996 0.0625
-0.004190094738729203 0.006684542323934667 0.0625
-0.0014261560604553081 -0.007761834763200427 0.0625
0.006296668220425535 0.004761509143316133 0.0625
-0.007861842235675083 0.0007425878139017838 0.0625
0.005297165009490939 -0.005860037786757426 0.0625
5.2450832002467824e-05 0.007901724426365568 0.0625
-0.005377935534949972 -0.005792910268761493 0.0625
0.007881098501997382 0.0006389729272939815 0.0625
-0.006244893539694437 0.004853998833733142 0.0625
0.0013263848753912123 -0.007800045074378316 0.0625
0.004292190465109464 0.006649594048603524 0.0625
-0.007659108174641128 -0.0020045104063450146 0.0625
0.007003849052480885 -0.0036967686497889774 0.0625
-0.0026681393780056233 0.007459291672775356 0.0625
-0.00307225476824419 -0.007304878550598966 0.0625
0.007202052165396123 0.0033121661502577182 0.0625
-0.007550307091745918 0.002423399022103311 0.0625
0.003931628872617958 -0.006889288381828478 0.0625
0.0017551442967153321 0.007738182506099714 0.0625
-0.006523327185366658 -0.004521747718820269 0.0625
0.007866991414129056 -0.0010725884998543144 0.0625
-0.005077961773717038 0.0061069062727921826 0.0625
-0.0003809456635713815 -0.007935671389454465 0.0625
0.005643153700701242 0.00559596428779365 0.0625
-0.007943619678123582 -0.0003144938939435909 0.0625
0.006071736026760771 -0.005135564391703734 0.0625
-0.0010084040420411684 0.007890698403056286 0.0625
-0.004587973796924261 -0.0065015764579628215 0.0625
0.0077772362092966285 0.001695463637122719 0.0625
-0.006882132531615148 0.004004528913278625 0.0625
0.0023703973353823723 -0.0076040263329641465 0.0625
0.0033896568745468707 0.007210424833034262 0.0625
-0.007372321104218246 -0.0030280161056867347 0.0625
0.00748387090191792 -0.002748031354156328 0.0625
-0.0036632571314066183 0.0070838229219256 0.0625
-0.0020845370346779897 -0.007700305536214515 0.0625
0.006740671764841677 0.004271222794313849 0.0625
-0.00785799792103099 0.001404232414193839 0.0625
0.0048472184403157365 -0.00634542933077527 0.0625
0.0007123112327924188 0.007955665447191564 0.0625
-0.005901059921193774 -0.00538678863577183 0.0625
0.00799248410929165 -1.4062813391984906e-05 0.0625
-0.0058857516343560875 0.005410908213846789 0.0625
0.0006851683802116196 -0.007968095399200376 0.0625
0.004878674090042479 0.006340231787809354 0.0625
-0.007882609637751711 -0.001380023658791333 0.0625
0.006746689649371894 -0.004308384706018968 0.0625
-0.002065171183330252 0.007736605714623328 0.0625
-0.0037043640192353116 -0.00710194953607774 0.0625
0.007531127233925738 0.0027353468859400744 0.0625
-0.0074032243353006726 0.0030712000001973036 0.0625
0.003385394921934883 -0.007267675090600673 0.0625
0.0024137097784787823 0.007648137361820584 0.0625
-0.00694819653014553 -0.004010307342146438 0.0625
0.007834741094070442 -0.0017369029877583558 0.0625
-0.004605262680165247 0.006575070771229554 0.0625
-0.0010459435888383987 -0.007961532641958322 0.0625
0.0061510912972389505 0.005165663157139775 0.0625
-0.008027465823555137 0.0003461104616365134 0.0625
0.005687170217006224 -0.00567944494847845 0.0625
-0.00035724293305530985 0.008031959753807412 0.0625
-0.005163687971468037 -0.006165738117477609 0.0625
0.00797490387507811 0.001058729513740004 0.0625
-0.006597645316700315 0.004607719205314316 0.0625
0.0017529698468575772 -0.007856659386533703 0.0625
0.004015750607324691 0.006979523412079896 0.0625
-0.007678057056974135 -0.0024346334076919456 0.0625
0.007308383406260305 -0.003392275340696716 0.0625
-0.0030984795170050927 0.00744039143343278 0.0625
-0.0027420336660945684 -0.007581639095472955 0.0625
0.0071454114855433295 0.0037393976389607855 0.0625
-0.00779712739730025 0.00206997689607151 0.0625
0.00435244673041537 -0.006795307753067302 0.0625
0.0013812296864779345 0.007953125458157444 0.0625
-0.0063926960908888665 -0.004932893338552357 0.0625
0.00804836440530978 -0.000681050952089894 0.0625
-0.005476248153070624 0.0059405981320057805 0.0625
2.520629539996518e-05 -0.008082039633822159 0.0625
0.005442418614374372 0.0059783007306350305 0.0625
-0.008053817545291398 -0.000732135880254781 0.0625
0.006435152122977508 -0.004901919741707129 0.0625
-0.001434319853366335 0.007963838682333989 0.0625
-0.004323192771286163 -0.006843245155794073 0.0625
0.007812717230388204 0.0021263700237717973 0.0625
-0.007199392123300015 0.0037106270433668914 0.0625
0.0028029693125916372 -0.007601536886226993 0.0625
0.0030688766866366745 0.007500799682848351 0.0625
-0.007331843120454145 -0.003458912611941682 0.0625
0.00774509075523769 -0.0024028252523085546 0.0625
-0.0040891468347852445 0.007005631888956613 0.0625
-0.0017175485456290013 -0.007930323259073852 0.0625
0.006625334875598035 0.004688809847518278 0.0625
-0.00805500553163254 0.0010182759377345477 0.0625
0.005253267985279636 -0.006193801375152099 0.0625
0.00031035045279391134 0.00811810831391468 0.0625
-0.00571427695138388 -0.005778151860489907 0.0625
0.008119073203799232 0.0004008120648749111 0.0625
-0.006259390187867775 0.005190379030092564 0.0625
0.0011097643915965627 -0.008057817508180756 0.0625
0.004626069610638063 0.006693241364057553 0.0625
-0.007934735452523921 -0.0018110696558829584 0.0625
0.007076322556913517 -0.004025625301803055 0.0625
-0.002499343040961748 0.007750695734164521 0.0625
-0.003393604908618407 -0.0074056360782988155 0.0625
0.00750703543372201 0.0031692931383578565 0.0625
-0.007678592834826653 0.002734814815841981 0.0625
0.0038157626348903602 -0.007205550326947594 0.0625
0.0020542724309805115 0.007893032673143664 0.0625
-0.006848481666999474 -0.004433768020180138 0.0625
0.008047241459961389 -0.001357167964947049 0.0625
-0.005018538008903748 0.006438499534300549 0.0625
-0.0006488248415335368 -0.008139964761902166 0.0625
0.005978682877584348 0.005565550381523803 0.0625
-0.008170418016151424 -6.534096225364896e-05 0.0625
0.006070566959005767 -0.005472496395268568 0.0625
-0.0007798623343839545 0.00813829310970115 0.0625
-0.004923764430715222 -0.00652966644100781 0.0625
0.008043761312425169 0.0014892628877173145 0.0625
-0.006939274853099495 0.0043366420780531325 0.0625
0.002188098941075335 -0.007887472537135391 0.0625
0.0037155837168737146 0.00729619336660583 0.0625
-0.00767055092791597 -0.002871001299590001 0.0625
0.0075976232745494044 -0.0030653092140965456 0.0625
-0.0035327165136081664 0.007394586806203588 0.0625
-0.002390768049481956 -0.007841187928724591 0.0625
0.007061625032060546 0.004168147299049772 0.0625
-0.00802495146602069 0.001697101637502119 0.0625
0.004772391808174935 -0.006674149865658154 0.0625
0.0009896041324429289 0.008147434176539993 0.0625
-0.006235066440938996 -0.005340781448166208 0.0625
0.008207624391646174 -0.00027368201558519776 0.0625
-0.005868916955715281 0.005747678989550274 0.0625
0.00044518722698900777 -0.008204986796633245 0.0625
0.00521566597823546 0.0063527024488383805 0.0625
-0.008139467100022578 -0.0011614970200779947 0.0625
0.006788377192333893 -0.004643052346743576 0.0625
-0.001869753887717229 0.00801149301936701 0.0625
-0.004034179055780681 -0.0071725448305256685 0.0625
0.007821971571652762 0.002564519590928488 0.0625
-0.007502199860075801 0.003393670175411664 0.0625
0.003240452891586297 -0.007572282684726582 0.0625
0.0027263977634608173 0.007774751136557095 0.0625
-0.0072642691744190455 -0.003892350621614818 0.0625
0.007988042230989381 -0.00203744480070754 0.0625
-0.004515187741681007 0.006900223159969074 0.0625
-0.0013320664648944387 -0.008140368476494393 0.0625
0.006482869017764289 0.005104156080931684 0.0625
-0.00823049057042912 0.0006156500386399256 0.0625
0.005654701459079453 -0.0060153430000860885 0.0625
-0.00010632624282678795 0.008257644623625209 0.0625
-0.005501169671281667 -0.006162558904202924 0.0625
0.008221548575492283 0.0008283350896954934 0.0625
-0.006623785693900764 0.004944235338378988 0.0625
0.0015448424808944274 -0.00812240492152564 0.0625
0.004348758676424956 0.0070347919638194464 0.0625
-0.0079608997279923 -0.002250350088508927 0.0625
0.007392368645938306 -0.0037192587705816155 0.0625
-0.002939437478086589 0.00773819793701479 0.0625
-0.0030605208170913596 -0.007693712519203617 0.0625
0.007455934993741158 0.00360680376082565 0.0625
-0.007936448177003319 0.0023775597434640295 0.0625
0.004247308377550257 -0.007116204855538617 0.0625
0.0016755820245040447 0.008118646739399302 0.0625
-0.006721544470974072 -0.004856010700638734 0.0625
0.00823884116280706 -0.0009599459849575053 0.0625
-0.005428208148778657 0.006274914843528396 0.0625
-0.00023612089150617038 -0.008296038025744235 0.0625
0.0057796788213247885 0.005959472520477772 0.0625
-0.008289725696162863 -0.0004903548535266496 0.0625
0.006445684265584117 -0.00523957577943113 0.0625
-0.0012139160971407817 0.008219878813528975 0.0625
-0.004658693385327248 -0.00688306442956247 0.0625
0.008086959047007314 0.0019290135748683986 0.0625
-0.007268204022821157 0.004041436660724298 0.0625
0.0026301564774768374 -0.007891912119631507 0.0625
0.003392494573909969 0.007598090586850847 0.0625
-0.007636161116973387 -0.0033119546185936422 0.0625
0.007870131750178217 -0.0027168044160073017 0.0625
-0.003969159879367833 0.00732159612734933 0.0625
-0.0020195142318267423 -0.008082175589991178 0.0625
0.00695056028879733 0.004596706611454942 0.0625
-0.008232527639585286 0.001305943591226025 0.0625
0.005189750687238137 -0.006525832345709725 0.0625
0.0005815429999511717 0.008319964407328182 0.0625
-0.006050605844899811 -0.005743706896218177 0.0625
0.008343743299445847 0.00014814774028833189 0.0625
-0.006254284398846691 0.005528465126808969 0.0625
0.0008775419043416219 -0.00830360886639806 0.0625
0.0049633582923243455 0.0067175199636484275 0.0625
-0.008199795320721126 -0.0016010486245832505 0.0625
0.007129808730169369 -0.004359567349084155 0.0625
-0.002313115752668369 0.008033025302758448 0.0625
-0.003721675763017085 -0.007487932258973181 0.0625
0.007804504899455604 0.0030082724734261444 0.0625
-0.0077890836504473995 0.0030545336610247127 0.0625
0.0036811713437678085 -0.007515914950145639 0.0625
0.002363220949014384 0.008030889536417467 0.0625
-0.007169398701771647 -0.00432662943352386 0.0625
0.008211428772332446 -0.0016530086257823496 0.0625
-0.004939668251646456 0.006767545904068626 0.0625
-0.0009293185874056169 -0.008329247682900446 0.0625
0.006313373462638442 0.005515552150170706 0.0625
-0.008383371740323236 0.00019768222871507625 0.0625
0.006049824909656534 -0.005810302794390266 0.0625
-0.0005363018420021217 0.008373313581507929 0.0625
-0.005262134055278656 -0.006538344223446529 0.0625
0.008299077298611034 0.0012670106517622406 0.0625
-0.006977313813873211 0.004673017434456463 0.0625
0.001988839947109673 -0.008161158965783035 0.0625
0.004047421731682722 0.007363312931412222 0.0625
-0.007960543393811359 -0.002696247183632529 0.0625
0.007693323007571845 -0.003390100455910668 0.0625
-0.0033837940909484973 0.0076986971332857375 0.0625
-0.0027060557022643692 -0.007964751253883734 0.0625
0.007377557775710232 0.00404618848622472 0.0625
-0.008175451022551683 0.0020005000819441716 0.0625
0.004678325014691355 -0.006999519630439871 0.0625
0.0012788169948460871 0.008323738768948293 0.0625
-0.0065674158832079105 -0.005275324503477342 0.0625
0.008408407482036119 -0.0005465195477190269 0.0625
-0.005832571625381082 0.006084497369117639 0.0625
0.00019079156858607118 -0.008428736475733268 0.0625
0.0055544081190916856 0.00634575058181208 0.0625
-0.00838449746203751 -0.0009274709208846076 0.0625
0.006810878529007764 -0.0049811578637000715 0.0625
-0.001657871566677192 0.008275956855155983 0.0625
-0.0043690917018335915 -0.007224336488631248 0.0625
0.008103874284741476 0.002376388347283716 0.0625
-0.007582897502862507 0.0037228571636689933 0.0625
0.003077500909125688 -0.007869497325390648 0.0625
0.0030473689176165174 0.007883751814963782 0.0625
-0.007574552478591277 -0.003755816122904148 0.0625
0.008124528878871936 -0.0023477713892915376 0.0625
-0.004406109574670299 0.007221232472092194 0.0625
-0.0016293995768672021 -0.0083033160254747 0.0625
0.006812179969989668 0.005023365809541606 0.0625
-0.008418673638680879 0.0008977383613167513 0.0625
0.00560281701802844 -0.006350467814459884 0.0625
0.00015838062193163663 0.00846964672100298 0.0625
-0.0058395759468059865 -0.006139979866537429 0.0625
0.008455772755931524 0.0005830155229890629 0.0625
-0.006630690187521144 0.005283365181123752 0.0625
0.001320770023316652 -0.008377085802682703 0.0625
0.004686048028224528 0.007071135260845533 0.0625
-0.008234116787729484 -0.002049224420611738 0.0625
0.007457883436125323 -0.004052156790299156 0.0625
-0.002762785254430619 0.008027889986659058 0.0625
-0.0033865091679857098 -0.007787910865896498 0.0625
0.007759915719114649 0.003455967018395486 0.0625
-0.008058625141401458 0.0026941716408522163 0.0625
0.004123434336089924 -0.007432179308651983 0.0625
0.0019804208996729794 0.008267885646290619 0.0625
-0.007047126388047782 -0.004760043032461012 0.0625
0.008414020468515217 -0.00125070362412802 0.0625
-0.00536087978452329 0.0066076446587183795 0.0625
-0.0005105949125702743 -0.008495839736909904 0.0625
0.006117042240224577 0.00592130004570857 0.0625
-0.008512645276240611 -0.0002342443188178188 0.0625
0.006436963951110775 -0.005579022772143915 0.0625
-0.0009781106419023656 0.008464236502614832 0.0625
-0.004997657455680431 -0.006903869926040163 0.0625
0.008350912509903313 0.001715301796168932 0.0625
-0.007318385737612624 0.004377354246060984 0.0625
0.0024401604074143764 -0.008173470326983961 0.0625
0.00372282442885321 0.007677276748426736 0.0625
-0.007933199354967528 -0.0031471174103205606 0.0625
0.007977731152577822 -0.003039046833661725 0.0625
-0.0038307348415748685 0.007631872022875147 0.0625
-0.002331229957058701 -0.008217381997163821 0.0625
0.007271730729285276 0.0044857476746656445 0.0625
-0.008394325816878384 0.0016047722829389422 0.0625
0.005107104374471646 -0.006855471166028822 0.0625
0.0008652211026306428 0.008507137735076506 0.0625
-0.006386222147866475 -0.0056900058592324575 0.0625
0.008554882911640811 -0.00011823014893018265 0.0625
-0.006229942569361629 0.005867522099017252 0.0625
0.0006304836323307481 -0.00853712424586658 0.0625
0.005303292373214058 0.006722729356757537 0.0625
-0.00845392627120827 -0.0013751838426096558 0.0625
0.007164537924672308 -0.004697807608441649 0.0625
-0.0021101585878539986 0.00830585520787029 0.0625
-0.004055663340475409 -0.007551926566693021 0.0625
0.008093975168657602 0.002829764295688629 0.0625
-0.007881866973832322 0.0033817411206080433 0.0625
0.003528469056408497 -0.007819840543001355 0.0625
0.002681171402360516 0.008151767900962597 0.0625
-0.0074854846134155065 -0.004200895154883029 0.0625
0.00835949550769063 -0.0019592944793726612 0.0625
-0.00484186046631723 0.007093404487600738 0.0625
-0.0012216197719218064 -0.008503390214076367 0.0625
0.006646542457730932 0.005446418397220332 0.0625
-0.008582279938158065 0.000473783772505579 0.0625
0.00600989606360893 -0.006148263926070343 0.0625
-0.00027849302845463615 0.008595489609853657 0.0625
-0.0056023320624106416 -0.006527930411890568 0.0625
0.00854284688425446 0.0010294499075641662 0.0625
-0.006996502003102375 0.005012879384204696 0.0625
0.001773330029181804 -0.008424684006394664 0.0625
0.004384376473998597 0.007411966198941252 0.0625
-0.008241835809046302 -0.0025044245839557825 0.0625
0.007771081507621094 -0.00372159807097831 0.0625
-0.0032171166067016966 0.007995633854728726 0.0625
-0.0030295867938384563 -0.008071034869123021 0.0625
0.007687896762707067 0.003905924137250773 0.0625
-0.008309463682642163 0.002313614770624302 0.0625
0.00456554239257507 -0.007320916791058339 0.0625
0.0015791434675470483 0.00848447440380979 0.0625
-0.006897442772682065 -0.005190884625723822 0.0625
0.008594657565393874 -0.0008317820228989431 0.0625
-0.005777121356829451 0.006420659532202674 0.0625
-7.724440398813195e-05 -0.008639099102455795 0.0625
0.005894163937837517 0.006319717673590787 0.0625
-0.00861738789115746 -0.0006786942856196816 0.0625
0.006814468313124272 -0.0053219377682781335 0.0625
-0.0014302420143990696 0.008529619439356463 0.0625
-0.0047083175992525695 -0.007257530253782516 0.0625
0.008376395696575662 0.0021716342082378297 0.0625
-0.007645452564347953 0.00405796193751313 0.0625
0.002897177972701708 -0.008158820980662097 0.0625
0.0033758158513479976 0.007975203278775257 0.0625
-0.007878494048231299 -0.0036012958128962417 0.0625
0.008244193087222485 -0.0026670733661811777 0.0625
-0.00427856851512334 0.007537496365597484 0.0625
-0.0019371379112517642 -0.00845029565830635 0.0625
0.0071383766660914885 0.004923776860602092 0.0625
-0.008591864433157721 0.0011915811186148297 0.0625
0.005531941850130848 -0.006684131908241407 0.0625
0.0004361002886629345 0.008667745758744204 0.0625
-0.006178184777016255 -0.006098363129647547 0.0625
0.008677288255862512 0.0003235251530724715 0.0625
-0.006618655320115151 0.005624357896996901 0.0625
0.001081477875000151 -0.008620348345971012 0.0625
0.005026844951735294 0.007088781970918093 0.0625
-0.008497291890412635 -0.0018319471960533335 0.0625
0.007505086873885351 -0.004390178927496445 0.0625
-0.0025691736384577148 0.008308991925345333 0.0625
-0.0037191977218627467 -0.00786432249502085 0.0625
0.008056822505623748 0.003287493135030804 0.0625
-0.008163675302871381 0.0030190073781439937 0.0625
0.003981380551649533 -0.007742648700731995 0.0625
0.002294943225020379 0.008400787796030386 0.0625
-0.007368812815424638 -0.004645492190417891 0.0625
0.008573777057383927 -0.001552529217205594 0.0625
-0.005274706946531888 0.006938116936763768 0.0625
-0.0007974357870254226 -0.008681249689161761 0.0625
0.006453801937521439 0.005864165801820793 0.0625
-0.008722313010460248 3.543652855317649e-05 0.0625
0.006409309350367457 -0.005919523093230764 0.0625
-0.0007276359547655315 0.008696582427444269 0.0625
-0.005339322496305174 -0.006905913066383728 0.0625
0.008604184915694302 0.0014859347013037275 0.0625
-0.007350120041528854 0.004717598475402061 0.0625
0.00223364319938552 -0.008445758583918843 0.0625
0.004059072251392693 0.007738470937980828 0.0625
-0.008222448318273408 -0.00296502000892453 0.0625
0.008067930924658726 -0.003368752082735599 0.0625
-0.0036744428542041657 0.007935897536585761 0.0625
-0.0026518951725693174 -0.0083359133868883 0.0625
0.0075882361116517685 0.004356451849134115 0.0625
-0.008540300224329604 0.0019139676272904205 0.0625
0.005005791522617516 -0.007182064552208551 0.0625
0.0011606027716286184 0.008679458577957957 0.0625
-0.006720434558984736 -0.0056174513205192655 0.0625
0.008752253854110298 -0.000397558138152704 0.0625
-0.00618670427207252 0.00620682610115022 0.0625
0.0003693285403620375 -0.008758058941870286 0.0625
0.0056451211853247585 0.006709143522313231 0.0625
-0.008696759549151863 -0.0011341839992857808 0.0625
0.007180716448188489 -0.005039574514848978 0.0625
-0.0018911444293698823 0.008568755612529934 0.0625
-0.004394781261075635 -0.00759775609422272 0.0625
0.008374958765931318 0.0026344004382307124 0.0625
-0.007957009683908825 0.0037156421908172473 0.0625
0.0033582416412864073 -0.00811678588350894 0.0625
0.0030073264146149876 0.008255663985165517 0.0625
-0.0077961487421456975 -0.0040571005398363095 0.0625
0.008491367332099441 -0.0022752320390136958 0.0625
-0.004725595349085953 0.007415439878840446 0.0625
-0.0015249450223949468 -0.008662248130749482 0.0625
0.00697751474748805 0.00535857144662519 0.0625
-0.008766929703277384 0.000762196548006307 0.0625
0.0059511411221069635 -0.006485670308053553 0.0625
-7.180760479888996e-06 0.008804541352999538 0.0625
-0.005943620208637788 -0.006498721321573386 0.0625
0.0087747255615161 0.0007772974463331026 0.0625
-0.006997069094939309 0.005355466747226165 0.0625
0.0015422523088560504 -0.008677641258765438 0.0625
0.004725669824801328 0.007442314472458295 0.0625
-0.008513963136887799 -0.002296177628955494 0.0625
0.007830990515431303 -0.004059013124790921 0.0625
-0.0030332841845455935 0.008284877009092265 0.0625
-0.0033605677753342756 -0.008160060307827685 0.0625
0.007992071245052947 0.003747905710393185 0.0625
-0.008426940678708788 0.0026356537704188467 0.0625
0.004434542460920936 -0.0076377243444817585 0.0625
0.001889799443407208 0.008629522470200645 0.0625
-0.0072244887402041665 -0.005087903541014044 0.0625
0.00876618719206448 -0.0011286993017117948 0.0625
-0.005702947678981685 0.006755470951073465 0.0625
-0.0003581705442584587 -0.008835819931462253 0.0625
0.006234208233174759 0.006274922127438402 0.0625
-0.008837818415098675 -0.00041589140619009924 0.0625
0.006799399391906673 -0.005664641904775548 0.0625
-0.0011875580158862585 0.008772098150323234 0.0625
-0.005051087546167385 -0.007272311503294721 0.0625
0.008639093601770844 0.0019509130528657804 0.0625
-0.0076899815689500835 0.0043982022997138305 0.0625
0.0027000979517219676 -0.00843975539047826 0.0625
0.0037109495178873435 0.008049152357589693 0.0625
-0.008175543532903128 -0.0034293567824893708 0.0625
0.00834701169590506 -0.002994561027667345 0.0625
-0.004133080478423244 0.007848416767659367 0.0625
-0.002254497298223869 -0.008581214478866105 0.0625
0.007460818047833597 0.004805849982793937 0.0625
-0.008749901121515082 0.0014964058151815413 0.0625
0.005442477982760562 -0.00701565630623155 0.0625
0.0007260779788193401 0.00885171230715694 0.0625
-0.006516284629594073 -0.006038048908887377 0.0625
0.008885799915107413 5.059514479759699e-05 0.0625
-0.0065879568918413445 0.005966475005498651 0.0625
0.0008276678816284963 -0.008851834040339924 0.0625
0.005370389832110994 0.007087941383163298 0.0625
-0.008750006047253848 -0.0015991854717390106 0.0625
0.007534120164622587 -0.004732550405967941 0.0625
-0.0023592297070757513 0.008581027630141467 0.0625
-0.004057802626364581 -0.00792301949041328 0.0625
0.008346125883526529 0.0031019643351154974 0.0625
-0.008251601128179449 0.003351280176503849 0.0625
0.003821679880014309 -0.008047034416149455 0.0625
0.0026183654611785737 0.008517286088403225 0.0625
-0.007685980572748052 -0.004512837536998152 0.0625
0.008717974856873307 -0.0018646485982417328 0.0625
-0.005170111802497459 0.007265668857694831 0.0625
-0.0010958847763440597 -0.008852063971581845 0.0625
0.006789260683773031 0.005788431511884179 0.0625
-0.00891845881327154 0.0003179503042602885 0.0625
0.006363018968552003 -0.006260350597678009 0.0625
-0.0004632023125147882 0.008916582507759402 0.0625
-0.005682939161001097 -0.006889426862400106 0.0625
0.008846380867878683 0.0012415899244235216 0.0625
-0.007363572692430452 0.0050614026912796165 0.0625
0.002011244571109714 -0.008708323333178536 0.0625
0.004400460091980049 0.007781770427023078 0.0625
-0.008503399896170417 -0.0027662592441434247 0.0625
0.008140759156370343 -0.003705137022833627 0.0625
-0.0035008332282498553 0.008233114034676168 0.0625
-0.002980727682590119 -0.008437728514371681 0.0625
0.007899471700479386 0.004209316672967874 0.0625
-0.008670340671841527 0.0022327544948360584 0.0625
0.004886254052218212 -0.007504966444773828 0.0625
0.0014669260038935113 0.00883674872897838 0.0625
-0.007052560790607576 -0.005526426177448194 0.0625
0.008935611362483801 -0.0006890933018470004 0.0625
-0.006124890440779064 0.006545663991410898 0.0625
9.479468067061675e-05 -0.008966103611297193 0.0625
0.0059881063425470836 0.0066770189778334 0.0625
-0.008927923714407652 -0.0008787366782588886 0.0625
0.00717853445556468 -0.005384110239424033 0.0625
-0.0016567250409905666 0.008821295944392456 0.0625
-0.004738258200844972 -0.007625543208331154 0.0625
0.008646969410982154 0.002422791779237113 0.0625
-0.008014565465516503 0.0040554580997650864 0.0625
0.003171054350129723 -0.008406212839830037 0.0625
0.003340905865275102 0.008342562436048676 0.0625
-0.008100805362532363 -0.003895760834338641 0.0625
0.00860696003903851 -0.002600045939285338 0.0625
-0.00459133415618146 0.007733023384568386 0.0625
-0.0018385297888814489 -0.008805669095270134 0.0625
0.00730562362797072 0.005252415007064458 0.0625
-0.00893710182123142 0.0010621727905298797 0.0625
0.005873903141868811 -0.006821822474965449 0.0625
0.0002769098151079665 0.009000184495569902 0.0625
-0.00628527176731088 -0.006450996730044494 0.0625
0.008994366197082097 0.0005112501469798756 0.0625
-0.00697922945777841 0.005700031243394907 0.0625
0.0012962699736436593 -0.00891962354336941 0.0625
0.005070537821112405 0.007454505094549784 0.0625
-0.008776461389891918 -0.0020721306599093665 0.0625
0.007873129256547828 -0.004401571958935883 0.0625
-0.0028328774733360003 0.008565909480088231 0.0625
-0.003698221350225742 -0.008231838120658988 0.0625
0.008289515068268577 0.0035726656620719767 0.0625
-0.00852782386587317 0.0029658422265258786 0.0625
0.004285805364658102 -0.007949331567890967 0.0625
0.0022100185641953296 0.00875875664383433 0.0625
-0.007547903308359866 -0.004966805376461834 0.0625
0.00892280290668181 -0.0014365195050923163 0.0625
-0.005610415436057382 0.007088246513408592 0.0625
-0.0006512553160258176 -0.00901863994809351 0.0625
0.006573826643210474 0.006211666705886281 0.0625
-0.009045466542338862 -0.00013976777678799854 0.0625
0.00676591013506157 -0.0060085322703860985 0.0625
-0.000930493533072405 0.009003009595957923 0.0625
-0.0053966456868249045 -0.00726885240810915 0.0625
0.008891526757175335 0.0017148620721314882 0.0625
-0.007716589201697333 0.004742810463453937 0.0625
0.0024868563196513258 -0.008711804959100627 0.0625
0.004051996208803996 0.008105635491671091 0.0625
-0.008465154903923156 -0.003240548171619387 0.0625
0.008432952675255378 -0.0033294607937176825 0.0625
-0.003970144021143539 0.008153401526441478 0.0625
-0.002580710329455759 -0.008695972297301801 0.0625
0.0077788705061348365 0.004670029298493271 0.0625
-0.008892616195399694 0.0018114572038320659 0.0625
0.00533481168191301 -0.007344370927351402 0.0625
0.0010275764952373011 0.009021312905915404 0.0625
-0.006853174216820626 -0.005959362646617924 0.0625
0.00908101020154722 -0.00023506109715411784 0.0625
-0.006538857031803252 0.006308989516367671 0.0625
0.000560024104024116 -0.009071183660521486 0.0625
0.005715935676195315 0.007068810320386141 0.0625
-0.008991841197888022 -0.0013515886474677562 0.0625
0.007545113343442593 -0.00507851008019129 0.0625
-0.0021335631573644737 0.008843523520268206 0.0625
-0.004401554539214985 -0.007964064140771089 0.0625
0.008627300496630344 0.0028999458858471553 0.0625
-0.00832239673056199 0.003690218511027643 0.0625
0.0036448487824399913 -0.008344763468975362 0.0625
0.0029499199262784867 0.008617306564614324 0.0625
-0.007998013557971173 -0.004362542736353343 0.0625
0.008846472470741131 -0.002186303918584814 0.0625
-0.005047501643960032 0.007589646049337265 0.0625
-0.0014051997731019364 -0.009008074910749482 0.0625
0.007122730976915882 0.005694444962459725 0.0625
-0.009100810410467931 0.0006125764219413859 0.0625
0.006298378422020081 -0.006600790047640651 0.0625
-0.00018550317374634712 0.009123902047508512 0.0625
-0.00602777008180272 -0.006854632582489309 0.0625
0.009077105912569225 0.000982928406345444 0.0625
-0.007358898937001166 0.005408013168900677 0.0625
0.0017735878141282265 -0.008960713490876486 0.0625
0.0047462237647366646 0.007807263283318229 0.0625
-0.008775549941599278 -0.0025514159250300495 0.0625
0.008196236104442515 -0.0040474329790909465 0.0625
-0.0033104397927501052 0.008522968284499048 0.0625
-0.0033169603250875336 -0.008522779722707563 0.0625
0.00820483953447055 0.004044824868098634 0.0625
-0.008784332016081121 0.0025603732210855916 0.0625
0.0047489198532672345 -0.007823538855738133 0.0625
0.001783444553441931 0.00897882651156588 0.0625
-0.007381927838060758 -0.00541730019416163 0.0625
0.009104708698188769 -0.000992108623652569 0.0625
-0.006044809876050487 0.006883333027131731 0.0625
-0.0001924158160775787 -0.009160948430906223 0.0625
0.006331520870206827 0.006626601200474899 0.0625
-0.009147048326604195 -0.0006095136674164263 0.0625
0.007158172236535854 -0.005730669265634452 0.0625
-0.0014075366520780123 0.00906304808400888 0.0625
-0.005085335931180976 -0.007635401657217498 0.0625
0.008909524690513617 0.002195534055561024 0.0625
-0.008054580691179956 0.004400423830640755 0.0625
0.0029674578132549536 -0.008687588510429814 0.0625
0.0036811439210034554 0.008412441942317304 0.0625
-0.008398875280744398 -0.0037173773037587595 0.0625
0.008706184853158447 -0.0029329755032448637 0.0625
-0.004439524918093143 0.00804553407187056 0.0625
-0.002161624478449726 -0.008933497613710262 0.0625
0.0076302113018718865 0.005128340422474561 0.0625
-0.009092575344409739 0.001372979827321626 0.0625
0.005778513773393615 -0.007156030922983793 0.0625
0.0005730686450577318 0.009182134410258417 0.0625
-0.006626570928717769 -0.00638502605528533 0.0625
0.009201422752742007 0.00023198992504353054 0.0625
-0.006943188225162756 0.006045836358185796 0.0625
0.0010360315071059703 -0.00915022615656486 0.0625
0.005418229001306719 0.007448677365103069 0.0625
-0.0090288703993208 -0.0018328936991185948 0.0625
0.007897570162302234 -0.004748514034044069 0.0625
-0.0026164633087517705 0.00883821926374062 0.0625
-0.0040417838365795575 -0.00828637335740819 0.0625
0.008579668423861096 0.00338072325643506 0.0625
-0.008612050924844555 0.003303419269164008 0.0625
0.004119798785796259 -0.008255135248107792 0.0625
0.0025390487001387334 0.00887204777367231 0.0625
-0.007867044593631075 -0.00482800262653409 0.0625
0.009064309784017174 -0.001754505098131818 0.0625
-0.005499878762496335 0.007418310697041599 0.0625
-0.0009557815155691281 -0.009187300022013888 0.0625
0.006912315296720481 0.006130244468104355 0.0625
-0.009240011005372578 0.00014898530328069957 0.0625
0.006714230289226972 -0.00635288215090026 0.0625
-0.0006597085939696672 0.009221972921834165 0.0625
-0.00574424814350123 -0.007247317660064492 0.0625
0.009133257733721381 0.00146410490382985 0.0625
-0.007725373865441211 0.005091031196050357 0.0625
0.0022580354927364023 -0.008974479133272454 0.0625
0.004398195228702644 0.008144684077987146 0.0625
-0.008746788345225251 -0.0030354066686082985 0.0625
0.008501980221865482 -0.0036710124362371987 0.0625
-0.0037902459570585884 0.008451865804956977 0.0625
-0.002915023165734974 -0.00879446643880278 0.0625
0.008091908772134511 0.004516747992023973 0.0625
-0.00901984095802156 0.0021359937013008057 0.0625
0.005209319168168241 -0.007669614971050043 0.0625
0.0013398722775237422 0.009176314199062898 0.0625
-0.007188162379366138 -0.005862620711581584 0.0625
0.009262622965211341 -0.0005327436572493975 0.0625
-0.006471609837106222 0.006651185316638681 0.0625
0.00027921737944258684 -0.009278040615076937 0.0625
0.006062747012497438 0.007031578674981415 0.0625
-0.00922238313062149 -0.0010897932794930378 0.0625
0.00753819066631009 -0.005427308861522023 0.0625
-0.0018927713328354382 0.009096011031303579 0.0625
-0.004749696597446916 -0.00798751414597816 0.0625
0.008899827115819128 0.0026819912953868043 0.0625
-0.008376052852961852 0.004035063643164702 0.0625
0.0034513926539671493 -0.008635270044888094 0.0625
0.0032888519148875682 0.008700773131276346 0.0625
-0.008304303810437869 -0.004195061170465471 0.0625
0.008959127609973949 -0.002516750378603818 0.0625
-0.004907274347761585 0.007909403168115855 0.0625
-0.0017246516744748612 -0.009149075177400776 0.0625
0.007453535141084527 0.005582545467850492 0.0625
-0.009269097093163025 0.0009186071399225968 0.0625
0.00621566586324108 -0.006940136733274029 0.0625
0.00010478057473933704 0.009318209110722795 0.0625
-0.00637308901945737 -0.006801745095934714 0.0625
0.00929596951401357 0.0007105988984865582 0.0625
-0.007336248734032612 0.0057566878074466485 0.0625
0.001521284518074973 -0.009202483002704508 0.0625
0.005095611094170339 0.007815033434155492 0.0625
-0.009038400392511688 -0.0023210597460307974 0.0625
0.008234379058247605 -0.004394883562176964 0.0625
-0.0031037859431277156 0.008804914129010164 0.0625
-0.003659838386028099 -0.008591017575826233 0.0625
0.008503749645497658 0.003863449490636371 0.0625
-0.008882158527155737 0.0028960766389159354 0.0625
0.004594207996941939 -0.00813715262735281 0.0625
0.0021094246085057865 0.009105510848987563 0.0625
-0.0077078722767732295 -0.00529043523398129 0.0625
0.009259300892214526 -0.0013058893473167257 0.0625
-0.005946764457843851 0.007219140702529986 0.0625
-0.0004916127967867788 -0.009342286489828683 0.0625
0.006674648589198599 0.0065581297799532125 0.0625
-0.009353766963725278 -0.0003271751645855878 0.0625
0.007119805269888366 -0.006078517328993138 0.0625
-0.0011442043900631409 0.009293588989930653 0.0625
-0.005435267826618279 -0.007627441488004232 0.0625
0.009162148273512211 0.0019532124856700152 0.0625
-0.008077099165441916 0.004749786213253973 0.0625
0.0027479928155532754 -0.008960387016511483 0.0625
0.0040272867296999365 0.008465279770733086 0.0625
-0.008689787194481005 -0.0035224421236741345 0.0625
0.008788952725836163 -0.0032732720606477384 0.0625
-0.004270607406404103 0.008352359689355243 0.0625
-0.0024934914218465577 -0.009045579059915272 0.0625
0.007950629358198657 0.004986731676012817 0.0625
-0.009233131316292458 0.0016938967194311217 0.0625
0.005665298263211081 -0.007487616148605477 0.0625
0.000880597115750537 0.009350109556563058 0.0625
-0.006966812401936428 -0.006301073317794738 0.0625
0.009395553335645545 -5.98123485569207e-05 0.0625
-0.006889146179941233 0.006392156514933056 0.0625
0.0007621748397153359 -0.009369049552313453 0.0625
0.005768003158324683 0.007424967310739927 0.0625
-0.00927073611129304 -0.001579066798703336 0.0625
0.007904383488968849 -0.005099090277619787 0.0625
-0.002384599224664275 0.00910130136506481 0.0625
-0.004390503126147699 -0.008323670001825354 0.0625
0.008861979335834862 0.0031725892030384085 0.0625
-0.008679559580119347 0.0036476356033955026 0.0625
0.003936982670537649 -0.008554540750495391 0.0625
0.002876149192591255 0.00896926785317267 0.0625
-0.008181279953524356 -0.004671900932389354 0.0625
0.009190515125148622 -0.0020819298101555773 0.0625
-0.005371685877280804 0.007744997794436225 0.0625
-0.0012710428959344724 -0.009341544302560179 0.0625
0.007248980617344894 0.006030943542212781 0.0625
-0.009421134832060666 0.0004496870869096065 0.0625
0.006644585691809044 -0.006696975510199103 0.0625
-0.00037585317174962585 0.009428612538082458 0.0625
-0.006093162000068429 -0.00720786909155002 0.0625
0.009363855281225244 0.0011992557159630924 0.0625
-0.00771643217179172 0.005442120408272656 0.0625
0.0020142090843226017 -0.009227294390265888 0.0625
0.004748797104947182 0.008166328799163384 0.0625
-0.00901991185302246 -0.0028144609010794454 0.0625
0.008554058893860666 -0.004018466926623043 0.0625
-0.003593865849599835 0.008743233283807545 0.0625
-0.0032566930423864457 -0.008876595655298924 0.0625
0.00839931671760177 0.004346432868159295 0.0625
-0.009131409184381668 0.002469284573999143 0.0625
0.0050663712055802335 -0.007990737313118702 0.0625
0.0016622522928534788 0.009316486318076326 0.0625
-0.007520568078371021 -0.005748134982634526 0.0625
0.00943034652086412 -0.0008417627316684936 0.0625
-0.006386465916273014 0.0069923567629436 0.0625
-1.4091061288458054e-05 -0.009472053707723145 0.0625
0.0064100990906963765 0.0069764338775232075 0.0625
-0.009441223904383709 -0.0008144269072750936 0.0625
0.007513474970212016 -0.005778208534831325 0.0625
-0.0016374432283897315 0.009338028682425462 0.0625
-0.005101482863946146 -0.007993426836399007 0.0625
0.009163194339123241 0.0024486464635507872 0.0625
-0.008412560915406207 0.004385067712656201 0.0625
0.003241810086572002 -0.0089179968245453 0.0625
0.003634417453403063 0.00876761140644356 0.0625
-0.008604252451014234 -0.004010840280940587 0.0625
0.009055800709877146 -0.0028552536670125453 0.0625
-0.004749822762389883 0.008224304452407084 0.0625
-0.002053521528180964 -0.00927486114900365 0.0625
0.007781005492648561 0.005453068266890937 0.0625
-0.00942305280247617 0.0012353444385053104 0.0625
0.0061151563541774895 -0.0072776962538953684 0.0625
0.00040697725311829243 0.009499177307295843 0.0625
-0.00671818026508031 -0.006730977189523484 0.0625
0.009502587522946799 0.0004252415416393878 0.0625
-0.00729577098169405 0.006106695160450623 0.0625
0.0012549383338885894 -0.009433192978951344 0.0625
0.005447880585271985 0.007805164772675628 0.0625
-0.009291461060357956 -0.0020757532039844817 0.0625
0.008255206294825084 -0.004746742991766071 0.0625
-0.0028813886804416908 0.009078413918313183 0.0625
-0.004008617592404848 -0.008642394633309819 0.0625
0.00879562112563113 0.0036656580602057523 0.0625
-0.00896370745597235 0.0032391277597133656 0.0625
0.004422532922475653 -0.008445188129912734 0.0625
0.0024441421815635574 0.009216624598859484 0.0625
-0.008029740589031518 -0.005146189471138793 0.0625
0.00939914782340938 -0.001629730098420809 0.0625
-0.0058310533495394435 0.007552404705444808 0.0625
-0.0008021149639964656 -0.009509816590478124 0.0625
0.007016783706566711 0.006471842582700847 0.0625
-0.009547719726788442 -3.237311685391727e-05 0.0625
0.007063608316174381 -0.006426930648114396 0.0625
-0.000867345809462326 0.009512502890764772 0.0625
-0.005787317745684104 -0.007601773037291357 0.0625
0.009404371776841143 0.0016964054594800586 0.0625
-0.008082165983618933 0.005102802466609209 0.0625
0.0025131941173079284 -0.009224091029945923 0.0625
0.00437859063919285 0.008501055464727469 0.0625
-0.008972978874730295 -0.0033114423011195346 0.0625
0.008855177846801135 -0.0036201968594984507 0.0625
-0.0040850171244480316 0.008652897496964029 0.0625
-0.002833402496844188 -0.009141762974988856 0.0625
0.008266239247120312 0.004827969418851766 0.0625
-0.009358555835506027 0.0020242116178196662 0.0625
0.005534579489556066 -0.007815908768261392 0.0625
0.0011988051648792301 0.009503834288152276 0.0625
-0.007305301181671597 -0.00619940115213297 0.0625
0.00957642272988892 -0.00036349373924027 0.0625
-0.006817303711152471 0.006738276494023287 0.0625
0.00047533065118088405 -0.009575701581192262 0.0625
0.0061191304189710085 0.007383511557221516 0.0625
-0.00950161251882904 -0.0013112435098147383 0.0625
0.007893641076803924 -0.005452561833724932 0.0625
-0.0021378370610591326 0.009354659411243258 0.0625
-0.004743637117143694 -0.008343734589550213 0.0625
0.009135904945650907 0.0029487693745071553 0.0625
-0.008730291050406824 0.003997751640007981 0.0625
0.003737813027142863 -0.008846962968958394 0.0625
0.0032205887002031263 0.009050293278348717 0.0625
-0.008489986597498831 -0.004498902930080871 0.0625
0.009301231500000959 -0.002418076215380712 0.0625
-0.005226182952507416 0.00806765218306546 0.0625
-0.0015963415031315187 -0.009481123024482903 0.0625
0.007583139254564058 0.0059140509843836845 0.0625
-0.009588527895308752 0.000761664493649221 0.0625
0.006557202091131303 -0.007040106585561278 0.0625
-7.95702678207213e-05 0.00962256039588627 0.0625
-0.006442664567835609 -0.007150669427847691 0.0625
0.00958289631683606 0.0009209224618662925 0.0625
-0.007689862597488258 0.005795344099512224 0.0625
0.0017559453054659165 -0.009469775925765731 0.0625
0.005103062223262786 0.008170603156775409 0.0625
-0.009284002613028091 -0.0025782349546322504 0.0625
0.008589156995205415 -0.004371084775168962 0.0625
-0.003381479620526726 0.009026937220118594 0.0625
-0.0036049863279895523 -0.008942263336259363 0.0625
0.008700488090470828 0.004159508022299664 0.0625
-0.009227160135603502 0.0028106077335568504 0.0625
0.004906336804671755 -0.008307096915235995 0.0625
0.0019940115876951893 0.009441605678492261 0.0625
-0.007849720478931095 -0.00561621655588972 0.0625
0.009583896207554985 -0.0011614359572585985 0.0625
-0.006283676072106081 0.007331808441362983 0.0625
-0.0003192467224986809 -0.009652879442434464 0.0625
0.0067572773227388356 0.006903564527372761 0.0625
-0.009647963884120345 -0.0005261111011083748 0.0625
0.007471091224202107 -0.006130480888123724 0.0625
-0.0013681626893113268 0.009569123829043933 0.0625
-0.005456177155176863 -0.007981862617918585 0.0625
0.009416900050826332 0.002200453006257362 0.0625
-0.00843191632866136 0.004739492275176101 0.0625
0.0030165962924388005 -0.009192396140748313 0.0625
0.003985881561523577 0.008817751877746752 0.0625
-0.008897270531283339 -0.003810325063975135 0.0625
0.00913635790998602 -0.00320108796202727 0.0625
-0.00457553824721487 0.008533724260150071 0.0625
-0.0023910982911022256 -0.009385235690289723 0.0625
0.008104484565043356 0.005306348078949782 0.0625
-0.009562418691271151 0.0015620975554772988 0.0625
0.0059971254116821335 -0.007612784431241725 0.0625
0.0007204217218926835 0.009666488118371903 0.0625
-0.007062338245419187 -0.006642543075305531 0.0625
0.009696584250045463 0.00012749071248620408 0.0625
-0.007237616961163196 0.006457313738969388 0.0625
0.0009751479767278224 -0.009652413502512397 0.0625
0.005802300432750983 0.007777744511624033 0.0625
-0.009534251161299684 -0.0018160547330010827 0.0625
0.008258740317937191 -0.005102274822163024 0.0625
-0.002643761853012777 0.009342939754946215 0.0625
-0.004362562566650757 -0.008676868551041762 0.0625
0.009079883079642852 0.00345191588252313 0.0625
-0.009028871974053488 0.0035887979709300234 0.0625
0.00423430781451474 -0.008747035916922911 0.0625
0.002786881066223543 0.009311997311142479 0.0625
-0.008346889519571672 -0.004984920796568843 0.0625
0.009524016775257162 -0.0019629326184615165 0.0625
-0.00569797640585652 0.007882452973427906 0.0625
-0.0011232474065672523 -0.009663245586429019 0.0625
0.007357230574456672 0.00636797913582323 0.0625
-0.009728555342986507 0.00027424612749986626 0.0625
0.006989758752053744 -0.006775195391137299 0.0625
-0.0005775737044456249 0.00971938313968191 0.0625
-0.0061407592115969665 -0.007558510190850246 0.0625
0.009635736359249449 0.0014256874885605958 0.0625
-0.008069830692618693 0.005458739102802892 0.0625
0.0022635935181996186 -0.009478193097018263 0.0625
0.004734320835289319 0.008519753883096944 0.0625
-0.009247898211646633 -0.003084862827910349 0.0625
0.008904780538614317 -0.003973019451137349 0.0625
-0.003883188525015192 0.00894655502856772 0.0625
-0.003180637275058822 -0.00922190579677034 0.0625
0.008576412756085545 0.004652434227074376 0.0625
-0.009468642600969095 0.00236321968828825 0.0625
0.00538668123319634 -0.008140249706976462 0.0625
0.0015270090024052923 0.00964304119593882 0.0625
-0.00764135245068397 -0.006080274066555394 0.0625
0.00974370452148576 -0.0006783967850587012 0.0625
-0.006727864037658711 0.007083491052495135 0.0625
0.00017612499827482334 -0.009769799383046854 0.0625
0.0064708905862145335 0.00732445049278375 0.0625
-0.0097210633098787 -0.0010300136529824199 0.0625
0.007865419429471625 -0.005808199135574664 0.0625
-0.0018767258544177537 0.00959780704470349 0.0625
-0.0051004525267185005 -0.008346579180879485 0.0625
0.009400912642074356 0.0027097677937577168 0.0625
-0.008764192893015624 0.004353036059351501 0.0625
0.0035227449862773935 -0.009131827186366237 0.0625
0.0035716435273914363 0.009115007543235654 0.0625
-0.0087925521738868 -0.004309411359974646 0.0625
0.009396279274682427 -0.0027622338409652243 0.0625
-0.005063717247673779 0.008385628636876969 0.0625
-0.0019309855802495327 -0.009605794849405665 0.0625
0.007914118119877312 0.005779855913829478 0.0625
-0.00974188905248651 0.0010842498277811642 0.0625
0.006452308258177877 -0.007381579650823365 0.0625
0.00022850163934859621 0.009803457910391365 0.0625
-0.006792042880054905 -0.007075885352059875 0.0625
0.009789967618752806 0.0006297094756882316 0.0625
-0.007645768479569974 0.0061499775899440685 0.0625
0.0014838096859012154 -0.009701459107578908 0.0625
0.005460259805837401 0.008157546374539134 0.0625
-0.009538548205274862 -0.0023272511973673384 0.0625
0.00860724936559971 -0.004728134765251879 0.0625
-0.0031535624554921357 0.009302421396567154 0.0625
-0.0039591770265617774 -0.008991380165043934 0.0625
0.008994827203192501 0.003956397804153186 0.0625
-0.009306941062696123 0.0031592480205740034 0.0625
0.004729586221074744 -0.00861806324979226 0.0625
0.0023344513682428463 0.009551457313379415 0.0625
-0.008174959110580691 -0.005467178755110697 0.0625
0.009722996535561712 -0.001491086305166453 0.0625
-0.006163494300754397 0.0076688550647777964 0.0625
-0.0006355995683016855 -0.009820183969191959 0.0625
0.0071035769202652845 0.006813163357638973 0.0625
-0.009842213472354446 -0.00022546388758439156 0.0625
0.007411169437947509 -0.006483407095195613 0.0625
-0.0010855109669340806 0.009788854168934474 0.0625
-0.005813052176125763 -0.00795288780240483 0.0625
0.009660452692754168 0.001937950920704333 0.0625
-0.008434121225737752 0.005097607198437317 0.0625
0.002776245857311675 -0.009457931007348265 0.0625
0.004342516920132461 0.008851132515015426 0.0625
-0.009182779814448216 -0.003593960890071345 0.0625
0.009200673528945214 -0.0035535343833663453 0.0625
-0.004384813536453365 0.008837047598068902 0.0625
-0.002736677079109243 -0.009480010472814791 0.0625
0.00842332538458679 0.005142721989897545 0.0625
-0.009686945272135676 0.0018981810489645844 0.0625
0.005861851893260607 -0.007944727332103793 0.0625
0.0010444532742559178 0.009819832857940919 0.0625
-0.007404867294455103 -0.006536661254150253 0.0625
0.009877594227892337 -0.00018202271591203132 0.0625
-0.007161943156349782 0.0068078315361952465 0.0625
0.0006825096206802811 -0.009859725179622345 0.0625
0.006158147804545828 0.007732865938147863 0.0625
-0.009766300645825439 -0.0015425212139058683 0.0625
0.008245010527536428 -0.005460750992383144 0.0625
-0.0023914187604246392 0.009597974594271913 0.0625
-0.004720945652666723 -0.008694404645780363 0.0625
0.009355975489883577 0.003222688727242789 0.0625
-0.00907755361463269 0.003944365649058032 0.0625
0.004029947333726928 -0.009042097350028214 0.0625
0.0031369312496637115 0.009391467528287751 0.0625
-0.008658686457995243 -0.004806989579989726 0.0625
0.009633684578836363 -0.002304803990687812 0.0625
-0.0055478369450730905 0.008208623832950448 0.0625
-0.001454339654138636 -0.009802290353300085 0.0625
0.007695303587276373 0.006246783388244816 0.0625
-0.009895932951053716 0.0005920397184727485 0.0625
0.006898439299433726 -0.007122607333836979 0.0625
-0.0002754983469345849 0.009913833802361039 0.0625
-0.0064948748361165175 -0.007497773060261325 0.0625
0.009855794101604169 0.0011416315635022199 0.0625
-0.008040149895168864 0.0058168711231396655 0.0625
0.001999722314901154 -0.009722196802332609 0.0625
0.005093750318359286 0.00852136771265122 0.0625
-0.00951400415523909 -0.002843189218833901 0.0625
0.00893768965943782 -0.004331016457089291 0.0625
-0.0036655576090777195 0.009232750804312463 0.0625
-0.0035344815903668794 -0.009285873135433071 0.0625
0.008880532490485461 0.0044605092405948545 0.0625
-0.009563195044154248 0.002710221494170478 0.0625
0.005221930836091936 -0.008459990445802652 0.0625
0.0018645293215337553 0.009767473082079156 0.0625
-0.007974291594235598 -0.005943961100991785 0.0625
0.009897082900520373 -0.0010038675511377152 0.0625
-0.00662103584521959 0.007427104707510008 0.0625
-0.00013481859930671833 -0.009950971005147236 0.0625
0.00682257269543602 0.00724793086442544 0.0625
-0.00992866329084058 -0.0007359655271238725 0.0625
0.007819802250159718 -0.0061652812400082 0.0625
-0.001601814151944138 0.009830269142939654 0.0625
-0.0054602240107370905 -0.008332223817959415 0.0625
0.00965648106987036 0.002456089034875446 0.0625
-0.00878122136414521 0.004712764725071659 0.0625
0.0032922352694852992 -0.009408569866369548 0.0625
0.003928596342167993 0.009163303486205412 0.0625
-0.00908837534077902 -0.004103831583425399 0.0625
0.009475488727771042 -0.0031136977004654677 0.0625
-0.004884639654974736 0.008698292673912986 0.0625
-0.002274287929375268 -0.009715328837167476 0.0625
0.008241254510542324 0.00562865206709971 0.0625
-0.009880927958149516 0.0014167789827136885 0.0625
0.00633013853038311 -0.007720708917331305 0.0625
0.0005477266561890276 0.009970957602462263 0.0625
-0.007140593372854674 -0.006983690019147752 0.0625
0.009984667286083448 0.00032621953683828947 0.0625
-0.007584260480811522 0.006505304985871194 0.0625
0.0011983672480512261 -0.009921890744147413 0.0625
0.005819667167098595 0.008127205796840304 0.0625
-0.009783047673373712 -0.002062032545935492 0.0625
0.00860831969447515 -0.005088893007099998 0.0625
-0.0029105911440704645 0.00956914098506541 0.0625
-0.004318545638342608 -0.00902386633154282 0.0625
0.009281749586141457 0.003737529213285553 0.0625
-0.009370609301938655 0.0035144958828288286 0.0625
0.004536493387892027 -0.008923016739960312 0.0625
0.002682877507747424 0.009645836836605883 0.0625
-0.008495634092615478 -0.005301339582066931 0.0625
0.009847383003818285 -0.0018300404301847485 0.0625
-0.0060261802412800635 0.008002821483677227 0.0625
-0.000962502227928908 -0.009973644743083238 0.0625
0.007448302692762889 0.006705429665351887 0.0625
-0.010023594598786517 8.689832666831975e-05 0.0625
0.0073338470542223975 -0.006836277304591549 0.0625
-0.000790068755673433 0.009996789052556259 0.0625
-0.006171388905076968 -0.007906576944689334 0.0625
0.009893372386979947 0.001661680719194495 0.0625
-0.008419186726109258 0.0054586898493050205 0.0625
0.0025212549540318593 -0.009714076047508059 0.0625
0.004703602868710433 0.008867700945197633 0.0625
-0.009460213503858946 -0.003362195779755372 0.0625
0.009248632134446185 -0.003911879809208027 0.0625
-0.0041780450592255325 0.009133670646737877 0.0625
-0.003089557814256797 -0.009559007925112563 0.0625
0.008736891789934306 0.0049625317984853794 0.0625
-0.009796394234027301 0.002242913286669073 0.0625
0.005709620351721367 -0.00827286138160245 0.0625
0.001378413980267598 0.009958914343391195 0.0625
-0.007745081561502382 -0.0064135568607190056 0.0625
0.010045263724074072 -0.0005026695871062 0.0625
-0.007068913571478908 0.007157545732928385 0.0625
0.00037761880220942685 -0.010054720485434586 0.0625
0.006514708348732728 0.007670630686648401 0.0625
-0.009987151368111603 -0.0012557099786282523 0.0625
0.008214055431042751 -0.0058214511400300414 0.0625
-0.0021248742427346402 0.009843013230335661 0.0625
-0.00508304604361511 -0.008694978028637496 0.0625
0.009623350012812792 0.00297844498537342 0.0625
-0.009109664312849533 0.004305115109633618 0.0625
0.003809869825441566 -0.009329785201878436 0.0625
0.003493587694413863 0.009454884717511897 0.0625
-0.008964509845141225 -0.0046127609125518375 0.0625
0.009727939423490626 -0.0026546552644169936 0.0625
-0.005380944008366403 0.008530266207969463 0.0625
-0.001794724155830748 -0.009926679465182584 0.0625
0.008030327192656245 0.0061085059694565005 0.0625
-0.010049523631947237 0.0009203666502725911 0.0625
0.0067898402665003705 -0.007468471674674156 0.0625
3.827074025838459e-05 0.010095471031628 0.0625
-0.006848955941847658 -0.007419690189396701 0.0625
0.010064109216465006 0.0008448110315710541 0.0625
-0.007993189405333603 0.006176481452288402 0.0625
0.0017221132680723626 -0.009955617805637636 0.0625
0.005456159155324847 0.008505899556881968 0.0625
-0.009770767573142136 -0.002586909552271621 0.0625
0.00895384460962545 -0.004693470646193632 0.0625
-0.0034325640239108676 0.009510915004443728 0.0625
-0.003894226449741432 -0.009333541683526904 0.0625
0.00917799236007732 0.004252582302361986 0.0625
-0.00964202812897566 0.0030645217506231103 0.0625
0.0050406613651017874 -0.008774493318840138 0.0625
0.0022106899073027235 0.009876884637057876 0.0625
-0.00830345430715896 -0.005790737998642602 0.0625
0.0100362542038257 -0.0013392541044144534 0.0625
-0.006497035449455867 0.007768431654363307 0.0625
-0.00045687751258661384 -0.010118856799979564 0.0625
0.007173474745699395 0.007154107915932845 0.0625
-0.010123999630180128 -0.0004296876634401103 0.0625
0.007756882538695434 -0.0065230953757309034 0.0625
-0.0013136518587512198 0.010051582899921757 0.0625
-0.005822233534054325 -0.008300698565478288 0.0625
0.009902101042269983 0.0021882401487669802 0.0625
-0.008781343388208563 0.005076219882783425 0.0625
0.003046744178023556 -0.009676639391528423 0.0625
0.004290735210816463 0.009195085173649009 0.0625
-0.009376866325789698 -0.003882573619169531 0.0625
0.009538701834863982 -0.003471767173294103 0.0625
-0.004689306767412481 0.009005020935072806 0.0625
-0.0026255646457042344 -0.009809506118619225 0.0625
0.008563896306089563 0.005460739881970716 0.0625
-0.010005366613423052 0.0017585900406289622 0.0625
0.006190934895388333 -0.008056818548351644 0.0625
0.0008774699510150177 0.010124724514033246 0.0625
-0.0074876217190686534 -0.006874265123788242 0.0625
0.010166606010653332 1.1055503042374254e-05 0.0625
-0.007505458626176508 0.006860618835845105 0.0625
0.000900184236782949 -0.0101306302044763 0.0625
0.006180569196316958 0.008079638878658995 0.0625
-0.010017012485447983 -0.0017831042780441235 0.0625
0.008592362449754065 -0.0054526422523448505 0.0625
-0.0026530459605644493 0.009826563342854545 0.0625
-0.0046823783129812694 -0.009039653385729051 0.0625
0.009560682614322623 0.0035033338333920064 0.0625
-0.00941803403988089 0.0038756463749476493 0.0625
0.004327437888329502 -0.00922134921378918 0.0625
0.0030385994016050646 0.009724552106733007 0.0625
-0.00881110641368247 -0.005119023712268155 0.0625
0.00995680365102513 -0.0021776273912064645 0.0625
-0.005872001179200317 0.00833304279068997 0.0625
-0.0012993085924255885 -0.010112951951910434 0.0625
0.007790768977811214 0.00658057130759742 0.0625
-0.010191742014712058 0.00041035923963404173 0.0625
0.007239270922614284 -0.007188390397647538 0.0625
-0.00048241780796982365 0.010192510635685086 0.0625
-0.006530476182818331 -0.007843014779129421 0.0625
0.010115191939227646 0.0013721851305797145 0.0625
-0.008387134820829154 0.0058220245187765324 0.0625
0.0022521231168548565 -0.009960318341625833 0.0625
0.00506842467189839 0.008867416272245918 0.0625
-0.009729016930436853 -0.003115482236712816 0.0625
0.009280130284703626 -0.00427541599133074 0.0625
-0.003955634817136938 0.009423001283744688 0.0625
-0.003449044196495709 -0.009622062883322853 0.0625
0.009044558788493683 0.0047661259237961485 0.0625
-0.009890539990396754 0.002595615283196372 0.0625
0.005540722957824666 -0.00859653355164945 0.0625
0.0017216473997745138 0.010083448330350568 0.0625
-0.00808230503178821 -0.006273463586658569 0.0625
0.010199252052915494 -0.0008338210605993865 0.0625
-0.00695870164030406 0.007505762551615233 0.0625
6.107192280917171e-05 -0.010237004943841943 0.0625
0.006871275883607275 0.007591150619725384 0.0625
-0.01019635812619793 -0.0009561804026005904 0.0625
0.008165924482073407 -0.006183662131219186 0.0625
-0.0018446463497995172 0.010077563189788061 0.0625
-0.005448149156658002 -0.008678575388092606 0.0625
0.009881470721223334 0.0027196574022486774 0.0625
-0.009125128120088803 0.004670335832888743 0.0625
0.003574499102622857 -0.009609524242403905 0.0625
0.0038561494220889364 0.009502110904137205 0.0625
-0.00926374960037624 -0.004402606425917388 0.0625
0.009806582397568426 -0.003011800405023728 0.0625
-0.005197614200955947 0.008846739886422629 0.0625
-0.002143735105598047 -0.010036154631980645 0.0625
0.008361635996567616 0.005953406038639118 0.0625
-0.010189011732866486 0.0012585864720030644 0.0625
0.0066641613908065885 -0.007812102979178065 0.0625
0.0003631233902775834 0.010263924269178593 0.0625
-0.0072023023477350645 -0.007324400377628873 0.0625
0.010260259119541785 0.0005358010823613981 0.0625
-0.007929026038273527 0.006536860567916408 0.0625
0.0014313021684916273 -0.010177984776097437 0.0625
0.005820833957609603 0.00847336367907922 0.0625
-0.010017672041875062 -0.002316516104289961 0.0625
0.0089531970154711 -0.005059670266149704 0.0625
-0.003184652752224566 0.009780490112859811 0.0625
-0.0042591672247302825 -0.009364800828196154 0.0625
0.009468198071292726 0.004029047689314276 0.0625
-0.009704969880962712 0.00342542838337143 0.0625
0.004843213371349388 -0.009083131851932049 0.0625
0.0025648165708644774 0.009971043875032294 0.0625
-0.008628186777748589 -0.00562088898024898 0.0625
0.010160928246518059 -0.001683905332585963 0.0625
-0.006356088571526867 0.008106795795559769 0.0625
-0.0007894287168399051 -0.010273110643861893 0.0625
0.007522903575163613 0.0070431471515786555 0.0625
-0.01030667295594945 -0.00011177020667539679 0.0625
0.007676764330090708 -0.006880936667362009 0.0625
-0.001012791702673239 0.010261298795327825 0.0625
-0.006185769946616663 -0.008252045211190624 0.0625
0.010137276375753453 0.001906732199757202 0.0625
-0.00876453820786995 0.005442689592727827 0.0625
0.0027867371890411574 -0.00993549675855289 0.0625
0.004657352892644048 0.009210269487554646 0.0625
-0.009657447477759477 -0.003646053786536493 0.0625
0.009585773782300418 -0.003835745168094715 0.0625
-0.004478082556267055 0.009305201589393792 0.0625
-0.0029841341569959005 -0.009888121324753777 0.0625
0.008881402225426771 0.005276428196250222 0.0625
-0.010114940700534933 0.0021090221963416768 0.0625
0.0060349486982113065 -0.008389242767375233 0.0625
0.00121709657140424 0.010264437438840769 0.0625
-0.007832442788239531 -0.006747802602992664 0.0625
0.01033540819559739 -0.0003151784103937484 0.0625
-0.007409493988119987 0.007215219943980487 0.0625
0.0005898294848391779 -0.010327250417164016 0.0625
0.006542258026931548 0.008014914841035415 0.0625
-0.010239967407145795 -0.0014909954730286318 0.0625
0.008559384491294888 -0.0058186714231154655 0.0625
-0.002381412168222196 0.01007416875404831 0.0625
-0.005049966243177825 -0.009038685797324988 0.0625
0.009831066113032165 0.0032542493882907453 0.0625
-0.009449097807982119 0.004241998422346186 0.0625
0.004102806551314058 -0.009512464370629435 0.0625
0.003400929108274834 0.009787424645967342 0.0625
-0.009120748256692908 -0.004920564117866292 0.0625
0.01005102038891937 -0.002533177676659718 0.0625
-0.005701233684238704 0.00865886450279146 0.0625
-0.0016453727329431747 -0.01023780975451718 0.0625
0.00813029968047318 0.006438806341683041 0.0625
-0.010346304427939844 0.0007443014741302224 0.0625
0.007127598929762811 -0.0075390538860286745 0.0625
-0.00016314220241488104 0.010375614903310128 0.0625
-0.006889610470345261 -0.007762297827763951 0.0625
0.010325457745036124 0.0010700104464319703 0.0625
-0.008337999946721514 0.006186902042902573 0.0625
0.001969354654871097 -0.010196158209999369 0.0625
0.005436273007686818 0.008850250605824433 0.0625
-0.009988648207050897 -0.002854278717255712 0.0625
0.009295078000605587 -0.004643438915573031 0.0625
-0.003717991898268367 0.009704459605996143 0.0625
-0.0038144429423355554 -0.009669023996229738 0.0625
0.009345712943902403 0.004553860952002721 0.0625
-0.009969171007160556 0.0029556098237063406 0.0625
0.00535546106791434 -0.008915101611874867 0.0625
0.0020734975986361616 0.010193164754307177 0.0625
-0.008415871640148467 -0.006116625257161399 0.0625
0.010339232722193056 -0.0011748475289723242 0.0625
-0.006831491799690776 0.007851797233166284 0.0625
-0.00026653257801515895 -0.010406198171515696 0.0625
0.00722715223900114 0.007494549387007922 0.0625
-0.010393489596424468 -0.000644495158256726 0.0625
0.008100679612960874 -0.006546677768774028 0.0625
-0.001551257665184814 0.010301145550675682 0.0625
-0.0058155462113899355 -0.00864519648493822 0.0625
0.010129814802262953 0.002446804461303432 0.0625
-0.009123882650476341 0.005039321916720226 0.0625
0.0033242658786144523 -0.009880751811895678 0.0625
0.004223918846096087 0.009533022059221005 0.0625
-0.009555807566534784 -0.0041769057628053535 0.0625
0.009869428807303262 -0.0033755555124412493 0.0625
-0.004998173189097435 0.009157415834818664 0.0625
-0.0025007075533822762 -0.010130471940263041 0.0625
0.008688574946349512 0.005781752796658427 0.0625
-0.010314096021464618 0.0016060582990687843 0.0625
0.006521613354810029 -0.008152825231192158 0.0625
0.0006984477120707378 0.010418837305261233 0.0625
-0.007554222289299075 -0.007212054187529172 0.0625
0.010443835387735004 0.00021517991052622673 0.0625
-0.007847749098882847 0.006897306291660786 0.0625
0.0011278290729335636 -0.010388840242406551 0.0625
0.006187067545542912 0.008423787460928108 0.0625
-0.010254214583612104 -0.0020325066477718708 0.0625
0.008935712147108891 -0.0054289085849745745 0.0625
-0.0029222754642701837 0.0100409315360142 0.0625
-0.0046286030744756325 -0.009379554018126594 0.0625
0.00975056762467181 0.0037903075068788203 0.0625
-0.00975186269347003 0.0037922518386451407 0.0625
0.004629936316307843 -0.009385291135970891 0.0625
0.002926236352490142 0.010049733370063367 0.0625
-0.008947845935232379 -0.0054347081908181025 0.0625
0.01027082947961262 -0.0020371700470801124 0.0625
-0.006198431794493566 0.00844153086169868 0.0625
-0.0011318478021150283 -0.010413401007972726 0.0625
0.007870174855584016 0.0069152257911461665 0.0625
-0.010476298332975984 0.0002171940111619948 0.0625
0.007579564137358692 -0.0072381080046975 0.0625
-0.0006997903834641484 0.010458981471405861 0.0625
-0.006550128729557872 -0.008186318685845339 0.0625
0.010361524660906271 0.0016120814810148963 0.0625
-0.008730798770670248 0.005811467355673858 0.0625
0.0025126862275690813 -0.010184616238316723 0.0625
0.005027746349534654 0.009208787468757272 0.0625
-0.009929553811945248 -0.003394696024047456 0.0625
0.009616574257376144 -0.004204937520626255 0.0625
-0.004251339725999836 0.009598234761357719 0.0625
-0.00334931651526197 -0.009950983814708646 0.0625
0.0091931421340976 0.005076035628547088 0.0625
-0.010209400739975453 0.0024674149490081093 0.0625
0.0058624420373433505 -0.008717326044079661 0.0625
0.001565970542835645 0.010389790000715658 0.0625
-0.008174380710953286 -0.006604506036971645 0.0625
0.01049071294741972 -0.0006518756436930909 0.0625
-0.0072965100817199025 0.007568417313240585 0.0625
0.00026787547714630504 -0.010511338769573724 0.0625
0.006904032860263754 0.007933116050102775 0.0625
-0.010451451302019734 -0.001186240144958021 0.0625
0.00850940642367357 -0.006186275318537237 0.0625
-0.002096181212085249 0.010311451126107363 0.0625
-0.0054206052571771895 -0.00902092227246544 0.0625
0.0100923529461333 0.002990720985092807 0.0625
-0.009463697753646187 0.004612854303750785 0.0625
0.0038629947352729816 -0.009795778257762537 0.0625
0.0037691807266435774 0.009834290856482669 0.0625
-0.00942394336122033 -0.004706303382115448 0.0625
0.010129810155287383 -0.002896022482274027 0.0625
-0.005514164945396113 0.00897964280776049 0.0625
-0.0020000480851580047 -0.010347937362443582 0.0625
0.008466228402979567 0.006280364370685992 0.0625
-0.010486945505644496 0.0010881056757699157 0.0625
0.0069990013452631205 -0.00788758392468854 0.0625
0.00016717067522931613 0.010545712586892523 0.0625
-0.007248095746011434 -0.007664535736536882 0.0625
0.010523730615330221 0.0007557075730475649 0.0625
-0.008271830303051123 0.006552619585900373 0.0625
0.0016734597665404064 -0.010421109941353202 0.0625
0.005806443639096136 0.008816190348784447 0.0625
-0.01023857885541451 -0.002579050798541764 0.0625
0.009293400014656731 -0.005015248365492808 0.0625
-0.0034655336899128784 0.009977478451195915 0.0625
-0.004185063244668584 -0.009699754926704284 0.0625
0.009639752789115896 0.004326102884205639 0.0625
-0.010032090948107962 0.0033222208248233982 0.0625
0.005154146497260985 -0.00922793443218862 0.0625
0.002433308416335813 0.010287808811938009 0.0625
-0.00874512546176674 -0.005943297120114312 0.0625
0.010464894442890386 -0.0015251177984542423 0.0625
-0.006687480784839002 0.008194974115420325 0.0625
-0.000604593323128676 -0.010561934809192312 0.0625
0.007581647222858546 0.007380963716759574 0.0625
-0.010578129179998322 -0.0003212211874519781 0.0625
0.008018396513162352 -0.006909798648130485 0.0625
-0.0012452363435234129 0.010513295698722091 0.0625
-0.00618453397709845 -0.008594855408098196 0.0625
0.010367873218584287 0.0021603714780941514 0.0625
-0.009105880304961468 0.005411371718124238 0.0625
0.0030596089091968733 -0.010142918382929201 0.0625
0.004596201310822785 0.009547509283074351 0.0625
-0.009840097969295034 -0.003936047758180247 0.0625
0.009916309311320044 -0.0037452382624110045 0.0625
-0.004782956911285028 0.00946167655253501 0.0625
-0.002864976753421286 -0.010209402930747501 0.0625
0.009010499578201056 0.005593826718020372 0.0625
-0.010424490698795226 0.0019621400741873254 0.0625
0.006362419029248461 -0.008489971972642611 0.0625
0.0010436292703918826 0.010559869220117325 0.0625
-0.007904032450569818 -0.007082815190327874 0.0625
0.01061444462269517 -0.00011647038996068557 0.0625
-0.007749461620065548 0.007257123713919383 0.0625
0.0008122392654154924 -0.010587741372725218 0.0625
0.006554158767488102 0.008357212624467493 0.0625
-0.01047990635742181 -0.001735385472933883 0.0625
0.00890137011522218 -0.005800483606720176 0.0625
-0.002645891589542585 0.010291708201090228 0.0625
-0.005001836561019319 -0.00937771992633873 0.0625
0.010024531816333216 0.003536772803464067 0.0625
-0.009782564448216804 0.004164304601789432 0.0625
0.004401189720445511 -0.009680368228773365 0.0625
0.0032942769478888157 0.01011275132644961 0.0625
-0.009261799749924759 -0.005232500873606583 0.0625
0.010365698002642653 -0.002398396322130711 0.0625
-0.006024313753714191 0.008771980608551872 0.0625
-0.0014835082307153226 -0.010539411906240304 0.0625
0.008214613185737659 0.006770533967768347 0.0625
-0.010632506139547927 0.0005566086528932552 0.0625
0.007465412147851144 -0.0075939200326785505 0.0625
-0.00037520945938241486 0.010644210532566046 0.0625
-0.006914611882671292 -0.008103588249165981 0.0625
0.010574377979651722 0.001304810462656093 0.0625
-0.008680132895948977 0.006181851899606172 0.0625
0.002225070668589562 -0.010423486006120142 0.0625
0.0054012164342950785 0.009190585456318914 0.0625
-0.010192633549420576 -0.00312893293747663 0.0625
0.009630988551977013 -0.004578652586917654 0.0625
-0.004009460800239816 0.0098835329761852 0.0625
-0.003720432898556449 -0.009997918735783906 0.0625
0.009498497392976415 0.004859891693815844 0.0625
-0.0102885130994229 0.00283310751702144 0.0625
0.0056736889013399485 -0.009040423344667654 0.0625
0.0019234542017637236 0.010500491604382984 0.0625
-0.0085127690298076 -0.006444591798178418 0.0625
0.010632174962126182 -0.0009984265494953136 0.0625
-0.007166664017562747 0.007919528196765979 0.0625
-6.510083603606055e-05 -0.010682497923292445 0.0625
0.007265199917676086 0.007834339165251872 0.0625
-0.010651017870881673 -0.0008693781192089233 0.0625
0.008442463731173418 -0.006554754468919599 0.0625
-0.0017978516519627818 0.01053791864826896 0.0625
-0.005793595576898368 -0.008986336867230365 0.0625
0.010344009589380419 0.002713202096196663 0.0625
-0.009461746724245598 0.004987519315875151 0.0625
0.0036084073514713166 -0.010070719755104289 0.0625
0.004142669970523911 0.009865003067172327 0.0625
-0.009720087416753814 -0.004476594756135981 0.0625
0.010192965916025313 -0.0032654931993109774 0.0625
-0.005311093853047587 0.009294744863852917 0.0625
-0.002362686855749113 -0.010443069990269642 0.0625
0.008797898649403457 0.006105487642672356 0.0625
-0.010613344766410675 0.0014411498427655464 0.0625
0.0068536619297343135 -0.008233305420844689 0.0625
0.000507929390760587 0.010702429992015908 0.0625
-0.007605243518806428 -0.007549852383964394 0.0625
0.010709586534111528 0.0004298328377137377 0.0625
-0.008188688952598 0.006918480558446304 0.0625
0.0013649554044523815 -0.010634702475568194 0.0625
0.006178237238891787 0.008765237282582303 0.0625
-0.010478294409449088 -0.0022902720949502927 0.0625
0.009275036832861284 -0.005390147655590387 0.0625
-0.0031986868393682356 0.010241503918060689 0.0625
-0.004560216417242834 -0.009714135382416129 0.0625
0.009926089260341046 0.0040832281341779296 0.0625
-0.010079119667100922 0.0036947728937323627 0.0625
0.004937102547087435 -0.009534412327959325 0.0625
0.0028004229436717973 0.010367141907804514 0.0625
-0.00906942096680209 -0.0057537468945836195 0.0625
0.010575942023792877 -0.001883998489747755 0.0625
-0.006526878691316622 0.008534626796107551 0.0625
-0.0009525053267905968 -0.010703865358011355 0.0625
0.007934078692106026 0.007250544483517715 0.0625
-0.010749875775401648 1.3069561309473236e-05 0.0625
0.007919165694589862 -0.007272332136366647 0.0625
-0.0009271169080039703 0.0107135640306526 0.0625
-0.006554414660881073 -0.008527581629819047 0.0625
0.010595151337986188 0.0018608514516665468 0.0625
-0.009071089308682279 0.0057857876519891455 0.0625
0.0027809758911111248 -0.010395488112304237 0.0625
0.00497230480333773 0.009545479817311676 0.0625
-0.010116047888005741 -0.0036804313779195217 0.0625
0.009947070900130476 -0.004120167533945367 0.0625
-0.004552312549815578 0.009758916458746412 0.0625
-0.003235877710922319 -0.010272735538305077 0.0625
0.009326776318067428 0.005389920547905748 0.0625
-0.010519926293239251 0.0023261880372862135 0.0625
0.0061868144880952445 -0.008822886516888607 0.0625
0.0013980504834560932 0.010686695225639599 0.0625
-0.008251058089065124 -0.006936860991174108 0.0625
0.01077170923445856 -0.0004585631562611534 0.0625
-0.007634281390673218 0.007615625230276276 0.0625
0.0004850839884539905 -0.010774260695015022 0.0625
0.006921412448187728 0.008273696255125152 0.0625
-0.010694273311535522 -0.0014256641744039968 0.0625
0.008850166881696684 -0.0061736979328534695 0.0625
-0.002355969153428352 0.0105323031359762 0.0625
-0.00537817342546207 -0.009359233441134674 0.0625
0.010289534741996875 0.003268864450117093 0.0625
-0.009796949479410767 0.004540900890558293 0.0625
0.004157344079071603 -0.009967772580080683 0.0625
0.0036682663215779152 0.01015991250916942 0.0625
-0.009569427576740779 -0.00501458431512654 0.0625
0.010445290453867443 -0.0027669310317291395 0.0625
-0.005833996103829172 0.009097499077246782 0.0625
-0.0018437808017668232 -0.010650843739114575 0.0625
0.008555552267057611 0.0066092757096103474 0.0625
-0.01077494285894241 0.0009058732728842315 0.0625
0.00733445321231163 -0.007947691241889786 0.0625
-3.961601333838545e-05 0.010816581279290012 0.0625
-0.007278527929813965 -0.008003938478956349 0.0625
0.010775383576634422 0.0009854485153457724 0.0625
-0.008612564256746212 0.006553147100700363 0.0625
0.0019243781123090065 -0.010651608746140935 0.0625
0.005777067728479703 0.009155626055085384 0.0625
-0.010446148650682495 -0.0028492066207708297 0.0625
0.009628918508814935 -0.004956200999818426 0.0625
-0.0037528389818647753 0.010160521619296727 0.0625
-0.0040968052887079345 -0.010028767941597547 0.0625
0.009796861240828141 0.004628337695972425 0.0625
-0.010352060877321474 0.003205438439937686 0.0625
0.005468976087162185 -0.009357900435356652 0.0625
0.0022889077252793515 0.010596268278274031 0.0625
-0.008846950922259284 -0.0062682899884366865 0.0625
0.01075946532143282 -0.001354217854292481 0.0625
-0.007020127450640001 0.008267878239111333 0.0625
-0.0004085174368306285 -0.010840346558288869 0.0625
0.007625072499834974 0.007718696092751706 0.0625
-0.010838236338889704 -0.0005409556935375596 0.0625
0.008358607729110646 -0.006923415113284179 0.0625
-0.0014869298769702543 0.010753094417002635 0.0625
-0.006168241714562783 -0.008934919929732308 0.0625
0.010585516690172204 0.002422155321626944 0.0625
-0.009443174193153988 0.005365301590567908 0.0625
0.0033394596681826246 -0.01033673106569875 0.0625
0.004520713908308889 0.009879430436984847 0.0625
-0.010008588480912005 -0.004231802998693998 0.0625
0.010240297539357792 -0.0036409210792631565 0.0625
-0.005092331867899696 0.009603549143268504 0.0625
-0.0027326396152046323 -0.010522959694563799 0.0625
0.009124664092479279 0.005914431942242578 0.0625
-0.010725198378067471 0.0018028088504050748 0.0625
0.006691778842291406 -0.008575552222793648 0.0625
0.0008585379217136454 0.010845409749612026 0.0625
-0.007960372938449718 -0.007418386797734223 0.0625
0.010882617357966836 9.294858836445257e-05 0.0625
-0.008088654740615231 0.007283794648884793 0.0625
0.0010443659299495917 -0.010836480046784589 0.0625
0.006550959342320753 0.008697409481866451 0.0625
-0.01070729499774411 -0.0019884249624474086 0.0625
0.009239945638298285 -0.005767443506554052 0.0625
-0.002917888002499703 0.010495995884377447 0.0625
-0.004939215693954843 -0.009712062001891782 0.0625
0.010204146147431632 0.0038256243153054394 0.0625
-0.010110094070292364 0.004072591053597107 0.0625
0.004704664823835514 -0.009833927440009143 0.0625
0.003174183176901764 0.010430942486634363 0.0625
-0.00938812332778032 -0.005548255616172252 0.0625
0.010672097168005209 -0.0022508536239958334 0.0625
-0.0063499098401328105 0.008870098365981322 0.0625
-0.0013096595160116604 -0.01083165693475011 0.0625
0.00828377271042322 0.007103457586418572 0.0625
-0.01090834448717117 0.0003577995936308232 0.0625
0.0078030933766797365 -0.007633592454068846 0.0625
-0.000597440845799779 0.010901516611727474 0.0625
-0.006924495913619708 -0.008443420890981568 0.0625
0.010811169535322155 0.0015487457113813506 0.0625
-0.009019494590069371 0.006161876121743227 0.0625
0.0024888241551590737 -0.010637939383390787 0.0625
0.005351539809820017 0.009526857911395107 0.0625
-0.010383097734997753 -0.0034104664527721943 0.0625
0.009961577743910342 -0.004499663193176813 0.0625
-0.00430659929993691 0.010048542305716932 0.0625
-0.0036127448954836926 -0.010320274914950498 0.0625
0.009636782826431768 0.005170340100630689 0.0625
-0.010600150452918233 0.002697556371143586 0.0625
0.005995049830290045 -0.009150922223051583 0.0625
0.0017610902039161265 0.010799007421687915 0.0625
-0.00859463323822247 -0.006774384067975594 0.0625
0.010915268156452877 -0.0008105066765461373 0.0625
-0.007502341805219103 0.007972130671135653 0.0625
0.00014692098031918302 -0.010947986765864401 0.0625
0.007288139445234355 0.008173311656043654 0.0625
-0.010896856801497854 -0.001103862241246599 0.0625
0.008782115112313629 -0.0065478587457330345 0.0625
-0.0020529854152969663 0.010762214032650435 0.0625
-0.005756922499142953 -0.009324046510976963 0.0625
0.010545034301943885 0.0029870138216665193 0.0625
-0.009794909404738298 0.004921356495212398 0.0625
0.0038987815812451293 -0.010246926474887178 0.0625
0.004047532477620545 0.010191049055058412 0.0625
-0.00987012053416021 -0.004781288596304245 0.0625
0.010509380795904657 -0.0031421195532109173 0.0625
-0.0056277542964644 0.00941745090662152 0.0625
-0.002212033290332294 -0.010747414048154175 0.0625
0.008892335147635252 0.006431669738266319 0.0625
-0.010903271797736255 0.0012643828948104405 0.0625
0.007186847658012573 -0.008298748142974289 0.0625
0.00030641686706410514 0.01097570538523965 0.0625
-0.007641192023013666 -0.007887470092965952 0.0625
0.010964104490539636 0.0006545324442139177 0.0625
-0.008528133204370122 0.006924662016916045 0.0625
0.0016111049676582321 -0.010868502232745181 0.0625
0.0061546085057755835 0.009103888956958716 0.0625
-0.010689575343147037 -0.0025559692844756452 0.0625
0.009610283333480277 -0.005336895562987083 0.0625
-0.0034818788214965 0.010428639406577166 0.0625
-0.00447775629721799 -0.010043390789107267 0.0625
0.010087639204379755 0.004381727431306129 0.0625
-0.01039984467921729 0.0035837453380724252 0.0625
0.005248603933142146 -0.009669134229754224 0.0625
0.002661688826658049 0.010676863424716253 0.0625
-0.009176279483273592 -0.0060758451959255985 0.0625
0.010872272211582108 -0.0017186322926267545 0.0625
-0.006857087355689649 0.008612801692622506 0.0625
-0.0007617868157089833 -0.010984520055396683 0.0625
0.007982971135760438 0.0075863147736971535 0.0625
-0.01101269209704129 -0.0002015261168293313 0.0625
0.0082579063585927 -0.007291569280526261 0.0625
-0.0011639306351132138 0.010956517032188879 0.0625
-0.006543852485901202 -0.008866678895886817 0.0625
0.010816369614452953 0.002118052965234557 0.0625
-0.009407927050768938 0.005745512040489526 0.0625
0.003056577928984723 -0.010593268209766214 0.0625
0.004902630842027101 0.009877459735519283 0.0625
-0.010288867417471302 -0.0039723050318042595 0.0625
0.010271632560446144 -0.004021637047668844 0.0625
-0.004858203708881053 0.009905445811421837 0.0625
-0.0031092550482368425 -0.010587376117103506 0.0625
0.009445888891823975 0.005707467305496936 0.0625
-0.010822219874317559 0.0021724541403505 0.0625
0.006513565377144223 -0.008913667375310123 0.0625
0.0012183952882474838 0.01097431150102713 0.0625
-0.008312810986544796 -0.007270293907537723 0.0625
0.011042431464866796 -0.0002543763820007021 0.0625
-0.007971823058340027 0.007647877949243062 0.0625
0.000712223589374083 -0.011026002791525998 0.0625
0.006923920407568507 0.008612742083079952 0.0625
-0.010925095906926642 -0.0016740010228356225 0.0625
0.009188101059234982 -0.0061464460402158435 0.0625
-0.002623584411852739 0.010740428521892565 0.0625
-0.005321376158831681 -0.009693449116605388 0.0625
0.01047336055694881 0.0035536908481392953 0.0625
-0.010124868866747136 0.004455000609559394 0.0625
0.004457181881485751 -0.010125884142896122 0.0625
0.0035539298212011864 0.010479006767150068 0.0625
-0.009700608770565281 -0.005327118309220468 0.0625
0.010753099184827157 -0.002625044365581183 0.0625
-0.0061568134747566105 0.009200741700376956 0.0625
-0.0016754424149968757 -0.010944993956783597 0.0625
0.00863006377873073 0.006939884665831264 0.0625
-0.011053167279211025 0.0007123854980126772 0.0625
0.007670302217338909 -0.007992900843541461 0.0625
-0.00025675703184871126 0.011076735792939914 0.0625
-0.007294090935161736 -0.008342435940994175 0.0625
0.011015463769409154 0.0012245643898277819 0.0625
-0.008951098524291904 0.006538947561222623 0.0625
0.0021836211844876987 -0.010869765338895618 0.0625
0.005733219294270299 0.009491585564267267 0.0625
-0.01064070174070113 -0.0031265742379543763 0.0625
0.009959711927000355 -0.004883046009527958 0.0625
-0.004046188966429794 0.01032997361312902 0.0625
-0.0039949120957831884 -0.010351844151983992 0.0625
0.009939908379105505 0.004935404888657892 0.0625
-0.01066492865037831 0.0030755969960870803 0.0625
0.005787389836424243 -0.00947344282092067 0.0625
0.002132123455482543 0.010896515478380287 0.0625
-0.008934100974491576 -0.006595592450840838 0.0625
0.011044777500657783 -0.0011717038708494733 0.0625
-0.007353792561033691 0.008325967509502156 0.0625
-0.00020168515274695536 -0.011108524794011195 0.0625
0.0076536567964753215 0.008056149057817088 0.0625
-0.011087214177804039 -0.0007705074791987079 0.0625
0.008697244893883748 -0.006922277895014982 0.0625
-0.0017374273373657826 0.010980953794974919 0.0625
-0.00613739572886437 -0.009272128863821803 0.0625
0.010790502705322594 0.002691663308518697 0.0625
-0.009776353841721916 0.00530498874282021 0.0625
0.003625896660525224 -0.010517265490953057 0.0625
0.00443140336369347 0.010206011181075895 0.0625
-0.010163281912000407 -0.004532957177958484 0.0625
0.010557761010886348 -0.0035233056122068286 0.0625
-0.005405878195994562 0.00973121168868865 0.0625
-0.0025876302347760654 -0.010828858193183286 0.0625
0.009224314523198548 0.0062379501101810985 0.0625
-0.011017173740239642 0.001631527743366336 0.0625
0.007022771951059341 -0.00864642551135521 0.0625
0.000662309767895508 0.011121211524440589 0.0625
-0.008001926129577458 -0.0077543006271865375 0.0625
0.011140120149727343 0.0003126068611512249 0.0625
-0.008426897457717507 0.007295711016557208 0.0625
0.0012857568722315692 -0.011073699890529332 0.0625
0.006533150801504127 0.009035371636230909 0.0625
-0.010922404641836806 -0.0022496837199886158 0.0625
0.009575020290771487 -0.005720051261248828 0.0625
-0.003196996722429001 0.01068733886226025 0.0625
-0.004862609116812004 -0.010041664830947945 0.0625
0.010370249530280796 0.004120427730189057 0.0625
-0.010431683301180187 0.003967364805998867 0.0625
0.005012886893345606 -0.009973513172123643 0.0625
0.003041152591967721 0.010742038489614905 0.0625
-0.009500118057490955 -0.005867517097864675 0.0625
0.010970301574592486 -0.002091048388367334 0.0625
-0.006677746653701564 0.008953641696481805 0.0625
-0.001124315699380291 -0.011114671124604947 0.0625
0.008338223807120102 0.007437339829695533 0.0625
-0.011173987303173216 0.00014835008771060072 0.0625
0.008140444846643119 -0.0076585349577292855 0.0625
-0.0008293774049009389 0.011147741166722512 0.0625
-0.006919741121667693 -0.008781638959163666 0.0625
0.01103607898106578 0.0018013774517513321 0.0625
-0.009355970279043039 0.0061274644134146836 0.0625
0.0027601998119709645 -0.010839801520230685 0.0625
0.005287740304432417 0.009858996017489862 0.0625
-0.010560358349793379 -0.003698490438536957 0.0625
0.010286816850974781 -0.004406971644394974 0.0625
-0.0046090478857339365 0.01019983713531797 0.0625
-0.0034918798380652646 -0.010636107144839852 0.0625
0.009760948054649811 0.005484878583380684 0.0625
-0.010904140800438066 0.0025494535501204762 0.0625
0.0063192505535490644 -0.00924700343038056 0.0625
0.0015868953294079615 0.011088812524950687 0.0625
-0.008661892735505713 -0.007105745157166372 0.0625
0.011188654357978653 -0.0006115665603066752 0.0625
-0.007838306472726366 0.008010053160848308 0.0625
0.00036906883805133645 -0.011202847325246358 0.0625
0.00729643596695341 0.00851128792722633 0.0625
-0.011131228127014893 -0.0013475015340816976 0.0625
0.009119495820261989 -0.006526468875603723 0.0625
-0.0023162342903835505 0.010974290806792547 0.0625
-0.005706014786617665 -0.009658229405791757 0.0625
0.010733183384362117 0.003267839414300065 0.0625
-0.010123317222247243 0.004841327133932634 0.0625
0.0041950157121429564 -0.01040969947572329 0.0625
0.003939002220929079 0.010511149390219693 0.0625
-0.010006264960978343 -0.005090644510344156 0.0625
0.010818705627674405 -0.003005928898315152 0.0625
-0.005947844313670712 0.009525919799176085 0.0625
-0.0020492359684864806 -0.011043578765303451 0.0625
0.008972295126380989 0.0067600236808105915 0.0625
-0.011183993578971724 0.0010762377179412011 0.0625
0.007520931911031282 -0.00834958580946572 0.0625
9.437799392975139e-05 0.011238820791980884 0.0625
-0.007662518663057721 -0.00822470715212962 0.0625
0.01120758613679625 0.0008888267470618402 0.0625
-0.008865921559405104 0.006916316570435143 0.0625
0.00186584498324688 -0.01109047440367149 0.0625
0.006116658780708219 0.009439623157752913 0.0625
-0.010888328441975638 -0.002829187823327465 0.0625
0.009941374084016788 -0.005269637684095496 0.0625
-0.00377146641213259 0.010602643118682989 0.0625
-0.004381712394283726 -0.010367284914276272 0.0625
0.01023555427713263 0.004685448606043173 0.0625
-0.010714044810557299 0.00345965949153529 0.0625
0.005564114483460088 -0.009789822777504691 0.0625
0.0025105213021876485 0.010978947253323611 0.0625
-0.009268813738200682 -0.0064007102642239895 0.0625
0.011159911159785176 -0.0015415521093048782 0.0625
-0.007188800223819278 0.008676471134166005 0.0625
-0.0005601627053438678 -0.011255497223292353 0.0625
0.008017287943870905 0.007922316203299527 0.0625
-0.011264919345601594 -0.0004261362893382379 0.0625
0.008595604334044327 -0.007296272070897466 0.0625
-0.0014097919085845423 0.011188051071321115 0.0625
-0.006518908298601785 -0.00920346861756049 0.0625
0.011025426972086172 0.0023832666831881746 0.0625
-0.009741211024414116 0.005691116566881484 0.0625
0.0033390964012923355 -0.010778238966680809 0.0625
0.0048192068884441676 0.010204667802842595 0.0625
-0.010448327602120082 -0.004269947343794263 0.0625
0.010590241716446456 -0.003909831247923268 0.0625
-0.005168672555851774 0.010038168359336512 0.0625
-0.002969932850523699 -0.01089492996138021 0.0625
0.009550853085280926 0.006028366722701915 0.0625
-0.011116347546412528 0.0020066931074203087 0.0625
0.006842419228425466 -0.008990066690657722 0.0625
0.0010274767627181497 0.011252745953858296 0.0625
-0.008360059288881352 -0.007604564989951012 0.0625
0.011303026935433445 -3.977558127842973e-05 0.0625
-0.008308932675385045 0.007665613986884466 0.0625
0.0009488489719953619 -0.011266751334273042 0.0625
0.0069120105718597285 0.008950089935553684 0.0625
-0.011144142862399295 -0.0019308236228187342 0.0625
0.009523085300297003 -0.006104985369619422 0.0625
-0.002898621304900651 0.010936086801538111 0.0625
-0.005250687579765935 -0.01002348641639683 0.0625
0.010644123634064835 0.00384481885954884 0.0625
-0.010447414331850991 0.00435563242005504 0.0625
0.004762153975181028 -0.010270437649714229 0.0625
0.00342665143699239 0.010791573561318941 0.0625
-0.009817840612218631 -0.0056435809299655235 0.0625
0.011053277699727047 -0.0024708403616415155 0.0625
-0.006482324709713617 0.009289750607946174 0.0625
-0.0014955049086688235 -0.011230470384990447 0.0625
0.008690166235607122 0.0072719330853297836 0.0625
-0.011321741446323814 0.0005081049326601065 0.0625
0.008006326249502347 -0.008023636331896511 0.0625
-0.00048380263141093463 0.011326338111403874 0.0625
-0.007295225462270381 -0.008679843630771348 0.0625
0.011244171183431236 0.001472621607098919 0.0625
-0.009287287524502155 0.006510475438647062 0.0625
0.0024507747520805907 -0.011075816137629063 0.0625
0.005675363156433043 0.009823963204460936 0.0625
-0.010822509125616464 -0.0034107618248638196 0.0625
0.010285715205447863 -0.004796255071659414 0.0625
-0.004345217097606901 0.010486137915107958 0.0625
-0.003879858664960697 -0.01066895949659241 0.0625
0.010069227831217303 0.005246965874011272 0.0625
-0.010970711296230494 0.002933171262432628 0.0625
0.006109079578601065 -0.009574922803987479 0.0625
0.001963426603889016 0.011188608312526669 0.0625
-0.00900696166433381 -0.006924928994381179 0.0625
0.011320929228922843 -0.0009780395665414051 0.0625
-0.0076882352397921365 0.008369649867086338 0.0625
1.5450533487108215e-05 -0.011366607289821137 0.0625
0.0076678268549697495 0.008393118092950005 0.0625
-0.011325238879365285 -0.0010094376282430645 0.0625
0.009034141291244425 -0.006906829310894582 0.0625
-0.001996307132204149 0.011197087024485916 0.0625
-0.006092450577593808 -0.009606354457315058 0.0625
0.010983079792227193 0.002968494277840317 0.0625
-0.010105331328062616 0.0052308965531805635 0.0625
0.003918542105541974 -0.010684803590478147 0.0625
0.004328738398398013 0.010527203991480102 0.0625
-0.010304491420292215 -0.004839158663355041 0.0625
0.010868692866499146 -0.0033928624159712943 0.0625
-0.005723272977743406 0.009845006166693452 0.0625
-0.0024304174843636493 -0.011127132193503387 0.0625
0.009309819052940862 0.006564089365745971 0.0625
-0.011300490837418766 0.0014487604472149694 0.0625
0.0073551396713401425 -0.008702983420360999 0.0625
0.00045539987565358723 0.01138738824108736 0.0625
-0.00802910403177841 -0.008090333024473076 0.0625
0.011387105403694003 0.0005420613666023816 0.0625
-0.008764002739957973 0.007293302130997259 0.0625
0.0015359843159991327 -0.011299590797060072 0.0625
0.006501176523451332 0.009370949995113903 0.0625
-0.011125461171355416 -0.0025187524143240065 0.0625
0.009906483949489401 -0.005658760973791781 0.0625
-0.0034828298782044087 0.010865997240911055 0.0625
-0.004772478244586392 -0.01036645799706677 0.0625
0.01052313428004252 0.004420819485592459 0.0625
-0.01074730187078996 0.003849091126241967 0.0625
0.00532551933609176 -0.010099447697815598 0.0625
0.0028956508315320126 0.011046049350869658 0.0625
-0.009598133699204094 -0.0061899781495739345 0.0625
0.011260361361854232 -0.0019194431485356118 0.0625
-0.007007548678466205 0.009022985177807096 0.0625
-0.0009279327632117091 -0.011388544278658194 0.0625
0.008378363021921856 0.007771938823285506 0.0625
-0.011429563298342498 -7.129382288921719e-05 0.0625
0.008477260058342706 -0.007669163051026328 0.0625
-0.001070586343248306 0.01138305077216342 0.0625
-0.0069007788333415605 -0.009118072794911494 0.0625
0.011249309430960556 0.0020622893411211506 0.0625
-0.009689428332395878 0.006079060666859976 0.0625
0.0030388008198971995 -0.011029310476044826 0.0625
0.005210271035796775 0.010186907073962007 0.0625
-0.010724686547074869 -0.00399263051971897 0.0625
0.010606652711526885 -0.0043010368816204505 0.0625
-0.004916457373593621 0.010337719617673762 0.0625
-0.003358299052444671 -0.01094540211569905 0.0625
0.009871323908436534 0.0058031857022440075 0.0625
-0.011200510699039209 0.002389259316338068 0.0625
0.0066459997163420895 -0.009329023945214253 0.0625
0.0014013253432180292 0.011369973055484997 0.0625
-0.008714927927839037 -0.007438415907474602 0.0625
0.011452438714981323 -0.00040205407546371936 0.0625
-0.008174332925113877 0.00803369661049004 0.0625
0.0006009060796712151 -0.011447222889566453 0.0625
0.007290507929416127 0.008848078555885486 0.0625
-0.011354312125545137 -0.0015998737936783326 0.0625
0.009454453443395133 -0.006491017646461447 0.0625
-0.0025871936483015416 0.011174364815334611 0.0625
-0.00564131630753339 -0.009988771211633484 0.0625
0.0109087065619344 0.003555294804317833 0.0625
-0.010446894682331035 0.0047478828435718115 0.0625
0.004496749057950744 -0.010559320428409165 0.0625
0.003817535167505225 0.010825267906378154 0.0625
-0.010128832143988662 -0.005404327839694966 0.0625
0.011120943761331012 -0.0028573781439132045 0.0625
-0.006271057718164191 0.009620490377078152 0.0625
-0.0018747493284751668 -0.011331606900849585 0.0625
0.009038142223340625 0.007090273982764516 0.0625
-0.011455591877400825 0.0008771628916160544 0.0625
0.007855671893458713 -0.008386204093767502 0.0625
-0.00012774784507533504 0.011491896296437704 0.0625
-0.007669628223015216 -0.008561355203513546 0.0625
0.011440188898251312 0.0011322888201900677 0.0625
-0.009201881581779987 0.00689386505197906 0.0625
0.0021287641446109977 -0.011300812502498155 0.0625
0.006064821770343983 0.009772304584588106 0.0625
-0.011074781789731194 -0.00310953506329135 0.0625
0.010268211853566 -0.005188817334449798 0.0625
-0.004067078514945027 0.010763775933810242 0.0625
-0.004272534303007545 -0.010685759244416086 0.0625
0.010370126138531792 0.0049940448407017465 0.0625
-0.011021700622683627 0.0033229678577945017 0.0625
0.005883314199030168 -0.009896798170898004 0.0625
0.002347372398247723 0.01127341309559553 0.0625
-0.009347370021839578 -0.006728051253878405 0.0625
0.011438917483880035 -0.0013532061177010891 0.0625
-0.007521757715951838 0.008726004862622929 0.0625
-0.00034807398472281166 -0.011516893873834177 0.0625
0.008037419501321131 0.008258322333245584 0.0625
-0.011506692127508045 -0.0006603304345132165 0.0625
0.008932067946251177 -0.007286848578332907 0.0625
-0.0016642838677454687 0.011408337267435698 0.0625
-0.006480004772728008 -0.009537795245517816 0.0625
0.011222529691566849 0.0026560924912172237 0.0625
-0.010070822894299255 0.0056230353219287165 0.0625
0.0036281508942413005 -0.010950640213641213 0.0625
0.004722475185668713 0.010527023706667676 0.0625
-0.010594699963895454 -0.0045730004018186615 0.0625
0.01090285660151535 -0.003785197211083347 0.0625
-0.005483386308039895 0.010157385224397105 0.0625
-0.0028183596789789277 -0.011195394085064885 0.0625
0.009641997312158635 0.00635231358107624 0.0625
-0.01140234504862375 0.0018293516316240188 0.0625
0.007173100612014923 -0.009052437661199947 0.0625
0.0008257363996453016 0.01152207270408848 0.0625
-0.008393178291606875 -0.007939430594526228 0.0625
0.011553607516855144 0.00018480624033937707 0.0625
-0.008645400140256306 0.007669227889093938 0.0625
0.0011945388349673043 -0.01149665503404164 0.0625
0.006886093752348446 0.009285564755784525 0.0625
-0.011351598544981613 -0.002195725500505777 0.0625
0.009854980830808864 -0.006049739897250946 0.0625
-0.0031806911926795015 0.011119496550510326 0.0625
-0.005166541636688262 -0.010349243813746327 0.0625
0.010802075057327186 0.0041418805458233445 0.0625
-0.010764522279956092 0.004243236981872317 0.0625
0.005071915830261829 -0.010401714753382706 0.0625
0.003286875235640188 0.011097587629090175 0.0625
-0.009921433159495964 -0.005963653583303943 0.0625
0.011345839181411256 -0.002304763169948958 0.0625
-0.006810239479139831 0.009364861890960552 0.0625
-0.0013044091985244506 -0.011507324478035928 0.0625
0.008736219200447204 0.0076051610161611705 0.0625
-0.011580754626695526 0.00029346597123042564 0.0625
0.008342297616699761 -0.008040278009770899 0.0625
-0.000720328170927029 0.011565514572476615 0.0625
-0.007282329672781071 -0.009015967753765113 0.0625
0.011461668211819103 0.0017292084322531804 0.0625
-0.00962097274191305 0.006468143744488528 0.0625
0.0027254430368045175 -0.01126995830751533 0.0625
0.005603924062309051 0.010152636854722698 0.0625
-0.010991801202266133 -0.0037013924852494153 0.0625
0.010606843459306079 -0.0046962614737443955 0.0625
-0.004649568139980418 0.010629276368204895 0.0625
-0.00375208357071717 -0.01098006688861021 0.0625
0.010185110869392664 0.005562689689186288 0.0625
-0.011269399804765204 0.0027786018139269327 0.0625
0.0064337410489150445 -0.009662658853312868 0.0625
0.0017832564508216669 0.011472575841135368 0.0625
-0.009065876225553802 -0.007256024273866398 0.0625
0.011587987346781688 -0.000773659647925027 0.0625
-0.00802321106265544 0.008399290698867575 0.0625
0.00024246272780807497 -0.011614698094467366 0.0625
0.007667967443351874 0.008729391461476322 0.0625
-0.011552450851848112 -0.0012573302333253036 0.0625
0.009369119391327202 -0.0068774705983418475 0.0625
-0.002263167427014162 0.011401669754790397 0.0625
-0.00603382093846373 -0.009937454648075468 0.0625
0.011163457461553778 0.0032522634432160156 0.0625
-0.010430001051461454 0.00514345001594387 0.0625
0.00421703110724334 -0.010839587106552629 0.0625
0.0042131511284583196 0.010842940448456332 0.0625
-0.010432489112272215 -0.005150065137677548 0.0625
0.011173062307981676 -0.0032500274863390315 0.0625
-0.0060441989894505724 0.009945232957348194 0.0625
-0.0022614379746337737 -0.011417788677624241 0.0625
0.009381504037525176 0.006892559901364575 0.0625
-0.011575194308382835 0.0012549409241799498 0.0625
0.007688621725205136 -0.008745575793891652 0.0625
0.00023823632135298392 0.01164402179039477 0.0625
-0.008042277319156138 -0.008426255130352198 0.0625
0.011623691580725213 0.0007808931016328801 0.0625
-0.009099774797664006 0.0072769566875033 0.0625
0.0017946414451551706 -0.011514306843372351 0.0625
0.006455440286481758 0.009703983239251205 0.0625
-0.011316653061345675 -0.0027952394332392376 0.0625
0.010234210906398528 -0.005583988460173736 0.0625
-0.003775013959235943 0.01103219242071012 0.0625
-0.004669247801343675 -0.010686352276134604 0.0625
0.010663053006548653 0.004726446929727843 0.0625
-0.011056897637582106 0.003718200456138864 0.0625
0.005642232955379545 -0.010212012890572995 0.0625
0.002738110828020235 0.011342960332006737 0.0625
-0.009682479229301884 -0.006515335446017926 0.0625
0.011542299235175139 -0.0017364700877571838 0.0625
-0.007339040679195368 0.009078462530027625 0.0625
-0.0007209389133702106 -0.01165333630696328 0.0625
0.008404546278910801 0.008107009426764386 0.0625
-0.011675169070851343 -0.0003007111022829561 0.0625
0.008813325742459936 -0.007665852161194673 0.0625
-0.0013206569281161294 0.011607577924710172 0.0625
-0.006868001137441076 -0.009452542535006552 0.0625
0.011451028223833875 0.002331084000408405 0.0625
-0.010019723575678248 0.006017070671597394 0.0625
0.003324246098702332 -0.011206667117179056 0.0625
0.005119548436354482 0.010510481616358995 0.0625
-0.01087631515802673 -0.004292524732983841 0.0625
0.010921012323727924 -0.00418228284851501 0.0625
-0.005228487587258555 0.010462452750186414 0.0625
-0.003212430811310566 -0.011248123767213026 0.0625
0.009968201530733039 0.0061249455705901235 0.0625
-0.0114892612319892 0.0022174030628440205 0.0625
0.006975008038281606 -0.0093973008287437 0.0625
0.0012048075474454952 0.011642527164392548 0.0625
-0.008754079377807557 -0.0077721357584028625 0.0625
0.011706696093875608 -0.00018239124331391452 0.0625
-0.008510191217101672 0.008043422495950688 0.0625
0.0008420191093909707 -0.0116812244143934 0.0625
0.007270734982179531 0.009183485875140816 0.0625
-0.011566254947175544 -0.0018605769258316647 0.0625
0.009786824012322204 -0.006441900011008671 0.0625
-0.0028654758811095375 0.011362616246920403 0.0625
-0.005563234338064269 -0.010315542821382822 0.0625
0.01107181665368232 0.0038490097411208045 0.0625
-0.010765548442415888 0.004641440157321521 0.0625
0.0048036314617341145 -0.010696033132888014 0.0625
0.003683553977448685 0.011133347658957838 0.0625
-0.010238094986093096 -0.005722011102377856 0.0625
0.011416075010704347 -0.002696892906656056 0.0625
-0.006597092110256276 0.009701462554109789 0.0625
-0.0016889987567217776 -0.011611515112154499 0.0625
0.009090201073022263 0.007422145542363404 0.0625
-0.011718120003629045 0.0006675803925736672 0.0625
0.008190821809247406 -0.008408949880285713 0.0625
-0.00035954523121860385 0.011735021398647214 0.0625
-0.00766288720450951 -0.008897199542044926 0.0625
0.011662037730984707 0.0013845128966857266 0.0625
-0.009535831207235295 0.006857690805739021 0.0625
0.0023994693528689034 -0.011499675944331775 0.0625
0.005999494765856666 0.010101785117218565 0.0625
-0.011249128007798285 -0.003396633489820203 0.0625
0.01059068351320381 -0.0050948427574512055 0.0625
-0.00436835599442721 0.010912262180957342 0.0625
-0.004150638147703987 -0.010998736425918408 0.0625
0.010491609092204044 0.005307178031344101 0.0625
-0.01132277105262147 0.003174091317198877 0.0625
0.006205888498190638 -0.009990342734262183 0.0625
0.0021726645962879686 0.011560256422417144 0.0625
-0.009412256519286677 -0.007057579416141588 0.0625
0.011709323158422078 -0.0011540152389116999 0.0625
-0.007855699029804217 0.008761734574451173 0.0625
-0.00012593687032111479 -0.011768778182321806 0.0625
0.008043718494871744 0.008594102208797513 0.0625
-0.011738114245880995 -0.0009037001442102528 0.0625
0.00926709776273463 -0.007263669806366393 0.0625
-0.001927008952738137 0.011617514213293094 0.0625
-0.006427528422754566 -0.009869492305822129 0.0625
0.0114078500585651 0.002936146631436564 0.0625
-0.010396630332507229 0.005541667414162513 0.0625
0.003923374297337726 -0.011110676582593414 0.0625
0.0046128444302580935 0.010844430195369275 0.0625
-0.01072821989494484 -0.004881116458937415 0.0625
0.011209415706834345 -0.003648150149236663 0.0625
-0.005802019148815485 0.010263360745719622 0.0625
-0.0026549541452447947 -0.011488743120404753 0.0625
0.009719612832044618 0.006679006392806766 0.0625
-0.011680223281719275 0.0016408485881345082 0.0625
0.00750533458146601 -0.009101096242774848 0.0625
0.0006135902050374675 0.011782338777181807 0.0625
-0.008412506241765675 -0.00827464432663142 0.0625
0.011794255945706657 0.0004189590518930724 0.0625
-0.008981009403737859 0.007659077626579595 0.0625
0.0014488921783807676 -0.011715831658718345 0.0625
0.0068465449327774226 0.009618982403740001 0.0625
-0.011547614813387355 -0.0024683176703246563 0.0625
0.010183636742551697 -0.005981098786657105 0.0625
-0.0034694199924442605 0.011290842524631547 0.0625
-0.005069338738543189 -0.010670604704228592 0.0625
0.010947431042072717 0.004444519499233035 0.0625
-0.011076111224212684 0.004118222935790361 0.0625
0.005386131349463738 -0.010519961458404873 0.0625
0.0031350150197618078 0.011397003151086162 0.0625
-0.010011660315863438 -0.006287022961606329 0.0625
0.011630773760344727 -0.002127228651479809 0.0625
-0.0071402695697420585 0.009426375256237976 0.0625
-0.001102570090263241 -0.01177558232938214 0.0625
0.008768545898444733 0.007939307452597365 0.0625
-0.01183026862108603 6.887926355049081e-05 0.0625
0.008677984427119322 -0.008043170163727392 0.0625
-0.0009659302207676043 0.011794362162008078 0.0625
-0.007255766304286928 -0.009350607217586161 0.0625
0.011668086241137406 0.0019939316611609233 0.0625
-0.009951985336051813 0.006412330923385792 0.0625
0.0030072459838646945 -0.011452356595588948 0.0625
0.005519293306766278 0.010477471135435543 0.0625
-0.01114877479021773 -0.003998102134388966 0.0625
0.010922995726628311 -0.004583466412668439 0.0625
-0.004958896675548729 0.010759616338942193 0.0625
-0.0036119948946121954 -0.011285100481665878 0.0625
0.010287813655647411 0.005882252135591831 0.0625
-0.011560963879420622 0.0026123005529095837 0.0625
0.00676107365799798 -0.009736933962553398 0.0625
0.0015920256320088976 0.011748423485175645 0.0625
-0.009111152322182566 -0.00758860351856567 0.0625
0.01184599289314029 -0.0005589743962559849 0.0625
-0.00835847309025711 0.008415219997091444 0.0625
0.00047894656860304687 -0.011852873499047536 0.0625
0.0076544283767693245 0.009064751856775152 0.0625
-0.011768961009812976 -0.0015137888721687607 0.0625
0.009701993097109667 -0.006834568745988031 0.0625
-0.0025376231904921174 0.011594846637324558 0.0625
-0.005961888200031593 -0.010265275889635118 0.0625
0.011331812964198353 0.003542600026029769 0.0625
-0.010750243111371323 0.005043042042895682 0.0625
0.0045210098901659595 -0.010981824510208748 0.0625
0.0040850430306403505 0.011153135139404378 0.0625
-0.010547513068547969 -0.0054653424475333496 0.0625
0.01147081899344138 -0.0030952078475773586 0.0625
-0.006368344167721449 0.010032157921476726 0.0625
-0.002081101223211874 -0.011700812693943359 0.0625
0.009439661083816565 0.007223074042447515 0.0625
-0.01184130464623092 0.001050478117406553 0.0625
0.008022956939570785 -0.008774517761438116 0.0625
1.1224414993420563e-05 0.011891167899433095 0.0625
-0.008041782248038788 -0.00876183418441186 0.0625
0.011849969167977543 0.001028703415947263 0.0625
-0.009434010978695286 0.0072470295193173325 0.0625
0.002061339241073989 -0.011717972543627525 0.0625
0.006396312815933687 0.010034300292532734 0.0625
-0.011496137866591361 -0.003078768284935431 0.0625
0.010558062890670392 -0.005496117538467384 0.0625
-0.0040731877974637 0.011186113765137238 0.0625
-0.004553311805018215 -0.01100124318458063 0.0625
0.01079022541412117 0.005036966896104602 0.0625
-0.011360400632951264 0.003575094048950397 0.0625
0.005962705125285186 -0.010311457103091578 0.0625
0.0025689380560163268 0.011632736447816183 0.0625
-0.009753429744810459 -0.006843289283162492 0.0625
0.011816115398769554 -0.0015425358611588507 0.0625
-0.007671948079910359 0.009120373493402546 0.0625
-0.0005037389406586501 -0.011909082545673452 0.0625
0.008417095679491456 0.008442304206926345 0.0625
-0.011910874768620058 -0.0005395018500895727 0.0625
0.009148423417131311 -0.007648944304992908 0.0625
-0.001579197134365356 0.01182142700399627 0.0625
-0.006821767375183959 -0.009784860238085967 0.0625
0.011641373135832607 0.0026073802009516835 0.0625
-0.010346699966287797 0.005941868376834019 0.0625
0.003616168052071677 -0.01137204153259986 0.0625
0.005015958241860466 0.010829596618337734 0.0625
-0.011015445260701431 -0.004597821843926796 0.0625
0.011229806546345155 -0.004051104162035763 0.0625
-0.005544806257084864 0.010574267046532942 0.0625
-0.0030546756457347415 -0.011544217457210126 0.0625
0.01005183909955914 0.0064498473405635035 0.0625
-0.011770372611177386 0.0020342882278687217 0.0625
0.007305988386205043 -0.009452117947880095 0.0625
0.000997745263614601 0.011906490011289416 0.0625
-0.0087796544765892 -0.008106643403512161 0.0625
0.011951476434108191 4.70217498245144e-05 0.0625
-0.008845647784477923 0.008039559395449532 0.0625
0.0010920138663316834 -0.011904936191166223 0.0625
0.007237464398307503 0.00951730576808539 0.0625
-0.011767174551154311 -0.0021292259350915157 0.0625
0.010116434339545136 -0.006379479308977497 0.0625
-0.003150707926283144 0.011539195793609562 0.0625
-0.005472145540183499 -0.01063840322543989 0.0625
0.011222695905979756 0.004148625869116811 0.0625
-0.011079170676597097 0.004522386219556111 0.0625
0.005115321934415085 -0.010820049977116185 0.0625
0.003537453363516379 0.011435314761778385 0.0625
-0.010334294380667807 -0.006043373201590134 0.0625
0.011704059930252827 -0.0025248725015434305 0.0625
-0.006925648658361068 0.009769103882185997 0.0625
-0.0014923851743101019 -0.011883298636805331 0.0625
0.009128763842240406 0.007755363996138685 0.0625
-0.011971607860970197 0.0004478897444199692 0.0625
0.008526133779403122 -0.008418137726107897 0.0625
-0.0006006190270281643 0.011968260390899413 0.0625
-0.007642630165978455 -0.009232020588477701 0.0625
0.011873230782608244 0.0016451111764631738 0.0625
-0.009867580756942522 0.0068081458566350995 0.0625
0.002677583037319399 -0.01168719594591703 0.0625
0.005921044596751327 0.010427906351865744 0.0625
-0.011411530349603493 -0.0036901185726312923 0.0625
0.010908663072651805 -0.004988092818639488 0.0625
-0.004674950070043531 0.011048295879573466 0.0625
-0.004016411975315384 -0.01130612377627908 0.0625
0.010600226424656163 0.005624517734528109 0.0625
-0.011617197369262977 0.0030134241791671765 0.0625
0.0065315277209396444 -0.010070707305378157 0.0625
0.0019867955065916167 0.01183945284271986 0.0625
-0.0094637497002223 -0.007389008161556077 0.0625
0.011971138263421891 -0.0009443774023325098 0.0625
-0.008190362757593444 0.008783960262832836 0.0625
0.00010585336924665271 -0.012011194572740013 0.0625
0.008036506159933966 0.008929421523331926 0.0625
-0.011959264084725236 -0.0011558557660024304 0.0625
0.009600488291917774 -0.007227075795697022 0.0625
-0.0021975860365112676 0.011815693615363032 0.0625
-0.006361835520637295 -0.010198384617593006 0.0625
0.011581532216025587 0.0032230593431026764 0.0625
-0.010718489735500223 0.005447382654998308 0.0625
0.0042244109680050585 -0.011258523525462768 0.0625
0.0044906951839729274 0.011156776271156573 0.0625
-0.010849092796047184 -0.005193956632737425 0.0625
0.01150984142325338 -0.003499078508916401 0.0625
-0.006124251468777578 0.010356328690572528 0.0625
-0.0024801096602998993 -0.011774933378702706 0.0625
0.009783959986397828 0.007008147186280138 0.0625
-0.011949972754621662 0.0014415793990620199 0.0625
0.007838847002472683 -0.00913632736233904 0.0625
0.00039143264814388485 0.012033568900453725 0.0625
-0.00841835048208173 -0.008609957907030343 0.0625
0.01202503093231291 0.0006622922896408353 0.0625
-0.00931553986309473 0.007635490623338689 0.0625
0.001711525263056827 -0.011924373412214088 0.0625
0.0067937091370510235 0.009950151564732543 0.0625
-0.011732316625669802 -0.0027482260814991138 0.0625
0.010508892398858735 -0.005899422052134354 0.0625
-0.0037644461289271674 0.011450281452541037 0.0625
-0.004959451171971861 -0.010987440287565932 0.0625
0.011080378867529968 0.00475238930980989 0.0625
-0.011382085119068549 0.0039809720348525845 0.0625
0.005704471860443333 -0.010625394147673307 0.0625
0.002971459135934563 0.011689757508326298 0.0625
-0.01008876590510984 -0.0066133805660866995 0.0625
0.011908052664734003 -0.0019386288283014341 0.0625
-0.007472128937644763 0.009474560102675573 0.0625
-0.0008903803399608573 -0.01203524918106024 0.0625
0.008787439248956638 0.008274110915735686 0.0625
-0.012070322597087986 -0.00016526464300379068 0.0625
0.009013151689916562 -0.00803262700581536 0.0625
-0.0012202233643352977 0.012012953631023898 0.0625
-0.007215868477445552 -0.00968355524155295 0.0625
0.011863531012763476 0.002266413887444048 0.0625
-0.010280148244800136 0.006343386482387204 0.0625
0.0032958170125836346 -0.011623148894321379 0.0625
0.0054218341418292145 0.01079831998685421 0.0625
-0.011293598854253621 -0.004300537747677761 0.0625
0.011234057999872295 -0.004458244144896655 0.0625
-0.00527286586089037 0.01087735655446933 0.0625
-0.003459975078394678 -0.01158397912881786 0.0625
0.010377563148573968 0.006205335051176495 0.0625
-0.011845355795037746 0.002434655229999865 0.0625
0.007090780282045945 -0.00979800158153429 0.0625
0.0013901242947176615 0.012016137251431335 0.0625
-0.009143067959178571 -0.007922392838899256 0.0625
0.01209496566384923 -0.00033437342942911337 0.0625
-0.008693772686242385 0.008417738204526551 0.0625
0.000724515885413603 -0.012081186892511156 0.0625
0.0076275302534588064 0.009398977722740417 0.0625
-0.011974855888052959 -0.0017784337098591546 0.0625
0.010032569554489727 -0.0067784620773687155 0.0625
-0.0028193037600109847 0.011776736657868679 0.0625
-0.0058770058516572025 -0.010589655434412728 0.0625
0.011488296800030367 0.0038391452999869654 0.0625
-0.011065926043891689 0.004930038619637746 0.0625
0.004830134335269161 -0.011111696643773802 0.0625
0.003944789827377927 0.011457688825317941 0.0625
-0.010649773076678835 -0.00578466363890301 0.0625
0.01176189660738119 -0.002928786130340507 0.0625
-0.006695401149334401 0.010106018179752676 0.0625
-0.0018897938925874745 -0.011976171301527842 0.0625
0.009484552831029286 0.007555346292223433 0.0625
-0.012098822485092852 0.0008357598184955152 0.0625
0.008357883792954964 -0.008790095477494016 0.0625
-0.00022524982984209338 0.01212886072614226 0.0625
-0.008027926311604268 -0.009096834566784862 0.0625
0.012066005544936219 0.0012851109639126204 0.0625
-0.00976650329456193 0.007203847124787626 0.0625
0.0023357038770248206 -0.011910687948177099 0.0625
0.006324137142698544 0.010361722318241342 0.0625
-0.011664047513659574 -0.0033689754524323778 0.0625
0.010877891517390697 -0.005395505178931769 0.0625
-0.0043770008954193175 0.011327924044656133 0.0625
-0.004425038471252859 -0.011311013859417384 0.0625
0.010904843855136853 0.005352044515424363 0.0625
-0.011657726348460485 0.0034201485909840504 0.0625
0.0062866190926764666 -0.010398000787824347 0.0625
0.0023885148382228297 0.011915326133496698 0.0625
-0.009811232107885585 -0.007173543373061529 0.0625
0.012081791573032385 -0.0013380255549889986 0.0625
-0.008005997250341136 0.009148989453897638 0.0625
-0.0002767178053437871 -0.012155798092112494 0.0625
0.008416305066310902 0.008777574211067058 0.0625
-0.012136728707491775 -0.0007872841169139967 0.0625
0.00948233063947787 -0.007618753549211264 0.0625
-0.0018458308817821008 0.012024679137334997 0.0625
-0.006762409456371996 -0.010114831602373347 0.0625
0.011820457453414937 0.0028908105423924376 0.0625
-0.010670192761782266 0.005853801023814303 0.0625
0.003914210701336308 -0.011525578275537603 0.0625
0.004899860401807128 0.011144118091746988 0.0625
-0.011142251549650279 -0.004908179948241093 0.0625
0.011532933108400789 -0.0039078707651549775 0.0625
-0.005865088096802215 0.010673365992822929 0.0625
-0.0028854107059119154 -0.011833613355953832 0.0625
0.010122467328866975 0.006777584759781372 0.0625
-0.012043807928089036 0.0018402963324692248 0.0625
0.007638655811638339 -0.009493731478787666 0.0625
0.0007805215180517039 0.012161857841623469 0.0625
-0.008791932908444305 -0.00844167730569074 0.0625
0.012186809119084532 0.00028580324525471427 0.0625
-0.009180466430735178 0.008022408373683336 0.0625
0.001350512918526506 -0.012118420476980201 0.0625
0.0071910163378211996 0.009849329115690501 0.0625
-0.011957165558030072 -0.002405450439701349 0.0625
0.010443103915201035 -0.006304092370540969 0.0625
-0.0034425292194576306 0.01170422968730452 0.0625
-0.005368400867249495 -0.010957201838449216 0.0625
0.011361501174132952 0.004453795131141031 0.0625
-0.011387641813403043 0.004391083457375261 0.0625
0.005431487518826478 -0.010931557223599581 0.0625
0.0033796044945181955 0.011731081512828747 0.0625
-0.010417644562502836 -0.006368098756250181 0.0625
0.011984843303062867 -0.0023416940451368076 0.0625
-0.0072564318988488224 0.009823654925605302 0.0625
-0.0012852888105838191 -0.012146935114397708 0.0625
0.009154095586945592 0.00808965598681818 0.0625
-0.012216066070230125 0.00021847143468268042 0.0625
0.008861358573603298 -0.008414055159673446 0.0625
-0.0008505913397034338 0.012191656752583773 0.0625
-0.0076091649235066955 -0.009565595076464158 0.0625
0.01207384402237504 0.0019137111912089946 0.0625
-0.010196934568760772 0.006745555974151544 0.0625
0.0029627409396679647 -0.011863480354618344 0.0625
0.005829812520263721 0.010750501661716831 0.0625
-0.011562127690746046 -0.003989636983847476 0.0625
0.01122201415222427 -0.00486892168424162 0.0625
-0.004986520979389831 0.011172045852130445 0.0625
-0.0038702201890169854 -0.011607816146395727 0.0625
0.010696175600811349 0.0059457402833127514 0.0625
-0.011904906402303217 0.0028413383382483465 0.0625
0.006859926701983419 -0.010138116474149176 0.0625
0.0017901417170376648 0.0121109616725065 0.0625
-0.0095020995606933 -0.007722053090899605 0.0625
0.012224354864607151 -0.0007246710592782416 0.0625
-0.008525487372117807 0.00879295542282911 0.0625
0.0003469192593118031 -0.012244167878117261 0.0625
0.008016077409747586 0.009264043553488642 0.0625
-0.012170199016317875 -0.0014164236312683603 0.0625
0.009932029357779173 -0.007177380638938737 0.0625
-0.002475648053596451 0.012002964913500502 0.0625
-0.006283256958636224 -0.010524290094431524 0.0625
0.011743696959892105 0.0035164729082165524 0.0625
-0.011036248436314147 0.005340526233617205 0.0625
0.004530915206319868 -0.011394332248672555 0.0625
0.004356384326182118 0.01146393979409325 0.0625
-0.010957499111640994 -0.0055111898187584565 0.0625
0.011804043015246462 -0.003338348168512573 0.0625
-0.006449769223495061 0.010436497351298276 0.0625
-0.0022941983463155187 -0.012053906169693008 0.0625
0.009835273318211114 0.007339441310895847 0.0625
-0.01221156722214968 0.0012319196316803913 0.0625
0.008173364803599797 -0.00915839002157454 0.0625
0.00015963992034361677 0.012275769429890442 0.0625
-0.00841099249967987 -0.008945121864476137 0.0625
0.012245971345300031 0.0009144319603396454 0.0625
-0.009648767488702876 0.007598768712689604 0.0625
0.001982069096126447 -0.012122351343620615 0.0625
0.006727906255413886 0.01027887529929042 0.0625
-0.011905806638337504 -0.00303508950288433 0.0625
0.010830579393784878 -0.005805045219024774 0.0625
-0.0040654188324311495 0.011597946788846469 0.0625
-0.00483722756135695 -0.011299611918984154 0.0625
0.011201081747141484 0.005065152287330942 0.0625
-0.011682336083936349 0.0038318433712716893 0.0625
0.006026615269168883 -0.010718204532356177 0.0625
0.002796574437747837 0.011975774355511856 0.0625
-0.010152968662849777 -0.006942422295653762 0.0625
0.012177631618284938 -0.001739335553982316 0.0625
-0.0078055337335768415 0.009509660516232636 0.0625
-0.0006682140056676022 -0.012286313118369956 0.0625
0.00879316682609355 0.008609309912442917 0.0625
-0.012300937051168366 -0.00040859229458390707 0.0625
0.00934756220219197 -0.008008937562258307 0.0625
-0.0014828375527003626 0.012221341693623562 0.0625
-0.0071629444761090654 -0.010014600662641452 0.0625
0.012048087023527691 0.002546291238940216 0.0625
-0.010605277897242096 0.0062616356267566585 0.0625
0.0035908011497183066 -0.011782450810556422 0.0625
0.005311886233825415 0.011115028773642293 0.0625
-0.011426419206009028 -0.004608355902981892 0.0625
0.011539905704122146 -0.004320946232015524 0.0625
-0.005591146387326356 0.01098267190056625 0.0625
-0.0032963849269208845 -0.011876609213642116 0.0625
0.010454561960740126 0.006531625694193261 0.0625
-0.012122513558490854 0.002246033175223696 0.0625
0.007422567072508982 -0.009846090495933166 0.0625
0.0011779235302956303 0.012275687196926122 0.0625
-0.00916187634717961 -0.008257119461349145 0.0625
0.01233490795204277 -0.0001002288113870795 0.0625
-0.009028860173270328 0.008407121027529753 0.0625
0.0009788004344646155 -0.012299672748064962 0.0625
0.0075875691797868796 0.009731844323762494 0.0625
-0.01217020184251571 -0.0020508990985485384 0.0625
0.010360650625858009 -0.006709464852647198 0.0625
-0.0031078508217079713 0.01194743751898327 0.0625
-0.005779503927537457 -0.010910423197638998 0.0625
0.011633037247615642 0.004141550964987277 0.0625
-0.011376909059778631 0.004804783059153336 0.0625
0.00514406875777572 -0.011229361362752372 0.0625
0.0037927455184809987 0.011756491033979584 0.0625
-0.010739455349373714 -0.006107708146171391 0.0625
0.012046215787484745 -0.002751124352215532 0.0625
-0.007025066875374771 0.010167026871043086 0.0625
-0.0016878832920098408 -0.012243816806558077 0.0625
0.009516417712855251 0.007889093351865908 0.0625
-0.01234773212001858 0.0006111558657670551 0.0625
0.008693140849187177 -0.00879257085136044 0.0625
-0.000470816824154068 0.012357116634478024 0.0625
-0.008000992901586058 -0.009431018640039344 0.0625
0.012271848983827336 0.0015497491791048067 0.0625
-0.01009703966190272 0.007147712226017735 0.0625
0.002617374556568721 -0.01209253283769065 0.0625
0.006239233024697549 0.010686064348651636 0.0625
-0.011820492655920865 -0.003665508610182344 0.0625
0.011193540290827537 -0.0052824857555530185 0.0625
-0.004686112032728267 0.011457763918702435 0.0625
-0.004284774263457614 -0.01161553741809699 0.0625
0.01100707790434803 0.005671352220380377 0.0625
-0.011948778432392929 0.0032537200207733924 0.0625
0.0066136633858893 -0.010471841128385558 0.0625
0.0021972039057002258 0.01219066425576456 0.0625
-0.009856109598918025 -0.00750580465867025 0.0625
0.012339294295643283 -0.0011233059625521367 0.0625
-0.00834091572625983 0.009164558082495385 0.0625
-4.024360511443141e-05 -0.012393481369342813 0.0625
0.008402444613721206 0.009112569588944028 0.0625
-0.012352761170824015 -0.0010436912649737736 0.0625
0.009814822022462533 -0.007575570517616772 0.0625
-0.002120195742902449 0.012217396204256386 0.0625
-0.006690236249151282 -0.010442257367568672 0.0625
0.011988374151392419 0.0031810195230815687 0.0625
-0.010990030294225498 0.005753193385590807 0.0625
0.0042180281312988906 -0.011667400682395853 0.0625
0.004771593138020488 0.011453903217907674 0.0625
-0.011256886762222272 -0.005223265302711036 0.0625
0.01183027907949707 -0.0037529317741219303 0.0625
-0.006189014026618139 0.010759930547095736 0.0625
-0.002704993369361053 -0.012116229234861511 0.0625
0.010180294006756498 0.007107855790320858 0.0625
-0.012309516238206 0.0016357903231596742 0.0625
0.00797272756656828 -0.009522374449121514 0.0625
0.0005535020952958499 0.012408611341745824 0.0625
-0.008791171162544995 -0.008776976107455078 0.0625
0.012412706575073847 0.0005335873697141992 0.0625
-0.009514409126795917 0.007992247429099186 0.0625
0.0016171530508074599 -0.012321721308740274 0.0625
0.007131688197073114 0.010179342977802057 0.0625
-0.012136303248962796 -0.002688892606486008 0.0625
0.010766646458435242 -0.006216053735213676 0.0625
-0.003740589989848764 0.01185782385296068 0.0625
-0.0052523296211749145 -0.011271780407306054 0.0625
0.011488368197087028 0.00476417843580185 0.0625
-0.011690832784139292 0.0042478734460073015 0.0625
0.0057518023368435195 -0.011030719372637554 0.0625
0.0032103586407030696 0.012020548964089084 0.0625
-0.010488337525870152 -0.006695877533484615 0.0625
0.012258357010999593 -0.0021477158543152567 0.0625
-0.0075891495558995745 0.009865333700295662 0.0625
-0.0010680723308491799 -0.012402387733661384 0.0625
0.009166438678655816 0.008424749370185598 0.0625
-0.012451489368493466 -2.031025096282143e-05 0.0625
0.009196246200223687 -0.008396967061080533 0.0625
-0.0011090990002624306 0.012405236773541118 0.0625
-0.007562776851765443 -0.009897697019529379 0.0625
0.012263935060425174 0.0021899536145028693 0.0625
-0.010523692331647468 0.006670224861938636 0.0625
0.0032545902699369247 -0.012028617633578346 0.0625
0.0057261182681268424 0.01106939788694146 0.0625
-0.011701038648940433 -0.00429484511199208 0.0625
0.011530592013612827 -0.004737662695423568 0.0625
-0.00530273685961312 0.011283659946918836 0.0625
-0.003712407221134784 -0.011903698275093601 0.0625
0.010779632557038048 0.006270528042776408 0.0625
-0.01218581320084634 0.002658186719190188 0.0625
0.007190784403992126 -0.010192772912966502 0.0625
0.0015830619850218167 0.012374728875881636 0.0625
-0.009527533957703185 -0.0080564320070868 0.0625
0.01246895021303732 -0.0004952580991731092 0.0625
-0.008860811615191125 0.008788971357337222 0.0625
0.0005968984997189061 -0.012467706773141294 0.0625
0.007982705080105429 0.009597729919312119 0.0625
-0.01237095903956765 -0.001685043750571325 0.0625
0.010261507223959054 -0.007114876632285072 0.0625
-0.0027608400264641135 0.012179399096354206 0.0625
-0.00619210227681352 -0.010847021222136556 0.0625
0.011894445701743672 0.0038160400218382835 0.0625
-0.011349746522805215 0.005221422590450899 0.0625
0.004842549980171508 -0.011518233792102891 0.0625
0.004210248744643963 0.011765789625359784 0.0625
-0.011053598493647745 -0.005832491778067784 0.0625
0.012091919071222439 -0.003166305919365198 0.0625
-0.006778263388829288 0.010504053761841497 0.0625
-0.0020975742826280243 -0.012325590538747324 0.0625
0.009873765809116518 0.007672597262121975 0.0625
-0.012464966686857813 0.001012227985942376 0.0625
0.00850861617074701 -0.00916752152214013 0.0625
-8.142735723643692e-05 0.012508931592485967 0.0625
-0.008390692107663807 -0.009279886095981368 0.0625
0.012457099668590007 0.0011750182325456797 0.0625
-0.009980465744209768 0.007549192243455943 0.0625
0.0022601673380901735 -0.01230981899151366 0.0625
0.006649435044513139 0.010604952314310544 0.0625
-0.012068169009365108 -0.003328557759961459 0.0625
0.011148523162731693 -0.005698283187946607 0.0625
-0.004371996717539105 0.011733952646138782 0.0625
-0.00470299656847611 -0.01160697304541119 0.0625
0.011309682859113034 0.005382478390693719 0.0625
-0.011976746648549853 0.0036711768843859746 0.0625
0.006352245346376685 -0.010798563749843577 0.0625
0.002610709576296162 0.012254966156960024 0.0625
-0.010204466370468233 -0.007273848093958445 0.0625
0.012439453645948409 -0.0015297035628842675 0.0625
-0.008140202311420796 0.009531899408257492 0.0625
-0.0004364292334608228 -0.012528748122784686 0.0625
0.008785974970058667 0.008944643303424827 0.0625
-0.012522117084288489 -0.0006607448277288106 0.0625
0.009680977272015468 -0.007972369726669728 0.0625
-0.0017534159020573899 0.012419562499315839 0.0625
-0.007097281712022642 -0.010343529006107586 0.0625
0.012221821167417561 0.0028332114908110988 0.0625
-0.01092718562203674 0.006167383106436114 0.0625
0.003891853471059468 -0.0119303594480553 0.0625
0.005189769363101772 0.011427436018539341 0.0625
-0.011547362397964741 -0.00492122156075806 0.0625
0.011840405741270713 -0.004171905066283691 0.0625
-0.005913415607216721 0.011075717396915005 0.0625
-0.0031215669337556927 -0.01216288698780364 0.0625
0.010518992384708464 0.006860816220424897 0.0625
-0.012392363520433715 0.0020467843993502966 0.0625
0.007756143286539603 -0.009881408873165135 0.0625
0.0009557782289365545 0.012527030293612726 0.0625
-0.009167809937518498 -0.008592511911515579 0.0625
0.01256580764274653 0.0001431023601934818 0.0625
-0.009363485365595543 0.008383623429536783 0.0625
0.0012414435962482073 -0.012508349923044778 0.0625
0.007534820692207164 0.010063124620925987 0.0625
-0.012355048529338934 -0.002330831576429289 0.0625
0.010686034101599148 -0.006627871089532454 0.0625
-0.0034029167244158 0.012107029270910815 0.0625
-0.005669692698202699 -0.011227403293190594 0.0625
0.011766144118626988 0.0044494777873026374 0.0625
-0.011683043891372976 0.004667599536405477 0.0625
0.0054624848821771994 -0.011334957384656794 0.0625
0.003629245732920231 0.012049422202333201 0.0625
-0.010816726438006371 -0.006434161108126997 0.0625
0.012323686544718208 -0.002562567062055428 0.0625
-0.007357042251613606 0.010215377100624931 0.0625
-0.0014757202916790015 -0.012503689440350272 0.0625
0.009535473910181025 0.008224034126160774 0.0625
-0.01258800442130994 0.00037702080722607927 0.0625
0.00902846710650487 -0.008782185474399845 0.0625
-0.0007251210106000066 0.01257593732172622 0.0625
-0.007961245180314448 -0.009764147437381307 0.0625
0.012467531965098415 0.0018222641683491576 0.0625
-0.010425404922798373 0.007078907556656711 0.0625
0.002906001708972457 -0.012263570200698048 0.0625
0.006141900622016393 0.011007136628082465 0.0625
-0.011965566285914027 -0.003968025133161029 0.0625
0.011504846258355012 -0.005157374581278221 0.0625
-0.005000188098486156 0.011575755654805325 0.0625
-0.004132847262133434 -0.011914678909138767 0.0625
0.01109707815594578 0.005994568908673171 0.0625
-0.01223345092091141 0.0030761467074331417 0.0625
0.006943531312951426 -0.010533155885396505 0.0625
0.0019953513624200556 0.012458674606092275 0.0625
-0.00988826578165663 -0.007839783149508575 0.0625
0.012588577656711652 -0.0008987283131960281 0.0625
-0.008676432382025742 0.009167307190235044 0.0625
0.00020532995068321254 -0.012622117081193329 0.0625
0.00837576464343924 0.009447040099296346 0.0625
-0.012558987560874948 -0.0013083697664606601 0.0625
0.010145670069768192 -0.00751966613856027 0.0625
-0.002401941028966384 0.012399624159359343 0.0625
-0.006605537231359928 -0.010766934470178494 0.0625
0.012145199361125953 0.003477661927000057 0.0625
-0.011306035435515638 0.005640351294987284 0.0625
0.004527283188619261 -0.011797614459289871 0.0625
0.004631476322916166 0.011758802110345551 0.0625
-0.011359485355549372 -0.0055427513436071985 0.0625
0.012121722914979446 -0.0035866186823332903 0.0625
-0.006516270517246947 0.010834122878482512 0.0625
-0.0025137642467326408 -0.012391972777239656 0.0625
0.010225507768003319 0.007440362281939219 0.0625
-0.012567435118376115 0.0014211173580696089 0.0625
0.008307923106482904 -0.00953826051524949 0.0625
0.00031703808432643457 0.01264671842230571 0.0625
-0.00877760628604425 -0.009112278962323118 0.0625
0.012629167258347498 0.0007900217469687488 0.0625
-0.009847236666383583 0.007949335194607835 0.0625
0.0018915832505379208 -0.012514867670346515 0.0625
0.0070597582290933955 0.010507131566072069 0.0625
-0.012304646888033484 -0.002979205424405627 0.0625
0.011086871198775152 -0.00611565916494453 0.0625
-0.00404454983352709 0.012000067359982445 0.0625
-0.005124242831927765 -0.011581974589828669 0.0625
0.011603415151124315 0.005079444539578981 0.0625
-0.011988606885281748 0.004093080129947993 0.0625
0.006075946787471112 -0.011117682790753631 0.0625
0.0030300502126492353 0.012303609052177509 0.0625
-0.010546546699869732 -0.007026403966999541 0.0625
0.012524522416025146 -0.0019432802809897602 0.0625
-0.00792351238242055 0.009894339367821796 0.0625
-0.0008410834461762511 -0.012649607845169284 0.0625
0.009166016489125964 0.00876037337794862 0.0625
-0.012677859432208385 -0.00026810486225520936 0.0625
0.009530546388496267 -0.008367119309339432 0.0625
-0.0013757914574594042 0.01260901256504972 0.0625
-0.007503732466516587 -0.010228098507100178 0.0625
0.012443546322894603 0.0024734904305406553 0.0625
-0.010847650188103405 0.006582437648511392 0.0625
0.0035527881627665267 -0.012182680175991901 0.0625
0.005610263419616664 0.011384416733522678 0.0625
-0.011828365011659861 -0.004605407815920413 0.0625
0.011834245243126842 -0.004594631598455933 0.0625
-0.0056232728071815355 0.011383268552397975 0.0625
-0.0035433005968353803 -0.012193646742482992 0.0625
0.0108507552751935 0.0065985687810206604 0.0625
-0.012459823240788098 0.002464306151499201 0.0625
0.007523803603278044 -0.010234860982900565 0.0625
0.0013658999022332747 0.01263068950837915 0.0625
-0.009540262220148917 -0.008391864916143446 0.0625
0.012704889404695514 -0.00025648628512209173 0.0625
-0.009196074812529192 0.008772240765184581 0.0625
0.0008554417756889158 -0.012681806628726297 0.0625
0.007936643467646184 0.009930241208926861 0.0625
-0.012561569806928291 -0.0019613678863659215 0.0625
0.010588705522104471 -0.007039837737203488 0.0625
-0.003052817413393659 0.012345051876783688 0.0625
-0.006088663022424409 -0.01116638628202346 0.0625
0.012033863767879394 0.004121422426313464 0.0625
-0.011658818345318974 0.0050903786490647 0.0625
0.005158985854780571 -0.011630342426178775 0.0625
0.004052608416194592 0.012062187406311873 0.0625
-0.011137533270292299 -0.006157544368750594 0.0625
0.012373359539210649 -0.0029832823723920042 0.0625
-0.007109429498721319 0.010559167211608647 0.0625
-0.0018905762173332967 -0.012589905542396009 0.0625
0.009899632411386325 0.00800732652758893 0.0625
-0.012710119895978443 0.0007828487911806177 0.0625
0.00884433070117783 -0.009163940988908825 0.0625
-0.0003314218695653814 0.012733034184528596 0.0625
-0.008357690932884045 -0.009614000326107121 0.0625
0.012658424879556112 0.0014437034212866932 0.0625
-0.010310406346073693 0.007487023505963054 0.0625
0.002545474550148642 -0.012486815419255046 0.0625
0.006558576466002002 0.010928178015552487 0.0625
-0.012219472566784639 -0.0036282902570766926 0.0625
0.011462544318569296 -0.005579433460920097 0.0625
-0.0046838465898891195 0.011858397072217818 0.0625
-0.004557069982389432 -0.011909370813590664 0.0625
0.011406308706777885 0.005704044327114143 0.0625
-0.012265191619597566 0.003499296291335399 0.0625
0.006681051124367797 -0.010866625781427454 0.0625
0.002414197750369514 0.012527236296251094 0.0625
-0.010243439303768137 -0.007607361647116441 0.0625
0.012693451409412209 -0.001310073019679144 0.0625
-0.008475855227473307 0.009541481968903646 0.0625
-0.00019537058811836108 -0.01276251661441811 0.0625
0.008766092218936409 0.009279850602736154 0.0625
-0.012733855131033851 -0.0009213758743547199 0.0625
0.010013157314260675 -0.00792317364443491 0.0625
-0.0020316128489247013 0.012607638527182006 0.0625
-0.00701915003615297 -0.01067012337182536 0.0625
0.012384785771964363 0.00312683248392828 0.0625
-0.011245678815961021 0.006060916429736145 0.0625
0.0041986377935230796 -0.012066956562397979 0.0625
0.005055786515947721 0.011735374842976308 0.0625
-0.011656538972268038 -0.005238807038629731 0.0625
0.012135418190328482 -0.004011436818129459 0.0625
-0.006239356797234762 0.011156631514789773 0.0625
-0.0029358480623460415 -0.012442700516962507 0.0625
0.010571019753975532 0.007192603239513432 0.0625
-0.012654822550758197 0.0018372441886754754 0.0625
0.00809122113813966 -0.00990414764094932 0.0625
0.0007240294690459419 0.012770112815788005 0.0625
-0.009161083792556092 -0.008928300159927762 0.0625
0.012787640793060025 0.00039527578684665375 0.0625
-0.009697398006844143 0.008347482967748739 0.0625
0.001512100446388427 -0.01270722441133515 0.0625
0.007469543034982012 0.010392589997135063 0.0625
-0.012529431807784512 -0.002617888189758641 0.0625
0.011008514705532534 -0.006533957757597914 0.0625
-0.0037041630645782077 0.012255577342215038 0.0625
-0.005547865757416509 -0.011540415310450717 0.0625
0.011887711892600628 0.004762594456650873 0.0625
-0.011984176329766479 0.004518796045083791 0.0625
0.005785060979002057 -0.011428607503507495 0.0625
0.003454610533419923 0.012336355461090772 0.0625
-0.010881736502143115 -0.006763712789432005 0.0625
0.012594210280559025 -0.002363443972058861 0.0625
-0.007691031857857005 0.010251245239551567 0.0625
-0.0012536417629715059 -0.012755719592799683 0.0625
0.00954192265520613 0.008559889721372818 0.0625
-0.012819599266139748 0.00013369613154167373 0.0625
0.009363602282702003 -0.008759163903671277 0.0625
-0.0009878188578831667 0.012785312428877536 0.0625
-0.007908929319173382 -0.01009598123137715 0.0625
0.01265307394586699 0.0021023129454060797 0.0625
-0.010751381691499688 0.006997699030658957 0.0625
0.003201245474638123 -0.012423849138294822 0.0625
0.006032423572407235 0.011324745729731224 0.0625
-0.012099346753634041 -0.004276190844118791 0.0625
0.011811641387702443 -0.005020470867191117 0.0625
-0.005318903108763333 0.01168200623692642 0.0625
-0.003969569985790597 -0.012208296938062675 0.0625
0.011174979397988312 0.006321379236728074 0.0625
-0.01251163009903346 0.002887752112796387 0.0625
0.0072759205357131864 -0.010582106612484451 0.0625
0.0017832891689477384 0.012719271981521337 0.0625
-0.009907887736265967 -0.00817519177790653 0.0625
0.012829585582512093 -0.0006646305597832994 0.0625
-0.009012277568828025 0.00915744795357305 0.0625
0.0004596614664413227 -0.012841678680619174 0.0625
0.008336498817894035 0.009780735527517924 0.0625
-0.01275541103214312 -0.0015809773562836373 0.0625
0.010474645868511552 -0.007451294782068008 0.0625
-0.002690726183172935 0.012571395809821103 0.0625
-0.006508585547977354 -0.011088657004554713 0.0625
0.012290995270449861 0.003780401468333641 0.0625
-0.01161802681825985 0.005515564599403668 0.0625
0.004841646386997192 -0.01191631068172012 0.0625
0.004479814309910304 0.012058659284875864 0.0625
-0.011450166582779954 -0.005866317859321063 0.0625
0.012407136162948371 -0.0034092480452526195 0.0625
-0.006846549035186021 0.010896089496181342 0.0625
-0.00231204970176658 -0.01266074350804727 0.0625
0.010258281251867073 0.00777480969269297 0.0625
-0.012817492803646507 0.0011966111433837014 0.0625
0.008643964087306936 -0.009541587124653214 0.0625
7.146801485223991e-05 0.012876136544897816 0.0625
-0.008751459027171907 -0.009447325806583117 0.0625
0.012836178153066122 0.0010547655771535054 0.0625
-0.01017870920939288 0.007893914037448126 0.0625
0.0021734630159033637 -0.01269787614203652 0.0625
0.006975488577058319 0.010832477053348829 0.0625
-0.012462242502163769 -0.0032760512537600706 0.0625
0.011403583944240729 -0.006003188588296646 0.0625
-0.004354076513171907 0.012131035311029508 0.0625
-0.004984436090684924 -0.011887615272117348 0.0625
0.011706745625028233 0.005399269105247701 0.0625
-0.012280821333976347 0.003927012523910691 0.0625
0.006403606869634784 -0.01119257874929483 0.0625
0.0028389993103433756 0.012580146378952429 0.0625
-0.010592430026980536 -0.007359376748306962 0.0625
0.012783252351359492 -0.0017287160904735064 0.0625
-0.008259234021330874 0.009910855330438976 0.0625
-0.0006046571040374765 -0.012888537146881216 0.0625
0.00915303647818471 0.009096258749014352 0.0625
-0.012895147239604885 -0.0005245737973922316 0.0625
0.009864008987314987 -0.008324741839731078 0.0625
-0.0016503290084023082 0.012802984580324459 0.0625
-0.007432282428256062 -0.010556570366678572 0.0625
0.012612707710579834 0.002763983394935657 0.0625
-0.011168601653284042 0.006482463814805369 0.0625
0.0038570003787651206 -0.012325727081118003 0.0625
0.005482534230963883 0.011695375941213233 0.0625
-0.011944194607797562 -0.004920997375640398 0.0625
0.012132817158327957 -0.004440129255166199 0.0625
-0.005947810084737303 0.01147098754231288 0.0625
-0.003363213505397822 -0.012477531603530791 0.0625
0.010909686778388512 0.006929555137052798 0.0625
-0.012726834271764317 0.0022600197828880246 0.0625
0.007858690621304459 -0.010264549757228583 0.0625
0.0011389861324859751 0.01287876976228726 0.0625
-0.009540478176893434 -0.008728074023300912 0.0625
0.012932127607679292 -8.691300196273969e-06 0.0625
-0.009531017133021066 0.008742980750868603 0.0625
0.0011222109177010534 -0.012886451903304981 0.0625
0.00787813129833874 0.010261337497915931 0.0625
-0.012742045160836397 -0.002245057932260499 0.0625
0.010913406026022017 -0.006952522485485853 0.0625
-0.0033512447181517782 0.012499966353517111 0.0625
-0.005973215569596005 -0.011482190372883387 0.0625
0.012162023165334662 0.00443228976104486 0.0625
-0.01196329377739778 0.0049476865296495505 0.0625
0.005479900089936881 -0.011730758500809306 0.0625
0.0038837689937538944 0.012352989047317896 0.0625
-0.011209431355846036 -0.006486034896496916 0.0625
0.012648247431354152 -0.0027895943997726827 0.0625
-0.007442967252650551 0.010601992193732814 0.0625
-0.0016735298455864416 -0.01284676215456375 0.0625
0.009913053012023113 0.008343343453365655 0.0625
-0.012946966433919857 0.0005441141047175249 0.0625
0.009180239528216262 -0.00914785232743597 0.0625
-0.0005900077040900779 0.012948045833604172 0.0625
-0.008312215344201502 -0.009947214488067556 0.0625
0.012849944862542453 0.0017201502927415575 0.0625
-0.01063835989680875 0.00741250960916553 0.0625
0.002837654719284247 -0.012653367760960868 0.0625
0.006455596490726301 0.011248345387163494 0.0625
-0.012359773467172503 -0.003933954732858354 0.0625
0.011772459769444705 -0.005448778851890209 0.0625
-0.005000642440498248 0.011971364800317788 0.0625
-0.004399745315920175 -0.012206647416675818 0.0625
0.01149107193931127 0.006029532791649213 0.0625
-0.012547539644684294 0.0033165115505717625 0.0625
0.0070127263865420375 -0.010922530321656108 0.0625
0.0022073590186586093 0.012792480844728536 0.0625
-0.0102700531290511 -0.007942670125749132 0.0625
0.012939549165678353 -0.001080771663670299 0.0625
-0.008812215235936562 0.009538598567689464 0.0625
5.462898619945256e-05 -0.012987571584937149 0.0625
0.00873373219182194 0.009614672225382054 0.0625
-0.01293613324982464 -0.0011901497984629365 0.0625
0.010343862347398793 -0.007861584556440612 0.0625
-0.0023170925969670055 0.012785581015232772 0.0625
-0.006928804521776333 -0.010994165175174141 0.0625
0.01253702114767148 0.0034268207923435516 0.0625
-0.011560561922236 0.005942508564751684 0.0625
0.004510825572606531 -0.012192311210493233 0.0625
0.004910226484400252 0.012038674174172766 0.0625
-0.011754046189808956 -0.00556079114585664 0.0625
0.012424797733136707 -0.0038398439148800033 0.0625
-0.006568658535550867 0.011225538964492294 0.0625
-0.002739542085629994 -0.012715931313162322 0.0625
0.010610795267444713 0.007526687438201011 0.0625
-0.012909799864341895 0.0016177352881846883 0.0625
0.008427515669383762 -0.009914483327046912 0.0625
0.00048300652833558423 0.013004872344378672 0.0625
-0.009141898419209163 -0.009264215740841802 0.0625
0.01300037379893524 0.0006559581449743034 0.0625
-0.010030348134513273 0.008298922598775467 0.0625
0.001790436130801097 -0.012896291655414824 0.0625
0.007391979916963518 0.010720010863203823 0.0625
-0.012693376179287001 -0.0029117350791425536 0.0625
0.0113278849370141 -0.006427987465277842 0.0625
-0.004011259493290683 0.01239313508671173 0.0625
-0.005414302619536771 -0.011849275384768355 0.0625
0.011997822351906795 0.005080576622007161 0.0625
-0.012280147514535773 0.004358666885785254 0.0625
0.006111481135647451 -0.011510421292403913 0.0625
0.0032691467773248075 0.012617158132808943 0.0625
-0.010934622058880301 -0.0070960580909014805 0.0625
0.012857681481136056 -0.0021540721737330314 0.0625
-0.008026743700267406 0.01027479369964271 0.0625
-0.0010219726336150462 -0.012999829688736003 0.0625
0.009535951010899728 0.008896383440349254 0.0625
-0.013042467582047707 -0.00011848785268811709 0.0625
0.009698287051910347 -0.008723716424709609 0.0625
-0.0012585771705734042 0.012985221734945903 0.0625
-0.007844277223808321 -0.010426280009478069 0.0625
0.01282848368767265 0.0023895619420966673 0.0625
-0.011074751063959665 0.006904338409386111 0.0625
0.0035027744276278365 -0.012573407307057086 0.0625
0.005911071580311492 0.011638695492727433 0.0625
-0.012221900305453963 -0.0045896789564788 0.0625
0.012113753723340122 -0.004872060214145891 0.0625
-0.005641937376613119 0.011776609980736217 0.0625
-0.0037952417668393667 -0.012496245033258514 0.0625
0.01124090328370409 0.00665147302230195 0.0625
-0.012783196064701147 0.0026888470338435307 0.0625
0.007610532708259559 -0.01061884136318607 0.0625
0.0015613372352240131 0.012972363934067803 0.0625
-0.009915148780955464 -0.008511746275090522 0.0625
0.013062253756104942 -0.00042133930640561595 0.0625
-0.009348183228059538 0.009135177630162774 0.0625
0.0007224201112851615 -0.013052130446130652 0.0625
0.008284866829371615 0.010113406034545334 0.0625
-0.012942024707099311 -0.0018611814744486832 0.0625
0.010801519669710323 -0.007370696902251578 0.0625
-0.0029862194251537486 0.012732733152973656 0.0625
-0.006399640586730246 -0.011407217029612216 0.0625
0.012425812564723504 0.004088909647615061 0.0625
-0.011925819861412338 0.005379109650596745 0.0625
0.005160794982462792 -0.012023568320136365 0.0625
0.004316898318622263 0.01235331489547143 0.0625
-0.011529037083494556 -0.006193650291016385 0.0625
0.012686384899885538 -0.0032211237436578243 0.0625
-0.007179545572782439 0.010945963884845413 0.0625
-0.0021001639757026263 -0.012922434417522145 0.0625
0.010278773762105831 0.0081109068511138 0.0625
-0.01305960998562264 0.0009625939036922286 0.0625
0.008980574360225637 -0.009532538180382908 0.0625
-0.0001828803409159393 0.013096814680711739 0.0625
-0.008712936483719699 -0.009781857585891661 0.0625
0.013033716874584477 0.0013274880162065085 0.0625
-0.010508586737301602 0.00782621267182338 0.0625
0.0024624609282880242 -0.012870753131680169 0.0625
0.006879127831221202 0.011155160253520245 0.0625
-0.012609125222893123 -0.003579100601184676 0.0625
0.011716587979282336 -0.005878908582699405 0.0625
-0.004668844944312976 0.012250791275912064 0.0625
-0.004833191938697028 -0.012188529676860705 0.0625
0.011798451127263822 0.005723333905825086 0.0625
-0.012567328577223478 0.00374996699080167 0.0625
0.006734473609095607 -0.011255525985416888 0.0625
0.0026375138732614785 0.012850039710769506 0.0625
-0.010626132558250312 -0.007694498479725152 0.0625
0.013034452798482891 -0.0015043404681525977 0.0625
-0.008596030886422263 0.009915051840493547 0.0625
-0.00035911733676509487 -0.01311910952536165 0.0625
0.009127692797595026 0.009432137837878109 0.0625
-0.013103315061363497 -0.0007893886258646811 0.0625
0.010196384299438638 -0.008270051222221133 0.0625
-0.0019323813048523143 0.012987143738815602 0.0625
-0.007348664075879183 -0.01088288272011983 0.0625
0.012771438840134581 0.003061102734751298 0.0625
-0.01148633838823358 0.006370559663875035 0.0625
0.004166900207476263 -0.012457806494762002 0.0625
0.005343204022811258 0.012002090266724944 0.0625
-0.012048603729259151 -0.005241292605386814 0.0625
0.012426146992836475 -0.0042744439301997065 0.0625
-0.0062760354502556055 0.011546920759541694 0.0625
-0.0031724469705756756 -0.0127552177644635 0.0625
0.010956557658034681 0.007263184169918976 0.0625
-0.012986737873874601 0.002045639116577263 0.0625
0.00819515509639556 -0.010281995572165062 0.0625
0.0009026403013198736 0.013118888690984203 0.0625
-0.009528362711828922 -0.009064783727802237 0.0625
0.013150611940302436 0.00024780152456159985 0.0625
-0.009865379805811073 0.008701395364370883 0.0625
0.001396877347464056 -0.01308161815969805 0.0625
0.00780739423298978 0.010590778785843745 0.0625
-0.012912389273396399 -0.0025357845437413685 0.0625
0.011235389303454352 -0.006853176431394686 0.0625
-0.0036557943152415897 0.01264417525679897 0.0625
-0.005846023499921606 -0.011794236271940815 0.0625
0.01227898491599251 0.004748318590072532 0.0625
-0.012262999278522776 0.004793625840107872 0.0625
0.0058049758765788195 -0.011819570849753302 0.0625
0.0037040239911215857 0.012638045983188847 0.0625
-0.011269408706744522 -0.006817655564807509 0.0625
0.01291646026167442 -0.002585547197129769 0.0625
-0.007778580182858328 0.010632670893940231 0.0625
-0.001446749734290088 -0.013096064874851971 0.0625
0.009914194935438905 0.008680365129539057 0.0625
-0.013175438488096396 0.00029634548484527753 0.0625
0.009516075425223518 -0.009119446721235725 0.0625
-0.0008568587420043649 0.013153926907819228 0.0625
-0.00825447892556815 -0.010279279044142702 0.0625
0.01303164844630922 0.002004030631454148 0.0625
-0.01096409641855468 0.007325884910687338 0.0625
0.0031363800112663566 -0.012809493371126308 0.0625
0.006340748467641227 0.011565245733234787 0.0625
-0.012489117440560641 -0.004245226207857954 0.0625
0.012078083661854358 -0.005306589776612363 0.0625
-0.005322064594918781 0.012072929571877408 0.0625
-0.004231307999677513 -0.012498641230624434 0.0625
0.01156407373427027 0.006358631823620588 0.0625
-0.01282365453261152 0.0031231209435806425 0.0625
0.007346969234820218 -0.010966405202371706 0.0625
0.0019905022540927814 0.01305059005472364 0.0625
-0.010284461349925016 -0.00827948396591832 0.0625
0.013177664421140583 -0.0008421166212619678 0.0625
-0.009149007283864958 0.0095234272045197 0.0625
0.00031324650824319584 -0.013203858399160204 0.0625
0.008689096025262721 0.009948849695505687 0.0625
-0.013128925057678426 -0.0014667402053068503 0.0625
0.010672852412209416 -0.007787825202660601 0.0625
-0.002609527803371337 0.012953392013037818 0.0625
-0.006826487816916567 -0.011315434772269676 0.0625
0.012678557742344108 0.0037328505962663837 0.0625
-0.011871637256455195 0.005812420223206937 0.0625
0.0048280949694548365 -0.012306481989826536 0.0625
0.004753366064255047 0.01233715976467795 0.0625
-0.011839970336914364 -0.005886858450904691 0.0625
0.012708394858797831 -0.0036574171368441016 0.0625
-0.006901014174344842 0.011282553051747269 0.0625
-0.0025329515645128547 -0.012982455714225714 0.0625
0.010638458377285642 0.007862773261054971 0.0625
-0.01315719856407561 0.001388569748153376 0.0625
0.008764744640641059 -0.009912580460422699 0.0625
0.00023302858489231574 0.013231239461162477 0.0625
-0.009110442164969666 -0.0095999918520144 0.0625
0.01320396522701571 0.0009248255423375786 0.0625
-0.01036208638741605 0.00823815305148715 0.0625
0.0020761244909843243 -0.013075538501260095 0.0625
0.007302362843185468 0.011045157169839833 0.0625
-0.012846896850034106 -0.0032120462830700033 0.0625
0.01164393578249915 -0.006310210732854804 0.0625
-0.004323882706359322 0.01251974593758383 0.0625
-0.005269270916703 -0.012153797102403345 0.0625
0.012096546810548472 0.0054031060752320675 0.0625
-0.012570795024210072 0.004187494771255873 0.0625
0.006441434638681771 -0.011580497389818395 0.0625
0.0030731501141084594 0.012891692998832822 0.0625
-0.010975508308895746 -0.007430896134475335 0.0625
0.013113989150154026 -0.0019347580132002468 0.0625
-0.008363889001038561 0.010286173281561332 0.0625
-0.0007810276268782839 -0.013235935775231491 0.0625
0.00951773422302298 0.009233240777749554 0.0625
-0.013256553075842782 -0.00037921042623230373 0.0625
0.010032263244312471 -0.008676041389759333 0.0625
-0.001537071658527339 0.013175637013691295 0.0625
-0.0077675088406988155 -0.010754803875927529 0.0625
0.012993761226344805 0.002683685747761532 0.0625
-0.011395293217819343 0.006799065559319197 0.0625
0.003810264494191488 -0.01271227298653957 0.0625
0.005778102608584679 0.011948787814865023 0.0625
-0.01233328323315311 -0.004908169179116014 0.0625
0.012411008364950038 -0.0047124167223559724 0.0625
-0.005968976809274548 0.01185965074740157 0.0625
-0.0036101507631522167 -0.012778372802016361 0.0625
0.011294960593014219 0.0069845447383674085 0.0625
-0.013048024052693766 0.0024797315016599985 0.0625
0.007947073170629643 -0.010643496982695984 0.0625
0.00132980519273145 0.013217852251761041 0.0625
-0.009910210776529083 -0.00884916506596904 0.0625
0.013286511243494364 -0.00016917144114136183 0.0625
-0.009683882987235383 0.009100681858494622 0.0625
0.0009932841377746887 -0.013253429240073875 0.0625
0.008221076677451011 0.010444802452103682 0.0625
-0.013118813552638312 -0.0021486579465129804 0.0625
0.011126061379861628 -0.00727810127516453 0.0625
-0.003288096602748839 0.012883649356102159 0.0625
-0.00627895015972792 -0.01172240525198019 0.0625
0.01254969249452039 0.004402864782499985 0.0625
-0.012229227639060083 0.005231251413576768 0.0625
0.0054844121899728406 -0.01211945637932978 0.0625
0.00414300845554109 0.01264260578114002 0.0625
-0.011596193078322034 -0.00652443913990131 0.0625
0.01295933094694664 -0.0030225389009094755 0.0625
-0.007514960250070659 0.01098386873737382 0.0625
-0.0018784109872680827 -0.013176933336816672 0.0625
0.010287133520947811 0.0084483657545227 0.0625
-0.013293701336319769 0.0007193780513262719 0.0625
0.009317479967343105 -0.009511286298822044 0.0625
-0.00044568844145060217 0.013308694970325129 0.0625
-0.008662234347609385 -0.01011561644721152 0.0625
0.013221753451966052 0.0016078668027618875 0.0625
-0.010836629439234361 0.007746448373075187 0.0625
0.0027582534423885962 -0.013033496765931678 0.0625
0.006770913196221026 0.011474961197722632 0.0625
-0.012745321271273615 -0.003888031081668508 0.0625
0.012025684826051375 -0.005743074478402466 0.0625
-0.004988536336144011 0.012359389354776835 0.0625
-0.0046707818924295345 -0.012484542302918133 0.0625
0.011878613211351113 0.006051326150119065 0.0625
-0.012847977401939227 0.003562229172759524 0.0625
0.007068242572921109 -0.011306632873245051 0.0625
0.002425891503319469 0.013113163249732019 0.0625
-0.01064778865355082 -0.008031475380608128 0.0625
0.013278024309253584 -0.0012704607207115342 0.0625
-0.008933622061718523 0.009907088212909792 0.0625
-0.00010477882894570314 -0.013341252617239686 0.0625
0.009090168498916903 0.009767744707008821 0.0625
-0.013302318148941247 -0.0010622296664791098 0.0625
0.010527423365332108 -0.008203252847929266 0.0625
-0.0022216260865388186 0.013161473228009478 0.0625
-0.007253103575249245 -0.011206805455914126 0.0625
0.012919750945110536 0.003364526046312534 0.0625
-0.011800650856169345 0.006246970415392541 0.0625
0.004482167537052056 -0.012578957594721302 0.0625
0.005192535204980161 0.012304372318206308 0.0625
-0.01214165918526625 -0.005565978101721182 0.0625
0.012714070901856705 -0.004097853230968705 0.0625
-0.0066076405882267725 0.01161116212344045 0.0625
-0.0029712916913773534 -0.013026566150937549 0.0625
0.010991488217852485 0.0075991569767185395 0.0625
-0.013239420778884741 0.0018214657393525121 0.0625
0.008532909790412551 -0.010287344191222613 0.0625
0.0006571725987170895 0.01335095967245409 0.0625
-0.009504085931884369 -0.009401720619086574 0.0625
0.013360283065156773 0.0005126757443893267 0.0625
-0.010198905304965105 0.008647677756505193 0.0625
0.0016791207595409836 -0.01326727377703794 0.0625
0.0077246469934060735 0.010918325367347435 0.0625
-0.013072598462608612 -0.002833225976762706 0.0625
0.011554435269771015 -0.006742034232831487 0.0625
-0.003966145453351698 0.012777702854694099 0.0625
-0.0057073396227869085 -0.01210232516627142 0.0625
0.01238480103801299 0.005069191577444313 0.0625
-0.012557758796775145 0.004628465620701586 0.0625
0.00613390168936424 -0.01189685883186039 0.0625
0.003513656637250093 0.01291720623956699 0.0625
-0.011317571406761174 -0.007152103009105918 0.0625
0.013177871267265917 -0.0023714360340028966 0.0625
-0.008115975372528872 0.01065133530373093 0.0625
-0.0012105409556586206 -0.01333771309463032 0.0625
0.009903215068323486 0.009018111293975626 0.0625
-0.013395462348849684 3.985549586285763e-05 0.0625
0.009851572894664958 -0.00907890475228718 0.0625
-0.0011316572928825118 0.013350631137570457 0.0625
-0.008184684575908752 -0.01060994525871276 0.0625
0.01320351713479199 0.0022950240241126855 0.0625
-0.011287385807033621 0.007227373080392073 0.0625
0.003441329712431985 -0.012955201650701265 0.0625
0.006214275135356489 0.011878669308558517 0.0625
-0.012607541697584273 -0.0045617860913981815 0.0625
0.012379228182503824 -0.005153126197319752 0.0625
-0.0056477989914733885 0.012163156109822493 0.0625
-0.004052033245151352 -0.01278518778040386 0.0625
0.011625405821825035 0.006691034260701153 0.0625
-0.01309339637577407 0.0029194128428275657 0.0625
0.00768348172319746 -0.010998368452151918 0.0625
0.0017639268033972702 0.013301449628978666 0.0625
-0.010286807386296136 -0.008617516683897009 0.0625
0.01340770933769296 -0.0005944159452277424 0.0625
-0.00948595850797844 0.009496135592171768 0.0625
0.0005801675520928004 -0.01341131632657655 0.0625
0.008632374443583661 0.010282125824252671 0.0625
-0.013312197374944604 -0.0017508286753757634 0.0625
0.01099988792871634 -0.007702107864453767 0.0625
-0.0029085984636236166 0.01311106612665066 0.0625
-0.006712432143399546 -0.011633711992320276 0.0625
0.012809417972539988 0.004044602725209187 0.0625
-0.012178705709663994 0.005670901801071649 0.0625
0.005150130059171104 -0.012409518942071134 0.0625
0.004585471922957636 0.012630655059962932 0.0625
-0.011914388686412931 -0.006216698659986309 0.0625
0.012986056888548812 -0.003464437398391541 0.0625
-0.007236121392757432 0.011327777680961005 0.0625
-0.0023163695292019344 -0.013242146057349797 0.0625
0.010654138819092723 0.008200568640253033 0.0625
-0.013396916953655736 0.0011500504931747611 0.0625
0.009102628438656524 -0.009898593612617983 0.0625
-2.559383730053577e-05 0.013449139190130062 0.0625
-0.009066893255079247 -0.009935363440810733 0.0625
0.013398367373057012 0.0012015622067131648 0.0625
-0.01069236426853907 0.008165374844357667 0.0625
0.002368846895994685 -0.013244944861468332 0.0625
0.007200913097311476 0.011367798844321977 0.0625
-0.012990001485662275 -0.0035185027216831765 0.0625
0.011956457322086644 -0.006180867924905101 0.0625
-0.004641715586914524 0.012635445239887466 0.0625
-0.005113028267016743 -0.012453792271460443 0.0625
0.012183948010272833 0.0057298700581225 0.0625
-0.012855953805106998 0.00400555261617607 0.0625
0.006774615450088536 -0.01163892544453403 0.0625
0.0028669066837278506 0.013159819378198037 0.0625
-0.01100451111531904 -0.007767929911683012 0.0625
0.013363018029057962 -0.001705798685388127 0.0625
-0.008702182021189706 0.010285525172303195 0.0625
-0.0005311127401711975 -0.013463948873091724 0.0625
0.00948743772111207 0.009570189417562217 0.0625
-0.013461793705586898 -0.0006481591071805123 0.0625
0.010365274017802168 -0.008616327206871574 0.0625
-0.001822985720879347 0.013356523614379232 0.0625
-0.0076788341194719435 -0.011081313395335121 0.0625
0.013148899549020534 0.002984366038167511 0.0625
-0.011712787924669338 0.0066821103726083545 0.0625
0.004123398033860788 -0.012840466839424221 0.0625
0.005633764743062357 0.012254823328788855 0.0625
-0.012433543703388025 -0.005231346956180597 0.0625
0.012703228301785144 -0.004541804785845046 0.0625
-0.006299712311584303 0.011931203828251075 0.0625
-0.003414575669281866 -0.013054526915930287 0.0625
0.01133725315772175 0.007320293084141384 0.0625
-0.013305985562993217 0.0022606963965592676 0.0625
0.008285250689782812 -0.010656201058888363 0.0625
0.0010889939018939067 0.013455634220713565 0.0625
-0.009893226088157852 -0.009187169181450447 0.0625
0.013502281879253947 9.156447548329074e-05 0.0625
-0.010019112243397346 0.009054136615614182 0.0625
0.0012719396221819797 -0.013445526006725196 0.0625
0.008145326607635468 0.010774676535977575 0.0625
-0.013285755978752502 -0.0024430898618434376 0.0625
0.011448040981259303 -0.007173726903876921 0.0625
-0.003596040215937259 0.013024150443133015 0.0625
-0.006146752360450865 -0.01203401160957109 0.0625
0.012662668637074664 0.004721951184377668 0.0625
-0.012528061621976267 0.00507224526181112 0.0625
0.00581218651806915 -0.012204035720988991 0.0625
0.003958415433853244 0.012926366359229976 0.0625
-0.011651722238395548 -0.006858379464514821 0.0625
0.01322583290748604 -0.0028137775148826868 0.0625
-0.007852496977589404 0.011009917856957393 0.0625
-0.001647085864464124 -0.013424124111281244 0.0625
0.010283499589001892 0.008786901399412534 0.0625
-0.013519676807654242 0.0004672676070262465 0.0625
0.009654409140001423 -0.009477994732930432 0.0625
-0.0007166456769061307 0.013511714138989613 0.0625
-0.008599538816677636 -0.010448345904517837 0.0625
0.013400251847802075 0.0018955870899215106 0.0625
-0.011162598042906296 0.007654828863698038 0.0625
0.003060523857303379 -0.013186098502547174 0.0625
0.006651072336918345 0.01179165962742648 0.0625
-0.012870849650070081 -0.004202526535941313 0.0625
0.012330674895045586 -0.005595932150472569 0.0625
-0.0053128374615057155 0.012456875936912172 0.0625
-0.004497468168126839 -0.012775475727998774 0.0625
0.011947305287698684 0.0063829379099696005 0.0625
-0.013122613882812575 0.0033640756356857733 0.0625
0.007404613457660735 -0.011345999274750091 0.0625
0.0022044210169958954 0.013369387718958067 0.0625
-0.010657523857134 -0.00837001703908777 0.0625
0.013513863219684449 -0.0010273757246790907 0.0625
-0.00927172921776611 0.009887114711199739 0.0625
0.00015805174840205748 -0.013554889141738751 0.0625
0.00904063741543226 0.010102815207786704 0.0625
-0.013492106175196129 -0.0013427847769596165 0.0625
0.010856878207253383 -0.008124542792850964 0.0625
-0.002517748103436145 0.013325950040715438 0.0625
-0.00714581775044284 -0.011528108634006537 0.0625
0.013057648497829179 0.003673937357541553 0.0625
-0.01211132888412454 0.006111931990833232 0.0625
0.004802488063394469 -0.01268921228449401 0.0625
0.005030781002017562 0.012602033268871306 0.0625
-0.012223420054783246 -0.005894743604629697 0.0625
0.012996422821608828 -0.003910625760919245 0.0625
-0.006942321627122917 0.011663797427321062 0.0625
-0.0027600296105736964 -0.013291434706184147 0.0625
0.011014590302647275 0.00793717836922093 0.0625
-0.01348476599883594 0.0015877927939873567 0.0625
0.008871670426484773 -0.01028073265112149 0.0625
0.0004028851444288021 0.013574891659250863 0.0625
-0.009467809016102955 -0.0097386134759831 0.0625
0.01356107655038468 0.00078562255225191 0.0625
-0.010531337509604739 0.008582012016933574 0.0625
0.0019686279988153396 -0.013443381412512268 0.0625
0.007630095175596055 0.011243738151137541 0.0625
-0.013222662743062098 -0.0031370670989377247 0.0625
0.011870323662863547 -0.006619321425860941 0.0625
-0.004281983407488378 0.01290056658050313 0.0625
-0.0055574076980908025 -0.012406257279179775 0.0625
0.012479516237342048 0.005394596785851206 0.0625
-0.012847394541385452 0.004452466001889216 0.0625
0.00646637073677176 -0.011962694073436043 0.0625
0.0033129414570912835 0.013190315345050925 0.0625
-0.011354017446883918 -0.0074890779015747725 0.0625
0.013432350452527818 -0.002147547745796527 0.0625
-0.00845486321793894 0.010658109023928365 0.0625
-0.0009652004795373631 -0.013571602264813867 0.0625
0.009880261673217648 0.009356304252681528 0.0625
-0.013606959691388412 -0.0002250510096199452 0.0625
0.010186468246816889 -0.009026398210614867 0.0625
-0.001414092931429799 0.013538107001397215 0.0625
-0.008103026301170794 -0.010938965433830312 0.0625
0.013365526585870334 0.0025928168239182123 0.0625
-0.011607998221698404 0.0071171888611337745 0.0625
0.0037521893287623532 -0.013090495607161783 0.0625
0.006076410338570742 0.012188405859558117 0.0625
-0.012715076558592261 -0.004883321421853937 0.0625
0.012675704245395167 -0.004988639281735145 0.0625
-0.005977536567683821 0.012242101804102217 0.0625
-0.0038621876341946816 -0.013066120567263787 0.0625
0.01167515221357158 0.007026437275741857 0.0625
-0.013356622510817205 0.002705667219657863 0.0625
0.008021969547633262 -0.011018530055177262 0.0625
0.0015279239025730242 0.013544941806739002 0.0625
-0.01027722634966149 -0.008956484721017708 0.0625
0.013629591935504096 -0.00033796992712622836 0.0625
-0.009822798234795182 0.009456882934588151 0.0625
0.0008550850470570343 -0.013609879851133861 0.0625
0.008563749526486463 0.01061424486469023 0.0625
-0.013485911631681644 -0.0020421036855345414 0.0625
0.011324730003960894 -0.007604636108150604 0.0625
-0.0032139909612864336 0.013258592010495274 0.0625
-0.006586861003285006 -0.011948776595258748 0.0625
0.012929617789200595 0.004361763843353682 0.0625
-0.012481567351721906 0.0055181950350118815 0.0625
0.005476620157108415 -0.01250146518032002 0.0625
0.004406802193704692 0.012918981942303332 0.0625
-0.011977371173729065 -0.006550006089060076 0.0625
0.013257628853898185 -0.003261177267841523 0.0625
-0.007573681817729878 0.011361309067347296 0.0625
-0.0020900809136548348 -0.013494871684250126 0.0625
0.010657958346723798 0.008539784767750332 0.0625
-0.01362884966153916 0.0009024726606185589 0.0625
0.009440890000897121 -0.009872669142180384 0.0625
-0.0002925576356498895 0.013658492231202643 0.0625
-0.009011421533058523 -0.010270067280866723 0.0625
0.013583527595546164 0.0014858593678527792 0.0625
-0.01102093437258597 0.008080780009080378 0.0625
0.0026682912470812137 -0.013404485138219588 0.0625
0.00708784343508274 0.011687706166727263 0.0625
-0.013122691712347105 -0.0038307913311346775 0.0625
0.012265239250771347 -0.006040190901067441 0.0625
-0.004964446475400284 0.012740261818066602 0.0625
-0.0049458238700127825 -0.012749071583719806 0.0625
0.012260081742228025 0.0060605606732287605 0.0625
-0.013135456967990566 0.003813105065700144 0.0625
0.007110721762569321 -0.01168578777897849 0.0625
0.0026506945666252943 0.01342139405257379 0.0625
-0.011021738695799513 -0.008106865986404099 0.0625
0.013604649642609951 -0.0014674835950813953 0.0625
-0.009041339912214542 0.010272982653143943 0.0625
-0.00027252650689622767 -0.013683776134643498 0.0625
0.009445218829097948 0.009906959234318754 0.0625
-0.013658122941290566 -0.0009250284971785057 0.0625
0.010697064007942543 -0.0085447540403443 0.0625
-0.00211600940896017 0.01352784181535222 0.0625
-0.007578454690094912 -0.011405569889759059 0.0625
0.01329388602993238 0.0032912906622127305 0.0625
-0.01202701499122854 0.006553694408557969 0.0625
0.004441863056636855 -0.012958003418200073 0.0625
0.005478297785802184 0.012556601983421904 0.0625
-0.012522723323583847 -0.005558902819888942 0.0625
0.012990235129220536 -0.00436048062575271 0.0625
-0.006633839278980178 0.011991337557614655 0.0625
-0.003208787178202381 -0.01332455195663269 0.0625
0.011367875508960547 0.007658420621301429 0.0625
-0.013556949328653966 0.0020320248276802233 0.0625
0.008624777241427723 -0.010657073591551783 0.0625
0.0008391967391537697 0.013685603707290142 0.0625
-0.009864339263783078 -0.00952548218669205 0.0625
0.01370948545425454 0.00036056702509134296 0.0625
-0.010353608237919561 0.008995709891703056 0.0625
0.0015580793895834566 -0.013628367056098661 0.0625
0.008057806769599395 0.011102781185982106 0.0625
-0.013442825208264985 -0.0027441666166680657 0.0625
0.011767228895018234 -0.0070577846476247725 0.0625
-0.003909738584859427 0.013154236739471484 0.0625
-0.006003277151775531 -0.012341825774129608 0.0625
0.012764768404975682 0.005045858456926287 0.0625
-0.012822132315407034 0.004902338511995547 0.0625
0.006143811202972363 -0.01227736062442703 0.0625
0.003763382043731197 0.01320442939293181 0.0625
-0.011695705286121 -0.007195170453867044 0.0625
0.013485747057963174 -0.00259511585264273 0.0625
-0.008191863171432829 0.01102421778542689 0.0625
-0.001406476253573253 -0.013663887607417392 0.0625
0.010268003508821039 0.009126231639775467 0.0625
-0.013737442746330646 0.00020655941345672045 0.0625
0.009991092301038758 -0.009432819018306459 0.0625
-0.0009954482596832568 0.01370580471049743 0.0625
-0.008525028230876844 -0.0107797909841867 0.0625
0.013569171261402876 0.0021903404481309007 0.0625
-0.011486254101585193 0.007551553927094564 0.0625
0.0033689614385901583 -0.013328544512634998 0.0625
0.006519824957723552 0.012105035420049174 0.0625
-0.012985723594177462 -0.004522276278117335 0.0625
0.01263135804566956 -0.005437719551622616 0.0625
-0.005641440035076444 0.012543291208077597 0.0625
-0.004313505156899505 -0.013061151299230916 0.0625
0.012004594176056408 0.006717865633383315 0.0625
-0.013391082197165016 0.0031557752753911747 0.0625
0.007743289740546496 -0.011373718125307459 0.0625
0.001973383772367692 0.013618581294942433 0.0625
-0.010655456504220702 -0.008709836203205014 0.0625
0.013741862692262291 -0.0007753771643592521 0.0625
-0.009610076543883687 0.00985527416263478 0.0625
0.0004290745977989383 -0.01375993804453798 0.0625
0.008979265773734802 0.01043708705361006 0.0625
-0.013672624470663192 -0.0016307483203186488 0.0625
0.011184502042230414 -0.008034109413453599 0.0625
-0.0028204381957043167 0.013480546293982754 0.0625
-0.007027015651469055 -0.011846562836283313 0.0625
0.013185130600518907 0.0039890263282234524 0.0625
-0.012418162147829613 0.005965672541316012 0.0625
0.0051275526160861895 -0.012788596645811754 0.0625
0.004858186929913846 0.012894883471905216 0.0625
-0.012293939189058096 -0.006227283453942146 0.0625
0.01327303520912957 -0.003713022533894283 0.0625
-0.007279778729668628 0.011704905879462008 0.0625
-0.0025389352564373266 -0.01354967924947375 0.0625
0.01102596886578764 0.008276956600748953 0.0625
-0.013722653796200253 0.0013449062382303039 0.0625
0.009211155553807703 -0.010262290843839767 0.0625
0.00014007315521826126 0.013790590252457916 0.0625
-0.009419685800015752 -0.010075193270055995 0.0625
0.013752924038853047 0.001066339712070231 0.0625
-0.010862421845017891 0.008504574748973525 0.0625
0.0022650921016437423 -0.013609899256462965 0.0625
0.007523936802888832 0.011566778937376428 0.0625
-0.013362567157025398 -0.0034469985456896017 0.0625
0.012182834453968361 -0.006485255944617868 0.0625
-0.0046029987558251365 0.01301277842944666 0.0625
-0.005396463911311117 -0.012705832410901565 0.0625
0.01256316935902366 0.005724227079395883 0.0625
-0.013131727648552935 0.0042658796237388585 0.0625
0.006802080493578761 -0.01201714196299916 0.0625
0.003102145624567934 0.013457217116624598 0.0625
-0.011378838251861293 -0.007828284616566919 0.0625
0.013679765487662242 -0.0019141620105322884 0.0625
-0.008794957228584243 0.010653108811392746 0.0625
-0.0007110183643071673 -0.013797624900163723 0.0625
0.009845475943403948 0.009694668815790161 0.0625
-0.013809848677786075 -0.0004980757940818363 0.0625
0.010520499671352034 -0.008962091645652913 0.0625
-0.0017038615033723428 0.013716298916884459 0.0625
-0.00800969075020486 -0.011266093115454122 0.0625
0.01351764788176494 0.0028971012658545164 0.0625
-0.011925704424331558 0.0069955395777222705 0.0625
0.004068649817041618 -0.013215373194362966 0.0625
0.005927380498559109 0.012494245092253522 0.0625
-0.012811746852535418 -0.005209524218827361 0.0625
0.012967322084941633 -0.004813372824266267 0.0625
-0.006310972738109768 0.012309818158642122 0.0625
-0.0036620304801051403 -0.013341271782059646 0.0625
0.01171339068644412 0.007364541983499327 0.0625
-0.013613188346162607 0.002482156935389589 0.0625
0.008362141784328899 -0.011026993460539489 0.0625
0.001282777888241971 0.013780946298764736 0.0625
-0.010255846566365473 -0.009296107314740377 0.0625
0.013843217127916007 -7.307222025464373e-05 0.0625
-0.010159257985100298 0.009405821452280277 0.0625
0.0011376982515212282 -0.0137994797977491 0.0625
0.00848339622516024 0.01094495264891251 0.0625
-0.01365002507683332 -0.002340259686834242 0.0625
0.0116471407001615 -0.0074956062803913 0.0625
-0.0035253972565894116 0.013395953649637334 0.0625
-0.006449990641945611 -0.01226040866850751 0.0625
0.013039168023005107 0.004684025754395584 0.0625
-0.012780021952995704 0.005354534422426277 0.0625
0.005807259244999537 -0.012582358286957473 0.0625
0.004217607841595359 0.013201961373012473 0.0625
-0.012028981836506648 -0.006886479214881377 0.0625
0.013522954253927064 -0.0030479022697908103 0.0625
-0.007913400703082394 0.011383237207071418 0.0625
-0.001854363784209587 -0.013740499807350965 0.0625
0.010650032221778575 0.008880135904088298 0.0625
-0.013852888608937072 0.0006461247467644881 0.0625
0.009779254755195917 -0.009834946691923554 0.0625
-0.000567566073932532 0.013859216022261896 0.0625
-0.008944189954484504 -0.01060384204230233 0.0625
0.013759389463296674 0.0017774143009778197 0.0625
-0.011347550585845512 0.007984553569341067 0.0625
0.0029741511268026833 -0.013554129447328528 0.0625
0.006963359537087354 0.01200465009724376 0.0625
-0.013244964407724649 -0.004148604324120009 0.0625
0.012570071330312153 -0.005888404431666061 0.0625
-0.005291768546940013 0.012834219323574628 0.0625
-0.004767899874732565 -0.013039445186990328 0.0625
0.012324998240894483 0.006394874382030342 0.0625
-0.01340913647614862 0.003610409805551242 0.0625
0.007449455622107329 -0.01172116081854752 0.0625
0.002424785026347453 0.01367627206427253 0.0625
-0.011027293076344749 -0.008447414243920986 0.0625
0.013838763200358088 -0.0012200955226599117 0.0625
-0.009381082593244121 0.010248672566665997 0.0625
-5.561076994146672e-06 -0.013895321841340081 0.0625
0.00939122823449174 0.010243282298544988 0.0625
-0.013845470850679215 -0.0012095192941793836 0.0625
0.011027379461336967 -0.00846149527067667 0.0625
-0.002415838539228073 0.01368954798933772 0.0625
-0.007466565302751494 -0.011727335698262736 0.0625
0.01342870366603437 0.0036041528616077134 0.0625
-0.012337754642754984 0.006414032302317933 0.0625
0.004765352554679207 -0.01306489246146375 0.0625
0.005311934622253681 0.01285392354765278 0.0625
-0.012600858488726567 -0.005890531839069171 0.0625
0.013271849668510149 -0.004168693605491668 0.0625
-0.006971057166390329 0.01204011469974095 0.0625
-0.002993049234937055 -0.0135882911463231 0.0625
0.011386916293412102 0.007998633466213212 0.0625
-0.013800782151162913 0.0017939933155235455 0.0625
0.00896536782721377 -0.010646228427136077 0.0625
0.000580700700001338 0.013907652091457348 0.0625
-0.009823688476257456 -0.00986383012432019 0.0625
0.013908038739522687 0.0006375409162839568 0.0625
-0.010687110125487786 0.008925563128772122 0.0625
0.001851402093615594 -0.013801895170148041 0.0625
0.0079587006413276 0.011428870639819653 0.0625
-0.013589990456593672 -0.0030515830956559156 0.0625
0.012083396297668116 -0.006930478620809712 0.0625
-0.004228885138739472 0.013273904116097437 0.0625
-0.005848747729093858 -0.01264563758777783 0.0625
0.012856014344789399 0.00537428089762428 0.0625
-0.013111249811681517 0.004721771741166799 0.0625
0.006478983726496008 -0.01233948012972183 0.0625
0.003558164413619717 0.013476626655274318 0.0625
-0.011728217372311181 -0.007534515065206135 0.0625
0.013738928117805551 -0.002366823646529673 0.0625
-0.008532769512878203 0.011026869203908073 0.0625
-0.0011568634412215516 -0.01389610258232016 0.0625
0.010240770718158002 0.009466077070155178 0.0625
-0.01394690285582876 -6.245582499353647e-05 0.0625
0.01032726207142256 -0.009375908388426002 0.0625
-0.0012817982744541807 0.013890896054020644 0.0625
-0.008438874478515757 -0.01110969835485444 0.0625
0.013728467252164419 0.0024918240118935236 0.0625
-0.011807360245492709 0.0074368167943790605 0.0625
0.0036832606677560534 -0.01346081687169695 0.0625
0.006377384159253586 0.01241486895965082 0.0625
-0.013089951819984685 -0.0048469744532522235 0.0625
0.012927534072766875 -0.005268668028776484 0.0625
-0.005974040183433711 0.01261867044845531 0.0625
-0.004119140691081245 -0.013341389731473956 0.0625
0.01205054144196707 0.00705580973067119 0.0625
-0.013653225329929684 0.002937590524590942 0.0625
0.008083978384272295 -0.011389876798395069 0.0625
0.0017330548075230427 0.013860610413474628 0.0625
-0.010641699103310852 -0.009050648606292977 0.0625
0.013961913616206746 -0.0005147505935699713 0.0625
-0.009948390694788357 0.009811703347729612 0.0625
0.0007079958182937586 -0.01395631548515863 0.0625
0.008906213579618369 0.010770299887849983 0.0625
-0.013843815090197572 -0.0019258202793661554 0.0625
0.011510049470164496 -0.007932134718621841 0.0625
-0.0031293925063702655 0.013625230366532291 0.0625
-0.006896899901694241 -0.012161939473044997 0.0625
0.013302192184640982 0.004309487566158692 0.0625
-0.012720940593607294 0.005808413760564421 0.0625
0.005457056583073983 -0.012877132190403612 0.0625
0.004674992064532804 0.013182732994207056 0.0625
-0.012353264506184805 -0.006563296126203257 0.0625
0.01354373968325037 -0.003505298188792102 0.0625
-0.007619715745227642 0.011734561430318988 0.0625
-0.0023082768943732193 -0.013801154219082649 0.0625
0.011025723318978395 0.008618203135998597 0.0625
-0.013952962522713679 0.0010930859251438534 0.0625
0.009551086436403964 -0.010232142878417025 0.0625
-0.00013097405426299436 0.013997958629639892 0.0625
-0.009359864139253493 -0.010411193173441576 0.0625
0.013935754257789977 0.001354530644351976 0.0625
-0.011191905409229692 0.008415536424426854 0.0625
0.0025682114748416954 -0.013766782115675814 0.0625
0.007406363661931991 0.011887210661345807 0.0625
-0.013492292922879633 -0.0037627159982135576 0.0625
0.012491748206263248 -0.006340049428144781 0.0625
-0.004928886761968371 0.0131143461631792 0.0625
-0.005224738141611607 -0.013000850408784376 0.0625
0.01263579463847684 0.006057779614201885 0.0625
-0.01341057875929778 0.0040689528555478815 0.0625
0.007140732303471848 -0.012060262939511462 0.0625
0.0028815301248999343 0.013717754340244404 0.0625
-0.01139211999554724 -0.008169430947566225 0.0625
0.013919982486470792 -0.0016715524449883216 0.0625
-0.0091359738603813 0.010636445911225685 0.0625
-0.00044827877905554716 -0.014015671447927442 0.0625
0.009798993341917651 0.010032932247606059 0.0625
-0.014004044909508653 -0.0007789262946292284 0.0625
0.010853407304306076 -0.00888614370167597 0.0625
-0.0020006642732865636 0.01388514826948545 0.0625
-0.007904858536652291 -0.011591083276187584 0.0625
0.013659848625994096 0.003207574709173157 0.0625
-0.012240276075838047 0.0068626264350660025 0.0625
0.0043904069271360775 -0.013329828469044737 0.0625
0.005767405877999619 0.012795977080255164 0.0625
-0.012897573123915377 -0.005540090930053023 0.0625
0.013253891771713494 -0.004627564467806513 0.0625
-0.006647806949433485 0.012366352039427955 0.0625
-0.003451814997507251 -0.013610472924295616 0.0625
0.011740194062166132 0.007705053107064161 0.0625
-0.01386294807928558 0.0022491488503503364 0.0625
0.008703710669372958 -0.011023856883316445 0.0625
0.001028767237888483 0.01400934109693412 0.0625
-0.010222790890170216 -0.009636106392929299 0.0625
0.014048487616863573 0.0001999891967854492 0.0625
-0.010495071483004843 0.009343097696514714 0.0625
0.0014277118728310344 -0.0139800443063739 0.0625
0.008391483667904502 0.011273996711516816 0.0625
-0.013804491823191168 -0.0026449963144488885 0.0625
0.011966883271184977 -0.0073752087952703525 0.0625
-0.003842514191820815 0.01352313146743962 0.0625
-0.006302031307212017 -0.012568388974045944 0.0625
0.01313807554597565 0.005011084807527871 0.0625
-0.013073869439052335 0.005180148442912949 0.0625
0.006141745481409246 -0.012652231520233462 0.0625
0.0040181338384979 0.013479413950759066 0.0625
-0.012069280056687998 -0.007225820293449968 0.0625
0.013781875712643587 -0.002824872004400353 0.0625
-0.00825498665820492 0.011393647145355115 0.0625
-0.0016094903952339505 -0.013978896260708484 0.0625
0.010630470497836041 0.009221339219150198 0.0625
-0.014068923848253206 0.00038128959079979156 0.0625
0.010117450573136082 -0.009785560479612211 0.0625
-0.0008503278769046197 0.014051225658345929 0.0625
-0.00886535587410364 -0.010936428357809332 0.0625
0.013925893748077922 0.002075929506809959 0.0625
-0.011671968263859477 0.00787687481476361 0.0625
0.0032861250701305624 -0.013693844676476342 0.0625
0.006827661259697366 0.012318402563759141 0.0625
-0.013356812816362671 -0.004471638557469726 0.0625
0.012870743783978317 -0.005725727416423484 0.0625
-0.0056233792796045005 0.012917337398926868 0.0625
-0.004579492556846489 -0.013324723183683313 0.0625
0.012378743387578245 0.006732511577746293 0.0625
-0.013676823743488957 0.0033977186889936456 0.0625
0.007790522607927161 -0.011745116325323294 0.0625
0.0021894435777564595 0.01392430740898164 0.0625
-0.011021271345629266 -0.00878928768023958 0.0625
0.014065236378300074 -0.000963911625899493 0.0625
-0.009721132650689789 0.010212716582168184 0.0625
0.00026949685526673215 -0.014098488268073332 0.0625
0.009325611255062071 0.01057889288722878 0.0625
-0.014023765039236075 -0.0015013374451801438 0.0625
0.011355968356221626 -0.00836671875304131 0.0625
-0.002722173932900359 0.013841595611743533 0.0625
-0.007343355068376867 -0.012046374406423858 0.0625
0.013553332145637791 0.003922650602592756 0.0625
-0.012644787859145242 0.006263332978312196 0.0625
0.0050935639310628715 -0.013161140014458297 0.0625
0.0051349023982428885 0.013146588050156567 0.0625
-0.01266798154514678 -0.0062259331486790494 0.0625
0.013547892506460261 -0.003966687362699251 0.0625
-0.007311069121911622 0.012077593646692641 0.0625
-0.002767620114813725 -0.013845586982864921 0.0625
0.011394459496177085 0.008340641029919693 0.0625
-0.014037349625678215 0.0015468728087569617 0.0625
0.009306740322785764 -0.01062377449705299 0.0625
0.0003137873465985979 0.014121669076320781 0.0625
-0.009771406767743393 -0.010201941471077879 0.0625
0.014097856373554592 0.000922196112888221 0.0625
-0.011019359039409477 0.008843852461488977 0.0625
0.0021516114271671345 -0.013966050560787893 0.0625
0.007848186257129009 0.011752700645954161 0.0625
-0.01372721795292521 -0.0033650389704857563 0.0625
0.01239631539998741 -0.006792007398702909 0.0625
-0.004553177807554809 0.013383145065820307 0.0625
-0.005683381694832908 -0.012945237445131636 0.0625
0.012936425260045297 0.005706916986540277 0.0625
-0.013395224272304817 0.004530779921233859 0.0625
0.006817405405685084 -0.012390439198613415 0.0625
0.0033430130960723 0.013742789507210284 0.0625
-0.011749329266109247 -0.007876119717002071 0.0625
0.013985229918631964 -0.0021291651234700967 0.0625
-0.008874929746845854 0.01101796814247303 0.0625
-0.0008985233193145716 -0.014120646438624823 0.0625
0.010201921770199383 0.009806160930493234 0.0625
-0.014147959030956421 -0.00033949264848990007 0.0625
0.010662653281964014 -0.0093074069959695 0.0625
-0.0015754028624199003 0.014066915291601041 0.0625
-0.00834124420955315 -0.011437816445309655 0.0625
0.013878092712811907 0.0027997397476546065 0.0625
-0.012125680404704547 0.00731080534024564 0.0625
0.004003120599249792 -0.01358289459091331 0.0625
0.0062239576079435414 0.012720941462585296 0.0625
-0.013183539606678328 -0.005176319487738741 0.0625
0.01321900313225 -0.00508900345741332 0.0625
-0.0063103379928964925 0.012683045155458806 0.0625
-0.003914617135035859 -0.01361601162918436 0.0625
0.012085204552468103 0.007396474222560655 0.0625
-0.013908885687475211 0.002709778391814953 0.0625
0.008426389587889365 -0.011394558285124956 0.0625
0.0014837038201121156 0.014095340470318008 0.0625
-0.010616359530634839 -0.009392172821892645 0.0625
0.014173905389361805 -0.0002457763483745625 0.0625
-0.010286400750449683 0.009756534200275642 0.0625
0.0009945265659868717 -0.014143935693771603 0.0625
0.008821635814739796 0.011102195348312879 0.0625
-0.014005617737872058 -0.0022277054968293207 0.0625
0.01183327664218651 -0.007818795553631207 0.0625
-0.0034443118062652254 0.0137599678844546 0.0625
-0.006755667860403362 -0.012474011053382672 0.0625
0.013408825049595148 0.004635020041957717 0.0625
-0.013019454808455472 0.005640372017038034 0.0625
0.0057906994191792745 -0.012954836943656099 0.0625
0.004481430135082851 0.01346539208283113 0.0625
-0.012401440111201308 -0.006902483840494475 0.0625
0.01380836758356804 -0.0032877020359313824 0.0625
-0.00796183991532583 0.011752833920494424 0.0625
-0.002068317518685779 -0.014045713319084135 0.0625
0.011013948699125375 0.00896063245831646 0.0625
-0.014175569348769984 0.0008326065326508811 0.0625
0.009891186963016002 -0.010190408257899304 0.0625
-0.0004099722106815546 0.01419689835092401 0.0625
-0.00928848708741107 -0.010746348571817214 0.0625
0.014109493895116142 0.001649903640725813 0.0625
-0.011519537088365589 0.008315062553569254 0.0625
0.002877689190927446 -0.013913982353029609 0.0625
0.007277562455740283 0.012204797610071191 0.0625
-0.013611818430632885 -0.004083919564766536 0.0625
0.0127968463905615 -0.006183908347992642 0.0625
-0.005259346846370657 0.01320527435343814 0.0625
-0.005042455055297398 -0.013291111579371595 0.0625
0.012697422785045154 0.006394955403895809 0.0625
-0.01368376852431226 0.0038619268471892444 0.0625
0.007482031041258409 -0.012092113607539652 0.0625
0.002651350755773382 0.013971769364323901 0.0625
-0.01139394473891589 -0.00851222786857418 0.0625
0.014152866683540927 -0.0014199875485078307 0.0625
-0.009477632377403105 0.010608227209048665 0.0625
-0.00017726088282540904 -0.014225631043276074 0.0625
0.009740944759072289 0.010370824229573177 0.0625
-0.014189462255014471 -0.0010673148146257984 0.0625
0.011184933291942594 -0.008798708271945045 0.0625
-0.002304207192971389 0.014044594305705626 0.0625
-0.007788705380713193 -0.011913692479347003 0.0625
0.013792093895069437 0.003523938987778935 0.0625
-0.012551485998693514 0.006718645639159777 0.0625
0.004717160639006334 -0.013433852593571561 0.0625
0.005596701672473538 0.013093392623355182 0.0625
-0.012972572678719112 -0.005874721958982439 0.0625
0.013535223663928843 -0.004431446757823083 0.0625
-0.00698774230184915 0.012411746755511408 0.0625
-0.0032317893108736516 -0.013873555342813997 0.0625
0.011755631314945305 0.008047678695566654 0.0625
-0.014105755322049725 0.002006904779621082 0.0625
0.009046391414527951 -0.011009214430428493 0.0625
0.0007661654654664398 0.014230003179181888 0.0625
-0.010178177837617035 -0.009976206488733153 0.0625
0.014245304671702133 0.0004809311909009687 0.0625
-0.010829974670174079 0.00926885368550976 0.0625
0.0017248353108724039 -0.0141514996784923 0.0625
0.008288176288494506 0.011601126402674763 0.0625
-0.013949263754869821 -0.0029560177091951033 0.0625
0.012283722373139624 -0.007243629246422617 0.0625
-0.0041650428959374795 0.013640103286815709 0.0625
-0.006143188336566368 -0.012872499254669814 0.0625
0.013226344279049954 0.005342641389054909 0.0625
-0.013362910289756348 0.0049952606126131135 0.0625
0.006479780784159776 -0.012711114860201433 0.0625
0.0038086201764150093 0.013751160400191852 0.0625
-0.01209832163682319 -0.007567735035793459 0.0625
0.014034235552982898 -0.0025923411124677987 0.0625
-0.008598151419557266 0.011392620074695959 0.0625
-0.0013557280985040982 -0.014209926154731647 0.0625
0.01059937913230296 0.009563114660491139 0.0625
-0.014276844293186907 0.00010824522204921196 0.0625
0.010455207736060628 -0.009724640414730921 0.0625
-0.0011405564516753495 0.014234434691287946 0.0625
-0.008775072159206525 -0.01126756888599837 0.0625
0.014082979287435456 0.002381112006954713 0.0625
-0.01199394439143383 0.007757918402199978 0.0625
0.003603915939163045 -0.013823595404360133 0.0625
0.006680943716179065 0.01262873671676021 0.0625
-0.013458227518071119 -0.004799594990395886 0.0625
0.013167047644173098 -0.00555237393698188 0.0625
-0.005958980000224462 0.012989632687529114 0.0625
-0.004380833334954647 -0.01360471606801664 0.0625
0.012421359753999618 0.007073176221593703 0.0625
-0.013938350157745777 0.0031752787090377358 0.0625
0.008133631561833702 -0.011757722467227347 0.0625
0.0019449309081987205 0.014165353640567303 0.0625
-0.011003766741604096 -0.009132202225989502 0.0625
0.014283946000411411 -0.0006992043029979761 0.0625
-0.010061215257870884 0.010165232291235955 0.0625
0.0005523652524511637 -0.014293176435904113 0.0625
0.009248508935157648 0.010913527499223573 0.0625
-0.014192931468124495 -0.00180019341769752 0.0625
0.011682580513318708 -0.008260587905822805 0.0625
-0.0030347207627156553 0.013983936137309213 0.0625
-0.007209008531353063 -0.012362451051263209 0.0625
0.013667748776842686 0.004246486002934105 0.0625
-0.0129478966721414 0.00610180069877325 0.0625
0.005426198510814381 -0.013246749402069767 0.0625
0.00494742353667977 0.013434396166136646 0.0625
-0.012724121800415853 -0.006564809548508016 0.0625
0.013818184468503558 -0.0037547007862687365 0.0625
-0.007653581675660989 0.012103829457406708 0.0625
-0.0025327533537763433 -0.014096281795173318 0.0625
0.01139058550085214 0.00868415579937262 0.0625
-0.014266516774230874 0.0012909295606612788 0.0625
0.009648615352491433 -0.010589816890752486 0.0625
3.8733624147287636e-05 0.01432754339397932 0.0625
-0.009707623127409862 -0.010539547106786762 0.0625
0.014278851635171652 0.0012142470838984322 0.0625
-0.011350098154516569 0.008750729791442514 0.0625
0.002458415443828959 -0.014120771703612494 0.0625
0.007726437270114371 0.012074028619768449 0.0625
-0.013854471828174831 -0.0036842380979396497 0.0625
0.012705759694712788 -0.006642565060291997 0.0625
-0.004882318500809745 0.013481949638559363 0.0625
-0.005507392073593702 -0.013240416630443216 0.0625
0.013006017186451582 0.006043468949678335 0.0625
-0.013673866351594424 0.004329593398777048 0.0625
0.007158781043493107 -0.012430279722167306 0.0625
0.0031181740051197037 0.01400274940409189 0.0625
-0.011759108387181487 -0.00821969402949514 0.0625
0.01422450598945164 -0.001882399892704637 0.0625
-0.009218060513729621 0.010997607029041309 0.0625
-0.0006317272168022129 -0.014337395883616778 0.0625
0.010151573390967021 0.01014620903036254 0.0625
-0.014340512085585254 -0.0006242700723111225 0.0625
0.010997002989983308 -0.009227454970808487 0.0625
-0.0018759735195602214 0.014233788088696164 0.0625
-0.008232299885922952 -0.011763895553269461 0.0625
0.014017998716470472 0.0031137938250681034 0.0625
-0.012440980008695089 0.007173703117863824 0.0625
0.004328244309001984 -0.013694754514104734 0.0625
0.006059748547478112 0.013023035266071306 0.0625
-0.013266489736007579 -0.005510013619257723 0.0625
0.013505566116035435 -0.004898947222148401 0.0625
-0.006650037123912554 0.012736444019057472 0.0625
-0.0037001723273067024 -0.013884837944615477 0.0625
0.012108637879306102 0.007739566441851473 0.0625
-0.014157905635179628 0.0024725913583422796 0.0625
0.008770236577443738 -0.011387842217719211 0.0625
0.0012255960121659959 0.014322636433805153 0.0625
-0.010579542065876388 -0.009734130144823007 0.0625
0.014377726600821705 3.1269666194415505e-05 0.0625
-0.010623838187951328 0.009689894847531995 0.0625
0.0012883823314178908 -0.014322711718389442 0.0625
0.00872568347316439 0.011432517129930129 0.0625
-0.014157970572804287 -0.0025361130218521056 0.0625
0.012153941413179164 -0.007694264625356247 0.0625
-0.0037649009145929 0.013884722579270266 0.0625
-0.006603512628704712 -0.012782551426164395 0.0625
0.013505018766329887 0.004965326587554693 0.0625
-0.013313496347189112 0.005461759333161996 0.0625
0.0061281842263122875 -0.013021726386634657 0.0625
0.004277730469092963 0.013742671575563236 0.0625
-0.012438507269295664 -0.00724455222299342 0.0625
0.014066750460913997 -0.0030604789609431746 0.0625
-0.008305861625004188 0.01175979007747514 0.0625
-0.0018193157084229901 -0.014283210085729517 0.0625
0.010990736681058575 0.009303961909188663 0.0625
-0.01439035090105696 0.0005637383652450396 0.0625
0.010231183575808118 -0.010137202900115707 0.0625
-0.000696641340588353 0.014387310062780437 0.0625
-0.0092056939172438 -0.011080397082326091 0.0625
0.014274068363747961 0.0019521711879468002 0.0625
-0.011845067663482717 0.008203314698798047 0.0625
0.0031932323827084793 -0.014051450706244603 0.0625
0.007137715802305868 0.012519305616747006 0.0625
-0.013721120108706122 -0.004410313249924601 0.0625
0.013097911665641494 -0.0060170349840309644 0.0625
-0.005594082134251667 0.01328556529001481 0.0625
-0.004849835051707073 -0.013576417052051452 0.0625
0.012748081924159474 0.006735458949093109 0.0625
-0.013951118047928463 0.003645038437762318 0.0625
0.007825684826648352 -0.012112747706196386 0.0625
0.002411858992216524 0.014219104620251737 0.0625
-0.011384391418418759 -0.008856389333821846 0.0625
0.014378283027102645 -0.001159731517434968 0.0625
-0.009819654738917449 0.010568556231030616 0.0625
0.00010176041714463524 -0.01442739216967164 0.0625
0.009671457516653714 0.010708076834967255 0.0625
-0.014366013572361188 -0.0013629578272030892 0.0625
0.011514821853128519 -0.008699935499227214 0.0625
-0.0026142002720280356 0.01419457491218841 0.0625
-0.007661403098574989 -0.012233679028041627 0.0625
0.013914347067942085 0.00384589985216094 0.0625
-0.01285910841140022 0.006563789367724724 0.0625
0.005048614680210099 -0.01352743470916667 0.0625
0.005415478955211638 0.013386283565114699 0.0625
-0.01303676049469829 -0.0062131212609986925 0.0625
0.013811128805536414 -0.004225248053887761 0.0625
-0.007330485226992387 0.012446042999156253 0.0625
-0.0030021973262603415 -0.014130350710941158 0.0625
0.011759768534328722 0.00839212988573295 0.0625
-0.014341463649062748 0.0017556823182488896 0.0625
0.009389902054116894 -0.01098315707864052 0.0625
0.0004952418942300904 0.014442809126558428 0.0625
-0.010122122573823543 -0.010316134673437134 0.0625
0.014433568810025353 0.0007694747599910622 0.0625
-0.011163705725007661 0.009183227890313473 0.0625
0.0020287820068362462 -0.014313771116262041 0.0625
0.008173634804819474 0.01192609299298994 0.0625
-0.01408429131889376 -0.003273031934542333 0.0625
0.012597424253944821 -0.007101049370770689 0.0625
-0.0044926882737501145 0.013746845168070683 0.0625
-0.00597366309897112 -0.013172522506338364 0.0625
0.013303976069549835 0.005678399487606115 0.0625
-0.01364694589213692 0.004800090396762049 0.0625
0.006821070474354462 -0.012759035919061041 0.0625
0.003589302744199215 0.014017022002211598 0.0625
-0.012116159736119179 -0.007911932333434383 0.0625
0.01427987630099546 -0.002350560109477782 0.0625
-0.008942609659137887 0.011380234289516792 0.0625
-0.0010933401286975964 -0.014433454450095431 0.0625
0.010556860952175598 0.009905184846151542 0.0625
-0.014476538357766444 -0.00017273440918606293 0.0625
0.010792258912527816 -0.009652313068118123 0.0625
-0.0014379692165750037 0.014408755828737704 0.0625
-0.008673488155555336 -0.011597008373517773 0.0625
0.014230583738127434 0.002692672737661054 0.0625
-0.012313237728458177 0.007627855310798321 0.0625
0.003927230385843061 -0.013943344702635412 0.0625
0.006523398213462373 0.012935427157562131 0.0625
-0.013549197271985365 -0.0051321782202905205 0.0625
0.013458775060889265 -0.005368554168524818 0.0625
-0.006298275496234465 0.01305111971340132 0.0625
-0.004172149649985691 -0.013879235112142323 0.0625
0.012452887510698694 0.007416575533619571 0.0625
-0.014193547540951012 0.002943332839276508 0.0625
0.00847849435981372 -0.011759044748218577 0.0625
0.0016915036732797065 0.014399264402158926 0.0625
-0.010974869596150736 -0.009475876600477984 0.0625
0.014494768635980055 -0.00042624193764687106 0.0625
-0.010401058112074793 0.010106334159785294 0.0625
0.0008427660453192181 -0.014479286770861922 0.0625
0.009160058997651783 0.011246924875695518 0.0625
-0.014352895169195785 -0.0021058015723415956 0.0625
0.012006967698989443 -0.00814326265543634 0.0625
-0.0033531879915130215 0.014116519765635325 0.0625
-0.007063706599787803 -0.012675332306180941 0.0625
0.013771929297566033 0.004575364840408068 0.0625
-0.01324686443016512 0.005929635972707443 0.0625
0.005762961122771425 -0.013321722077022367 0.0625
0.004749716618095666 0.013717149559867964 0.0625
-0.012769306403086263 -0.006906867161318522 0.0625
0.014082547035928419 -0.0035329688621418306 0.0625
-0.007998304476506382 0.012118874762167402 0.0625
-0.0022886985528311264 -0.014340218231751868 0.0625
0.011375372011736358 0.00902889315445726 0.0625
-0.01448814860150887 0.0010264258865580846 0.0625
0.009990716187784174 -0.01054445778858009 0.0625
-0.0002441874345938344 0.014525163424099109 0.0625
-0.00963246342777941 -0.01087638029458754 0.0625
0.014450937119919401 0.0015134121567291503 0.0625
-0.011679072749080576 0.008646343719843864 0.0625
0.0027715259739267265 -0.014265996066726273 0.0625
0.007593623874146381 0.012392613786364609 0.0625
-0.013971714890536415 -0.004008888002621558 0.0625
0.01301150417882924 -0.0064823420925086365 0.0625
-0.005216012660921258 0.013570306257454513 0.0625
-0.005320988191823229 -0.013530967617375995 0.0625
0.013064804242287401 0.0063836423858726005 0.0625
-0.013946987571318976 0.0041184387436835855 0.0625
0.00750281863202573 -0.01245904139871634 0.0625
0.0028838892272798813 0.01425633834211222 0.0625
-0.011757619704557257 -0.008564950605987574 0.0625
0.014456610071170314 -0.001626783713385724 0.0625
-0.009561881210357734 0.010965875602021379 0.0625
-0.0003567426179293928 -0.014546227507658228 0.0625
0.010089839398942587 0.010485949690111327 0.0625
-0.014524462390328587 -0.0009165109229738252 0.0625
0.011330050500998917 -0.009136189339369792 0.0625
-0.0021832254922389016 0.014391439346015332 0.0625
-0.008112200693861338 -0.01208768794693657 0.0625
0.014148135257208021 0.003433696076205249 0.0625
-0.012753026166863746 0.007025690256998854 0.0625
0.004658338421364523 -0.013796372101101038 0.0625
0.00588495667617561 0.01332093408584909 0.0625
-0.013338803312417597 -0.00584776249454758 0.0625
0.013787024984708072 -0.004698717066501812 0.0625
-0.006992844482689527 0.012778893772190091 0.0625
-0.0034760403966843144 -0.014147690382554274 0.0625
0.012120893573148009 0.008084796780898042 0.0625
-0.014400127970965923 0.0022262781541857925 0.0625
0.009115235431161422 -0.011369805760631948 0.0625
0.0009589928205378309 0.014542363383238536 0.0625
-0.010531348293502114 -0.010076244494897399 0.0625
0.014573265629880122 0.00031611529693255076 0.0625
-0.010960436864362972 0.009611910514685056 0.0625
0.0015892823162757114 -0.014492556079559375 0.0625
0.008618504462236968 0.011761011046436502 0.0625
-0.014300810914372472 -0.0028507555474584635 0.0625
0.012471803481649182 -0.007558711392500927 0.0625
-0.004090868200897736 0.013999457038145579 0.0625
-0.006440623922590164 -0.013087335996594545 0.0625
0.013590761466597281 0.005300113466526406 0.0625
-0.013602858023864716 0.0052727842344039945 0.0625
0.006469217394864443 -0.01307781427831055 0.0625
0.0040641188113628955 0.014014383264600916 0.0625
-0.012464505254490726 -0.007589210022181039 0.0625
0.014318720510323062 -0.0028238702072251386 0.0625
-0.008651494193459928 0.011755494384351904 0.0625
-0.0015615263677608946 -0.014513498386081403 0.0625
0.010956176459437993 0.009647911555857917 0.0625
-0.014597183822840223 0.0002867480465700271 0.0625
0.010570805215474434 -0.010072640026154937 0.0625
-0.0009907051304837552 0.014569094115436044 0.0625
-0.00911162100874571 -0.011413078576483379 0.0625
0.014429402471209862 0.002261049385538212 0.0625
-0.012168249910632953 0.008080451355733858 0.0625
0.0035145517224632918 -0.014179137004420627 0.0625
0.006987003101832539 0.012830502237051459 0.0625
-0.013820173181704714 -0.00474160449929028 0.0625
0.013394728129044294 -0.005839628271473238 0.0625
-0.00593279906880475 0.013355219773900745 0.0625
-0.004647095083424996 -0.013856569102256418 0.0625
0.012787798419583824 0.007078997922028899 0.0625
-0.014212449280885171 0.003418520943078546 0.0625
0.008171404782210586 -0.012122216954223594 0.0625
0.0021633027352392434 0.014459603081540876 0.0625
-0.011363536707242262 -0.009201632110835432 0.0625
0.014596096700755118 -0.0008910449495988001 0.0625
-0.010161765508341521 0.010517534014847809 0.0625
0.0003885138105445693 -0.014620843238986464 0.0625
0.00959065624173576 0.0110444245143355 0.0625
-0.014533611343051403 -0.0016655753747962412 0.0625
0.011842819340902326 -0.008589972645983792 0.0625
-0.0029303570359231978 0.014335027298265444 0.0625
-0.0075231204621523055 -0.012550803102269803 0.0625
0.014026570551833376 0.004173166490141603 0.0625
-0.013162919139637847 0.0063982466132023715 0.0625
0.005384476112504194 -0.013610562699384317 0.0625
0.005223945496754107 0.013674443076299031 0.0625
-0.013090150016441083 -0.0065549959990123235 0.0625
0.014081419279398615 -0.004009193320080861 0.0625
-0.007675745214659287 0.012469279666429614 0.0625
-0.00276327948629689 -0.014380691446540769 0.0625
0.01175266976484164 0.008738120701762891 0.0625
-0.01456992708108553 0.0014957355554544045 0.0625
0.009733963319094726 -0.010945773526915238 0.0625
0.00021626232461523413 0.014647635666105026 0.0625
-0.010054737770848931 -0.010655620505604724 0.0625
0.014613180395628879 0.0010653444160495064 0.0625
-0.011496005086769208 0.009086356092789698 0.0625
0.002339268882070153 -0.014466783370790423 0.0625
0.008048017069761207 0.012248649772314997 0.0625
-0.014209524218684062 -0.0035957504750234117 0.0625
0.012907756925646928 -0.0069476478860412754 0.0625
-0.004825158567741752 0.013843332142087337 0.0625
-0.0057936538124736614 -0.013468243222529411 0.0625
0.013370971458402828 0.006018066322214887 0.0625
-0.013925778854532124 0.004594854001452711 0.0625
0.007165322973539418 -0.012796020736340978 0.0625
0.0033604140873020024 0.01427682097533839 0.0625
-0.01212284568753363 -0.008258124026451003 0.0625
0.014518641131202607 -0.002099776107910535 0.0625
-0.009288078825161236 0.011356566018722012 0.0625
-0.0008225862826485624 -0.014649346463497899 0.0625
0.010503016495808981 0.010247274978684063 0.0625
-0.014667894518394136 -0.0004613788001884138 0.0625
0.011128339146256187 -0.009568702516323836 0.0625
-0.0017422870224163703 0.014574101548003551 0.0625
-0.008560750528072855 -0.011924493716552515 0.0625
0.014368644236903455 0.003010326027742031 0.0625
-0.012629608944369448 0.007486853672424969 0.0625
0.004255778390554738 -0.014053054838378999 0.0625
0.0063552130662213714 0.013238250144295097 0.0625
-0.01362970975525983 -0.005469096085037732 0.0625
0.013745719577498039 -0.005174475171144145 0.0625
-0.006640973684732176 0.0131018116502526 0.0625
-0.003953665728141544 -0.014148092709270711 0.0625
0.012473365220615693 0.007762419730543744 0.0625
-0.014442248557102055 0.002702120762453759 0.0625
0.008824825720624157 -0.011749146820114655 0.0625
0.0014294151858837377 0.014625893894951001 0.0625
-0.010934668159026759 -0.00982003219200255 0.0625
0.014697581125772128 -0.00014528954314380993 0.0625
-0.010740391387434088 0.01003613435764646 0.0625
0.0011404245381032958 -0.014656719683233758 0.0625
0.00906039667299452 0.011578826025465182 0.0625
-0.014503580872773925 -0.0024178796220875806 0.0625
0.012328883722741572 -0.008014900258338713 0.0625
-0.003677287889159957 0.014239296112527385 0.0625
-0.006907627354449762 -0.012984786649462416 0.0625
0.01386584858518439 0.004908996130854048 0.0625
-0.013541476036401332 0.005747036345419128 0.0625
0.0061035597419939625 -0.013386058362188275 0.0625
0.004541997145039264 0.013994651190167448 0.0625
-0.012803561111984165 -0.007251815141858406 0.0625
0.0143408027162453 -0.003301723406606226 0.0625
-0.008344950069877536 0.012122780552796083 0.0625
-0.002035702075017632 -0.01457723969281458 0.0625
0.011348894858953639 0.009374571215816523 0.0625
-0.014702110585257076 0.0007536208190276435 0.0625
0.01033276866616253 -0.010487797275480196 0.0625
-0.0005347061004281981 0.014714417738604707 0.0625
-0.009546051240950938 -0.01121217667115262 0.0625
0.014614025334697809 0.0018194129593939424 0.0625
-0.012006030266279865 0.008530840359845672 0.0625
0.0030906581215645068 -0.01440166075060815 0.0625
0.0074499136062823705 0.012708217312389998 0.0625
-0.014078909305492757 -0.00433869943274589 0.0625
0.013313325554624278 -0.006311526176495523 0.0625
-0.0055539688806695514 0.013648202433747612 0.0625
-0.005124376442202015 -0.01381668433737288 0.0625
0.013112799372490824 0.006727145948825869 0.0625
-0.014214400654189364 0.0038975394856474517 0.0625
0.007849229101114276 -0.012476762501475324 0.0625
0.00264039772495376 0.014503389254035038 0.0625
-0.011744926521705796 -0.008911604849842244 0.0625
0.014681396571377096 -0.0013625691593298925 0.0625
-0.009906113876341816 0.010922861706940547 0.0625
-7.383378372826989e-05 -0.014747018294298692 0.0625
0.010016831506972633 0.010825113697366896 0.0625
-0.01469971043389461 -0.00121594126488491 0.0625
0.011661537395269293 -0.009033744825859091 0.0625
-0.0024968772558817682 0.014539793807652858 0.0625
-0.007981103338149463 -0.012408947961280985 0.0625
0.014268451900098306 0.0037591595303446586 0.0625
-0.013061587833409447 0.006866944245450832 0.0625
0.004993112703045842 -0.013887722114683972 0.0625
0.005699778909494175 0.013614423248264519 0.0625
-0.01340048048140512 -0.00618927482565449 0.0625
0.014063183064680162 -0.004488527830958955 0.0625
-0.007338469941859619 0.012810419935053765 0.0625
-0.00324245247004654 -0.014404391760136527 0.0625
0.01212202232789015 0.008431878478852307 0.0625
-0.014635396344723741 0.001971084430674401 0.0625
0.009461104934378952 -0.011340524389139609 0.0625
0.0006841525489798108 0.014754386984545459 0.0625
-0.010471877889456067 -0.010418242340640822 0.0625
0.01476041117405349 0.0006084915553045219 0.0625
-0.011295933009337646 0.009522704313825786 0.0625
0.0018969488957220444 -0.014653381346536331 0.0625
0.00850024438759037 0.012087425091856346 0.0625
-0.014434075861982004 -0.0031713489260168986 0.0625
0.01278662451918446 -0.007412302840911913 0.0625
-0.004421925157418884 0.014104133362322763 0.0625
-0.006267188832417306 -0.013388141922568039 0.0625
0.01366604053494338 0.0056390900061343615 0.0625
-0.013887334173138328 0.005073652487467432 0.0625
0.006813508298262828 -0.01312311337562484 0.0625
0.0038408180350324485 0.014280340220798998 0.0625
-0.012479472092290373 -0.007936168867768994 0.0625
0.01456411095536301 -0.0025781140548616394 0.0625
-0.008998453699167843 0.01174000983917529 0.0625
-0.001295201367415379 -0.014736432859340329 0.0625
0.010910355519022167 0.009992204083611511 0.0625
-0.014795945268665586 1.8991188799578595e-06 0.0625
0.01090978328126397 -0.009996830935644218 0.0625
-0.0012918903740327633 0.014742151106995258 0.0625
-0.009006402623495613 -0.011744135207987491 0.0625
0.014575421008851204 0.00257625744341262 0.0625
-0.012488838695997302 0.00794662872074444 0.0625
0.0038413609739186977 -0.014296990797648798 0.0625
0.0068256012915979885 0.01313815691062243 0.0625
-0.01390895233553826 -0.005077503808735627 0.0625
0.013687081543416281 -0.005651884537379844 0.0625
-0.006275207080767983 0.013414237812618333 0.0625
-0.004434449368866106 -0.014131371440697574 0.0625
0.012816597593658966 0.007425282898463545 0.0625
-0.0144675853700199 0.0031826048389937116 0.0625
0.008518904829700715 -0.012120571789420739 0.0625
0.0019059269608013387 0.014693108671077424 0.0625
-0.011331455768375971 -0.009547675642235598 0.0625
0.014806173584959914 -0.0006141854541058938 0.0625
-0.01050369178156921 0.01045525987040951 0.0625
0.000682731017888215 -0.014805873103509072 0.0625
0.009498663629442652 0.011379604090419989 0.0625
-0.014692168230474785 -0.001974890550746414 0.0625
0.012168674303994093 -0.008468964853115988 0.0625
-0.003252394059333552 0.014465888596377749 0.0625
-0.007374023948290711 -0.012864826886127737 0.0625
0.014128726419946459 0.00450545111507238 0.0625
-0.013462695808113165 0.006222203916476235 0.0625
0.00572445497807866 -0.01368322386003936 0.0625
0.00502230647792781 0.013957665909519556 0.0625
-0.01313275385238146 -0.006900056249970714 0.0625
0.014345908522668644 -0.00378350481157659 0.0625
-0.008023234581840026 0.012481494575761604 0.0625
-0.002515273425538814 -0.014624411085400269 0.0625
0.011734397740669353 0.009085367888191103 0.0625
-0.01479100051343139 0.0012273156935655991 0.0625
0.010078298534986006 -0.010897150941402022 0.0625
-7.051038752155182e-05 0.014844360150752592 0.0625
-0.009976134357439216 -0.0109943959944292 0.0625
0.014784040166070014 0.0013682676521896361 0.0625
-0.011826615484570079 0.008978372134197114 0.0625
0.00265601585395244 -0.01461046131316713 0.0625
0.007911478813103693 0.012568552143736025 0.0625
-0.014324912024006353 -0.003923887804777074 0.0625
0.013214490322592802 -0.006783601220155947 0.0625
-0.005162164982068957 0.013929538854459647 0.0625
-0.005603356255789455 -0.013759447615028198 0.0625
0.013427330353326923 0.0063613520247369935 0.0625
-0.014199213288183644 0.004379765061811992 0.0625
0.007512249546455839 -0.012822094476011868 0.0625
0.0031221840676281614 0.014530380815651354 0.0625
-0.012118429713265403 -0.008606024708577487 0.0625
0.014750374262135874 -0.0018402334435933844 0.0625
-0.009634279010497447 0.01132169015420791 0.0625
-0.0005437235078017096 -0.014857468315532894 0.0625
0.010437944748651602 0.010589112777947756 0.0625
-0.014850801810461093 -0.0007574203498755342 0.0625
0.011463185853316729 -0.009473931079141285 0.0625
-0.0020532336527967336 0.014730384637443212 0.0625
-0.00843700399433043 -0.012249774022391286 0.0625
0.014497097982349091 0.00333378914902696 0.0625
-0.012942820743225964 0.0073350794957328 0.0625
0.004589272865711111 -0.014152687891847532 0.0625
0.0061765743058180885 0.013536983779435794 0.0625
-0.013699752211823707 -0.005810059322815172 0.0625
0.014027676378954362 -0.004970341578536213 0.0625
-0.006986785330634814 0.013141720996263243 0.0625
-0.0037256032439297515 -0.01441110268053143 0.0625
0.012482830534541309 0.00811042180443922 0.0625
-0.014684287075040351 0.002451879503116505 0.0625
0.009172343046234651 -0.011728091193463278 0.0625
0.0011589160134811852 0.014845097294180895 0.0625
-0.010883249318524715 -0.010164392961256043 0.0625
0.014892261047703347 0.00014339067981421745 0.0625
-0.011078947701598809 0.00995474348364831 0.0625
0.0014450688945956257 -0.014825376079205284 0.0625
0.008949655422986725 0.011908974255149111 0.0625
-0.014644913561202826 -0.002736148165742779 0.0625
0.012648084530209179 -0.007875656018179265 0.0625
-0.004006735617038776 0.01435221480103865 0.0625
-0.0067409467536330885 -0.013290584519301004 0.0625
0.013949481280402055 0.005247091766656333 0.0625
-0.013831518164323776 0.005554197085986547 0.0625
0.006447705184552009 -0.013439758102477184 0.0625
0.00432447820674438 0.014266705584660845 0.0625
-0.0128269109709452 -0.007599365430313618 0.0625
0.014592775373799119 -0.003061193703417352 0.0625
-0.008693233711317062 0.012115596875120127 0.0625
-0.0017740076499715802 -0.01480719071457656 0.0625
0.011311228703167867 0.009720910719918756 0.0625
-0.014908269111074448 0.0004727706756806416 0.0625
0.010674501128274127 -0.010419934052693156 0.0625
-0.0008325554211977896 0.01489519558349719 0.0625
-0.009448508551648891 -0.011546674246267527 0.0625
0.014768029222754947 0.0021319739388313253 0.0625
-0.012330720375855033 0.008404364045689209 0.0625
0.0034155298315701158 -0.014527703052088264 0.0625
0.0072954720464184645 0.013020602429224492 0.0625
-0.014176017194378762 -0.004673385978568188 0.0625
0.013611002413099997 -0.006130302872663476 0.0625
-0.005895898576087104 0.013715625395164964 0.0625
-0.004917760948711999 -0.014097362421790938 0.0625
0.013150015002050808 0.007073691076505864 0.0625
-0.014475919822552119 0.003667116754487465 0.0625
0.008197726106310865 -0.012483480551749556 0.0625
0.002387935946952655 0.014743736362036977 0.0625
-0.011721091164487621 -0.009259374812252188 0.0625
0.014898720968387154 -0.0010900061954599357 0.0625
-0.010250483102773779 0.010868651993681155 0.0625
0.00021673771015393766 -0.0149396460722802 0.0625
0.009932660023608732 0.01116343427693311 0.0625
-0.014866157319416947 -0.001522289904829547 0.0625
0.011991207559076771 -0.008920254552149294 0.0625
-0.0028166500656639274 0.0146787765977821 0.0625
-0.007839162735420485 -0.012727432090079871 0.0625
0.014378898354068602 0.004089900013858923 0.0625
-0.013366435959346378 0.00669764061029644 0.0625
0.005332279715321327 -0.013968779225027959 0.0625
0.005504410044285622 0.01390328990075254 0.0625
-0.013451521060902284 -0.0065342620966794985 0.0625
0.01433384531542693 -0.004268592094990279 0.0625
-0.00768662610403936 0.012831047468414288 0.0625
-0.002999637287576917 -0.014654766328501392 0.0625
0.01211207405094986 0.008780527443400372 0.0625
-0.014863555631790648 0.0017072533440191356 0.0625
0.009807566460821161 -0.01130007257129687 0.0625
0.0004013309159813968 0.014958573912505081 0.0625
-0.010401229309692218 -0.010759852640589441 0.0625
0.014939052716669551 0.0009081321096449099 0.0625
-0.011630065226850596 0.009422397933604837 0.0625
0.0022111071540948067 -0.01480510064650392 0.0625
0.008371047238849039 0.012411509502270782 0.0625
-0.014557702841851 -0.0034976117520907507 0.0625
0.013098168291714615 -0.007255204159906315 0.0625
-0.0047577860318381284 0.01419871374721126 0.0625
-0.006083392484955072 -0.013684748294140894 0.0625
0.0137308432174821 0.005981968282841848 0.0625
-0.014166720886481422 0.004864567742824748 0.0625
0.00716076903321603 -0.013157636066289963 0.0625
0.003608048760012179 0.014540357084520814 0.0625
-0.012483445211474618 -0.008285143067691193 0.0625
0.014802756391277877 -0.0023234464100731836 0.0625
-0.009346458834732422 0.011713398620838112 0.0625
-0.001020590100973426 -0.01495186930941396 0.0625
0.01085336030952396 0.010336564709401764 0.0625
-0.014986513343209508 -0.0002905474381291053 0.0625
0.011247851604010714 -0.009909885685221278 0.0625
-0.0015999264942941909 0.014906382365042683 0.0625
-0.008890171581745971 -0.012073311444964733 0.0625
0.014712049272356 0.0028975172489166144 0.0625
-0.012806591067046307 0.007802001361282229 0.0625
0.004173376606991152 -0.014404961912348779 0.0625
0.006653685504669742 0.013442041110075055 0.0625
-0.01398743230316167 -0.005417724389858665 0.0625
0.01397475954216067 -0.005453998142536291 0.0625
-0.006621018306714268 0.013462619231864004 0.0625
-0.004212110012722482 -0.01440062947376687 0.0625
0.012834504359983767 0.007774027131002162 0.0625
-0.014716350971317788 0.0029375183555160997 0.0625
0.0088679015197072 -0.012107862017580755 0.0625
0.0016399742834024309 0.014919466624171882 0.0625
-0.011288222914649657 -0.00989424193302238 0.0625
0.015008380667179737 -0.00032940817996144646 0.0625
-0.010845163132337613 0.010381832046078622 0.0625
0.0009841463005024725 -0.014982371509851412 0.0625
0.009395601110068643 0.011713354762000376 0.0625
-0.014841597573950847 -0.002290629051788255 0.0625
0.012492137548725746 -0.008337055803082786 0.0625
-0.003580030564077038 0.014587096392369327 0.0625
-0.007214278392628661 -0.013175514687239024 0.0625
0.014220776973770631 0.004842468612420224 0.0625
-0.01375821801625797 0.00603584600674294 0.0625
0.006068263997013836 -0.01374540548920059 0.0625
0.004810765110662048 0.01423574862977135 0.0625
-0.013164584387764184 -0.007248014755602774 0.0625
0.014604411610109586 -0.0035484026719773934 0.0625
-0.00837266827817446 0.01248272509925822 0.0625
-0.002258414539598108 -0.014861344615051892 0.0625
0.011705014530269828 0.009433590771608241 0.0625
-0.015004540097502161 0.0009506715849597287 0.0625
0.010422633540465734 -0.010837375608566806 0.0625
-0.0003648158303888289 0.01503286098551762 0.0625
-0.009886422175450936 -0.01133219557582519 0.0625
0.014946049700098418 0.001677974481983587 0.0625
-0.012155281970724484 0.008859408570112361 0.0625
0.002978745418715514 -0.01474473043939703 0.0625
0.00776417428971676 0.012885557713925357 0.0625
-0.014430404709451436 -0.004257161016621506 0.0625
0.013517396447705955 -0.00660908414801525 0.0625
-0.0055034213608018785 0.01400544013322929 0.0625
-0.005402964388591364 -0.014045923814958328 0.0625
0.013473052621464091 0.006707969369284536 0.0625
-0.014467055061160075 0.004155035241410436 0.0625
0.007861564083786106 -0.01283728203929961 0.0625
0.0028748404372680196 0.014777526601574727 0.0625
-0.012102961553120017 -0.008955351564494759 0.0625
0.014974921309398159 -0.0015721742197774683 0.0625
-0.009980932845769317 0.01127568088978414 0.0625
-0.0002570064122766338 -0.015057687329203269 0.0625
0.010361743787969353 0.01093042843041747 0.0625
-0.015025150269083883 -0.0010605938862017477 0.0625
0.011796538828026872 -0.009368119965011894 0.0625
-0.002370535392751471 0.014877518675898633 0.0625
-0.008302391965789024 -0.012572600671555663 0.0625
0.014615882749252594 0.0036627819290943955 0.0625
-0.013252637981396151 0.007172697298370829 0.0625
0.004927429315671907 -0.014242206301660468 0.0625
0.005987666298676517 0.013831408181949278 0.0625
-0.01375931202419507 -0.006154781281316258 0.0625
0.014304442516885185 -0.0047563561978816804 0.0625
-0.007335423807540358 0.01317086016795297 0.0625
-0.0034881818970272276 -0.014668080551089552 0.0625
0.012481320802565981 0.008460297336585383 0.0625
-0.014919498493309471 0.0021928439771530515 0.0625
0.009520766290170905 -0.011695939861676163 0.0625
0.0008802544962367871 0.015056731120062379 0.0625
-0.010820699233668195 -0.010508685364711067 0.0625
0.01507868713085791 0.00043953886028436177 0.0625
-0.011416462094783945 0.009862271200811774 0.0625
0.0017564296941280813 -0.014985157814637294 0.0625
0.008827967574340774 0.012237115203608567 0.0625
-0.014776818958782263 -0.0030603302859941624 0.0625
0.012964328292735642 -0.007725683912649686 0.0625
-0.004341248871082378 0.014455225983682372 0.0625
-0.006563839248799781 -0.013592498457454963 0.0625
0.014022802337685856 0.005589366207200253 0.0625
-0.014116779454283803 0.005351311786759462 0.0625
0.006795110847842972 -0.013482821239100029 0.0625
0.004097371058256003 0.014533119087483115 0.0625
-0.012839380902546955 -0.007949232544045528 0.0625
0.014838290526605048 -0.002811607057905298 0.0625
-0.00904287321127166 0.012097373437439444 0.0625
-0.0015038568991822614 -0.015029917312706078 0.0625
0.011262447654235777 0.010067634917675506 0.0625
-0.015106491859737677 0.0001841295513474107 0.0625
0.011015644371142946 -0.010340966061664972 0.0625
-0.0011374707659823188 0.01506738730691342 0.0625
-0.009339956381794523 -0.01187961341063655 0.0625
0.014912862629057413 0.002450821945156941 0.0625
-0.01265289503640715 0.008267057952963877 0.0625
0.0037458615165130056 -0.014644060963377165 0.0625
0.0071304634287348845 0.013329534548943346 0.0625
-0.01426300116307364 -0.005012663745171819 0.0625
0.013904315402654577 -0.005938856218456778 0.0625
-0.006241515707041326 0.01377256264021901 0.0625
-0.004701344146448758 -0.014372799421708075 0.0625
0.013176463611476537 0.00742299176177872 0.0625
-0.01473136106754973 0.0034273898373952416 0.0625
0.008548025850857729 -0.012479232911243705 0.0625
0.0021267383592666216 0.014977215493916883 0.0625
-0.011686175585553144 -0.009607981066989135 0.0625
0.015108440171962476 -0.0008093426778753905 0.0625
-0.010594715960262863 0.010803332528500239 0.0625
0.0005147125075233 -0.015123989917829194 0.0625
0.009837434467836585 0.011500647072709463 0.0625
-0.015023705205096499 -0.0018352879638782566 0.0625
0.01231880722025275 -0.008795850650747134 0.0625
-0.003142267569120902 0.01480831369616578 0.0625
-0.007686532620440588 -0.013042899074780222 0.0625
0.014479424978476093 0.00442563580660255 0.0625
-0.013667343633657335 0.006517953513145544 0.0625
0.005675554516404744 -0.014039518543430104 0.0625
0.005299043338242643 0.014187323204164564 0.0625
-0.01349192509789615 -0.006882438314489997 0.0625
0.014598818571208086 -0.004039120736614577 0.0625
-0.008037028102366933 0.012840801348894244 0.0625
-0.0027478217379686234 -0.014898640061977038 0.0625
0.012091098452629132 0.009130462102699374 0.0625
-0.015084452267158658 0.00143502606241563 0.0625
0.010154343876662714 -0.011248524366977316 0.0625
0.00011078152973971749 0.01515479222730119 0.0625
-0.010319500394111902 -0.01110080680022512 0.0625
0.015109080942720286 0.001214772845566865 0.0625
-0.011962574504954866 0.009311112243626098 0.0625
0.0025314844841879073 -0.014947628116404151 0.0625
0.008231055989657739 0.012733016818300346 0.0625
-0.014671630091265172 -0.00382926500324571 0.0625
0.013406200773899042 -0.007087579333588353 0.0625
-0.005098167512466235 0.014283160995201095 0.0625
-0.005889418621273506 -0.013976936298896007 0.0625
0.013785157159321848 0.006328462853868828 0.0625
-0.014440816226963953 0.00464573209505828 0.0625
0.007510714199765532 -0.013181394926540987 0.0625
0.003366029891309093 0.014794250328111044 0.0625
-0.012476462017959926 -0.008635849437918855 0.0625
0.01503449309290432 -0.0020601013177541333 0.0625
-0.0096952307878117 0.011675722674467226 0.0625
-0.0007379399675590978 -0.015159665055807759 0.0625
0.010785276838002952 0.010680721114589457 0.0625
-0.01516876749228577 -0.000590332757836124 0.0625
0.011584746430824794 -0.009811913683552874 0.0625
-0.001914545131000397 0.015061690374634673 0.0625
-0.008763059855323087 -0.012400354106719089 0.0625
0.014839213523340812 0.0032245529936255055 0.0625
-0.013121266340714966 0.007646722802352683 0.0625
0.004510317467066942 -0.014503000942779766 0.0625
0.006471429645266276 0.013741928479888432 0.0625
-0.014055588382207248 -0.005761981883862588 0.0625
0.014257551817665874 -0.005246162041585497 0.0625
-0.006969947349804713 0.013500364215122134 0.0625
-0.003980287546402082 -0.014664150539596778 0.0625
0.0128415437809241 0.008124946358137364 0.0625
-0.014958572531743123 0.0026834879937462264 0.0625
0.009218113890498956 -0.012084137383437442 0.0625
0.0013656854454028547 0.01513852381390652 0.0625
-0.01123391218886447 -0.010241055459906579 0.0625
0.015202586408060879 -3.69662743956208e-05 0.0625
-0.01118591157275708 0.010297348313350347 0.0625
0.0012924960368477037 -0.015150229503038327 0.0625
0.00928158943401255 0.01204541811555027 0.0625
-0.014981813827509717 -0.0026125187918632675 0.0625
0.012812962201691777 -0.008194388300417417 0.0625
-0.003912988073495939 0.01469858919545269 0.0625
-0.007044047561498403 -0.01348263304964384 0.0625
0.014302685240583004 0.005183936236954418 0.0625
-0.014049267500416598 0.00583935636022824 0.0625
0.0064156183096826976 -0.01379709540825402 0.0625
0.004589523179543624 0.014508489824390127 0.0625
-0.013185654325302608 -0.0075985867115950356 0.0625
0.014856745510135608 -0.003304105453381514 0.0625
-0.00872376372358004 0.012473008718635166 0.0625
-0.0019929364800881275 -0.015091328774708142 0.0625
0.01166458210342135 0.009782511147580787 0.0625
-0.015210403582214226 0.0006660501979315465 0.0625
0.010766696624469326 -0.010766533508824502 0.0625
-0.0006663956026546791 0.01521301800763946 0.0625
-0.009785710555839437 -0.011668756099830547 0.0625
0.015099111833460308 0.001994197041583124 0.0625
-0.012481751958539893 0.008729597244173732 0.0625
0.003307182291936108 -0.014869517318591893 0.0625
0.007606256846888988 0.013199426380686186 0.0625
-0.014525953131426402 -0.004595289503785765 0.0625
0.013816249509082851 -0.006424270347889158 0.0625
-0.0058486439129203085 0.014071011491000223 0.0625
-0.005192670892980702 -0.014327462057084328 0.0625
0.013508138612599214 0.00705763354268314 0.0625
-0.014729112028890821 0.003920874754488304 0.0625
0.008212982919419052 -0.012841608605051432 0.0625
0.0026186093378106974 0.01501808526863297 0.0625
-0.012076491017697711 -0.009305824235362846 0.0625
0.015192129602442771 -0.0012958387795486248 0.0625
-0.010327765413786162 0.01121861228306792 0.0625
3.731229287281995e-05 -0.015249872386115255 0.0625
0.010274511348948303 0.011270954553201453 0.0625
-0.0151908313218663 -0.0013706362575847048 0.0625
0.012128140256459715 -0.009251389837188859 0.0625
-0.0026939206566014054 0.015015418458902047 0.0625
-0.008157057109714176 -0.012892727380537502 0.0625
0.014724937344847698 0.003997026418515348 0.0625
-0.0135588277790207 0.006999870660151991 0.0625
0.00526996554552309 -0.014321573347541097 0.0625
0.005788672286743321 0.014121305646316487 0.0625
-0.013808377218860282 -0.006502977670395336 0.0625
0.0145758171149085 -0.004532720533271426 0.0625
-0.007686604895723855 0.013189242024355837 0.0625
-0.0032416199149880322 -0.014918843799931447 0.0625
0.012468873612858422 0.008811764342432395 0.0625
-0.01514772003240744 0.0019252474697561224 0.0625
0.009869817850237345 -0.011652754850383504 0.0625
0.0005936771969315548 0.015260653570075023 0.0625
-0.010747103889747943 -0.01085263829596125 0.0625
0.015256739625153826 0.0007428970388022036 0.0625
-0.011752672019805213 0.00975882679397927 0.0625
0.0020742395477548444 -0.015135968099151432 0.0625
0.008695464873941555 0.012562996880762511 0.0625
-0.014899223967037425 -0.003390151203126141 0.0625
0.013277375494328518 -0.007565137142352714 0.0625
-0.00468054757527275 0.014548280805497549 0.0625
-0.006376478322662997 -0.013890303243651985 0.0625
0.014085787512409739 0.00593553621463486 0.0625
-0.014397050694042844 0.005138572886819892 0.0625
0.007145492490183615 -0.013515248317094643 0.0625
0.0038608856250770054 0.014793700084497919 0.0625
-0.012840996231929167 -0.00830113340283006 0.0625
0.015077175614292195 -0.0025531892792726467 0.0625
-0.009393588806871658 0.01206816014674215 0.0625
-0.0012254897920776907 -0.015245267290851723 0.0625
0.01120262581549218 0.010414469493837324 0.0625
-0.015296648153772605 -0.00011205025517651704 0.0625
0.011355931615380609 -0.010250991032422142 0.0625
-0.0014491894311142142 0.015230884740971121 0.0625
-0.00922051533853815 -0.012210736951215627 0.0625
0.015048440714375132 0.002775685873065779 0.0625
-0.012972308558356519 0.008119064642358148 0.0625
0.004081375736370839 -0.014750673615078175 0.0625
0.00695505117676242 0.013634781374434126 0.0625
-0.014339824770508509 -0.005356251072448953 0.0625
0.014193047385187122 -0.005737369250957535 0.0625
-0.006590536539779451 0.013819002428461758 0.0625
-0.004475327287523298 -0.014642795008793551 0.0625
0.013192158245073665 0.007774764358933002 0.0625
-0.014980542392952852 0.003178576664631899 0.0625
0.008899846937748163 -0.012464057304291195 0.0625
0.001857037906606012 0.015203664367955127 0.0625
-0.011640241896627086 -0.009957146608743262 0.0625
0.015310412846820413 -0.0005208247881164185 0.0625
-0.010938541944377643 0.01072698933210484 0.0625
0.0008198330681945312 -0.01529993051423093 0.0625
0.009731264108989392 0.011836490140286307 0.0625
-0.015172257696966805 -0.002154668507411647 0.0625
0.012644084987995024 -0.008660664802216915 0.0625
-0.0034734554726709157 0.01492833236096291 0.0625
-0.00752336607715647 -0.013355109990902033 0.0625
0.014569983232675991 0.00476608734703221 0.0625
-0.013964086215600123 0.0063280562705531175 0.0625
0.006022654407592649 -0.014099916095023573 0.0625
0.005083871015972846 0.014466314509679072 0.0625
-0.013521693360704697 -0.007233519797379044 0.0625
0.01485791176117434 -0.003800323420073253 0.0625
-0.008389393433430842 0.012839707076842038 0.0625
-0.0024872313241570496 -0.015135840919490797 0.0625
0.012059145565803325 0.009481403283415703 0.0625
-0.015297934546051757 0.0011546422063636263 0.0625
0.010501163464709747 -0.011185953955181707 0.0625
-0.00018724370021615063 0.01534291171182085 0.0625
-0.010226788897644222 -0.011440838642469395 0.0625
0.01527038811018326 0.0015281514860686224 0.0625
-0.012293204232874272 0.009188967824997655 0.0625
0.002857810241884719 -0.015080879305311707 0.0625
0.008080413123899545 0.013051701948294407 0.0625
-0.01477579708883065 -0.004166031731720691 0.0625
0.013710490257948536 -0.006909591658462771 0.0625
-0.005442788459179679 0.014357438970395122 0.0625
-0.005685450102108762 -0.01426448937524339 0.0625
0.013828970880226995 0.0066782905293071675 0.0625
-0.014709420425837118 0.004417346571864802 0.0625
0.007863060716176316 -0.01319440321400422 0.0625
0.0031149790882966243 0.015041838493996495 0.0625
-0.012458560401059603 -0.008988007161387312 0.0625
0.01525915929240375 -0.0017883114071795098 0.0625
-0.010044493145001427 0.011627044227146438 0.0625
-0.0004474967909737836 -0.015359679248671442 0.0625
0.010706191190176234 0.011024403394260971 0.0625
-0.015342588852690815 -0.000897199697552105 0.0625
0.011920206420264019 -0.009703024214042571 0.0625
-0.00223547978395533 0.015207979160149026 0.0625
-0.008625199087935603 -0.01272501240445269 0.0625
0.014956841400145237 0.003557090852213578 0.0625
-0.013432626189359195 0.007480946040237255 0.0625
0.004851904491354591 -0.014591059687588602 0.0625
0.006279006892223388 0.014037594966639092 0.0625
-0.014113396893775405 -0.006109994117736186 0.0625
0.014535250294783109 -0.0050285682721831985 0.0625
-0.007321711077215858 0.013527473781226656 0.0625
-0.0037391913994383862 -0.014921744123203764 0.0625
0.012837741560088801 0.00847775864461644 0.0625
-0.015194078544332008 0.0024207389757406146 0.0625
0.009569263352121195 -0.012049448074403668 0.0625
0.00108329974224608 0.015350129044032483 0.0625
-0.011168597874714673 -0.010587843100127567 0.0625
0.015388661069791075 0.00026288871998739205 0.0625
-0.011525671526990354 0.0102019064812379 0.0625
0.0016075183561062437 -0.01530933978768456 0.0625
0.00915674918545196 0.012375538144045491 0.0625
-0.015112732950993043 -0.0029402895694079405 0.0625
0.013130903773187257 -0.008041104781017137 0.0625
-0.004250990115599475 0.014800306856179555 0.0625
-0.006863494652686623 -0.013785950861385737 0.0625
0.014374415414933844 0.005529573354148785 0.0625
-0.0143356282844538 0.005632917688904058 0.0625
0.006766235257996177 -0.013838282423532532 0.0625
0.004358781514502118 0.014775690295510213 0.0625
-0.013195977163242702 -0.007951489590458957 0.0625
0.015102729317393466 -0.0030508305697865197 0.0625
-0.009076240673709173 0.012452383516134865 0.0625
-0.0017190715850340318 -0.015314202326126182 0.0625
0.011613162831042943 0.010131853189801095 0.0625
-0.015408450620887538 0.00037369702122246116 0.0625
0.011110218479363134 -0.010684710821581362 0.0625
-0.0009749929380944736 0.015384712827045748 0.0625
-0.009674108824855658 -0.012003816828194685 0.0625
0.015243131030219705 0.0023166692460412186 0.0625
-0.012805775264005276 0.008589069791763866 0.0625
0.0036410530993128466 -0.014984749992174855 0.0625
0.007437879421435213 0.013509920418425515 0.0625
-0.014611509452139834 -0.004937994687120294 0.0625
0.014110826048301555 -0.0062293328884058165 0.0625
-0.0061975509781724055 0.01412622957030482 0.0625
-0.0049726676464260725 -0.014603854849942446 0.0625
0.013532589622520115 0.0074100619503794235 0.0625
-0.014985194244572647 0.0036774928215330084 0.0625
0.008566224677990862 -0.012835100107368871 0.0625
0.0023537157348775544 0.015251885858456646 0.0625
-0.012039068476733411 -0.009657164708780933 0.0625
0.015401848470086387 -0.0010114661163368888 0.0625
-0.010674504182833165 0.01115055875060426 0.0625
0.0003389814104967258 -0.015433894246214651 0.0625
0.010176345322960436 0.01161042617081136 0.0625
-0.015347738140288704 -0.0016872859796511724 0.0625
0.012457734736907198 -0.009123861311136626 0.0625
-0.003023119667472349 0.01514400037890061 0.0625
-0.008001141841894365 -0.013209910265625853 0.0625
0.014824202014907637 0.004336246605211511 0.0625
-0.01386115962640919 0.0068167627075616955 0.0625
0.005616601412598228 -0.014390753579017312 0.0625
0.005579774859877591 0.014406460790668818 0.0625
-0.013846936914313173 -0.006854366352262711 0.0625
0.014841601557114035 -0.004299635242653761 0.0625
-0.008040046612721792 0.01319688033079261 0.0625
-0.0029861344910556403 -0.015163212087197352 0.0625
0.01244552726770258 0.00916454314348902 0.0625
-0.015368790999028416 0.001649322051081335 0.0625
0.010219222482767189 -0.011598598701899538 0.0625
0.0002994292911025368 0.015456724818008177 0.0625
-0.010662549587654517 -0.011195983042627766 0.0625
0.015426300632758976 0.0010532088053847688 0.0625
-0.012087317342016067 0.009644519660065902 0.0625
0.002398232767335475 -0.015277711857267057 0.0625
0.008552278976471279 0.012886369710225118 0.0625
-0.015012057052736638 -0.003725337977335775 0.0625
0.013586989016679927 -0.007394168611860229 0.0625
-0.00502435361961148 0.014631331815836077 0.0625
-0.006179036960258098 -0.014183776022052957 0.0625
0.014138413793251385 0.006285320629116626 0.0625
-0.014672124985684506 0.004916172129253864 0.0625
0.007498568045165718 -0.013537040934857945 0.0625
0.0036152309434483955 0.015048259209142205 0.0625
-0.012831783150080378 -0.008654787183363516 0.0625
0.015309260241243067 -0.0022861651003141283 0.0625
-0.00974510305778936 0.012028007582017254 0.0625
-0.0009391450423154043 -0.015453090519035161 0.0625
0.011131837763591487 0.010761142504635767 0.0625
-0.015478609268874078 -0.00041551787148753314 0.0625
0.011695098485145583 -0.01015010696607408 0.0625
-0.0017674502996428026 0.015385581543714642 0.0625
-0.009090306095916755 -0.012539790073304205 0.0625
0.015174680325009826 0.0031062963531768312 0.0625
-0.013288717668020106 0.007960526536583514 0.0625
0.004421796923732566 -0.014847481670817756 0.0625
0.00676939837216564 0.013936113004669603 0.0625
-0.014406452945025254 -0.005703868296408436 0.0625
0.01447698358174735 -0.005526024463736808 0.0625
-0.006942679445781129 0.013854934215402405 0.0625
-0.004239910882775921 -0.014907151159967432 0.0625
0.013197112960916505 0.0081287274217315 0.0625
-0.015223284037368525 0.0029208942325254913 0.0625
0.00925291024783942 -0.012437992279521169 0.0625
0.0015790664137756369 0.01542292285077267 0.0625
-0.01158335283814402 -0.010306596772313395 0.0625
0.015504499704088948 -0.00022469740965511668 0.0625
-0.011281692936175317 0.010639708853810425 0.0625
0.0011318433189044519 -0.015467350474514092 0.0625
0.009614258441595623 0.012170703949164457 0.0625
-0.015311720200226104 -0.0024801662262815944 0.0625
0.012966791896435991 -0.008514828707291883 0.0625
-0.0038099412550866235 0.015038761505948187 0.0625
-0.007349816004246808 -0.013663828332634947 0.0625
0.01465052607610117 0.005110976980331621 0.0625
-0.01425644145940223 0.006128121809709508 0.0625
0.0063732987175865495 -0.01414994923865134 0.0625
0.004859084711130545 0.014740057522616978 0.0625
-0.013540827775267272 -0.0075872249973590695 0.0625
0.01511093611081712 -0.0035524090213266864 0.0625
-0.008743441818517326 0.012827791125762942 0.0625
-0.0022180905689923136 -0.01536619908200292 0.0625
0.012016266204870224 0.009833074112081824 0.0625
-0.015503852895450898 0.0008663402312133783 0.0625
0.010847753866260353 -0.011112436099120371 0.0625
-0.0004924942061761141 0.015522804175047849 0.0625
-0.010123192957705827 -0.011779684390553732 0.0625
0.015422868382853108 0.0018480072632947055 0.0625
-0.012621700224682123 0.009056085436780029 0.0625
0.0031898154486657564 -0.015204771534076178 0.0625
0.00791926109735833 0.013367322232663762 0.0625
-0.014870144938036345 -0.004507636800119561 0.0625
0.01401080745782541 -0.006721404197021919 0.0625
-0.005791369673935581 0.014421513003142886 0.0625
-0.005471669349697189 -0.014547193355681512 0.0625
0.01386227419686325 0.007031170179349909 0.0625
-0.014972336063512936 0.004179611561046074 0.0625
0.008217527663976201 -0.013196675304476727 0.0625
0.0028551131733918554 0.01528294241195472 0.0625
-0.012429779181269812 -0.00934133767213623 0.0625
0.01547659543096541 -0.001508308279570396 0.0625
-0.010393971815598962 0.01156742624340153 0.0625
-0.00014950518299203334 -0.015551773152932066 0.0625
0.01061618998989855 0.011367344021290894 0.0625
-0.015507860566461168 -0.001210892501916957 0.0625
0.012253972646593541 -0.009583326895005583 0.0625
-0.0025624655058758008 0.015345154627151747 0.0625
-0.008476721052273973 -0.013047037985762717 0.0625
0.015064862284624997 0.0038948587067162478 0.0625
-0.013740434724816546 0.007304823993297558 0.0625
0.005197860466832553 -0.014669091538583407 0.0625
0.006076590139795508 0.014328818942011236 0.0625
-0.014160835590213387 -0.006461480897359818 0.0625
0.014807649291565878 -0.00480140838275485 0.0625
-0.007676028450115808 0.013543950207860806 0.0625
-0.003489030310670202 -0.015173222053711091 0.0625
0.012823124478375468 0.00883218424921536 0.0625
-0.015422699780172818 0.0021494956363429492 0.0625
0.00992107359307798 -0.012003845165642998 0.0625
0.0007930553916897293 0.015554133313872294 0.0625
-0.011092354947609137 -0.010934334077402755 0.0625
0.01556647701174947 0.0005699065209973357 0.0625
-0.0118641798169485 0.010095604849196103 0.0625
0.0019289528218625757 -0.015459597052026566 0.0625
0.009021201234092899 0.012703461272188805 0.0625
-0.015234272759913995 -0.0032736727809209235 0.0625
0.01344572022179937 -0.007877347759055423 0.0625
-0.004593761968928022 0.014892190939308783 0.0625
-0.006672782734333196 -0.014085239457687072 0.0625
0.014435933251670615 0.005879101219855861 0.0625
-0.014617086820719698 0.005416712367806001 0.0625
0.0071198342007638415 -0.01386895673630982 0.0625
0.00411874040356655 0.015037153237499061 0.0625
-0.013195567619266343 -0.008306442993566473 0.0625
0.015342184465268069 -0.002788794691921081 0.0625
-0.009429821109949051 0.01242088860888621 0.0625
-0.0014370512530859666 -0.015529806299371672 0.0625
0.01155081992683651 0.010481343378489067 0.0625
-0.015598543048311563 7.385641455582713e-05 0.0625
0.011452932168414724 -0.010591994370546616 0.0625
-0.001290352381200921 0.015547829132465057 0.0625
-0.009551726749837447 -0.012337119440794915 0.0625
0.01537801371548495 0.002645126493451069 0.0625
-0.013127104151181526 0.00843795808261885 0.0625
0.00398008611150336 -0.015090358330570488 0.0625
0.007259194976015685 0.013816804561843837 0.0625
-0.014687027517454283 -0.005284999782548786 0.0625
0.014400905061803084 -0.00602444465498143 0.0625
-0.00654986282880967 0.014171072539641357 0.0625
-0.004743146135372686 -0.014874897133711517 0.0625
0.013546408304158736 0.007764974053853578 0.0625
-0.015235114152309371 0.0034250980666402555 0.0625
0.008921010149095566 -0.012817783658641377 0.0625
0.002080383796568676 0.015478759745502045 0.0625
-0.01199074529075705 -0.010009097230629127 0.0625
0.01560392949901606 -0.000719294230295513 0.0625
-0.011020878956686271 0.011071595504807324 0.0625
0.0006477509253596074 -0.01560962583596083 0.0625
0.010067344196436814 0.011948580703601164 0.0625
-0.015495765955242683 -0.002010282930420958 0.0625
0.012785069306693797 -0.008985655391958688 0.0625
-0.003357864181561675 0.015263182765668017 0.0625
-0.007834788759404828 -0.013523907907683482 0.0625
0.014913618806286957 0.004680168170137044 0.0625
-0.01415940548629832 0.006623536538329444 0.0625
0.005967058615016559 -0.01444971319732529 0.0625
0.005361156369255322 0.014686660695488034 0.0625
-0.013874981719219949 -0.007208667164692253 0.0625
0.0151015996621205 -0.004057300536692099 0.0625
-0.008395469072141563 0.013193790170330682 0.0625
-0.0027219421657361615 -0.015401007462058695 0.0625
0.012411321204894516 0.009518356262976068 0.0625
-0.015582553026109551 0.0013652989374067755 0.0625
0.010568707235518664 -0.011533534903484507 0.0625
-2.245094629694177e-06 0.015644807284193377 0.0625
-0.010567123375493736 -0.011538453257135197 0.0625
0.015587254406346146 0.0013702189868202458 0.0625
-0.0124201403478203 0.009519459739945661 0.0625
0.0027281450804694986 -0.015410296052312238 0.0625
0.008398541873008916 0.013206986575571122 0.0625
-0.015115248594852214 -0.00406561925367074 0.0625
0.013892934222508539 -0.0072129313520268 0.0625
-0.005372390636638878 0.014704333335699206 0.0625
-0.005971688061475547 -0.014472696421069242 0.0625
0.014180659786937189 0.006638440178772606 0.0625
-0.014941797900722427 0.004684300961079129 0.0625
0.007854057466146218 -0.01354820214340164 0.0625
0.0033606155443457494 0.0152966095316283 0.0625
-0.012811769124368936 -0.009009915199593549 0.0625
0.015534376398236474 -0.002010758542916998 0.0625
-0.010097140762969433 0.011976967413029936 0.0625
-0.0006450604517293931 -0.015653239185983672 0.0625
0.011050158972123563 0.011107384331641589 0.0625
-0.01565224871486013 -0.000726023531408894 0.0625
0.012032882999150235 -0.010038412560199014 0.0625
-0.0020919935476484916 0.015531373506441635 0.0625
-0.008949449818542688 -0.012866520428825592 0.0625
0.015291500324078116 0.00344238548665295 0.0625
-0.013601881572652129 0.007791586339350061 0.0625
0.004766851148954373 -0.014934427679817942 0.0625
0.00657366816558049 0.014233302036029226 0.0625
-0.014462852355533304 -0.006055237546293684 0.0625
0.014755911709110257 -0.005305004206684746 0.0625
-0.0072976647325378044 0.01388034903925236 0.0625
-0.0039952950873204255 -0.015165672328163803 0.0625
0.013191343230279675 0.008484601568780621 0.0625
-0.01545940867768496 0.002654558972092928 0.0625
0.00960693884096054 -0.012401077618741195 0.0625
0.001293054934341099 0.015634833191843656 0.0625
-0.011515572194574136 -0.010656059169859703 0.0625
0.015690563764950417 7.879554571802827e-05 0.0625
-0.011623903176165242 0.010541578389934579 0.0625
0.0014504883519028116 -0.015626134632115336 0.0625
0.00948652760381909 0.012503031393305324 0.0625
-0.015442000234618714 -0.002811517162322791 0.0625
0.013286681451749265 -0.008358474501949625 0.0625
-0.004151453922208935 0.015139532038070929 0.0625
-0.007166035523890393 -0.013968820095854229 0.0625
0.014721008325400494 0.005460028743833624 0.0625
-0.014544189632564842 0.005918323067558363 0.0625
0.006727208620422149 -0.014189597040695624 0.0625
0.0046248758531102835 0.015008348454887284 0.0625
-0.013549331812854554 -0.007943274351623987 0.0625
0.015357705327366048 -0.003295585999149842 0.0625
-0.009098895089869946 0.012805081340762369 0.0625
-0.0019406233679437636 -0.015589547169298749 0.0625
0.011962512371991058 0.010185199936670898 0.0625
-0.015702060120462547 0.0005703577591124735 0.0625
0.011193846038689588 -0.011028046556943503 0.0625
-0.0008047204538014891 0.01569434372604454 0.0625
-0.010008811506450593 -0.012117082661612167 0.0625
0.015566418129741317 0.0021740806355930887 0.0625
-0.01294781074901003 0.008912586426387144 0.0625
0.0035272325365210085 -0.015319224217737255 0.0625
0.007747742743357996 0.01367963750918655 0.0625
-0.014954616710182108 -0.004853806655764326 0.0625
0.014306925609668675 -0.006523180175298444 0.0625
-0.006143633706456002 0.01447535025071579 0.0625
-0.005248258734474019 -0.014824836601326075 0.0625
0.01388505859848925 0.007386822572427189 0.0625
-0.015229368237150657 0.003932727183172865 0.0625
0.008573836159918889 -0.013188227079591379 0.0625
0.0025866484881466455 0.015517385398280494 0.0625
-0.01239015850703444 -0.009695564561724197 0.0625
0.015686644387974527 -0.0012203228446715864 0.0625
-0.010743394973291609 0.011496932827839456 0.0625
0.0001557911418074021 -0.01573581040557284 0.0625
0.010515360804748195 0.01170927782341701 0.0625
-0.01566446806420348 -0.0015311565124275673 0.0625
0.012585788612494889 -0.00945293208489271 0.0625
-0.0028952386381405834 0.01547312486953485 0.0625
-0.008317758051980687 -0.013366184982586111 0.0625
0.015163207630622741 0.0042375859107072235 0.0625
-0.014044458581255442 0.0071185098974013115 0.0625
0.005547909824290879 -0.014737051828012845 0.0625
0.005864352383769792 0.014615381319656822 0.0625
-0.014197884018390828 -0.006816163833148553 0.0625
0.015074545669244911 -0.004564873806125367 0.0625
-0.008032620381878996 0.013549797408102535 0.0625
-0.003230012686827463 -0.015418398686080656 0.0625
0.012797720780724069 0.009187945516742214 0.0625
-0.01564426950046494 0.0018699817637673627 0.0625
0.010273270506601928 -0.01194738101418813 0.0625
0.000495189854111486 0.015750390058928223 0.0625
-0.011005259472938208 -0.011280259923126945 0.0625
0.015735908957747697 0.0008838378094852818 0.0625
-0.01220117565839402 0.009978542606664231 0.0625
0.0022565401595866265 -0.015600898259657126 0.0625
0.008875067132716396 0.01302893638750981 0.0625
-0.015346353239342978 -0.003612401175576611 0.0625
0.013757172019979145 -0.007703260219718853 0.0625
-0.0049410304458110555 0.014974185057410246 0.0625
-0.006472075129630256 -0.01438027272051617 0.0625
0.014487206416566157 0.006232242794035251 0.0625
-0.01489343212260807 0.005190922809025975 0.0625
0.007476136358954858 -0.013889110307802773 0.0625
0.0038695999530655267 0.015292684401478877 0.0625
-0.01318444200690688 -0.008663168529268569 0.0625
0.015574934920918123 -0.002518214091209324 0.0625
-0.009784229150978962 0.01237856453394874 0.0625
-0.0011471062683968086 -0.01573798421682411 0.0625
0.011477617837823173 0.010830710446174958 0.0625
-0.015780545131873616 -0.0002332280877167775 0.0625
0.01179457310588703 -0.010488472016928227 0.0625
-0.0016122195070197528 0.0157022529676854 0.0625
-0.00941867493184967 -0.012668408050270035 0.0625
0.015503668574577164 0.0029793054106063846 0.0625
-0.01344549338096591 0.008276394610118702 0.0625
0.00432401101719162 -0.015186274352954564 0.0625
0.00707035688188149 0.01411984608849654 0.0625
-0.014752463194631556 -0.005636029603456789 0.0625
0.01468626811636302 -0.005809778723350744 0.0625
-0.006905301502444265 0.014205520446655271 0.0625
-0.004504297816479293 -0.015140386427712468 0.0625
0.013549599033337986 0.00812209123537567 0.0625
-0.015478686765304974 0.0031638988639924497 0.0625
0.00927706218462072 -0.012789687925148145 0.0625
0.001798837222313922 0.015698540844537683 0.0625
-0.011931574193484711 -0.01036134823588946 0.0625
0.01579822676883138 -0.0004195604373385941 0.0625
-0.011366621839114485 0.01098179894036335 0.0625
0.000963371717489258 -0.015776942509052313 0.0625
0.009947607438115931 0.012285157966307988 0.0625
-0.015634812341355032 -0.002339368087884502 0.0625
0.013109893474465078 -0.0088368938597325 0.0625
-0.003697887252145421 0.015372886191942632 0.0625
-0.007658141020836649 -0.013834481417999702 0.0625
0.014993131891508023 0.005028518279159885 0.0625
-0.014453339892473079 0.006420355593940753 0.0625
0.006321060513202358 -0.014498420396320216 0.0625
0.005132999289040021 0.014961695034277188 0.0625
-0.0138925040870819 -0.007565601773184522 0.0625
0.015355617844561171 -0.0038059165271711673 0.0625
-0.00875259436774435 0.013179988309316892 0.0625
-0.00244925915899801 -0.015632054553770737 0.0625
0.012366296371446968 0.009872928342368211 0.0625
-0.0157888502918175 0.0010734088049641109 0.0625
0.010918001397428207 -0.011457628266170786 0.0625
-0.000311102589770179 0.01582476588068962 0.0625
-0.01046091342979336 -0.011879784939735606 0.0625
0.015739487618498724 0.0016936733767540036 0.0625
-0.012750885761176289 0.009383757898914049 0.0625
0.0030637133857809107 -0.015533629977883047 0.0625
0.00823438626804957 0.013524602869901826 0.0625
-0.015208731195813093 -0.004410725043969717 0.0625
0.014194979037850466 -0.0070215788904623095 0.0625
-0.0057243838119332745 0.014767241786253663 0.0625
-0.005754604802411577 -0.014756846667498501 0.0625
0.01421250606155101 0.006994617319794966 0.0625
-0.015205867625211778 0.004443150882486029 0.0625
0.008211682597366139 -0.013548736801640001 0.0625
0.003097247788237008 0.015538566733719715 0.0625
-0.012780983263205608 -0.009366240805449013 0.0625
0.01575235866551601 -0.0017271932355537739 0.0625
-0.010449428895884504 0.011915092771349034 0.0625
-0.00034347320845771784 -0.015845568028791893 0.0625
0.010957666186349467 0.011452927649668165 0.0625
-0.015817442490097887 -0.001043318298720988 0.0625
0.012369025571587863 -0.009916007584174467 0.0625
-0.002422560391595477 0.01566815883086053 0.0625
-0.008798068534901619 -0.013190678149935055 0.0625
0.015398821889172448 0.0037836866183054165 0.0625
-0.013911562026561831 0.007612387403510337 0.0625
0.0051162659205294045 -0.015011456392716511 0.0625
0.006368024137086439 0.014526123660133304 0.0625
-0.014508991743019067 -0.006410082573649468 0.0625
0.015029622108616842 -0.005074491035776481 0.0625
-0.007655214502529586 0.013895239865517281 0.0625
-0.003741680037272091 -0.015418165600961726 0.0625
0.013174866292640277 0.008842109373393376 0.0625
-0.015688741616269257 0.0023797870698743433 0.0625
0.009961657877398939 -0.012353354699580826 0.0625
0.0009992340534940264 0.015839240237660958 0.0625
-0.01143696516191612 -0.011005263644507431 0.0625
0.0158684706000783 0.00038941085558909315 0.0625
-0.011964909250272453 0.010432686453294029 0.0625
0.0017755141649650997 -0.015776170303657612 0.0625
0.009348182746134531 0.012833217809453432 0.0625
-0.015563007718439874 -0.003148458472932571 0.0625
0.01360350968257508 -0.008191735122432008 0.0625
-0.0044977237974821544 0.015230577160487478 0.0625
-0.006972178340357787 -0.014269853860157285 0.0625
0.01478138697403227 0.005812968185351532 0.0625
-0.014827113628766722 0.0056988333402232545 0.0625
0.007084106982576029 -0.014218840608833673 0.0625
0.004381436004673034 0.015270986167793973 0.0625
-0.01354721083524591 -0.008301390159810339 0.0625
0.015598035771293524 -0.003030062718401653 0.0625
-0.009455477098648133 0.012771607292621424 0.0625
-0.0016550532957294523 -0.015805720438761883 0.0625
0.011897937617134376 0.01053750826613098 0.0625
-0.015892411628783305 0.0002669318664251785 0.0625
0.011539173226652618 -0.010932862445183489 0.0625
-0.0011236736757718627 0.015857407022283856 0.0625
-0.009883744634581937 -0.012452774469907208 0.0625
0.015700936195281467 0.0025061130444775093 0.0625
-0.013271286563940707 0.008758593091231432 0.0625
0.003869795129731103 -0.015424159155490762 0.0625
0.007566001629205985 0.013988410179389666 0.0625
-0.015029157751757708 -0.005204269139156936 0.0625
0.014598620568873401 -0.006315083331680303 0.0625
-0.006499304690477652 0.014518920019765078 0.0625
-0.005015400913312069 -0.015097210128985704 0.0625
0.013897317581865621 0.007744970240663854 0.0625
-0.015480324716530745 0.0036768936170043496 0.0625
0.008931709251329564 -0.013169076271694755 0.0625
0.002309801203075631 0.015744993439257778 0.0625
-0.012339740206765766 -0.010050413505400086 0.0625
0.015889151690516395 -0.0009245856129965039 0.0625
-0.011092493013388972 0.011415629581758376 0.0625
0.00046814909389269815 -0.015911657249510106 0.0625
0.010403792504289449 0.012049941971963627 0.0625
-0.015812299321461595 -0.0018577379170661337 0.0625
0.012915400269066669 -0.009311951239659312 0.0625
-0.0032335365843749126 0.0155918004463086 0.0625
-0.008148443275168227 -0.013682210062389984 0.0625
0.015251811259045874 0.0045850030881605195 0.0625
-0.014344466996902621 0.0069221576531289354 0.0625
0.005901778464251426 -0.014794898139524247 0.0625
0.0056424670594733654 0.01489706566686064 0.0625
-0.01422452384420932 -0.00717376619395423 0.0625
0.015335738972762431 -0.004319156186027031 0.0625
-0.008391209621300752 0.013545021265815338 0.0625
-0.0029623469148088713 -0.015657091069426737 0.0625
0.012761560519943692 0.009544766791064857 0.0625
-0.015858623651163622 0.0015824208955754846 0.0625
0.010625582134316209 -0.011880109608370635 0.0625
0.0001899401096939727 0.015938755370314504 0.0625
-0.01090738895858192 -0.011625354450777196 0.0625
0.01589683423846818 0.0012044339727298463 0.0625
-0.012536400666381434 0.009850820185748552 0.0625
0.002590022022768913 -0.015733142913021924 0.0625
0.008718469467539883 0.013351714876508365 0.0625
-0.01544889682640545 -0.003956208645544311 0.0625
0.014065022220671084 -0.007518985964345773 0.0625
-0.005292523708670058 0.015046235170073785 0.0625
-0.0062615357543479465 -0.014670827174942194 0.0625
0.014528204799971038 0.006588722584090062 0.0625
-0.015164455889920188 0.004955731788814339 0.0625
0.007834864687437089 -0.013898737184706793 0.0625
0.003611560402093479 0.01554209224853689 0.0625
-0.01316261857055999 -0.00902138971367213 0.0625
0.015800807365141837 -0.0022393049389664425 0.0625
-0.010139190983484448 0.012325453590048026 0.0625
-0.0008494670825791961 -0.015938582298172396 0.0625
0.01139362259033102 0.011179685338554873 0.0625
-0.01595432380005778 -0.0005473135142766704 0.0625
0.01213487904844062 -0.010374233006816308 0.0625
-0.0019403406803738742 0.015847872981699665 0.0625
-0.00927506515200251 -0.012997429223739159 0.0625
0.015620006822848014 0.0033189436352823913 0.0625
-0.013760700263029606 0.008104512833666006 0.0625
0.004672558730291482 -0.015272432514566137 0.0625
0.00687151925493952 0.014418814900295913 0.0625
-0.014807774674942386 -0.005990810393939618 0.0625
0.014966699459562917 -0.0055855086865136214 0.0625
-0.007263590662794565 0.014229555533584444 0.0625
-0.004256314432231361 -0.015400122968794082 0.0625
0.013542168234702404 0.008481136686966977 0.0625
-0.01571572983109277 0.0028941036394885458 0.0625
0.00963410561692376 -0.012750843460805173 0.0625
0.0015092995285301994 0.015911065801296233 0.0625
-0.011861609630951422 -0.010713646296332565 0.0625
0.015984597066607747 -0.00011250163641038744 0.0625
-0.011711467211594464 0.010881246975955827 0.0625
0.0012855953149995215 -0.01593572228316154 0.0625
0.00981723584092524 0.012619900175661171 0.0625
-0.015764777473991097 -0.0026742833050263913 0.0625
0.013431959257714381 -0.008677699608715488 0.0625
-0.004042923028171412 0.015473033748695872 0.0625
-0.007471342680460766 -0.014141394505179657 0.0625
0.015062687860060289 0.005381025406964034 0.0625
-0.014742740045549808 0.006207383985975256 0.0625
0.006678331980090441 -0.014536845667602768 0.0625
0.00489548653266998 0.015231356197280886 0.0625
-0.013899498632694015 -0.007924893548795294 0.0625
0.015603465265797825 -0.003545683530582049 0.0625
-0.009111146479488191 0.013155493522833338 0.0625
-0.002168301659138612 -0.015856180748054585 0.0625
0.012310495555363983 0.010227986076513967 0.0625
-0.01598752972021192 0.0007738820616480406 0.0625
0.011266836462981086 -0.01137094526046273 0.0625
-0.0006269003271443925 0.01599646823457685 0.0625
-0.010344009392349288 -0.012219716432511423 0.0625
0.015882889605849736 0.00202331850394112 0.0625
-0.013079300766985814 0.009237526262302282 0.0625
0.0034046755436547053 -0.01564762552090379 0.0625
0.00805994591109243 0.013838976548511977 0.0625
-0.015292439961360685 -0.004760386541886998 0.0625
0.014492894033348531 -0.006820265576803479 0.0625
-0.00608005972448788 0.014820015983346993 0.0625
-0.005527960951599083 -0.015036011695845272 0.0625
0.014233935453309267 0.007353576103572027 0.0625
-0.015464135096059145 0.004192913751895189 0.0625
0.008571167068507805 -0.013538651893143844 0.0625
0.002825336156395424 0.01577394927097728 0.0625
-0.012739456640177409 -0.00972348931778298 0.0625
0.015963044399578824 -0.0014356926889398133 0.0625
-0.010801696556125997 0.011842438579506159 0.0625
-3.462014460317818e-05 -0.01602993454277302 0.0625
0.010854437754667882 0.011797507407500983 0.0625
-0.015974069312717325 -0.001367153829129219 0.0625
0.012703269021847909 -0.009782993210595586 0.0625
-0.0027588928719697466 0.015795838379807338 0.0625
-0.008636285465969442 -0.013512015887730633 0.0625
0.01549656878062932 0.004129934143206734 0.0625
-0.014217523398259692 0.007423074054590743 0.0625
0.00546977001608492 -0.015078515045293367 0.0625
0.006152630611947892 0.014814355758956304 0.0625
-0.014544842217415343 -0.00676812860918676 0.0625
0.0152979078683072 -0.004834668018880371 0.0625
-0.008015052536705583 0.013899601894797184 0.0625
-0.003479266143049257 -0.015664440848808844 0.0625
0.01314770147187845 0.009200975274739367 0.0625
-0.015911110953979037 0.002096794746790501 0.0625
0.010316794557068382 -0.01229486681779206 0.0625
0.0006978341501003582 0.016035991628176715 0.0625
-0.011347598673430668 -0.01135394223812833 0.0625
0.016038088547891585 0.000706905743355418 0.0625
-0.012304450086173618 0.010313123100053738 0.0625
0.0021066674383958257 -0.01591734752727359 0.0625
0.009199336356570933 0.013161011002148438 0.0625
-0.0156746552250522 -0.0034907282300035538 0.0625
0.01391703519324691 -0.008014744626619554 0.0625
-0.004848482344560382 0.015311832645195879 0.0625
-0.0067683990548242515 -0.01456670086995179 0.0625
0.014831621478939787 0.006169522210467521 0.0625
-0.015104999075966982 0.005469826589119325 0.0625
0.007443718236288168 -0.014237663390414556 0.0625
0.0041289571567747815 0.01552777230633932 0.0625
-0.013534472402593879 -0.008661296483981177 0.0625
0.015831746615615056 -0.0027560477316188187 0.0625
-0.009812913642493572 0.012727400592617627 0.0625
-0.0013616038722549962 -0.016014556968429076 0.0625
0.011822597357572334 0.010889728725763728 0.0625
-0.016074765635978906 -4.3700667634470425e-05 0.0625
0.011883470945740437 -0.01082696256028176 0.0625
-0.0014491056426450145 0.016011873495517453 0.0625
-0.00974809391263278 -0.012786503238590749 0.0625
0.015826324143997515 0.0028438467063330625 0.0625
-0.013591880956871003 0.008594228997079807 0.0625
0.00421723785928202 -0.015519500792172356 0.0625
0.007374182369421041 0.01429340527594876 0.0625
-0.01509371596075133 -0.0055587533221182475 0.0625
0.01488567090455974 -0.006097278222382806 0.0625
-0.006858108207099918 0.01455219405518318 0.0625
-0.004773279125174137 -0.015364107731761611 0.0625
0.013899046950539675 0.008105337369085494 0.0625
-0.015725016089869606 0.0034123113828227894 0.0625
0.009290871832232194 -0.013139242771066923 0.0625
0.0020247875868119416 0.01596559536090942 0.0625
-0.012278568101797348 -0.010405612205417069 0.0625
0.016083965705728624 -0.0006213269485106918 0.0625
-0.011440998523935507 0.011323583919206218 0.0625
0.0007873259741706296 -0.01607918274696809 0.0625
0.010281575577030645 0.012389075980629348 0.0625
-0.01595124509140757 -0.0021903835357868226 0.0625
0.013242556042432059 -0.009160497227937258 0.0625
-0.0035770976173293903 0.015701094631779544 0.0625
-0.007968911105662202 -0.013994872482093352 0.0625
0.015330609623505938 0.0049368419634081015 0.0625
-0.014640231894954774 0.006715922130426241 0.0625
0.0062591936109582125 -0.014842590587243855 0.0625
0.005411108337821824 0.015173658311572564 0.0625
-0.014240739142842147 -0.007534012786392355 0.0625
0.015591031563144488 -0.004064447661987095 0.0625
-0.008751520657844585 0.01352962993489916 0.0625
-0.002686241633584809 -0.015889119103524762 0.0625
0.012714675862508677 0.009902374347162367 0.0625
-0.01606560104241499 0.0012870365752201526 0.0625
0.0109777386253967 -0.011802086877856532 0.0625
-0.00012245710196999259 0.016119088195620034 0.0625
-0.01079882266680404 -0.011969353742408952 0.0625
0.01604913301215425 0.0015314468838914055 0.0625
-0.012869598869094915 0.009712539572562413 0.0625
0.0029291407927221767 -0.01585623329219178 0.0625
0.008551532166627978 0.01367155066563874 0.0625
-0.015541828665196959 -0.004304830047941743 0.0625
0.014369036525031745 -0.007324669913539012 0.0625
-0.005647971115083067 0.015108289853030601 0.0625
-0.006041329412352065 -0.014956682082983843 0.0625
0.014558900797924062 0.006948266514477275 0.0625
-0.015429952628027295 0.004711322733249514 0.0625
0.008195743769736632 -0.013897833790228723 0.0625
0.0033448223961831855 0.015785188093209133 0.0625
-0.01313011778401321 -0.00938083189157231 0.0625
0.016019631358989074 -0.0019522835660051637 0.0625
-0.01049443480949405 0.012261600141469289 0.0625
-0.0005443640583095903 -0.016131449648807784 0.0625
0.011298902096693517 0.011528001188815645 0.0625
-0.0161197488510882 -0.0008681572310593528 0.0625
0.012473590096302155 -0.010249368278554185 0.0625
-0.0022744628494359227 0.0159845806559489 0.0625
-0.009121010676881284 -0.013323932010942478 0.0625
0.015726942449686327 0.003663779630962306 0.0625
-0.014072484710417279 0.007922447480108145 0.0625
0.005025461226897098 -0.015348769965601606 0.0625
0.00666283725057867 0.014713483604242107 0.0625
-0.01485292274533182 -0.006349069689427315 0.0625
0.015241986125788707 -0.005351808941027747 0.0625
-0.007624455484707538 0.014243162519669329 0.0625
-0.003999388286215904 -0.015653909841827986 0.0625
0.013524124672543677 0.008841835320876283 0.0625
-0.015946063985341652 0.0026159211332511282 0.0625
0.009991867195118203 -0.012701283004292152 0.0625
0.0012119942960556206 0.01611617416840389 0.0625
-0.011780908062469241 -0.01106572208324641 0.0625
0.01616290008348122 0.0002016454596632954 0.0625
-0.01205515172246258 0.010770019356918884 0.0625
0.0016141736818784634 -0.01608584605560836 0.0625
0.009676331823795162 0.01295255196614972 0.0625
-0.015885564362313948 -0.0030147711174782635 0.0625
0.01375102122477463 -0.008508196946227654 0.0625
-0.004392706583524106 0.015563551293681787 0.0625
-0.007274538981657518 -0.014444413543108813 0.0625
0.015122235980556287 0.005737419188831236 0.0625
-0.015027385906165166 0.005984786782099135 0.0625
0.007038599276810922 -0.01456496207411735 0.0625
0.004648801728981827 0.015495439409213782 0.0625
-0.013895962415179567 -0.008286267468282503 0.0625
0.015844953975109027 -0.0032768023325609194 0.0625
-0.009470851199122256 0.013120326884803005 0.0625
-0.0018792860732700022 -0.016073216350650343 0.0625
0.012243963680752442 0.010583258164876028 0.0625
-0.016178441165787913 0.0004669490819555454 0.0625
0.01161494610965429 -0.011273554313960916 0.0625
-0.0009493957255419628 0.016159784892018914 0.0625
-0.010216502668302067 -0.01255798842285566 0.0625
0.01601735259103807 0.0023589014337962373 0.0625
-0.013405135040708477 0.00908087851148609 0.0625
0.003750770198437096 -0.01575219739968098 0.0625
0.007875355888540887 0.01414986818415014 0.0625
-0.015366312752873755 -0.005114335966757514 0.0625
0.014786452504799511 -0.006609146868038888 0.0625
-0.006439146213641011 0.01486261740203766 0.0625
-0.0052919311468404 -0.015309979253320382 0.0625
0.014244933341327324 0.0077150420673604315 0.0625
-0.015716404129693304 0.0039337820519392466 0.0625
0.00893223621012496 -0.013517956808872135 0.0625
0.002545089504294967 0.016002578523948183 0.0625
-0.012687222582694956 -0.010081387956881486 0.0625
0.016166273905706706 -0.0011364805346624 0.0625
-0.011153674935594445 0.011759061843152806 0.0625
0.000281262041405224 -0.016206199173898383 0.0625
0.010740553922215637 0.012140860819726847 0.0625
-0.016122010831426045 -0.0016972821661059582 0.0625
0.01303535859215803 -0.009639472307852328 0.0625
-0.0031007336685473464 0.015914315904767537 0.0625
-0.008464225314746558 -0.01383028885530608 0.0625
0.015584667583916785 0.004480863343019218 0.0625
-0.014519532738663599 0.007223791874831112 0.0625
0.005827093340951778 -0.015135553613787489 0.0625
0.005927652937247918 0.015097778997439859 0.0625
-0.014570377523929536 -0.007129102244334067 0.0625
0.015560564939261536 -0.004585719002623759 0.0625
-0.008376904200110426 0.013893432837933622 0.0625
-0.0032082543447264074 -0.015904310864025016 0.0625
0.013109870458232668 0.009560925507938986 0.0625
-0.01612634775075201 0.0018057984997822036 0.0625
0.010672078074763398 -0.01222565947367071 0.0625
0.0003890856231002743 0.016224937977628657 0.0625
-0.011247541688486868 -0.011701829171789765 0.0625
0.01619928891417839 0.0010310376690388602 0.0625
-0.012642266959213942 0.010182980218578818 0.0625
0.0024436953443165246 -0.016049559279437103 0.0625
0.009040102547560703 0.013486161274787817 0.0625
-0.015776858215169075 -0.00383806524937397 0.0625
0.01422701921984776 -0.007827638476455234 0.0625
-0.005203462017880634 0.015383237078991977 0.0625
-0.006554853441454163 -0.014859135114839507 0.0625
0.014871674018163188 0.006529418955580204 0.0625
-0.01537763444054623 0.005231477708346503 0.0625
0.007805768275715984 -0.014246051439813981 0.0625
0.0038676319855070226 0.015778511426135323 0.0625
-0.01351112654830722 -0.009022719068863216 0.0625
0.016058659994602712 -0.002473750023293881 0.0625
-0.010170932410136915 0.01267249517294943 0.0625
-0.0010604987926732575 -0.01621589782623024 0.0625
0.011736549161502753 0.011241593026774677 0.0625
-0.01624898335391635 -0.0003613031471624484 0.0625
0.012226476976908367 -0.0107104276634096 0.0625
-0.0017807684665401638 0.0161576255578775 0.0625
-0.009601962674584373 -0.013118014819167134 0.0625
0.015942486482617653 0.003187024435355574 0.0625
-0.013909349788596934 0.008419619258521043 0.0625
0.004569296206074356 -0.015605176454662554 0.0625
0.007172430900665131 0.014594390531131608 0.0625
-0.015148242035417505 -0.0059169893726801785 0.0625
0.015167857991629974 -0.005869930489004684 0.0625
-0.0072197711720543584 0.014575146799369564 0.0625
-0.004522077448998609 -0.01562532609404547 0.0625
0.013890245082470744 0.008467649706317413 0.0625
-0.015963255900706855 0.0031391815889731316 0.0625
0.009651050577834028 -0.013098748899955657 0.0625
0.0017318242391650461 0.016179022986714628 0.0625
-0.012206688284545051 -0.010760890349964107 0.0625
0.016270937818025175 -0.0003107772867475382 0.0625
-0.011788646269098119 0.01122086534729292 0.0625
0.0011130792727256326 -0.01623825897479864 0.0625
0.010148802410532287 0.012726421713583673 0.0625
-0.01608119911670403 -0.0025288406373114003 0.0625
0.01356700686620888 -0.008998684608999311 0.0625
-0.003925660715364767 0.01580092364223819 0.0625
-0.007779297396465896 -0.014303934144749791 0.0625
0.015399542050098428 0.005292835218221924 0.0625
-0.01493152796380635 0.006499959435724894 0.0625
0.006619883691361078 -0.01488009206667928 0.0625
0.00517045138381055 0.015444948445613267 0.0625
-0.014246516658900841 -0.007896629856315975 0.0625
0.01584022874270822 -0.0038009411174971504 0.0625
-0.009113279646544641 0.013503634106560917 0.0625
-0.002401905969900009 -0.01611430568506626 0.0625
0.012657101361007258 0.010260496339709319 0.0625
-0.01626504351460565 0.0009840525737910438 0.0625
0.011329472209167971 -0.01171337096918264 0.0625
-0.00044176507602859157 0.0162912505234436 0.0625
-0.010679641890556205 -0.012311996145608442 0.0625
0.016192688466141865 0.0018646287133036055 0.0625
-0.013200516728901022 0.0095638045823827 0.0625
0.0032736394086901014 -0.015970074671768794 0.0625
0.00837438077156389 0.01398820026639814 0.0625
-0.015625076837386023 -0.004658001054721097 0.0625
0.01466898335096878 -0.007120458373517876 0.0625
-0.006007103088812475 0.015160300540569096 0.0625
-0.00581162205435313 -0.015237619535129372 0.0625
0.014579269564567864 0.007310601819526573 0.0625
-0.015689719761477483 0.004457879967686761 0.0625
0.008558499733659882 -0.013886399184415796 0.0625
0.0030695872252940915 0.016021786238316602 0.0625
-0.01308696261679623 -0.009741222175198452 0.0625
0.01623123949865362 -0.0016573666876544472 0.0625
-0.010849690808880324 0.01218705088820498 0.0625
-0.00023202767940567985 -0.016316438433554965 0.0625
0.011193526427282411 0.011875393303875464 0.0625
-0.016276693144084888 -0.0011955167473942222 0.0625
0.012810448703477898 -0.010113970734363504 0.0625
-0.0026143333698372393 0.01611227051136355 0.0625
-0.008956626527890808 -0.01364766797807899 0.0625
0.015824392439838512 0.004013552529864494 0.0625
-0.014380609296839608 0.007730334808509282 0.0625
0.005382451408708989 -0.015415226784996926 0.0625
0.0064444673220928565 0.015003627592501666 0.0625
-0.014887871032922039 -0.0067105362011601445 0.0625
0.015511918038530791 -0.005108854936862383 0.0625
-0.007987622560821682 0.014246328854334807 0.0625
-0.003733712482779876 -0.015901553103264278 0.0625
0.013495479710840062 0.009203913698764466 0.0625
-0.016169512895727413 0.0023295606270077847 0.0625
0.010350075537542547 -0.012641041743747363 0.0625
0.0009071453838271795 0.01631370856833605 0.0625
-0.01168952822813263 -0.011417308343199394 0.0625
0.01633299859540411 0.0005226441260814215 0.0625
-0.012397414286338521 0.01064819792325864 0.0625
0.0019488590366634499 -0.01622719780045881 0.0625
0.0095249996983848 0.01328286041279398 0.0625
-0.01599707906113873 -0.0033605745805854034 0.0625
0.014066836540899144 -0.008328511855765384 0.0625
-0.004746973773390782 0.015644367676411215 0.0625
-0.007067876614696084 -0.01474330763972021 0.0625
0.015171728436984918 0.006097430297624008 0.0625
-0.015307060285989242 0.0057527302562427746 0.0625
0.0074015899508944865 -0.014582745495921465 0.0625
0.004393129463205527 0.015753742841608007 0.0625
-0.013881895191239722 -0.008649450034507136 0.0625
0.016079899042545403 -0.002999474417551764 0.0625
-0.00983143607306965 0.013074512026884401 0.0625
-0.001582429244257753 -0.01628299473951023 0.0625
0.012166748070193974 0.01093847527749783 0.0625
-0.016361437583822063 0.00015284040923405534 0.0625
0.011962066186927437 -0.01116552607536104 0.0625
-0.001278346303319941 0.016314589505371818 0.0625
-0.010078486689530094 -0.0128943439557414 0.0625
0.01614277188507409 0.0027001695995736144 0.0625
-0.013728140783610886 0.008913930144743084 0.0625
0.0041017366280880615 -0.015847263379959356 0.0625
0.007680752880038702 0.014457041024904686 0.0625
-0.015430290415337536 -0.0054723064331543576 0.0625
0.01507543055314951 -0.006388379578356806 0.0625
-0.006801372269143667 0.014895010414783989 0.0625
-0.00504669113667823 -0.015578540001263706 0.0625
0.01424548789403446 0.008078742145960454 0.0625
-0.015962481544055305 0.00366594912071811 0.0625
0.009294616987223642 -0.013486663600046297 0.0625
0.0022567172809153215 0.01622427893972543 0.0625
-0.012624316929177882 -0.010439665802681271 0.0625
0.016361890597930886 -0.000829780730880679 0.0625
-0.011505097297337818 0.011665021910771966 0.0625
0.0006039365942459389 -0.016374225495886227 0.0625
0.010616097090869258 0.012482727368537588 0.0625
-0.016261151818291603 -0.002033455566879142 0.0625
0.013365041972025529 -0.009485549698673029 0.0625
-0.0034478259442148936 0.016023498252828523 0.0625
-0.008282014521087922 -0.014145254874780052 0.0625
0.015663047929105833 0.004836210248793321 0.0625
-0.014817359850089105 0.0070146879526439 0.0625
0.006187966810792696 -0.015182525045213264 0.0625
0.005693257723770813 0.015376176914003168 0.0625
-0.014585574282298277 -0.007492731334804364 0.0625
0.015817392246726573 -0.004327828845182561 0.0625
-0.008740496366798444 0.013876733162455175 0.0625
-0.002928846333641739 -0.01613759149172866 0.0625
0.013061397559871504 0.009921688051081973 0.0625
-0.01633428617518053 0.0015070153109063796 0.0625
0.011027239589378013 -0.012145780626968947 0.0625
7.321908618353116e-05 0.016405933041598653 0.0625
-0.011136865448657057 -0.012048660837558199 0.0625
0.016351946155276735 0.0013615641501341618 0.0625
-0.012978103506577658 0.010042351784943438 0.0625
0.0027863453847101166 -0.016172701672791244 0.0625
0.008870597308676755 0.013808421466166825 0.0625
-0.015869535247801627 -0.004190208946912053 0.0625
0.014533225688597436 -0.007630553786213143 0.0625
-0.0055623961381729035 0.015444732085796737 0.0625
-0.0063316986890548784 -0.015146933409473375 0.0625
0.014901509722900474 0.006892387683401351 0.0625
-0.015644811127825117 0.00498396275815535 0.0625
0.008169984373476094 -0.01424399365828125 0.0625
0.0035976540753329864 0.016023011113839993 0.0625
-0.013477186024970526 -0.009385385279696255 0.0625
0.01627860114307157 -0.00218337922147965 0.0625
-0.010529262941255627 0.012606927536632428 0.0625
-0.0007519621254818961 -0.016409587227040195 0.0625
0.011639853000195504 0.011592834948097886 0.0625
-0.016414929164288872 -0.0006856387761631955 0.0625
0.01256793137059132 -0.01058334073268486 0.0625
-0.0021184144340847585 0.01629454879048393 0.0625
-0.009445456268467116 -0.013447057517556591 0.0625
0.016049330862288803 0.0035353894937876695 0.0625
-0.01422345154126448 0.008234890785754302 0.0625
0.004925706369829087 -0.015681116566055656 0.0625
0.006960894723125493 0.014891136446005848 0.0625
-0.015192689698789275 -0.006278708443326723 0.0625
0.0154449661007919 -0.005633207092357696 0.0625
-0.007584021744348921 0.014587755625223601 0.0625
-0.004261981028523023 -0.015880664901461457 0.0625
0.013870913169806967 0.008831634494003681 0.0625
-0.016194860776954662 0.0028577061456796934 0.0625
0.010011973895444249 -0.013047619657123016 0.0625
0.0014311282926024772 0.016385111284642307 0.0625
-0.01212414936609401 -0.01111597958565246 0.0625
0.016449922592964187 6.83267783886717e-06 0.0625
-0.012135173183582065 0.011107545714714421 0.0625
0.001445166496702529 -0.016388761203849685 0.0625
0.01000556753915975 0.013061723401577326 0.0625
-0.016202058322933015 -0.0028728567838089323 0.0625
0.01388850621930363 -0.008826629877612657 0.0625
-0.0042789654247814 0.01589120684194644 0.0625
-0.007579739710079792 -0.01460915965849643 0.0625
0.015458550954263526 0.005652716373075709 0.0625
-0.015218132736773146 0.006274427145640748 0.0625
0.00698357823588416 -0.01490736848083139 0.0625
0.004920672582080475 0.01571072822436826 0.0625
-0.014241846039920708 -0.008261345010057073 0.0625
0.016083138873990183 -0.0035288303954633224 0.0625
-0.009476214350000223 0.01346704724848212 0.0625
-0.0021095497422659814 -0.01633247684476869 0.0625
0.012588874196980121 0.010618862766445759 0.0625
-0.016456796092586674 0.0006736930807304731 0.0625
0.011680517180044227 -0.011614022490364466 0.0625
-0.0007677469660646849 0.016455107553464927 0.0625
-0.010549930198159058 -0.012653022279833845 0.0625
0.016327387001413576 0.002203731768176669 0.0625
-0.01352890317016693 0.009404721102310649 0.0625
0.0036232612244502674 -0.016074575518482445 0.0625
0.0081871426764559 0.014301422824158251 0.0625
-0.015698572571234966 -0.005015458027505483 0.0625
0.014964633902697264 -0.006906499269401518 0.0625
-0.006369651013496488 0.015202221744411678 0.0625
-0.005572581003944748 -0.015513424539877523 0.0625
0.0145892892390619 0.007675456957015173 0.0625
-0.01594355774287845 0.00419558893357067 0.0625
0.008922860185087396 -0.013864435297457381 0.0625
0.0027860570300351916 0.01625170410219776 0.0625
-0.013033178771906032 -0.01010228939892033 0.0625
0.0164354675600801 -0.0013547715975597834 0.0625
-0.011204691115020019 0.012101855106428583 0.0625
8.731126896044989e-05 -0.016493404037442136 0.0625
0.01107756805168017 0.012221599161337065 0.0625
-0.016425032774720735 -0.0015291495510085422 0.0625
0.013145199695748152 -0.009968135480565195 0.0625
-0.0029596998558198105 0.01623084029751572 0.0625
-0.008782029718453372 -0.01396839124681872 0.0625
0.015912276974519912 0.0043680020016208295 0.0625
-0.01468483931616814 0.007528312842750525 0.0625
0.005743262989908896 -0.015471746191970146 0.0625
0.006216567446653709 0.015289025122001908 0.0625
-0.014912586225238344 -0.007074939722346163 0.0625
0.015776288109277867 -0.004856823395292221 0.0625
-0.00835281982739784 0.014239044944483796 0.0625
-0.0034594811349191157 -0.016142861898595887 0.0625
0.013456247545712912 0.009567099977971132 0.0625
-0.016385903396929254 0.002035232140691149 0.0625
0.010708461098563585 -0.012570157552733796 0.0625
0.0005949771124276491 0.016503514844895532 0.0625
-0.011587531386291603 -0.011768139885797887 0.0625
0.016494758629862015 0.0008502574566521534 0.0625
-0.012737996092647171 0.010515866846993903 0.0625
0.0022894036987063547 -0.016359664749142924 0.0625
0.00936334590425162 0.013610575060493749 0.0625
-0.016099230864043686 -0.0037114371321932843 0.0625
0.014379165017963281 -0.008138772228424936 0.0625
-0.005105461114858022 0.015715414942172944 0.0625
-0.006851503942399566 -0.015037848706756004 0.0625
0.015211120542126998 0.006460790342743069 0.0625
-0.015581548936818132 0.005511382107016516 0.0625
0.0077670327546360265 -0.014590174851193906 0.0625
0.004128655486292129 0.016006067720571157 0.0625
-0.01385729964216656 -0.009014169214476205 0.0625
0.016308118684397774 -0.0027139021676538602 0.0625
-0.010192630360836152 0.01301807536955295 0.0625
-0.0012779486373388229 -0.016485352507008274 0.0625
0.012078898678330646 0.011293370033724309 0.0625
-0.016536375188133622 -0.00016821307106999043 0.0625
0.01230793471570047 -0.011046933648486136 0.0625
-0.0016135095200124185 0.01646075900524728 0.0625
-0.009930057147555287 -0.013228528453546379 0.0625
0.01625904607233821 0.00304687065980548 0.0625
-0.014048072762812941 0.008736798707233286 0.0625
0.004457314618750927 -0.01593274447135425 0.0625
0.007476275383599288 0.014760261054215384 0.0625
-0.015484316983710231 -0.0058340318432438245 0.0625
0.015359607163842666 -0.006158122097882849 0.0625
-0.007166467942263163 0.014917162506070466 0.0625
-0.0047924179908376205 -0.015841487613260822 0.0625
0.01423559029045313 0.008444404602004605 0.0625
-0.016202177274575416 0.0033896093525998005 0.0625
0.00965803794943914 -0.013444787204236199 0.0625
0.0019604297181913016 0.016438878164888027 0.0625
-0.012550778258325767 -0.010798053764930845 0.0625
0.016549741147822327 -0.0005158177392030879 0.0625
-0.011855698966023879 0.011560380704242411 0.0625
0.0009331665389826832 -0.01653388037366072 0.0625
0.010481152049455478 0.0128228488143702 0.0625
-0.016391380345562215 -0.002375426354808067 0.0625
0.013692069329071493 -0.009321332388017273 0.0625
-0.003799913213733388 0.016123295555440717 0.0625
-0.008089781485734223 -0.014456674427857596 0.0625
0.0157316426901163 0.005195711526875831 0.0625
-0.015110777356197756 0.006795911100906283 0.0625
0.0065521222557567375 -0.015219385465439049 0.0625
0.005449613057069032 0.01564933600918016 0.0625
-0.014590412202174875 -0.007858744923372086 0.0625
0.016068191796795563 -0.0040611836182807455 0.0625
-0.009105557362004262 0.013849506313484604 0.0625
-0.0026412447440501826 -0.0163641017535955 0.0625
0.013002309927731352 0.010282992586947577 0.0625
-0.01653476364439009 0.0012006628270066822 0.0625
0.011382012205665426 -0.012055280923731445 0.0625
-0.00024953446566843034 0.016578833871851287 0.0625
-0.011015643705002687 -0.012394175800126228 0.0625
0.016495938046640977 0.0016982426096946823 0.0625
-0.013311705748891508 0.009891334088732865 0.0625
0.003134365254995892 -0.01628667413710591 0.0625
0.008690938729416321 0.014127546991658935 0.0625
-0.015952608172153555 -0.004546899218779713 0.0625
0.014835421276407832 -0.007423629540292665 0.0625
-0.005925018790083502 0.01549626252801486 0.0625
-0.006099093612497403 -0.01542987547279606 0.0625
0.014921096886667625 0.0072581586989179155 0.0625
-0.015906323579427672 0.004727459168151885 0.0625
0.00853609511528947 -0.014231482009359784 0.0625
0.00331921811278369 0.01626108210174737 0.0625
-0.01343266652425857 -0.009749024056184455 0.0625
0.01649139852733468 -0.0018851457802046775 0.0625
-0.010887636599851987 0.012530736980304212 0.0625
-0.00043621848260617924 -0.016595472678879408 0.0625
0.011532571471801705 0.011943190329547023 0.0625
-0.0165724707789121 -0.0010164705023287559 0.0625
0.012907576459420563 -0.01044578718643129 0.0625
-0.0024617958649524696 0.016422532116555685 0.0625
-0.009278682277208383 -0.01377338212635586 0.0625
0.016146768263093435 0.0038886854665759066 0.0625
-0.014533947369737111 0.00804017250148974 0.0625
0.005286205160460058 -0.01574725484017851 0.0625
0.00673972311158888 0.015183416360592722 0.0625
-0.015227015901602676 -0.0066436425801166665 0.0625
0.015716782486772572 -0.005387276516337263 0.0625
-0.007950589253537772 0.014590001045974252 0.0625
-0.003993176267220885 -0.01612992694648379 0.0625
0.01384105543383964 0.009197020413013025 0.0625
-0.01641965055301163 0.002568087949620273 0.0625
0.010373371889689736 -0.012985882936411938 0.0625
0.001122917585110981 0.016583698504768124 0.0625
-0.012031002696533987 -0.011470613502162467 0.0625
0.01662077792924524 0.0003312718320568835 0.0625
-0.012480318376564001 0.01098369943232238 0.0625
0.0017833450246255073 -0.01653056806413934 0.0625
0.009851967862955327 0.013394727665290382 0.0625
-0.016313722995611468 -0.003222179700522256 0.0625
0.01420681016822451 -0.008644451679778925 0.0625
-0.004636751745672703 0.015971866930606492 0.0625
-0.007370377529244711 -0.014910316397595479 0.0625
0.015507582037205361 0.00601621969008327 0.0625
-0.015499826671201375 0.006039484511339898 0.0625
0.0073500077990549095 -0.01492438894406843 0.0625
0.004661949733059005 0.015970792863425134 0.0625
-0.01422672004604323 -0.008627887153383019 0.0625
0.01631957349299998 -0.003248310484940193 0.0625
-0.00984005409604232 0.013419885818700574 0.0625
-0.0018093836366276511 -0.01654346187638803 0.0625
0.012510034397305816 0.010977205444840014 0.0625
-0.016640707129355704 0.0003561828673732718 0.0625
0.012030609893133391 -0.011504104728280295 0.0625
-0.001100165634224183 0.016610527853661728 0.0625
-0.010409773649737648 -0.01299217505120785 0.0625
0.016453118402095467 0.0025485083571821963 0.0625
-0.013854509612850213 0.009235397305337826 0.0625
0.00397774988861256 -0.016169647671598873 0.0625
0.007989947337726181 0.01461098017041849 0.0625
-0.015762250431543123 -0.005376937914214614 0.0625
0.015255762240999693 -0.006682942349451178 0.0625
-0.006735347146654059 0.015234011251606026 0.0625
-0.00532437515439602 -0.015783885111570292 0.0625
0.014588941149981943 0.008042561539855544 0.0625
-0.016191270157450855 0.003924636376588454 0.0625
0.009288554158051042 -0.013831947138886583 0.0625
0.002494434979443489 0.016474762339206257 0.0625
-0.012968794898315688 -0.010463764087813764 0.0625
0.01663215463435817 -0.0010447163341300273 0.0625
-0.01155916980228901 0.012006064862470547 0.0625
0.00041342154677652203 -0.016662205214936616 0.0625
0.010951102052677382 0.012566358415700436 0.0625
-0.01656464723709642 -0.0018688129683181126 0.0625
0.013477590295674847 -0.009811960039764287 0.0625
-0.0033103100556591447 0.016340191165815716 0.0625
-0.008597339462953824 -0.01428585853768463 0.0625
0.01599051961462815 0.004726868144362876 0.0625
-0.01498494284397491 0.007316521575366615 0.0625
0.006107630405070944 -0.015518274737710147 0.0625
0.005979297322764548 0.015569457393434773 0.0625
-0.01492703826897317 -0.007442011053244306 0.0625
0.016034892333430625 -0.004595892498230107 0.0625
-0.008719776507390215 0.014221304358643256 0.0625
-0.0031768895443042336 -0.0163776485743006 0.0625
0.013406445413556829 0.009931123872619907 0.0625
-0.01659506561775982 0.0017331466014869651 0.0625
0.01106675614827462 -0.012488671200517129 0.0625
0.0002757144212066974 0.016685442204446926 0.0625
-0.011474981524554085 -0.01211795358181993 0.0625
0.01664804962010115 0.0011842482200324262 0.0625
-0.013076640622371504 0.010373112842023049 0.0625
0.0026355599585761538 -0.016483137556446894 0.0625
0.009191479216264953 0.013935447958963124 0.0625
-0.016191932479771784 -0.004067102478486579 0.0625
0.014687769167476094 -0.007939108065956687 0.0625
-0.0054679056886419 0.015776628517529263 0.0625
-0.006625571197568023 -0.015327811530220389 0.0625
0.015240370930518839 0.006827231788960759 0.0625
-0.015850640637954445 0.005260911647844617 0.0625
0.008134657581023476 -0.014587232295384119 0.0625
0.003855566896252495 0.016252218430371956 0.0625
-0.013822181577418912 -0.009380154393231553 0.0625
0.016529434382113815 -0.002420289033853959 0.0625
-0.010554165006712003 0.012951046328814357 0.0625
-0.0009660625001348603 -0.01668012959319661 0.0625
0.011980468299597513 0.011647676992531131 0.0625
-0.016703113597634506 -0.0004959799839884248 0.0625
0.012652291896681944 -0.01091785279993994 0.0625
-0.0019546426426564874 0.01659817375916727 0.0625
-0.009771312199178674 -0.013560289742707636 0.0625
0.016366077180075905 0.0033987523793001942 0.0625
-0.014364688355792955 0.008549603993223683 0.0625
0.004817244361119677 -0.016008565106381666 0.0625
0.007262063912648015 0.015059297052937612 0.0625
-0.015528339870043258 -0.006199246799444667 0.0625
0.01563876428582025 -0.005918534583201584 0.0625
-0.007534164275407994 0.014929044466112557 0.0625
-0.004529290282882871 -0.01609861887036844 0.0625
0.014215234918993364 0.008811758972976496 0.0625
-0.01643530448487966 0.003104958371588032 0.0625
0.010022229195650996 -0.01339234564778855 0.0625
0.0016564379935370924 0.016646207170811216 0.0625
-0.012466648093516679 -0.011156284565769064 0.0625
0.016729675623364956 -0.0001948166753347186 0.0625
-0.012205217328595808 0.011445202923572156 0.0625
0.001268714543304248 -0.0166850341146672 0.0625
0.010335806177278799 0.013160969214526926 0.0625
-0.016512587948241682 -0.0027229467955844386 0.0625
0.014016193345304878 -0.009146929763971693 0.0625
-0.004156739235051462 0.016213621400901893 0.0625
-0.007887656766897377 -0.014764310709532564 0.0625
0.01579038816578625 0.0055591043859418154 0.0625
-0.015399560772674206 0.006567612047671038 0.0625
0.006919292343787793 -0.015246094367450296 0.0625
0.005196888680901117 0.015917045832638727 0.0625
-0.014584874277116001 -0.008226873180055714 0.0625
0.016312768778991415 -0.0037859707821327605 0.0625
-0.009471816919812573 0.01381175891179513 0.0625
-0.002345653318080882 -0.016583663965221204 0.0625
0.012932637756199891 0.010644570478272624 0.0625
-0.01672762095522318 0.0008869595133817357 0.0625
0.011736130967147804 -0.011954213898117865 0.0625
-0.0005789435148907567 0.016743500960270104 0.0625
-0.010883952919459986 -0.01273811480741866 0.0625
0.016631145838386038 0.0020408302482898526 0.0625
-0.013642822118534167 0.009730025932238562 0.0625
0.0034875027303581533 -0.016391379585188808 0.0625
0.00850124719482305 0.014443295888837604 0.0625
-0.01602600230255853 -0.004907876343021347 0.0625
0.015133375473347638 -0.007207006783865284 0.0625
-0.006291064739671858 0.015537776689129545 0.0625
-0.005857198836899186 -0.01570774400685938 0.0625
0.014930407154184765 0.007626463283217747 0.0625
-0.016161969367862798 0.004462145913376723 0.0625
0.008903830350759067 -0.014208511712522943 0.0625
0.0030325200532789844 0.016492538377292344 0.0625
-0.013377586873767028 -0.010113365880596635 0.0625
0.016696883968713095 -0.0015792611358897177 0.0625
-0.011245786559811215 0.012443965792751503 0.0625
-0.00011349316418913586 -0.016773405119464634 0.0625
0.01141477000015981 0.012292397074755256 0.0625
-0.016721479388201517 -0.0013535608852031289 0.0625
0.013245156878599847 -0.010297855080611653 0.0625
-0.002810664993770399 0.0165414679606374 0.0625
-0.0091017507131153 -0.014096741962464418 0.0625
0.016234713162776585 0.004246656157775044 0.0625
-0.014840601156084909 0.007835595531037274 0.0625
0.005650529909785038 -0.015803528458500173 0.0625
0.006509067299841285 0.015471006524662087 0.0625
-0.01525118100589522 -0.007011524650560737 0.0625
0.015983097474905353 -0.005132308945072783 0.0625
-0.008319204144095345 0.014581866904099313 0.0625
-0.003715850996794688 -0.016372918230102413 0.0625
0.013800679317820377 0.009563537544584893 0.0625
-0.01663744838559949 0.002270531042842821 0.0625
0.010734976340737803 -0.012913569721955261 0.0625
0.0008074108079317081 0.016774626308422944 0.0625
-0.011927302560871782 -0.011824527627834501 0.0625
0.016783365200104674 0.0006623085081104278 0.0625
-0.01282382314449022 0.01084940366835141 0.0625
0.002127371984067396 -0.016663561697350456 0.0625
0.009688102840759568 0.013725183545106654 0.0625
-0.016416096942623765 -0.00357655716721803 0.0625
0.014521677413600841 -0.008452271002240478 0.0625
-0.004998760038361926 0.016042830114380565 0.0625
-0.007151352441156981 -0.015207174565393734 0.0625
0.015546584464270846 0.006383080094695064 0.0625
-0.015776393227240837 0.005795292636223775 0.0625
0.007718903897627862 -0.014931125966221887 0.0625
0.00439446222286971 0.016224940732457886 0.0625
-0.01420113473866301 -0.00899598644587344 0.0625
0.016549347417483984 -0.002959577681936415 0.0625
-0.0102045297490288 0.013362169457134806 0.0625
-0.0015016193566043492 -0.01674709345850411 0.0625
0.012420625027364983 0.011335258000133684 0.0625
-0.016816628440355173 3.174742568330063e-05 0.0625
0.012379488769584302 -0.011383683841522309 0.0625
-0.0014387835249041884 0.016757383506038892 0.0625
-0.010259260988772795 -0.01332919967455829 0.0625
0.016569775991480046 0.0028987106775550174 0.0625
-0.014177090011322262 0.009055943838765044 0.0625
0.004336849246205086 -0.0162552065079374 0.0625
0.007782926458348344 0.014916636877793241 0.0625
-0.01581604849239419 -0.005742178165664619 0.0625
0.015542145354244807 -0.00644993936308912 0.0625
-0.0071039245517855966 0.015255630303679288 0.0625
-0.00506717513974418 -0.016048792356534447 0.0625
0.014578209999481813 0.00841164628423048 0.0625
-0.016432663823750377 0.0036452105090934955 0.0625
0.00965531207945831 -0.01378894298516991 0.0625
0.0021949254239750754 0.016690784954075343 0.0625
-0.012893842780633082 -0.010825378439034646 0.0625
0.016821143254910395 -0.0007274198222364276 0.0625
-0.01191286288408612 0.011899735203144786 0.0625
0.0007460713291270443 -0.016822704228864473 0.0625
0.010814206315779267 0.012909412913055333 0.0625
-0.016695419573290137 -0.002214264047443437 0.0625
0.013807370153940658 -0.009645544537871812 0.0625
-0.00366591174814694 0.01644022782855512 0.0625
-0.00840267735998975 -0.014599829217628394 0.0625
0.016059047467879246 0.00508989139613029 0.0625
-0.015280690800864472 0.007095103145717889 0.0625
0.0064752887354375 -0.015554762479469634 0.0625
0.005732818541959905 0.015844708629853713 0.0625
-0.014931200549514132 -0.007811481943279967 0.0625
0.01628752988357372 -0.004326242051907534 0.0625
-0.009088223068370241 0.01419310401073504 0.0625
-0.00288613435588311 -0.016605728784964278 0.0625
0.013346093777245977 0.010295716628237016 0.0625
-0.016796833101243788 0.0014235159883053288 0.0625
0.011424694763360518 -0.012396626539669685 0.0625
-5.041699851153166e-05 0.0168593433480151 0.0625
-0.011351945547033625 -0.012466488370715444 0.0625
0.016792744548167364 0.0015243787390262925 0.0625
-0.013413093671747475 0.010220025349916112 0.0625
0.002987079970567435 -0.01659751045336122 0.0625
0.009009510926950012 0.01425723370283199 0.0625
-0.016275100193691664 -0.004427314500382539 0.0625
0.014992414256310949 -0.0077296516588501105 0.0625
-0.005834045060389408 0.015827947379030104 0.0625
-0.0063902306550328745 -0.01561297384150368 0.0625
0.015259441733303507 0.007196487892570603 0.0625
-0.016114127282035606 0.005001489971833974 0.0625
0.008504195415843858 -0.014573903400569814 0.0625
0.0035740522947630086 0.016492002613215272 0.0625
-0.013776550117257223 -0.009747136341854467 0.0625
0.016743670995264737 -0.0021188396830176424 0.0625
-0.01091577262440292 0.012873457500311864 0.0625
-0.0006469899987457219 -0.0168671694110637 0.0625
0.01187151275315459 0.01200113265286606 0.0625
-0.016861515972840004 -0.0008302283406758342 0.0625
0.01299488012715733 -0.010778362142775288 0.0625
-0.0023015026339187634 0.01672671771825139 0.0625
-0.00960235264776009 -0.013889378086439108 0.0625
0.016463770834095018 0.003755562530753854 0.0625
-0.014677747599036171 0.008352468223165412 0.0625
0.0051812663664257365 -0.016074653303886383 0.0625
0.007038261168369107 0.015353920663004207 0.0625
-0.015562310033383115 -0.006567686535216441 0.0625
0.015912686910011218 -0.0056697791230309585 0.0625
-0.007904193248041947 0.014930630565974367 0.0625
-0.004257488248067131 -0.016349733753721195 0.0625
0.014184419556354234 0.009180536032787822 0.0625
-0.016661679672815913 0.0028121931797927863 0.0625
0.010386922351616132 -0.013329360227013795 0.0625
0.0013449543687661478 0.01684610037207237 0.0625
-0.01237197108496136 -0.01151409273338026 0.0625
0.016901547618906047 0.00013299656330638328 0.0625
-0.012553391843819635 0.011319556228736294 0.0625
0.0016103428020417076 -0.016827560609307353 0.0625
0.010180149624122859 0.013496834948626708 0.0625
-0.016624669773827167 -0.0030757689950965694 0.0625
0.014337169258332378 -0.008962453774381714 0.0625
-0.004518047920313628 0.016294392992368564 0.0625
-0.00767577325230573 -0.0150679296845714 0.0625
0.015839224244777794 0.005926126502500883 0.0625
-0.015683488578422444 0.006329943602473313 0.0625
0.007289210521038991 -0.015262614781877135 0.0625
0.004935256156377352 0.01617909906858041 0.0625
-0.014568946959211944 -0.00859684735816968 0.0625
0.01655093166520943 -0.003502379336046838 0.0625
-0.00983900615429898 0.013763500931654958 0.0625
-0.0020422770468302193 -0.016796103847737737 0.0625
0.012852414462423271 0.011006154754776674 0.0625
-0.016912702407610367 0.000566124784487132 0.0625
0.012089332858971368 -0.011842636151845382 0.0625
-0.0009147759021779584 0.016899798373021926 0.0625
-0.010741872442749647 -0.013080220809439562 0.0625
0.01675745439915591 0.002389083937455992 0.0625
-0.013971203493653502 0.009558528806198383 0.0625
0.003845505572408741 -0.016486724565315376 0.0625
0.008301645557148395 0.01475542886680961 0.0625
-0.01608964657831278 -0.005272880899943401 0.0625
0.015426860646785563 -0.006980828789238351 0.0625
-0.006660269369255057 0.015569226439645704 0.0625
-0.005606176957076824 -0.01598032477535863 0.0625
0.014929415692049863 0.007997033643419003 0.0625
-0.016411549288460878 0.004188203666540021 0.0625
0.009272921158502638 -0.014175081417339166 0.0625
0.002737757264309731 0.016717197287874522 0.0625
-0.01331196921334825 -0.010478142758278705 0.0625
0.016894892760356706 -0.0012659378405145204 0.0625
-0.011603447800998116 0.012346659431988555 0.0625
0.00021598771962091194 -0.016943239044084013 0.0625
0.011286517011116359 0.012640195162962518 0.0625
-0.01686182979907257 -0.0016966719857145103 0.0625
0.013580419593067739 -0.010139635283195439 0.0625
-0.0031647738725111303 0.01665125239541672 0.0625
-0.008914774188997382 -0.014416892909333344 0.0625
0.016313083691319966 0.004609045506391815 0.0625
-0.015143179566622176 0.00762129336878175 0.0625
0.006018418401772835 -0.015849878231115912 0.0625
0.006269080641058851 0.015753686169144705 0.0625
-0.01526514895146081 -0.007382088287856967 0.0625
0.01624370454621186 -0.00486847641622881 0.0625
-0.008689597934701886 0.014563340541689765 0.0625
-0.003430194622281506 -0.016609448059862527 0.0625
0.013749795659949935 0.009930917344818747 0.0625
-0.016848080864054385 0.001965240748174259 0.0625
0.011096520694417548 -0.01283071426220548 0.0625
0.00048482763066202083 0.016957739889753784 0.0625
-0.011813106353371336 -0.012177459434707136 0.0625
0.016937549385195292 0.0009997103700925655 0.0625
-0.0131654309914917 0.01070473852124702 0.0625
0.0024770041499271355 -0.016787627897986174 0.0625
0.009514074660276293 0.014052842536607624 0.0625
-0.016509087643480733 -0.003935736929708566 0.0625
0.01483286934061465 -0.008250211338156984 0.0625
-0.005364730948397947 0.016104026262127785 0.0625
-0.006922808298325149 -0.015499507258769245 0.0625
0.01557551102683597 0.0067530331150462385 0.0625
-0.01604761894611486 0.005542014630104776 0.0625
0.008089998964098592 -0.014927555619085254 0.0625
0.004118391169763103 0.016472973446613012 0.0625
-0.01416508964994431 -0.00936537426956556 0.0625
0.016772278850739772 -0.0026628297266305676 0.0625
-0.010569373693446559 0.01329392115699051 0.0625
-0.0011864697514108154 -0.01694320776975208 0.0625
0.01232069236279574 0.011692755864266843 0.0625
-0.01698441542930605 -0.000299386914795288 0.0625
0.012726894310301547 -0.011252829031599748 0.0625
-0.001783362559520469 0.01689555024204008 0.0625
-0.01009848381093118 -0.013663843702280878 0.0625
0.01667725677587068 0.003254090722717394 0.0625
-0.014496400897827137 0.008866473989668982 0.0625
0.004700303258876061 -0.01633117109317636 0.0625
0.0075662141483860985 0.01521816031788212 0.0625
-0.015859908494590014 -0.006110916669635709 0.0625
0.015823563229859484 -0.006207644215855061 0.0625
-0.00747511704665294 0.015267043758987483 0.0625
-0.004801153482343862 -0.016307940557868654 0.0625
0.014557084029099825 0.008782442972756892 0.0625
-0.016667548890913864 0.003357501149515219 0.0625
0.010022865746539818 -0.013735434548161873 0.0625
0.0018877340253775961 0.01689959941091598 0.0625
-0.012808357508517257 -0.011186866314299531 0.0625
0.017002279517260698 -0.000403101993219248 0.0625
-0.01226550832025361 0.011782924324877486 0.0625
0.001085028097661177 -0.016974766980058544 0.0625
0.010666961696454806 0.01325050671357009 0.0625
-0.01681723651183471 -0.002565259461538661 0.0625
0.014134291386063385 -0.009468991868929579 0.0625
-0.0040262526588451305 0.016530858705074657 0.0625
-0.008198167552939018 -0.014910065351095481 0.0625
0.01611779134163766 0.005456812464015058 0.0625
-0.015571857017373769 0.006864201995167925 0.0625
0.006845973652153765 -0.015581163138675379 0.0625
0.005477294737062148 0.01611456615498386 0.0625
-0.014925050053222162 -0.008183085048367346 0.0625
0.01653400320021931 -0.004048053627996749 0.0625
-0.009457891194541393 0.014154444325095081 0.0625
-0.002587413690111879 -0.016826921595949205 0.0625
0.013275216492948168 0.010660611008068765 0.0625
-0.016991042918341 0.0011065534542417084 0.0625
0.011782012828368356 -0.012294070672977423 0.0625
-0.00038319059202238635 0.01702507459514306 0.0625
-0.011218493440313866 -0.012813485276443515 0.0625
0.01692872007791226 0.001870410790091392 0.0625
-0.013747103382744926 0.010056696703397342 0.0625
0.003343715664588377 -0.016702681388159994 0.0625
0.008817555006742427 0.014575689476078709 0.0625
-0.01634865401583713 -0.004791817178321032 0.0625
0.015292868365117254 -0.007510537741546605 0.0625
-0.00620361721868227 0.015869314207112697 0.0625
-0.006145636780996935 -0.015893116389055283 0.0625
0.015268298736604539 0.007568292653551413 0.0625
-0.0163718039594135 0.004733290094060627 0.0625
0.008875378303887058 -0.014550177317231938 0.0625
0.0032843019210857085 0.01672523126570012 0.0625
-0.0137204178565857 -0.010114847198088767 0.0625
0.01695065686923766 -0.0018097601226036053 0.0625
-0.011277187491747704 0.012785344824288829 0.0625
-0.00032095133244030536 -0.017046318964580146 0.0625
0.011752091046980296 0.012353475463345755 0.0625
-0.017011449143346232 -0.0011707254346535465 0.0625
0.0133354440249447 -0.010628543298945853 0.0625
-0.002653846060284946 0.0168462785530903 0.0625
-0.009423282102653283 -0.014215546222843998 0.0625
0.016552036401959645 0.004117048815377686 0.0625
-0.014987013239689772 0.008145516199318708 0.0625
0.005549121399962808 -0.01613094081845429 0.0625
0.006805012189404701 0.015643906452739144 0.0625
-0.015586182134230143 -0.006939086862016146 0.0625
0.01618116314739223 -0.005412019881474542 0.0625
-0.0082762877376618 0.01492189871576097 0.0625
-0.003977193918943337 -0.016594635534747975 0.0625
0.014143145528278011 0.009550467766866175 0.0625
-0.016881122771991924 0.0025115122848466715 0.0625
0.01075185055921665 -0.013255855670316898 0.0625
0.0010261923072931107 0.01703839573869713 0.0625
-0.01226679517193425 -0.01187121460549891 0.0625
0.017065214377078447 0.00046739519077016996 0.0625
-0.012899964060146712 0.011183511400580912 0.0625
0.001957812941644764 -0.016961337461577974 0.0625
0.010014275468704323 0.01383019475050539 0.0625
-0.016727524720695778 -0.0034336448154274474 0.0625
0.014654754906935765 -0.008768019081733467 0.0625
-0.004883583265061228 0.01636553129272661 0.0625
-0.007454266309290173 -0.015367300146420697 0.0625
0.015878094555910643 0.0062965159630990215 0.0625
-0.015962342287409302 0.0060830608002538315 0.0625
0.007661610967598289 -0.01526891343158306 0.0625
0.004664888998783429 0.01643529161983533 0.0625
-0.014542620316949957 -0.008968399763449125 0.0625
0.016782492305342057 -0.0032105999472270925 0.0625
-0.010206857543196121 0.013704745860208442 0.0625
-0.0017313222901196308 -0.017001250634224974 0.0625
0.012761676846323133 0.0113674801108258 0.0625
-0.017089855920932845 0.0002383791135074987 0.0625
0.012441356819642079 -0.011720607513535533 0.0625
-0.0012567987277352045 0.017047593875909973 0.0625
-0.01058948467218352 -0.013420238983624337 0.0625
0.016874752349477985 0.0027427601323825727 0.0625
-0.014296603237604417 0.009376947044028716 0.0625
0.004208121454007614 -0.016572619401540627 0.0625
0.008092259285875892 0.015063709358924694 0.0625
-0.01614347370977349 -0.005641653709848935 0.0625
0.015715652106993726 -0.0067452412004274315 0.0625
-0.007032368628320361 0.01559056738786038 0.0625
-0.00534619267601391 -0.01624740668140412 0.0625
0.014918101343048579 0.008369602876990772 0.0625
-0.01665486744905852 0.0039058149283204514 0.0625
0.009643099824434065 -0.014131193359939554 0.0625
0.0024351286472604713 0.016934879641476386 0.0625
-0.01323583915271372 -0.010843088209707167 0.0625
0.01708526377801704 -0.0009453896739328835 0.0625
-0.011960357115203176 0.012238866682696104 0.0625
0.000551997146219362 -0.01710483262562267 0.0625
0.011147884088666488 0.012986326668679509 0.0625
-0.016993400563275727 -0.002045565275433691 0.0625
0.013913113930923213 -0.009971221627521397 0.0625
-0.003523874291406199 0.016751785277347803 0.0625
-0.008717868067863243 -0.014733593463623544 0.0625
0.016381801772774037 0.004975597519649007 0.0625
-0.01544145211146586 0.007397402022960937 0.0625
0.00638960881817759 -0.015886248743824556 0.0625
0.006019918746669257 0.016031237578038076 0.0625
-0.015268887406659232 -0.007755067850300417 0.0625
0.01649840042118995 -0.004595952952552853 0.0625
-0.009061503191022514 0.014534412954057992 0.0625
-0.003136398245642812 -0.01683932914473521 0.0625
0.013688418848539195 0.01029889263110151 0.0625
-0.017051378115514743 0.0016524237839443618 0.0625
0.011457740061980234 -0.012737354225744579 0.0625
0.00015538880607858277 0.017132888090422627 0.0625
-0.011688474732116278 -0.01252914835240925 0.0625
0.01708319919385781 0.0013432443199120673 0.0625
-0.013504887656704037 0.010549787172251527 0.0625
0.0028319978617293564 -0.01690265624424636 0.0625
0.009329988387423705 0.014377458631153797 0.0625
-0.01659260638677569 -0.004299466628958824 0.0625
0.015140150072236345 -0.008038398832489083 0.0625
-0.005734405348159455 0.016155389048333073 0.0625
-0.0066848913579386215 -0.01578709053412178 0.0625
0.01559431828954102 0.007125814836528275 0.0625
-0.016313293527954856 0.005279815742124559 0.0625
0.008463026314491667 -0.014913657686839324 0.0625
0.003833919549467641 0.016714695955601763 0.0625
-0.014118587935331111 -0.009735783210010522 0.0625
0.016988189481146776 -0.0023582659206828507 0.0625
-0.01093431982850108 0.013215167418086237 0.0625
-0.000864148923178623 -0.0171316445981864 0.0625
0.012210286042385395 0.012049436284039532 0.0625
-0.017143927206403932 -0.0006369928896958727 0.0625
0.01307256911752743 -0.011111612694270266 0.0625
-0.0021336640501858476 0.01702490756864614 0.0625
-0.009927536712788329 -0.013995857059009997 0.0625
0.016775461577655488 0.0036144002070336 0.0625
-0.01481220143005357 0.008667103829741455 0.0625
0.005067855942344296 -0.016397464320669998 0.0625
0.007339947064769701 0.015515320721350838 0.0625
-0.0158937759892453 -0.006482891700752811 0.0625
0.016099798926390414 -0.0059562131031216554 0.0625
-0.007848659166056603 0.015268220239932212 0.0625
-0.004526484719658823 -0.016561127258815905 0.0625
0.014525555169680165 0.009154684429983254 0.0625
-0.016895738932730994 0.003061699841101049 0.0625
0.010390948316162453 -0.01367143712602449 0.0625
0.0015730678664168266 0.017101036737217037 0.0625
-0.01271237762778784 -0.011547963242430213 0.0625
0.01717541319212792 -7.198388484979412e-05 0.0625
-0.01261684603284994 0.01165569372381407 0.0625
0.001430058550968898 -0.01711826312862379 0.0625
0.010509452168356227 0.013589386120095075 0.0625
-0.01692998859619839 -0.0029215554303474297 0.0625
0.014458108614230452 -0.009282407839516383 0.0625
-0.0043910803934580295 0.016611996056410217 0.0625
-0.00798393687000221 -0.015216331754263878 0.0625
0.016166685882691448 0.005827372269761482 0.0625
-0.01585821830020328 0.006623965001651043 0.0625
0.007219421374313087 -0.015597434244776009 0.0625
0.005212891710586995 0.01637882047076936 0.0625
-0.014908567514171156 -0.00855655390185795 0.0625
0.01677411808038779 -0.003761510683915095 0.0625
-0.009828513770824585 0.014105329384906669 0.0625
-0.002280927254932456 -0.017041049582044714 0.0625
0.01319384095914428 0.011025541290331592 0.0625
-0.017177535775901875 0.0007824734293323785 0.0625
0.012138448045961042 -0.012181054101985778 0.0625
-0.0007223788481136222 0.017182496000284653 0.0625
-0.01107469842026203 -0.013158687430752573 0.0625
0.0170558566788965 0.0022221055215587006 0.0625
-0.014078420279181372 0.009883222270228205 0.0625
0.0037052186756021486 -0.01679855215683688 0.0625
0.00861572824389863 0.014890575100622791 0.0625
-0.016412517816855 -0.005160354533500322 0.0625
0.015588902448877028 -0.007281903627444943 0.0625
-0.006576360528719591 0.015900675526413933 0.0625
-0.005891946361952147 -0.016168023010494477 0.0625
0.015266911525205127 0.007942380781702604 0.0625
-0.016623469041278493 0.004456487073206376 0.0625
0.009247939327926778 -0.014516046920115178 0.0625
0.002986507766003108 0.016951718832130362 0.0625
-0.013653801011904396 -0.010483020458213298 0.0625
0.01715022393805693 -0.001493257805771988 0.0625
-0.011638145555816883 0.012686747732244846 0.0625
1.1832170879567714e-05 -0.01721742896020577 0.0625
0.011622265523485237 0.012704445840004451 0.0625
-0.017152783727109114 -0.0015172377569190655 0.0625
0.013673730458872532 -0.010468481042543928 0.0625
-0.0030114290178475454 0.016956747779880016 0.0625
-0.009234207119035895 -0.014538549407789859 0.0625
0.01663078712496384 0.004482958800182875 0.0625
-0.015292250790673197 0.007928875440764285 0.0625
0.005920550430348691 -0.016177363277175238 0.0625
0.0065624644815521615 0.015929031983405843 0.0625
-0.01559991467491911 -0.007313184131091147 0.0625
0.016443984306591688 -0.005145423221132177 0.0625
-0.008650181493900835 0.014902830607726021 0.0625
-0.003688591241040297 -0.01683313086316746 0.0625
0.01409141785415598 0.009921287358985929 0.0625
-0.01709345724952849 0.0022031158068839467 0.0625
0.011116748476105356 -0.013171860283157021 0.0625
0.0007003665722311726 0.017222934902753975 0.0625
-0.012151171726803557 -0.012227388341985786 0.0625
0.017220536903444314 0.0008081514444165746 0.0625
-0.013244677640705508 0.01103714248316998 0.0625
0.0023108859425251755 -0.01708624611085301 0.0625
0.009838279858046662 0.01416079974559182 0.0625
-0.01682105556600075 -0.0037963258086622623 0.0625
0.014968710780520865 -0.008563743198456996 0.0625
-0.005253089293357169 0.016426961157682704 0.0625
-0.007223273914778784 -0.015662193778397598 0.0625
0.015906946605347205 0.006670011221477303 0.0625
-0.016235906520854486 0.005827121025521507 0.0625
0.008036228566891944 -0.015264960871901042 0.0625
0.004385962794717279 0.016685422690581014 0.0625
-0.014505888177215284 -0.009341263736247137 0.0625
0.01700726601985937 -0.0029108250599678394 0.0625
-0.010575104922427579 0.013635510840436014 0.0625
-0.0014129968767051101 -0.0171989371714191 0.0625
0.012660465233241457 0.011728282912595702 0.0625
-0.0172589331439855 -9.605587664893773e-05 0.0625
0.012791943760655929 -0.011588191179999397 0.0625
-0.0016047782704521447 0.01718675905174343 0.0625
-0.010426875190200743 -0.01375791676701005 0.0625
0.016982932185601977 0.0031016148018805432 0.0625
-0.014618777242952043 0.00918538795701888 0.0625
0.004575097900747444 -0.016648978322965538 0.0625
0.007873216598284013 0.015367903578448984 0.0625
-0.016187420312158363 -0.006013935785949412 0.0625
0.015999528173980926 -0.006500392158169424 0.0625
-0.007407098998464149 0.015601759017077258 0.0625
-0.0050774129230014885 -0.016508781845107092 0.0625
0.014896446765694718 0.008743904948981512 0.0625
-0.016891731357470706 0.0036151641383263457 0.0625
0.01001409983108238 -0.014076853504001377 0.0625
0.0021248347400423862 0.017145409803428702 0.0625
-0.013149225912383322 -0.011207937272536233 0.0625
0.01726783958531413 -0.0006178317374969079 0.0625
-0.01231625312057949 0.012120639796224287 0.0625
0.0008943070970264051 -0.017258047827497996 0.0625
0.0109989461129046 0.013330535788385282 0.0625
-0.017116074097084974 -0.002400001563144679 0.0625
0.014242991621892654 -0.009792711047442153 0.0625
-0.0038877177164763125 0.016842970372146247 0.0625
-0.008511150593659807 -0.015046604785533655 0.0625
0.01644079325558697 0.005346056221837367 0.0625
-0.015735191206093513 0.0071640601412660855 0.0625
0.006763839699451864 -0.01591258849213788 0.0625
0.005761739605826277 0.01630344616069415 0.0625
-0.015262367905257647 -0.00813019839392381 0.0625
0.01674698514211226 -0.004314914674691863 0.0625
-0.009434653510564005 0.014495078928229484 0.0625
-0.0028346547703957943 -0.01706237768696592 0.0625
0.013616566961119875 0.010667197579183513 0.0625
-0.017247173905483068 0.001332288359937105 0.0625
0.01181837122969061 -0.012633530839682994 0.0625
-0.00018068374328153393 0.017299923508065397 0.0625
-0.011553471756021727 -0.012879335789659661 0.0625
0.017220187180627875 0.0016926764203885351 0.0625
-0.013841941147727398 0.010384636019757804 0.0625
0.003192108957606645 -0.017008540219629886 0.0625
0.009135952097067603 0.01469878836095296 0.0625
-0.01666656839693098 -0.004667493746157738 0.0625
0.015443286525722641 -0.007816962407766435 0.0625
-0.006107524293378588 0.016196856083999463 0.0625
-0.006437750402251791 -0.01606970347449843 0.0625
0.015602966724431505 0.007501161869756125 0.0625
-0.016573209909167348 0.005008863474549628 0.0625
0.008837720128578013 -0.014889415802136999 0.0625
0.00354123230162048 0.016949916630649244 0.0625
-0.014061636510619396 -0.01010694704860056 0.0625
0.017196904578070393 -0.002046087225105908 0.0625
-0.011299103572548888 0.013125938383857096 0.0625
-0.0005348723161558257 -0.01731224744524552 0.0625
0.012089459204172584 0.012405038337330797 0.0625
-0.01729502669957145 -0.0009808422202937255 0.0625
0.013416257923156096 -0.010960110553244948 0.0625
-0.0024894486303354197 0.017145338886033167 0.0625
-0.009746517422293167 -0.01432499208156625 0.0625
0.016864295158376313 0.003979390507498009 0.0625
-0.015124253442348884 0.008457952341530304 0.0625
0.005439251318942115 -0.016454013039054832 0.0625
0.00710426453264728 0.015807891239826073 0.0625
-0.015917600468869843 -0.006857841884546083 0.0625
0.016370638645857197 -0.00569580462505228 0.0625
-0.008224286137573556 0.015259132266525366 0.0625
-0.004243345512199588 -0.016808153344853076 0.0625
0.014483619176182036 0.009528104510306971 0.0625
-0.01711705103878967 0.002757999952043064 0.0625
0.010759294304427475 -0.013596969738537867 0.0625
0.0012511355427745861 0.017294931623270626 0.0625
-0.012605945275019114 -0.011908406430888363 0.0625
0.017340397832408785 0.00026571227633068954 0.0625
-0.012966617929639946 0.011518108328486062 0.0625
0.001780928532135798 -0.01725306620758828 0.0625
0.010341764953188948 0.013925799713229856 0.0625
-0.01703357030419718 -0.0032829076581549076 0.0625
0.01477857901343046 -0.009085901295072097 0.0625
-0.004760142386302161 0.016683556109598745 0.0625
-0.007760114945755803 -0.015518396052062126 0.0625
0.016205669705321696 0.006201311909750922 0.0625
-0.016139554499724124 0.006374541595317649 0.0625
0.007595368640461044 -0.015603537266129789 0.0625
0.004939777543801034 0.016637265334716492 0.0625
-0.014881737546835397 -0.008931622897721873 0.0625
0.017007683764049732 -0.0034667986647740467 0.0625
-0.010199824877528452 0.014045767065837012 0.0625
-0.0019668764395298884 -0.01724793892242265 0.0625
0.01310199824981658 0.011390243274917495 0.0625
-0.017356156119375635 0.00045149170519483497 0.0625
0.01249373995533527 -0.012057630858856942 0.0625
-0.0010677532239503134 0.017331471462421873 0.0625
-0.010920637061550668 -0.01350184010310765 0.0625
0.017174038742048606 0.002579223388272837 0.0625
-0.014406797307688573 0.009699700579666229 0.0625
0.004071340288833918 -0.01688502852388819 0.0625
0.008404150366398416 0.015201653088363956 0.0625
-0.016466619452885044 -0.0055326705842538475 0.0625
0.015880290399410225 -0.007043889325535962 0.0625
-0.006952013699666765 0.015921981833918967 0.0625
-0.0056293186151795 -0.016437480705047035 0.0625
0.01525525361286638 0.008318487675480874 0.0625
-0.01686892426132736 0.004171258115437251 0.0625
0.009621612599146422 -0.014471508939704485 0.0625
0.002680863667581515 0.017171283294962012 0.0625
-0.013576719552766216 -0.010851390979295491 0.0625
0.017342207822774507 -0.0011695417186653697 0.0625
-0.011998384446497637 0.012577709277688195 0.0625
0.00035113797653412864 -0.017380353912433297 0.0625
0.011482101988320136 0.013053786191362826 0.0625
-0.01728539424232024 -0.0018695309271478608 0.0625
0.014009488585055609 -0.01029826342570419 0.0625
-0.003374007074097259 0.01705802087769685 0.0625
-0.009035237319727465 -0.01485814546221042 0.0625
0.01669994023989823 0.004853039870413992 0.0625
-0.015593228588304107 0.007702676300669495 0.0625
0.006295294592938948 -0.016213860304940143 0.0625
0.006310768129267899 0.016209077876875554 0.0625
-0.015603470127608259 -0.007689715207784789 0.0625
0.016700944971011943 -0.004870157808041841 0.0625
-0.00902560912457 0.01487341184565528 0.0625
-0.0033918661702013555 -0.01706502985299011 0.0625
0.014029245376942036 0.010292729188779357 0.0625
-0.01729851020012379 0.001887205568085634 0.0625
0.01148135228467165 -0.013077406077478253 0.0625
0.00036769330710936874 0.01739956325980359 0.0625
-0.012025155683228232 -0.012582353944875491 0.0625
0.01736738007450525 0.0011550365135691333 0.0625
-0.013587278394776532 0.01088052690924658 0.0625
0.00266932207785684 -0.017202171945561586 0.0625
0.009652262129491478 0.014488403493262624 0.0625
-0.016905169084188317 -0.004163563165727595 0.0625
0.015278800071959439 -0.008349746604603773 0.0625
-0.0056263100173985356 0.01647861145813326 0.0625
-0.006982936767958865 -0.01595238521647118 0.0625
0.015925731901857976 0.007046351069180639 0.0625
-0.016503969079731156 0.005562284118532425 0.0625
0.008412798887707556 -0.015250731617695806 0.0625
0.004098655301308898 0.01692929486780393 0.0625
-0.01445874825341403 -0.009715173644582823 0.0625
0.01722507168956087 -0.0026032489872251127 0.0625
-0.01094348349052923 0.013555816799164637 0.0625
-0.0010875101877544978 -0.017389000017008747 0.0625
0.012548823600870705 0.012088301213745066 0.0625
-0.017419789559109573 -0.0004369573392645594 0.0625
0.013140836593437726 -0.011445453840917276 0.0625
-0.001958479923389705 0.017317169410434246 0.0625
-0.010254132886245569 -0.014093003893819695 0.0625
0.01708189039469828 0.003465403373853416 0.0625
-0.014937483979625323 0.00898396195219219 0.0625
0.004946182246566621 -0.016715719583187235 0.0625
0.007644648572429536 0.01566778057684148 0.0625
-0.01622142702814253 -0.006389468301091031 0.0625
0.016278270245503452 -0.0062464324069309435 0.0625
-0.007784197471097812 0.015602764810473636 0.0625
-0.004800006954373034 -0.016764245680553916 0.0625
0.01486443856042106 0.009119674680791386 0.0625
-0.017121952006941506 0.003316437768448507 0.0625
0.010385655857799348 -0.014012071667078999 0.0625
0.0018070778024147217 0.017348615789624832 0.0625
-0.01305216244946536 -0.011572426512739948 0.0625
0.017442466533975423 -0.0002834805304556306 0.0625
-0.012670876283806252 0.011992034614713064 0.0625
0.0012426884900208668 -0.017402750510099537 0.0625
0.010839781381572895 0.013672568873467258 0.0625
-0.017229736793104314 -0.0027597409371800698 0.0625
0.01456980684098551 -0.00960420369506873 0.0625
-0.0042560552420282255 0.016924715471073777 0.0625
-0.008294743004742158 -0.015355690752463106 0.0625
0.01648998803237178 0.0057201656175529985 0.0625
-0.01602417223471487 0.006921409118972318 0.0625
0.007140849918446313 -0.015928850003758127 0.0625
0.0054947036874343725 0.016570100524356972 0.0625
-0.015245565970541549 -0.008507215657185704 0.0625
0.016989262154251072 -0.004025539895980692 0.0625
-0.009808783518381135 0.0144453371677346 0.0625
-0.0025251589889732024 -0.01727841347116129 0.0625
0.013534261888788866 0.01103556773010239 0.0625
-0.017435305734130862 0.0010050442564302833 0.0625
0.012178152676439163 -0.012519289012932713 0.0625
-0.0005231668549292783 0.017458702599045077 0.0625
-0.011408165005850178 -0.013227765162690764 0.0625
0.01734838985360302 0.0020477718348009067 0.0625
-0.014176341779561005 0.010209374797169176 0.0625
0.003557092723480142 -0.017105177326077758 0.0625
0.008932076986603362 0.015016590848304772 0.0625
-0.016730892951210524 -0.005039565562142637 0.0625
0.0157420484714597 -0.007586033872994065 0.0625
-0.006483828993036183 0.016228369036630372 0.0625
-0.006181536841664836 -0.016347128257744245 0.0625
0.015601420832825192 0.007878811331481937 0.0625
-0.016827164339302217 0.004729327679291824 0.0625
0.009213815441414218 -0.0148548175691106 0.0625
0.0032405164187488287 0.017178447349508026 0.0625
-0.01399424617504858 -0.010478600764994258 0.0625
0.017398253084217885 -0.001726496341583991 0.0625
-0.01166346187631051 0.013026267963613038 0.0625
-0.0001988567893893848 -0.017484863624784547 0.0625
0.011958268605671259 0.012759302957239363 0.0625
-0.01743758075936432 -0.0013307055499423535 0.0625
0.013757707623175477 -0.01079840177781969 0.0625
-0.002850476200999509 0.01725673159748205 0.0625
-0.009555526912731706 -0.014651003563580896 0.0625
0.01694366633284893 0.004348812619679286 0.0625
-0.015432321500118104 0.008239141527913722 0.0625
0.005814233383913334 -0.01650074816962515 0.0625
0.006859308649199682 0.016095648009788684 0.0625
-0.015931335487084 -0.0072355061742754466 0.0625
0.016635871806360024 -0.005426579884453532 0.0625
-0.008601733869280285 0.015239756377385973 0.0625
-0.003951914734450551 -0.01704882312453363 0.0625
0.014431275749275317 0.00990243809616491 0.0625
-0.017331305902890438 0.0024465967588540418 0.0625
0.011127639595639114 -0.013512055248168748 0.0625
0.000922147237876565 0.01748112251749517 0.0625
-0.012489106297168033 -0.01226793478536782 0.0625
0.017497090874575964 0.0006097630087423443 0.0625
-0.013314567933871065 0.011370236617341455 0.0625
0.0021374029717683065 -0.01737905372959863 0.0625
0.010163990634739464 0.014259498391490794 0.0625
-0.01712788015915338 -0.0036490712864618094 0.0625
0.015095462361492614 -0.00887958422972381 0.0625
-0.0051331858633336174 0.01674545917233899 0.0625
-0.007526834325977877 -0.01581602873762188 0.0625
0.016234685508682928 0.006578372628101916 0.0625
-0.016415648578205478 0.006116083857899632 0.0625
0.007973552692187724 -0.01559943772912684 0.0625
0.004658122689241844 0.01688969783660946 0.0625
-0.014844548766053255 -0.009308027284675674 0.0625
0.01723451301860343 -0.0031641050885817344 0.0625
-0.010571559795341913 0.013975769155703395 0.0625
-0.001645464391630421 -0.017447419492173516 0.0625
0.012999723233184232 0.011754454298716301 0.0625
-0.017526752230649874 0.00011382550421437373 0.0625
0.012847629957929771 -0.011923858623117999 0.0625
-0.0014190840851971767 0.017471868828466523 0.0625
-0.01075638941156392 -0.013842690736514908 0.0625
0.017283154687787395 0.0029415241012122734 0.0625
-0.014731989883570554 0.009506233432352419 0.0625
0.004441831399193952 -0.01696202033429788 0.0625
0.00818294414740876 0.015508688696353044 0.0625
-0.016510890880631325 -0.005908509315206783 0.0625
0.01616680910954895 -0.006796637640437003 0.0625
-0.007330315764469367 0.01593318771599619 0.0625
-0.0053579152826500965 -0.016701279706176547 0.0625
0.015233302560515428 0.00869634941224156 0.0625
-0.017107974796371214 0.003877782661099936 0.0625
0.009996133257854003 -0.014416564080640891 0.0625
0.0023675653905361463 0.017383746262573423 0.0625
-0.01348919731972055 -0.011219694990045138 0.0625
0.017526447925768518 -0.0008388224516096654 0.0625
-0.012357643497966943 0.012458276252241133 0.0625
0.0006967422804972396 -0.01753495224386333 0.0625
0.011331669823966268 0.013401240950024451 0.0625
-0.017409159212442214 -0.0022273696405936553 0.0625
0.014342469888339057 -0.010117981888800134 0.0625
-0.0037413352241262203 0.01714999739768821 0.0625
-0.008826485501455539 -0.01517409482284183 0.0625
0.016759417091519003 0.005227039195615498 0.0625
-0.015889717852309318 0.007467052067181702 0.0625
0.006673095165934064 -0.0162403756393252 0.0625
0.0060500758907289865 0.016483827884214878 0.0625
-0.01559681505053003 -0.00806841745818595 0.0625
0.01695184307543346 -0.0045863947001843 0.0625
-0.009402306092414178 0.01483363206178956 0.0625
-0.003087206754225005 -0.01729014616643444 0.0625
0.013956640879736682 0.010664528838821848 0.0625
-0.017496112436772335 0.0015639851661126741 0.0625
0.01184539970932371 -0.012972528887088816 0.0625
2.839010091240544e-05 0.017568130065609436 0.0625
-0.01188880564918057 -0.012935853285965032 0.0625
0.017505612739632498 0.0015078204833521688 0.0625
-0.013927514315037932 0.010713745610402257 0.0625
0.0030328808663313673 -0.017309004409573683 0.0625
0.009456324916994408 0.014812762033605709 0.0625
-0.016979776156903013 -0.004535107679148081 0.0625
0.01558478873360064 -0.00812615284922912 0.0625
-0.0060029894101659535 0.016520415192767868 0.0625
-0.006733398386188178 -0.016237652113925784 0.0625
0.015934406071236227 0.007425274618285182 0.0625
-0.01676632101745296 0.0052887124652144886 0.0625
0.008791058176772275 -0.01522620425886259 0.0625
0.003803146529253578 0.017166714201530427 0.0625
-0.014401202260810379 -0.01008986488726336 0.0625
0.017435731842741546 -0.0022880679858799328 0.0625
-0.011311729821928398 0.01346568856151425 0.0625
-0.0007550732240271228 -0.0175712795329867 0.0625
0.012426799691918311 0.012447274778719196 0.0625
-0.017572284580965623 -0.0007841011449793466 0.0625
0.013487780262204358 -0.01129246578912199 0.0625
-0.002317668143973915 0.017438704492433163 0.0625
-0.010071350063267176 -0.014425252438107567 0.0625
0.017171527562086994 0.0038338806951295204 0.0625
-0.015252484546729986 0.008772782634475968 0.0625
0.005321121603252713 -0.016772765570513326 0.0625
0.007406689244202076 0.015963112304303986 0.0625
-0.016245438640253906 -0.006767992566909729 0.0625
0.01655166286570975 -0.005983515386450093 0.0625
-0.008163401536629398 0.01559355236473578 0.0625
-0.0045141464381454385 -0.017013596972274232 0.0625
0.014822067383432308 0.009496647749653147 0.0625
-0.01734534395967213 0.0030098244003040403 0.0625
0.010757503790032215 -0.013936861634078259 0.0625
0.0014820618856468742 0.017544329356436312 0.0625
-0.01294468556967167 -0.01193629404389545 0.0625
0.017608994859401456 5.744598831182303e-05 0.0625
-0.013023968949152117 0.011853110680809555 0.0625
0.001596911127141829 -0.017538810531276365 0.0625
0.01067047171643264 0.014012174468968443 0.0625
-0.017334279124861025 -0.0031245427219686664 0.0625
0.014893316256242987 -0.009405803043415718 0.0625
-0.004628637556662059 0.016996932498808646 0.0625
-0.008068769631708253 -0.015660618015596404 0.0625
0.01652932015031467 0.006097669667045058 0.0625
-0.016308173615187462 0.00666959319126013 0.0625
0.007520378665976887 -0.01593498995043046 0.0625
0.005218974026010991 0.01683099254695999 0.0625
-0.015218461227845821 -0.008885856056484006 0.0625
0.017225038385786783 -0.0037280092017284404 0.0625
-0.010183628872543697 0.0143851904049371 0.0625
-0.0022081076544775086 -0.017487259950782392 0.0625
0.013441529447685886 0.011403740005234829 0.0625
-0.017615614928663696 0.0006709028879359107 0.0625
0.012536824598827245 -0.012394677445510231 0.0625
-0.0008718360714261257 0.017609085775944198 0.0625
-0.011252625690719949 -0.013574181929845696 0.0625
0.01746768777630135 0.002408294780472793 0.0625
-0.01450784221841545 0.01002409667578891 0.0625
0.003926703855940718 -0.01719246918937883 0.0625
0.008718477474749844 0.015330627858058509 0.0625
-0.01678550348784139 -0.005415429129779528 0.0625
0.016036208594033288 -0.007345748016958724 0.0625
-0.006863060791666579 0.01624987374012146 0.0625
-0.0059164048021450545 -0.016619150225482496 0.0625
0.015589649256318595 0.008258500836408812 0.0625
-0.017074956457381947 0.004441380638777833 0.0625
0.009591048145050735 -0.014809854674483435 0.0625
0.0029319610203412194 0.017400103579438823 0.0625
-0.013916431721672643 -0.010850480548621954 0.0625
0.017592067704763653 -0.0013996977784549354 0.0625
-0.012027133244245898 0.012916193941140524 0.0625
0.00014367932550899627 -0.017649344357551115 0.0625
0.011816774730235104 0.013111972962711488 0.0625
-0.01757146025805065 -0.0016863523948886221 0.0625
0.014096667317561828 -0.01062656908592723 0.0625
-0.003216505890314621 0.017358977212312117 0.0625
-0.00935466950171139 -0.014973648804274488 0.0625
0.01701348807504156 0.004722417126897916 0.0625
-0.01573617295720157 0.008010796506030963 0.0625
0.006192546084099614 -0.01653760481437087 0.0625
0.006605224372295958 0.016378370217809447 0.0625
-0.015934938767992946 -0.007615623839208145 0.0625
0.016895291114818575 -0.005148702569146187 0.0625
-0.008980738947468843 0.015210073239712433 0.0625
-0.0036523735503838587 -0.017282944409112024 0.0625
0.014368528644727945 0.010277421105784883 0.0625
-0.017538327908951636 0.0021276875142013157 0.0625
0.011495721459670889 -0.013416720468194242 0.0625
0.0005863147830978755 0.017659451717851292 0.0625
-0.012361910357638358 -0.012626288936568555 0.0625
0.017645353734927215 0.0009599435240107844 0.0625
-0.0136604420204803 0.011212150721654442 0.0625
0.0024992458450083413 -0.017496107287228453 0.0625
0.009976223258237986 0.014590235416256708 0.0625
-0.017212820833416163 -0.004019800860330599 0.0625
0.015408521092566341 -0.008663571881154923 0.0625
-0.005509957817508336 0.016797629739022074 0.0625
-0.007284230557352655 -0.01610900323382331 0.0625
0.016253680184429544 0.0069582958015797555 0.0625
-0.016686286679074087 0.005848746606218693 0.0625
0.008353711268618847 -0.015585105326578662 0.0625
0.004368100047905369 0.017135918474697795 0.0625
-0.014796993895195896 -0.009685503170488122 0.0625
0.017454422221474173 -0.002853619616295877 0.0625
-0.01094345501891228 0.013895351461875432 0.0625
-0.001316896079955747 -0.017639324950649255 0.0625
0.01288705467730167 0.012117913258652963 0.0625
-0.017689176321454718 -0.00023030646644373203 0.0625
0.013199861349664384 -0.011779798824667436 0.0625
-0.0017761406602906484 0.017603559990946784 0.0625
-0.010582039089813158 -0.014180988988842293 0.0625
0.017383097067230093 0.0033087665906280928 0.0625
-0.01505375594050814 0.00930292599581529 0.0625
0.004816442483485322 -0.017029441617483463 0.0625
0.007952235495843044 0.0158114499846995 0.0625
-0.01654526826311934 -0.006287614659106889 0.0625
0.016448238538735522 -0.0065402942573599574 0.0625
-0.007711006070887596 0.01593425195529224 0.0625
-0.005077900709510343 -0.016959213554417974 0.0625
0.015201040083368037 0.009075702748759363 0.0625
-0.017340429345639796 0.0035762424566679225 0.0625
0.010371237483407127 -0.014351217128270723 0.0625
0.0020468106907349606 0.01758893305451735 0.0625
-0.013391262129233448 -0.011587670110343926 0.0625
0.017702787521241825 -0.0005013122557495493 0.0625
-0.01271566377719803 0.012328499288447639 0.0625
0.0010484199613059071 -0.01768108638021814 0.0625
0.011171042089483883 0.013746556610110752 0.0625
-0.01752396126500287 -0.0025905176283281834 0.0625
0.014672428228308682 -0.009927731356414239 0.0625
-0.004113167859862659 0.017232581064849015 0.0625
-0.00860806772599256 -0.01548616059663354 0.0625
0.016809143236505075 0.005604703708016655 0.0625
-0.016181492747880326 0.007222139049498869 0.0625
0.007053693558295417 -0.016256857235814732 0.0625
0.005780543277969979 0.016753068955015857 0.0625
-0.015579920193867018 -0.008449028746118378 0.0625
0.017196479982041768 -0.004294307421137533 0.0625
-0.009780008721522354 0.014783485022380437 0.0625
-0.002774803199110976 -0.0175082970961257 0.0625
0.013873621190221062 0.011036423110331043 0.0625
-0.017686098578346892 0.00123366003298965 0.0625
0.012208630041517966 -0.0128572684699879 0.0625
-0.00031732396108088127 0.01772848852845961 0.0625
-0.011742184006752811 -0.0132876301405314 0.0625
0.017635107817400204 0.0018662722922098544 0.0625
-0.014265135619962285 0.010536883113334953 0.0625
0.0034013210387198187 -0.01740663710173685 0.0625
0.009250574243132172 0.015133633938096285 0.0625
-0.01704479187500614 -0.004910709718332437 0.0625
0.015886445535622885 -0.00789308863776961 0.0625
-0.006382871389850776 0.016552309591734454 0.0625
-0.00647480518646898 -0.016517775207250958 0.0625
0.015932928960822414 0.007806521295006266 0.0625
-0.017022756712637546 0.005006571072336175 0.0625
0.009170743361904717 -0.015191361564720939 0.0625
0.003499618811158349 0.01739749028384803 0.0625
-0.014333256020225574 -0.010465073906029873 0.0625
0.01763907273977537 -0.001965480318119073 0.0625
-0.011679581888186413 0.01336515495297933 0.0625
-0.0004158986591445053 -0.017745619975231122 0.0625
0.01229444511382249 0.012804945112854111 0.0625
-0.01771628165035247 -0.0011372618367747624 0.0625
0.013832521782930346 -0.011129301016899379 0.0625
-0.0026821064175040843 0.01755124796603317 0.0625
-0.009878622530269004 -0.014754416860874633 0.0625
0.017251748471326378 0.004206801003385835 0.0625
-0.015563542727592986 0.008551966894603108 0.0625
0.005699662841659427 -0.01682004290991574 0.0625
0.007159475689960952 0.016253673672276623 0.0625
-0.016259404173932696 -0.007149250024212329 0.0625
0.01681949379472707 -0.005711797308127939 0.0625
-0.008544449184000288 0.015574093493428018 0.0625
-0.004220005524099338 -0.01725663795113553 0.0625
0.014769328049768445 0.009874560696979034 0.0625
-0.017561725428509502 0.0026955147882441297 0.0625
0.011129380737038707 -0.013851241258819797 0.0625
0.001149992888043232 0.017732386087536276 0.0625
-0.012826836026783892 -0.012299279553778701 0.0625
0.017767278771951535 0.00040472835304725265 0.0625
-0.013375275373720043 0.011703931334263631 0.0625
0.001956743655103542 -0.01766610184132912 0.0625
0.010491102556534725 0.014349103356944313 0.0625
-0.01742959574476284 -0.0034941654474487933 0.0625
0.015213279080320455 -0.009197615975038539 0.0625
-0.005005214921438077 0.01705953761361115 0.0625
-0.0078333579810146 -0.015961156059047694 0.0625
0.01655872791264848 0.006478312273646286 0.0625
-0.016586976865240362 0.006408759511167594 0.0625
0.007902165447056762 -0.015930969250090913 0.0625
0.004934716293738193 0.017085917449768825 0.0625
-0.01518103750650163 -0.009265856691433922 0.0625
0.017454124326528406 -0.003422505514106495 0.0625
-0.010558926278343496 0.014314645502020206 0.0625
-0.0018836995382735065 -0.017688744332187863 0.0625
0.013338399478002427 0.01177145272960074 0.0625
-0.017787946732014732 0.000330077353065082 0.0625
0.012894128942914406 -0.012259748725136948 0.0625
-0.0012264655982381946 0.017750937500209344 0.0625
-0.011086928741395516 -0.013918333631696653 0.0625
0.017577965663505814 0.002774008495410693 0.0625
-0.014836197529830219 0.00982889835413205 0.0625
0.004300696437531539 -0.017270321657462076 0.0625
0.00849527128587544 0.015640663853538326 0.0625
-0.016830327705977536 -0.0057948312580613556 0.0625
0.01632554255519896 -0.007096242687393644 0.0625
-0.007244961162019523 0.016261320295745632 0.0625
-0.005642511198413466 -0.016885557952752955 0.0625
0.015567624877725936 0.008639968499156034 0.0625
-0.017316389367629942 0.00414519713266241 0.0625
0.00996915499940802 -0.01475452298780879 0.0625
0.002615757412211792 0.01761470445850452 0.0625
-0.013828212036115355 -0.011222323818364648 0.0625
0.0177781849934336 -0.0010658979028276077 0.0625
-0.012389857762573765 0.01279575807145441 0.0625
0.0004925161801256275 -0.017805544861427703 0.0625
0.011665041880554327 0.013462793095227812 0.0625
-0.017696540183270024 -0.002047551108497497 0.0625
0.014432888355039605 -0.010444698833904314 0.0625
-0.003587296026209314 0.017451971442228032 0.0625
-0.009144052936504554 -0.015292687660918286 0.0625
0.017073677616388658 0.005099954181326427 0.0625
-0.01603557801542469 0.007773045587877919 0.0625
0.006573933307829302 -0.016564522355450292 0.0625
0.006342159595057864 0.016655840167064992 0.0625
-0.015928372305926294 -0.007997934463584976 0.0625
0.017148692639733114 -0.004862339020262103 0.0625
-0.009361038644436229 0.015170067748608495 0.0625
-0.003344905474969268 -0.017510328590963693 0.0625
0.014295385771661498 0.010652790509503976 0.0625
-0.01773794521440229 0.0018014715015406053 0.0625
0.01186327857688492 -0.013310996259004183 0.0625
0.00024385170436184961 0.017829765459654253 0.0625
-0.012224411029697235 -0.0129832112736802 0.0625
0.01778505190106104 0.0013160276883732575 0.0625
-0.014003988257455927 0.011043926515738713 0.0625
0.002866220141226779 -0.017604112647390837 0.0625
0.009778560416398517 0.014917766460929871 0.0625
-0.01728829924503869 -0.004394850306210053 0.0625
0.015717520353633545 -0.008437982811852325 0.0625
-0.0058902049956330695 0.016839996588759135 0.0625
-0.007032442263066478 -0.01639709595680395 0.0625
0.016262604915397227 0.007340822935182272 0.0625
-0.016951258196666368 0.005572687462073512 0.0625
0.00873558261074899 -0.015560514016277865 0.0625
0.004069885032545077 0.017375731231285364 0.0625
-0.014739069864031841 -0.010063787534680395 0.0625
0.01766723144090784 -0.002535534108111625 0.0625
-0.011315248278437518 0.013804533907282663 0.0625
-0.000981378342819648 -0.01782349282683517 0.0625
0.012764035343659531 0.012480360641656571 0.0625
-0.01784328462258744 -0.0005806839737194704 0.0625
0.013550179359029777 -0.011625516734241254 0.0625
-0.0021386910074881133 0.0177264209804035 0.0625
-0.010397673374865123 -0.01451648677847436 0.0625
0.01747376265702364 0.0036807089814336097 0.0625
-0.015371855983872706 0.009089886886594178 0.0625
0.0051949235845537645 -0.01708721068374377 0.0625
0.007712153533345094 0.016109707876870792 0.0625
-0.016569692067153877 -0.006669730489285004 0.0625
0.016724361779817155 -0.006275007813364953 0.0625
-0.008093824282671178 0.015925137628329696 0.0625
-0.004789441909422321 -0.01721107917000759 0.0625
0.015158452147917618 0.009456285131027496 0.0625
-0.01756610020890113 0.0032668216129509765 0.0625
0.010746662512747272 -0.014275477044117036 0.0625
0.0017187993661990804 0.0177866727843842 0.0625
-0.013282945867230644 -0.011955055377881793 0.0625
0.01787107384216708 -0.00015722508645755212 0.0625
-0.013072188118777741 0.012188432950436492 0.0625
0.0014059445441831886 -0.017818622840687817 0.0625
0.0110002956076279 0.014089481769916255 0.0625
-0.017629687224602463 -0.0029587376299173127 0.0625
0.014999119889575346 -0.009727610320019264 0.0625
-0.004489258751113373 0.017305679872965177 0.0625
-0.008380103398239075 -0.01579410861792529 0.0625
0.016849048539609893 0.005985780092007211 0.0625
-0.016468330449490386 0.0069680766504386215 0.0625
0.007436831307483729 -0.016263257364502043 0.0625
0.005502328623433566 0.01701659130730193 0.0625
-0.015552760595981936 -0.008831287439783155 0.0625
0.017434660555922354 -0.003994072019852089 0.0625
-0.010158454212446754 0.014722968722836531 0.0625
-0.002454847922164409 -0.017719303645432716 0.0625
0.013780207274017074 0.01140815004657315 0.0625
-0.017868307134227168 0.0008964374807684454 0.0625
0.012570784171064072 -0.012731668599383392 0.0625
-0.0006692282593543579 0.017880495897398416 0.0625
-0.011585356999658713 -0.01363743022678609 0.0625
0.017755742386692815 0.002230159702218697 0.0625
-0.014599894800807483 0.01035002762341022 0.0625
0.003774400516082311 -0.01749496786919592 0.0625
0.00903511959813336 0.015450780363704173 0.0625
-0.017100135633329985 -0.005290119216210375 0.0625
0.016183542127004874 -0.007650683905603386 0.0625
-0.006765699814942195 0.01657423621208806 0.0625
-0.0062073065534655174 -0.01679253838320175 0.0625
0.01592126473478441 0.00818983084348574 0.0625
-0.017273073941838593 0.004716027629242291 0.0625
0.009551592063934735 -0.01514619057862996 0.0625
0.0031882568565906795 0.017621436326713057 0.0625
-0.01425491955107982 -0.010840538205838413 0.0625
0.01783492445543989 -0.0016356862990048724 0.0625
-0.012046779086405944 0.01325424889019866 0.0625
-7.020087988386419e-05 -0.017911869579596194 0.0625
0.012151815426357708 0.013161055498847152 0.0625
-0.017851648323420254 -0.0014962125975030735 0.0625
0.014174810287176364 -0.010956037300162825 0.0625
-0.0030515572326768547 0.01765468771900816 0.0625
-0.009676049682125114 -0.015080254061157145 0.0625
0.0173224621974834 0.004583917911215095 0.0625
-0.01587042504765014 0.008321634983999175 0.0625
0.00608155258386482 -0.0168574825573004 0.0625
0.0069031480956813565 0.016539242617758857 0.0625
-0.016263276992011397 -0.007532982243515038 0.0625
0.01708155407866186 -0.0054314372184303406 0.0625
-0.00892707890952324 0.015544364320973225 0.0625
-0.003917760900603779 -0.017493174369613434 0.0625
0.014706219625855717 0.010253150945738395 0.0625
-0.017770918356858408 0.002373701909228049 0.0625
0.011501025057159858 -0.013755232554725529 0.0625
0.0008110785972340303 0.017912625477832914 0.0625
-0.012698658610639424 -0.012661124337531532 0.0625
0.017917176544190686 0.0007581455561455032 0.0625
-0.013724541768187453 0.011544563796578805 0.0625
0.0023219535383882228 -0.01778450257290224 0.0625
0.01030176303858402 0.014683108604681236 0.0625
-0.01751558557591986 -0.0038683668301530308 0.0625
0.015529457125428555 -0.008979752857928574 0.0625
-0.005385537159430858 0.017112451300278095 0.0625
-0.007588638805621894 -0.0162570772612364 0.0625
0.016578153972167275 0.006861837281305529 0.0625
-0.01686036666976476 0.006139058214505348 0.0625
0.008285950086773887 -0.01591675316009807 0.0625
0.004642098858790358 0.017334673870171808 0.0625
-0.015133282932071638 -0.0096469553589653 0.0625
0.017676334105432193 -0.003109214143981517 0.0625
-0.010934413510690093 0.014233713541350973 0.0625
-0.0015521354746969905 -0.01788269765634333 0.0625
0.013224905932110394 0.012138445661897214 0.0625
-0.01795215038809346 -1.7217528156849372e-05 0.0625
0.013249809441943972 -0.012114559412218522 0.0625
-0.0015868282744727353 0.01788412637025734 0.0625
-0.010911152891494852 -0.014259969936098169 0.0625
0.01767911247153676 0.0031446752167359547 0.0625
-0.01516116523082746 0.009623880134516876 0.0625
0.004678823923278804 -0.017338644892117547 0.0625
0.00826257952186224 0.015946466055051282 0.0625
-0.016865297658167747 -0.0061775185067631695 0.0625
0.01660982905848097 -0.006837658857243552 0.0625
-0.00762927170822081 0.016262663164504806 0.0625
-0.005360015794155191 -0.017146143318146123 0.0625
0.01553532491279139 0.009022952945350162 0.0625
-0.017551269714637795 0.003840954491274024 0.0625
0.010347873651427952 -0.014688822651733638 0.0625
0.0022920991333373734 0.017822072875032076 0.0625
-0.013729610184721741 -0.011593869249546725 0.0625
0.017956445435716454 -0.0007253049800861346 0.0625
-0.012751377134165564 0.012665006165899785 0.0625
0.0008474323773063105 -0.017953324437716068 0.0625
0.01150313826041809 0.01381151006087696 0.0625
-0.017812699726738875 -0.0024140688567306566 0.0625
0.014766124382177883 -0.010252881094114564 0.0625
-0.003962604120174118 0.01753561429168591 0.0625
-0.008923788466988035 -0.015607882604519145 0.0625
0.01712415653712121 0.005481173495901132 0.0625
-0.01633030978660555 0.007526020347666821 0.0625
0.006958138884954168 -0.01658144454677242 0.0625
0.006070265207619891 0.016927843344890673 0.0625
-0.015911602456714205 -0.008382177954415334 0.0625
0.017395875883861166 -0.00456765828771128 0.0625
-0.009742370934595493 0.015119729117042707 0.0625
-0.0030296964229911388 -0.017730790720791745 0.0625
0.01421185928059482 0.01102828435381365 0.0625
-0.01792998983136262 0.001468150076536147 0.0625
0.012230051069848652 -0.013194917613569775 0.0625
-0.00010502674358386638 0.01799191399999267 0.0625
-0.01207666587897469 -0.0133384459832324 0.0625
0.017916055018901717 0.0016777879960491486 0.0625
-0.014344956852039919 0.010865643695295414 0.0625
0.003238087845168185 -0.01770295984029151 0.0625
0.009571103323279904 0.015241849663840028 0.0625
-0.017354226647883476 -0.004773972921361318 0.0625
0.016022228063683367 -0.008202938977910128 0.0625
-0.0062736738955789986 0.016872492876037336 0.0625
-0.006771611206373179 -0.016680086380763175 0.0625
0.0162614152660469 0.007725695667393122 0.0625
-0.0172103558464624 0.005288066909385464 0.0625
0.009118905474618752 -0.015525642110552728 0.0625
0.003763655618310854 0.017608943647668282 0.0625
-0.014670777896492742 -0.010442618249834666 0.0625
0.017872764515013087 -0.002210042667210062 0.0625
-0.011686678568433499 0.013703340616000068 0.0625
-0.000639119925040559 -0.01799976460183344 0.0625
0.012630712069790842 0.012841538560859444 0.0625
-0.017988937469245667 -0.0009370852296185542 0.0625
0.013898331190375583 -0.01146108154244761 0.0625
-0.002506501993530071 0.017840332052863526 0.0625
-0.010203383278893228 -0.014848938334574702 0.0625
0.017555052548265736 0.004057108579718913 0.0625
-0.01568605314719558 0.008867228240174926 0.0625
0.005577024305372189 -0.017135250214026287 0.0625
0.007462830658872264 0.01640323622206899 0.0625
-0.016584107153023987 -0.007054600622077666 0.0625
0.016994965126804498 -0.006000929956156712 0.0625
-0.008478510389912446 0.015905812194545326 0.0625
-0.0044927086167606345 -0.017456676925603133 0.0625
0.015105529059608077 0.009837834712442367 0.0625
-0.01778480336337776 0.002949706650836173 0.0625
0.01112214666594181 -0.014189357051722942 0.0625
0.0013837332958028358 0.017976798440381053 0.0625
-0.013164284571997972 -0.012321591281464267 0.0625
0.018031158163887562 0.00019322336523017812 0.0625
-0.013426961165386907 0.012038135813455168 0.0625
0.001769088177482091 -0.017947432323881126 0.0625
0.010819511040397122 0.014429767179227972 0.0625
-0.017726228200546913 -0.0033317913773427393 0.0625
0.015322303635327444 -0.009517720909273998 0.0625
-0.004869361037326329 0.017369206173229918 0.0625
-0.008142715332084403 -0.016097707508233514 0.0625
0.016879067262476073 0.006370014784033749 0.0625
-0.01675001120621271 0.006705007426673644 0.0625
0.007822250087220718 -0.016259532698481082 0.0625
0.005215593134119115 0.017274188497852207 0.0625
-0.01551531567079145 -0.009214932427082326 0.0625
0.01766619323973013 -0.00368586711867282 0.0625
-0.01053738066518718 0.014652085473301723 0.0625
-0.0021275355927845097 -0.017922990607078804 0.0625
0.013676424317636037 0.011779448963511567 0.0625
-0.01804258058612858 0.0005525267351505129 0.0625
0.012931604623970413 -0.012595777143523423 0.0625
-0.0010271006139477834 0.01802401354662241 0.0625
-0.011418394809497563 -0.013985001250426803 0.0625
0.01786739777303581 0.0025992492801028364 0.0625
-0.014931546672699372 0.010153271096597407 0.0625
0.0041518763989026415 -0.01757389889490193 0.0625
0.00881007400670648 0.01576396511022385 0.0625
-0.017145731218710814 -0.005673085666171927 0.0625
0.0164758530983443 -0.0073990718797548195 0.0625
-0.007151218488978703 0.016586141025654196 0.0625
-0.005931054895279175 -0.017061728746794243 0.0625
0.015899381961286544 0.008574943337953674 0.0625
-0.017517073952141127 0.004417252557327781 0.0625
0.009933342616856295 -0.015090682703448065 0.0625
0.0028692477946194316 0.017838369238612355 0.0625
-0.014166207154639749 -0.011215996382481304 0.0625
0.018023120958927365 -0.001298888332333899 0.0625
-0.012413062274087788 0.013133007461340242 0.0625
0.00028180398529174366 -0.018069880644704706 0.0625
0.011998970218806262 0.013515351038289774 0.0625
-0.017978256356576527 -0.0018607252288330327 0.0625
0.014514397070494293 -0.010772756271262557 0.0625
-0.0034257820684142166 0.017748915944917076 0.0625
-0.009463734567738484 -0.01540252343063927 0.0625
0.017383582194250766 0.004964984400350892 0.0625
-0.016172900834823655 0.008081910577763179 0.0625
0.006466537205202413 -0.01688501988668456 0.0625
0.006637849814624511 0.016819600168805716 0.0625
-0.01625701488127754 -0.007918930934786622 0.0625
0.01733763812000505 -0.005142597050104911 0.0625
-0.009311029734471225 0.015504345367792629 0.0625
-0.0036075918393413285 -0.0177230155763831 0.0625
0.014632745512843968 0.01063215682523282 0.0625
-0.017972748496863335 0.0020445810007179294 0.0625
0.011872176389905316 -0.013648861775509887 0.0625
0.00046552872134078777 0.01808489101459024 0.0625
-0.012560202224578746 -0.01302157133673533 0.0625
0.018058550594362108 0.0011174750247160076 0.0625
-0.01407151634271494 0.011375079244414363 0.0625
0.002692307043318823 -0.017893895126117616 0.0625
0.010102546066170413 0.01501394561668933 0.0625
-0.0175921518982659 -0.004246903764902086 0.0625
0.015841614861236315 -0.00875232760974226 0.0625
-0.0057693536547222405 0.01715559845667714 0.0625
-0.007334746163775284 -0.01654815695819277 0.0625
0.016587545417282572 0.00724798848161253 0.0625
-0.01712813094910302 0.005860642472492183 0.0625
0.008671472744904887 -0.01589231136223966 0.0625
0.004341292831968975 0.017577063934203992 0.0625
-0.01507519000967652 -0.01002889057534029 0.0625
0.01789148556691303 -0.002788322830832689 0.0625
-0.011309829443139689 0.014142409906628028 0.0625
-0.0012136183940131089 -0.018068954878290914 0.0625
0.013101086952482582 0.012504460030864617 0.0625
-0.018108079223782308 -0.0003707651887968041 0.0625
0.013603611659432564 -0.011959170114157187 0.0625
-0.0019526955544534113 0.01800852520534699 0.0625
-0.01072538074766898 -0.014598842687608209 0.0625
0.017771021483334502 0.0035200561698449607 0.0625
-0.015482505345123722 0.00940914598878216 0.0625
0.005060839137444057 -0.017397353454618167 0.0625
0.008020526722268223 0.016247804500835843 0.0625
-0.01689034983575298 -0.006563237191042186 0.0625
0.016888849915149787 -0.006570140679128953 0.0625
-0.008015734177621006 0.01625386125182932 0.0625
-0.0050690812504317825 -0.017400701574261913 0.0625
0.015492730993392594 0.009407193330976706 0.0625
-0.01777940775768432 0.003528832637855566 0.0625
0.010726942661702262 -0.014612758163076268 0.0625
0.0019611819909224346 0.018022035545367274 0.0625
-0.013620653492708423 -0.011964856807817212 0.0625
0.018126693529341657 -0.00037812920189193345 0.0625
-0.013111434718952222 0.01252398816713966 0.0625
0.001208204950357866 -0.018092546553703567 0.0625
0.011331136045706541 0.014157872577251497 0.0625
-0.017919822368221615 -0.0027856716050863356 0.0625
0.015096131396345728 -0.010051209721434771 0.0625
-0.004342186861455498 0.017609810142650697 0.0625
-0.008693990906883142 -0.015918998778536083 0.0625
0.017164850851120832 0.005865824346055418 0.0625
-0.016620144356268143 0.007269855677852772 0.0625
0.007344906596033174 -0.016588319598306166 0.0625
0.005789695147176342 0.01719416849117057 0.0625
-0.015884600020629032 -0.00876809455837653 0.0625
0.01763664385670583 -0.004264832173922021 0.0625
-0.01012447451842068 0.015059050957010881 0.0625
-0.0027069347458923126 -0.017944149583679937 0.0625
0.014117965642085189 0.011403641792379408 0.0625
-0.01811429770555582 0.001127926697305817 0.0625
0.012595780541123626 -0.01306852373299492 0.0625
-0.0004601035541269672 0.01814575169893713 0.0625
-0.01191873653506507 -0.013691739093617917 0.0625
0.01803823697555073 0.002044995553509733 0.0625
-0.014683100201213333 0.010677385844912086 0.0625
0.003614609928897697 -0.017792543243221697 0.0625
0.009353956876979113 0.015562245684463898 0.0625
-0.01741051871579778 -0.005156921372956483 0.0625
0.016322414975182952 -0.00795856578649214 0.0625
-0.006660110772905455 0.016895056214544797 0.0625
-0.006501882342033831 -0.016957757104356364 0.0625
0.016250071265291464 0.008112655784202158 0.0625
-0.017463375735625848 0.004995048339741504 0.0625
0.009503419152833264 -0.015480472357313969 0.0625
0.0034495923818168117 0.01783536689836549 0.0625
-0.014592123589599052 -0.01082173410992281 0.0625
0.01807084912908402 -0.0018773416721213267 0.0625
-0.012057486182970166 0.013591799989239236 0.0625
-0.0002903315029723816 -0.018167985788699357 0.0625
0.01248713584176716 0.013201190797396045 0.0625
-0.01812599938269131 -0.0012992868731247877 0.0625
0.014244066072097761 -0.011286566428002515 0.0625
-0.002879339282879137 0.017945177772707325 0.0625
-0.00999926361157245 -0.015178100250897116 0.0625
0.01762687222993716 0.004437721869323298 0.0625
-0.015996113251414663 0.008635065769750469 0.0625
0.005962493813334455 -0.017173487343167912 0.0625
0.0072044026019175535 0.01669181185939632 0.0625
-0.016588462857044132 -0.0074419688282380825 0.0625
0.017259838143529597 -0.005718215391112926 0.0625
-0.008864804727717874 0.01587624757741674 0.0625
-0.004187873327638246 -0.017695810718688653 0.0625
0.015042265541946718 0.010220090379520255 0.0625
-0.017996358539449905 0.0026250865356343004 0.0625
0.011497429379048607 -0.014092874712910423 0.0625
0.0010418164667422918 0.01815914696371018 0.0625
-0.013035318507319961 -0.012687019800280985 0.0625
0.01818289588454706 0.0005498156524887023 0.0625
-0.0137797294133607 0.01187767053317114 0.0625
0.0021376216194643437 -0.018067389789673514 0.0625
0.010628772954013132 0.014767165790768349 0.0625
-0.017813479669462336 -0.0037094395891633003 0.0625
0.015641740764463778 -0.00929816895185886 0.0625
-0.005253227229103808 0.017423076756973847 0.0625
-0.007896029805108394 -0.016396728738283132 0.0625
0.016899138145955426 0.0067571539810717795 0.0625
-0.017026318408299754 0.006433077137668481 0.0625
0.008209691723512885 -0.016245644394879633 0.0625
0.004920500934443238 0.01752565749277736 0.0625
-0.015467569286957064 -0.009599703138804993 0.0625
0.017890890127799864 -0.003369873949422068 0.0625
-0.010916527109284724 0.014570841975405945 0.0625
-0.0017930631620548222 -0.01811918664004767 0.0625
0.013562301802434016 0.012150060486256647 0.0625
-0.018208765467258123 0.00020213895811571302 0.0625
0.013290835605504422 -0.012449646135832772 0.0625
-0.0013907172688890465 0.018158907056263433 0.0625
-0.011241371621687193 -0.014330092953750366 0.0625
0.017969959630333057 0.002973306389224005 0.0625
-0.015259848429351828 0.009946709300728985 0.0625
0.004533504966111521 -0.01764333677970928 0.0625
0.00857555408448508 0.016072954679960724 0.0625
-0.01718150689177497 -0.006059358128373773 0.0625
0.016763156046428414 -0.0071383891294248296 0.0625
-0.007539171174014432 0.016587974499887255 0.0625
-0.005646205688009597 -0.017325136690043406 0.0625
0.015867253691620817 0.008961599203587802 0.0625
-0.017754561533517586 0.004110419048289092 0.0625
0.0103157340953806 -0.01502483377856149 0.0625
0.0025427812058484746 0.018048109699887793 0.0625
-0.014067137488231749 -0.011591188156836426 0.0625
0.01820350019168418 -0.000955290935450587 0.0625
-0.01277817380974718 0.013001471996966005 0.0625
0.0006398980484409888 -0.018219509611611437 0.0625
0.011835973176646737 0.013867578698594034 0.0625
-0.018095981787342594 -0.0022305701406064894 0.0625
0.014851035644876649 -0.010579543481389135 0.0625
-0.0038045413900561677 0.01783382922457624 0.0625
-0.009241783947493108 -0.015720986911382465 0.0625
0.017435026375267587 0.005349752825479287 0.0625
-0.016470742282038587 0.007832920826783992 0.0625
0.006854362845264761 -0.01690259477078753 0.0625
0.006363727413364313 0.01709453051149389 0.0625
-0.016240580131700526 -0.008306837965544657 0.0625
0.017587543748270935 -0.004845441662290031 0.0625
-0.009696041229771649 0.015454021627737175 0.0625
-0.003289680228960582 -0.01794597459017442 0.0625
0.01454891352125586 0.011011317602858364 0.0625
-0.018167045485885987 0.0017083495876867906 0.0625
0.012242575694181832 -0.013532159486653574 0.0625
0.00011355490875086101 0.018249030255953293 0.0625
-0.012411519953185835 -0.013380365183793375 0.0625
0.018191267566290782 0.0014824926076095774 0.0625
-0.014415949356868156 0.011195552873360597 0.0625
0.0030675692322333315 -0.01799416624924465 0.0625
0.00989354836849419 0.015341372190265969 0.0625
-0.017659202429374653 -0.004629532326096054 0.0625
0.016149519475375292 -0.008515457751317552 0.0625
-0.006156413361162662 0.017188908473969425 0.0625
-0.007071817466898925 -0.016834173508517233 0.0625
0.01658685385117456 0.007636509629390623 0.0625
-0.017390060927806514 0.005573668534024718 0.0625
0.009058473938451765 -0.015857618040121604 0.0625
0.004032472102297077 0.017812893328827743 0.0625
-0.015006755698870153 -0.010411401605664259 0.0625
0.018099400345935147 -0.002460021771766024 0.0625
-0.011684914083907774 0.014040754354794963 0.0625
-0.0008683533446328833 -0.018247354944453315 0.0625
0.012966984940235654 0.01286923857730914 0.0625
-0.01825559072783745 -0.000730347299368867 0.0625
0.013955283037069935 -0.011793645549840312 0.0625
-0.002323837499535467 0.018124011125458757 0.0625
-0.010529698849323194 -0.014934705961034583 0.0625
0.017853590388682936 0.0038999115673471777 0.0625
-0.015799980461724483 0.009184803612986217 0.0625
0.005446494279581648 -0.017446366385654187 0.0625
0.007769240913792957 0.016544452110101613 0.0625
-0.016905425248012595 -0.006951733394187263 0.0625
0.01716239011134767 -0.006293835528985151 0.0625
-0.00840409048085746 0.01623487798505308 0.0625
-0.004769873162906788 -0.017649031418459814 0.0625
0.015439829242867036 0.009792429369217221 0.0625
-0.01800061744446106 0.0032090141193463245 0.0625
0.011106101537862019 -0.014526338445413524 0.0625
0.0016232040847498044 0.018214423089937586 0.0625
-0.013501373613692795 -0.01233502778851673 0.0625
0.0182887778621394 -2.4582703672712912e-05 0.0625
-0.013469775579547195 0.01237275821458716 0.0625
0.0015746093528103697 -0.01822307892168725 0.0625
0.011149111445465355 0.014501631424656793 0.0625
-0.018017795955130957 -0.0031621241150951857 0.0625
0.015422667802094031 -0.00983978240949728 0.0625
-0.004725800120690726 0.017674467834118218 0.0625
-0.00845477868506742 -0.01622580405978482 0.0625
0.017195691084741435 0.006253655580390075 0.0625
-0.01690486084897468 0.007004689834446867 0.0625
0.007733980190184209 -0.016585100253475656 0.0625
0.005500606437284874 0.017454607667378268 0.0625
-0.01584734031798248 -0.009155424886156132 0.0625
0.01787080314671471 -0.003954035266834565 0.0625
-0.010507088853433837 0.014988031352584186 0.0625
-0.0023768112585923922 -0.01815022777380572 0.0625
0.014013725716681583 0.01177860312335963 0.0625
-0.018290708793080514 0.0007810069440966978 0.0625
0.012960210116802446 -0.012931858092645913 0.0625
-0.0008211599560174077 0.018291137097693887 0.0625
-0.01175068875372456 -0.014042838524069524 0.0625
0.01815147597820312 0.002417420073697398 0.0625
-0.015018172945999098 0.010479240495573179 0.0625
0.003995546352661696 -0.017872761659680127 0.0625
0.009127229712053115 0.015878717762571853 0.0625
-0.01745709562118445 -0.005543447706330664 0.0625
0.016617854737710748 -0.007704992142523217 0.0625
-0.007049261656041938 0.01690762875463786 0.0625
-0.006223403857446476 -0.017229893918046055 0.0625
0.016228537482250272 0.008501445241086834 0.0625
-0.01771011743370712 0.0046937980872959525 0.0625
0.009888863502819676 -0.015424992013696506 0.0625
0.0031278785296069565 0.018054815864583715 0.0625
-0.014503116984023623 -0.011200874865282873 0.0625
0.01826131689127182 -0.0015376297982773494 0.0625
-0.012427412756741892 0.013469944772476572 0.0625
6.477430042948594e-05 -0.018328006009656474 0.0625
0.012333361857416536 0.013559062847189067 0.0625
-0.018254339148438322 -0.0016670639621178182 0.0625
0.014587135308599878 -0.011102048616746319 0.0625
-0.003256967336611253 0.018040847091205205 0.0625
-0.009785413033888201 -0.015503731542961226 0.0625
0.017689131667103324 0.0048223045179543005 0.0625
-0.016301804866553825 0.008393518814704716 0.0625
0.006351080852971107 -0.017201853737287266 0.0625
0.006937008465355883 0.016975214683519643 0.0625
-0.016582713067432874 -0.00783157885251697 0.0625
0.017518773732687797 -0.005427021918408673 0.0625
-0.009252448002427615 0.015836420238247446 0.0625
-0.0038751113303538438 -0.01792828804368569 0.0625
0.014968660807469406 0.010602791784757891 0.0625
-0.018200589295128702 0.0022931527009875507 0.0625
0.01187225124285973 -0.0139860519956997 0.0625
0.0006932549917911627 0.018333559324810792 0.0625
-0.012896092226602682 -0.01305108444854135 0.0625
0.018326146602501425 0.0009123325619672036 0.0625
-0.014130241262803012 0.011707103905534415 0.0625
0.002511314234870651 -0.0181783745371729 0.0625
0.010428169873842878 0.015101432815540244 0.0625
-0.017891341553199637 -0.004091441974017475 0.0625
0.01595719517137873 -0.009069064023510218 0.0625
-0.005640609218535725 0.017467212932914335 0.0625
-0.0076401766030227145 -0.01669094669198318 0.0625
0.016909204485970913 0.007146943658069593 0.0625
-0.017297038654801693 0.006152434784237544 0.0625
0.008598898218507156 -0.01622155816892306 0.0625
0.004617219098364814 0.01777079873831492 0.0625
-0.015409509839486241 -0.00998533957894156 0.0625
0.01810856703939372 -0.0030462763794152706 0.0625
-0.011295633540293408 0.014479249390883447 0.0625
-0.001451629882076526 -0.018307724344807645 0.0625
0.01343787356946651 0.012519726591704524 0.0625
-0.018366712438902335 -0.00015451273950796142 0.0625
0.013648223048199414 -0.012293331835861194 0.0625
-0.0017598528867411962 0.018285046289715234 0.0625
-0.011054365681869084 -0.014672457168842414 0.0625
0.018063318018364118 0.0033520951906892966 0.0625
-0.015584559700976804 0.009730441866980648 0.0625
0.004919041683127123 -0.01770319261940224 0.0625
0.008331680083849468 0.01637751834010227 0.0625
-0.017207395462893047 -0.006448685244575648 0.0625
0.017045231640265952 -0.006868775606298151 0.0625
-0.0079293016123661 0.01657969167204651 0.0625
-0.005352917510016248 -0.017582555961263468 0.0625
0.015824857532264505 0.009349539244451107 0.0625
-0.017985345090831332 0.003795703092143715 0.0625
0.010698506349191622 -0.014948644149096151 0.0625
0.002209049143597706 0.018250482236948435 0.0625
-0.01395773363109298 -0.011965854415103672 0.0625
0.01837590414313007 -0.0006051007540032073 0.0625
-0.013141857598995043 0.012859688131822495 0.0625
0.0010038616541744277 -0.01836061714047973 0.0625
0.011662892139215408 0.014217487364124065 0.0625
-0.01820470501139057 -0.0026055163496418675 0.0625
0.015184481794807261 -0.01037648845338185 0.0625
-0.004187594655325204 0.017909328602789435 0.0625
-0.009010308340844675 -0.016035409056301148 0.0625
0.017476717190027292 0.005737974926731955 0.0625
-0.016763724511755257 0.007574796399506447 0.0625
0.007244775427073156 -0.016910151655478347 0.0625
0.006080930707940395 0.01736382105774036 0.0625
-0.016213939608865253 -0.00869644538648237 0.0625
0.01783107229073087 -0.004540138870423431 0.0625
-0.010081853548223314 0.015393382637749801 0.0625
-0.0029642105985708267 -0.018161868172831788 0.0625
0.014454735937613742 0.011390373522139553 0.0625
-0.01835364292133764 0.00136520749925892 0.0625
0.012611965292062563 -0.013405160628347925 0.0625
-0.00024462924162969613 0.018404894906902884 0.0625
-0.012252669121108256 -0.013737252251037698 0.0625
0.0183151984058966 0.0018529725720157419 0.0625
-0.014757593173926145 0.011006063951880729 0.0625
0.00344750396688621 -0.018085207115161938 0.0625
0.009674870549450631 0.015665148574187635 0.0625
-0.017716649400200686 -0.005016007778140775 0.0625
0.016452940936215486 -0.008269264450324748 0.0625
-0.006546464819157811 0.01721231531118138 0.0625
-0.006799993517538107 -0.017114908359714923 0.0625
0.016576035464508528 0.008027144466082289 0.0625
-0.017645951204142217 0.005278295757252696 0.0625
0.009446694571371381 -0.01581265194947459 0.0625
0.0037158133625316636 0.01804197137385023 0.0625
-0.014927981481199434 -0.010794228499386452 0.0625
0.01829990394186213 -0.0021245036405285237 0.0625
-0.01205940861745748 0.013928771079933518 0.0625
-0.0005165475055545785 -0.018417740867829185 0.0625
0.012822646614998053 0.01323252560121759 0.0625
-0.018394546626841767 -0.0010957437624481612 0.0625
0.014304572946928938 -0.011618054605052806 0.0625
-0.0027000227792247015 0.018230465627396022 0.0625
-0.010324197719457508 -0.01526731611808534 0.0625
0.017926721359862036 0.004284000616931131 0.0625
-0.01611335579599599 0.008950964472705863 0.0625
0.005835540939017323 -0.01748560727996179 0.0625
0.007508853649894233 0.016836184747871775 0.0625
-0.016910469495053416 -0.007342752988959099 0.0625
0.017430237876148728 -0.0060088940397439415 0.0625
-0.008794082719327507 0.01620568138418207 0.0625
-0.004462560089711386 -0.017890935063481595 0.0625
0.015376610344018654 0.010178401364075725 0.0625
-0.0182147164839077 0.0028816841275304773 0.0625
0.011485090774031549 -0.014429576913834148 0.0625
0.0012783658217065661 0.018399070107641108 0.0625
-0.01337180659043842 -0.012704124861945727 0.0625
0.01844255118737806 0.00033512042751846334 0.0625
-0.01382614653151208 0.012211374701038228 0.0625
0.0019464194568851129 -0.018344793574686498 0.0625
0.010957144753819563 0.014842539501171774 0.0625
-0.018106512777973233 -0.0035431899499027823 0.0625
0.015745494470535935 -0.009618700737538427 0.0625
-0.005113198962159054 0.01772950073672058 0.0625
-0.008206273886656604 -0.016528069121865926 0.0625
0.01721661234998699 0.00664441563948821 0.0625
-0.01718424149499755 0.006730664472517144 0.0625
0.008125103409944096 -0.016571743860490807 0.0625
0.005203159217289762 0.017708956326094788 0.0625
-0.015799803257737624 -0.009543909943874346 0.0625
0.018098163993078408 -0.0036354449630877647 0.0625
-0.010889954191572121 0.014906672925420375 0.0625
-0.0020395192558757646 -0.01834885176802385 0.0625
0.013899164816822003 0.012152909832415341 0.0625
-0.01845906713508883 0.0004275985293280869 0.0625
0.013323084494528218 -0.012784968500221724 0.0625
-0.001187975409996313 0.018427932993834228 0.0625
-0.011572592470121363 -0.014391494137874996 0.0625
0.018255654629344066 0.0027948298792786286 0.0625
-0.015349932029160022 0.010271299172946306 0.0625
0.004380656075120049 -0.01794351839388011 0.0625
0.008891034242466136 0.016191031779948264 0.0625
-0.0174938821083283 -0.0059333033615272856 0.0625
0.016908323963030814 -0.007442350486318014 0.0625
-0.007440872369264641 0.016910157254866498 0.0625
-0.005936327203962871 -0.017496285872364178 0.0625
0.016196783095443656 0.008891806192172131 0.0625
-0.017950384043374755 0.004384485453888162 0.0625
0.010274978982276755 -0.015359192912186856 0.0625
0.0027986999168828812 0.018267109206857004 0.0625
-0.014403772626921928 -0.011579781263561703 0.0625
0.018444003406512276 -0.0011911080306015887 0.0625
-0.012796201311399798 0.013337812114366066 0.0625
0.0004259829100297005 -0.01847967907081621 0.0625
0.012169449580662434 0.013914901972479542 0.0625
-0.018373829891129227 -0.0020401899744499816 0.0625
0.014927292336418459 -0.010907609431177056 0.0625
-0.0036391494201316365 0.018127233420959624 0.0625
-0.009561934102678101 -0.015825593708169102 0.0625
0.017741745374428103 0.005210611391090206 0.0625
-0.0166028993755202 0.008142710379618752 0.0625
0.00674253376668627 -0.017220285665606582 0.0625
0.006660790758367252 0.017253227711742793 0.0625
-0.0165668162939705 -0.008223174440678828 0.0625
0.017771568205539406 -0.005127510459849004 0.0625
-0.009641181324690813 0.015786311243112913 0.0625
-0.0035546007261698467 -0.01815392006365327 0.0625
0.014884718621668801 0.010985679385169866 0.0625
-0.018397323089276697 0.00195409906319168 0.0625
0.012246354047245972 -0.013868915334282717 0.0625
0.00033825711679515694 0.018499880597531906 0.0625
-0.01274665462864229 -0.013413530324941011 0.0625
0.018460774190835822 0.0012805531129046871 0.0625
-0.014478247071778817 0.011526506917905703 0.0625
0.0028899340003929763 -0.018280270279002243 0.0625
0.01021779433080688 0.015432325781078199 0.0625
-0.017959718292297384 -0.00447755724266243 0.0625
0.01626843340827442 -0.00883051948871304 0.0625
-0.006031258297957265 0.017501540599139314 0.0625
-0.00737528905465148 -0.016980138732069834 0.0625
0.016909214203635916 0.007539129592702161 0.0625
-0.017561961822018635 0.0058632326375439 0.0625
0.00898961178141466 -0.01618724436151659 0.0625
0.004305917672559462 0.018009416231436825 0.0625
-0.015341130314267424 -0.01037158236146564 0.0625
0.018319043591125 -0.002715260927878217 0.0625
-0.011674440962334744 0.014377323402391725 0.0625
-0.0011034373158856354 -0.01848844033686755 0.0625
0.013303177876479942 0.012888190656051554 0.0625
-0.01851627636453364 -0.00051721329469853 0.0625
0.014003514664260001 -0.01212689478175906 0.0625
-0.0021342805514523782 0.01840230546773127 0.0625
-0.010857459343498984 -0.015011847874404623 0.0625
0.018147367476236322 0.003735378653154222 0.0625
-0.015905442615222726 0.009504572331980902 0.0625
0.0053082412181320125 -0.01775338207694873 0.0625
0.008078575930733063 0.016677428186965174 0.0625
-0.017223334362666508 -0.006840815260755925 0.0625
0.01732186368834188 -0.006590374675426509 0.0625
-0.00832135355502004 0.01656125221752134 0.0625
-0.005051352066695893 -0.017833783734762715 0.0625
0.015772175710187998 0.009738504678181126 0.0625
-0.01820923671547552 0.003473283495451869 0.0625
0.011081400043275721 -0.01486211872785603 0.0625
0.0018682461460146711 0.01844531529516103 0.0625
-0.013838023142454959 -0.0123397372544508 0.0625
0.0185401789243055 -0.00024852656746948 0.0625
-0.01350385914484916 0.012707705858890255 0.0625
0.0013734733806885513 -0.018493068184391146 0.0625
0.011479799148751572 0.014564827891338873 0.0625
-0.018304310855896153 -0.002985331487577604 0.0625
0.01551449363651067 -0.010163684725662736 0.0625
-0.004574700328319773 0.01797531966074793 0.0625
-0.00876942206486118 -0.01634555709201513 0.0625
0.017508581694698624 0.006129401850104482 0.0625
-0.01705162564181487 0.007307671515017744 0.0625
0.0076375206836894 -0.016907639628470222 0.0625
0.005789612790584669 0.017627262513932738 0.0625
-0.016177064819875044 -0.009087495464293847 0.0625
0.018068028643110447 -0.004226859466760227 0.0625
-0.010468207462743186 0.015322422540739693 0.0625
-0.0026313701319626154 -0.01837051690150865 0.0625
0.014350229583605234 0.011769065846439181 0.0625
-0.018532378433777964 0.0010153568767883882 0.0625
0.012980088917553076 -0.013267904570519636 0.0625
-0.0006088081792161288 0.01855234089275312 0.0625
-0.012083711343312311 -0.014091980704340513 0.0625
0.018430218434469233 0.0022286876088295823 0.0625
-0.015096202318511628 0.01080669586684867 0.0625
0.00383187392022732 -0.018166913393845466 0.0625
0.009446617127800292 0.015985037530163955 0.0625
-0.017764409626278888 -0.005406084593286533 0.0625
0.01675165205761205 -0.008013872555806085 0.0625
-0.00693925618012073 0.01722575756437598 0.0625
-0.006519418537752937 -0.017390146115820976 0.0625
0.01655505110213072 0.008419636750231 0.0625
-0.017895599819837862 0.004974686632162794 0.0625
0.009835875970783454 -0.01575739648188636 0.0625
0.0033914961253969744 0.01826411109338249 0.0625
-0.014838873420260013 -0.011177112132277326 0.0625
0.01849282579104108 -0.0017819635973290622 0.0625
-0.012433055451414142 0.013806488769490272 0.0625
-0.00015841018943327202 -0.018579959801137455 0.0625
0.012668123066725963 0.013594067013454275 0.0625
-0.018524812958312972 -0.0014667327157733524 0.0625
0.01465123274749084 -0.011432470379530928 0.0625
-0.003081018680817894 0.018327774657291355 0.0625
-0.010108971906276545 -0.01559643186751738 0.0625
0.017990321122979526 0.004672081537396025 0.0625
-0.016422399253102404 0.008707743839347913 0.0625
0.006227730117393072 -0.017515004355834897 0.0625
0.007239500041310982 0.01712278129136322 0.0625
-0.016905432835142325 -0.00773604166589683 0.0625
0.01769218475033488 -0.005715470125896722 0.0625
-0.009185453219404326 0.016166244126392955 0.0625
-0.004147313569480619 -0.018126218308196607 0.0625
0.015303069600297182 0.010564850250167308 0.0625
-0.01842152641819273 0.0025470305109730005 0.0625
0.011863651896081361 -0.014322491532153375 0.0625
0.0009268699212806761 0.018575815248570524 0.0625
-0.013231992908027875 -0.013071892123250562 0.0625
0.01858787049665955 0.0007007641539159015 0.0625
-0.01418029619778855 0.012039900321139855 0.0625
0.002323407561200272 -0.018457566938915797 0.0625
0.01075532039339965 0.015180351881142995 0.0625
-0.01818586964185683 -0.003928631488112648 0.0625
0.01606437480157882 -0.009388070208216352 0.0625
-0.0055041376639091005 0.017774826822693303 0.0625
-0.007948602285430179 -0.016825567500326825 0.0625
0.017227554412412315 0.007037852582100107 0.0625
-0.01745807169810173 0.006447924672632219 0.0625
0.00851802002366526 -0.016548212437494197 0.0625
0.004897516762635653 0.017957013380841002 0.0625
-0.015741973399620232 -0.009933291170888377 0.0625
0.018318540357114457 -0.003309241481785374 0.0625
-0.011272811622338187 0.01481498289324956 0.0625
-0.0016952545200938827 -0.018539851998117494 0.0625
0.013774312761280837 0.012526304640811508 0.0625
-0.018619220930412135 6.791129878492407e-05 0.0625
0.013684149996454575 -0.01262790714546683 0.0625
-0.0015603276140517212 0.018556006513709453 0.0625
-0.011384521843828283 -0.014737457799342353 0.0625
0.01835065999834266 0.003176991914567396 0.0625
-0.01567813675590796 0.010053657437124452 0.0625
0.0047696970712452266 -0.018004721321046732 0.0625
0.008645486695832285 0.016498956324331154 0.0625
-0.01752080756178305 -0.006326239197419423 0.0625
0.017193602291937084 -0.007170776821704603 0.0625
-0.007834688562780648 0.016902593147923608 0.0625
-0.005640807119202666 -0.017756725346863723 0.0625
0.016154781955658244 0.009283481026271282 0.0625
-0.018183982271047297 0.00406728272514188 0.0625
0.010661506690356764 -0.015283071520197696 0.0625
0.0024622450573334883 0.018472069436791236 0.0625
-0.014294109627557382 -0.011958195096057408 0.0625
0.01861874834886496 -0.0008379796666019416 0.0625
-0.013163596306628448 0.013195443618011405 0.0625
0.000793077801589375 -0.018622863034469916 0.0625
0.011995462788333744 0.014268457256960212 0.0625
-0.018484349146240735 -0.0024184368174235004 0.0625
0.015264292783472263 -0.010703334331900344 0.0625
-0.004025647618906779 0.018204234706473935 0.0625
-0.009328933306592586 -0.016143450788513203 0.0625
0.017784632484960337 0.005602396574225492 0.0625
-0.016899171039731233 0.00788276716451205 0.0625
0.0071366005227605535 -0.017228724067049592 0.0625
0.0063758954210918605 0.017525637151878385 0.0625
-0.016540735731824314 -0.008616499373292523 0.0625
0.018018021351773827 -0.004819845077076909 0.0625
-0.0100307462487157 0.01572590632344845 0.0625
-0.0032265224411804918 -0.018372521681482887 0.0625
0.014790447359652119 0.011368494487018044 0.0625
-0.018586391353548285 0.0016081220266962151 0.0625
0.012619480830514103 -0.013741495681631136 0.0625
-2.296677983594903e-05 0.018657960031231283 0.0625
-0.01258705900562694 -0.013774104166473617 0.0625
0.01858664686909059 0.0016542545643657646 0.0625
-0.014823499214111444 0.011335954792130983 0.0625
0.0032732475183075388 -0.01837296521206889 0.0625
0.009997742898871674 0.015759604593011244 0.0625
-0.018018518915236738 -0.00486754312782701 0.0625
0.016575224749647347 -0.00858265253279416 0.0625
-0.00642492518547988 0.017525990310421444 0.0625
-0.007101504058165067 -0.017264085267162728 0.0625
0.016899119909861437 0.007933457397133031 0.0625
-0.01782088113257568 0.005565626259335799 0.0625
0.00938157486586797 -0.016142678000756704 0.0625
0.003986769690122072 0.018241317590512042 0.0625
-0.015262428346002738 -0.010758172752987944 0.0625
0.01852214326848062 -0.00237701677357944 0.0625
-0.012052691435390917 0.014265084267653464 0.0625
-0.0007486893387072364 -0.01866117531866914 0.0625
0.01315825744735584 0.013255197506982107 0.0625
-0.018657316381508676 -0.0008857456973014673 0.0625
0.01435646000191253 -0.011950399834879406 0.0625
-0.0025137717800865766 0.018510563239340947 0.0625
-0.010650739107258373 -0.015348021255820478 0.0625
0.01822200709199573 0.004122918570534404 0.0625
-0.016222261860264424 0.009269208172061423 0.0625
0.0057008574658846175 -0.017793825450241656 0.0625
0.007816369252774609 0.01697245921203759 0.0625
-0.0172292657072927 -0.007235496056768174 0.0625
0.01759283920687444 -0.006303333137401314 0.0625
-0.008715070797262206 0.016532620512148325 0.0625
-0.004741674206504958 -0.018078620680775558 0.0625
0.015709195131870857 0.010128237176765016 0.0625
-0.01842605225634116 0.003143341891456441 0.0625
0.011464156703757979 -0.014765267050469526 0.0625
0.001520569239479181 0.018632441310465726 0.0625
-0.013708038112434259 -0.01271258003349634 0.0625
0.018696174839483545 0.00011422071380665925 0.0625
-0.013863925602752436 0.01254557957534627 0.0625
0.0017485100490692961 -0.01861673206038868 0.0625
0.011286770491481081 0.014909353167479532 0.0625
-0.018394688649506184 -0.0033697818160421684 0.0625
0.015840831680033637 -0.009941229887938555 0.0625
-0.004965615901216476 0.018031712584266255 0.0625
-0.008519243264028626 -0.016651200983962174 0.0625
0.017530551618145443 0.006523784175119391 0.0625
-0.01733422685292854 0.00703168396696063 0.0625
0.00803234419161774 -0.01689501248260518 0.0625
0.005489930047791478 0.017884648950157123 0.0625
-0.016129931973589324 -0.009479730720193525 0.0625
0.018298221340125747 -0.003905777232224955 0.0625
-0.010854844410402 0.015241140141930478 0.0625
-0.002291348672885556 -0.018571745239994695 0.0625
0.01423541586828547 0.012147136907805327 0.0625
-0.01870309375842011 0.0006590021727937219 0.0625
0.013346691769861611 -0.013120435160478037 0.0625
-0.0009787644088852026 0.018691228430253042 0.0625
-0.011904712568098448 -0.014444300560115704 0.0625
0.018536207418834556 0.0026094088460689242 0.0625
-0.0154315335374082 0.010597536161006765 0.0625
0.004220440596250565 -0.018239185320992824 0.0625
0.00920889656907295 0.016300804396719708 0.0625
-0.017802404574311308 -0.005799516477478087 0.0625
0.01704542856534655 -0.007749410624277694 0.0625
-0.007334535237869348 0.017229178530749886 0.0625
-0.0062302401895865354 -0.017659674605724218 0.0625
0.0165238663241089 0.008813730294431518 0.0625
-0.018138808330049903 0.004663006794517062 0.0625
0.010225759929408619 -0.015691839722164546 0.0625
0.0030597027312574605 0.018479129286747678 0.0625
-0.0147394422152485 -0.011559794253504271 0.0625
0.01867799933809159 -0.0014325992901890604 0.0625
-0.012805598268244003 0.013673940653386875 0.0625
0.0002058471619975293 -0.018733863107909633 0.0625
0.012503469800021913 0.013953610391577517 0.0625
-0.018646260141068984 -0.0018430905435116325 0.0625
0.014995015843324314 -0.011236970225930686 0.0625
-0.003466591126861782 0.018415828679675623 0.0625
-0.009884120016977548 -0.015921814327832864 0.0625
0.018044301025199886 0.005063911582163573 0.0625
-0.01672688149346969 0.008455260818178299 0.0625
0.006622812257661725 -0.017534490520108238 0.0625
0.006961318778167532 0.017404023697660607 0.0625
-0.01689027024668715 -0.008131344968323198 0.0625
0.017948025655829626 -0.005413720999246409 0.0625
-0.0095779445727923 0.016116543604647943 0.0625
-0.003824308131205568 -0.018354690608059703 0.0625
0.015219206990586792 0.010951517638102684 0.0625
-0.01862087269376255 0.0022052437785170438 0.0625
0.012241527511365225 -0.01420510486369208 0.0625
0.0005689214127417416 0.018744501285073552 0.0625
-0.013081977539743226 -0.013438075146748283 0.0625
0.018724597090422086 0.0010721304964214737 0.0625
-0.014531975066864251 0.0118584021122593 0.0625
0.0027053444060316264 -0.018561279903195074 0.0625
0.01054372695088004 0.01551482587673113 0.0625
-0.018255767934248643 -0.004318209945204033 0.0625
0.016379074788152054 -0.009148000277881601 0.0625
-0.005898369745096379 0.01781036873144775 0.0625
-0.0076818933679207325 -0.017118075659486247 0.0625
0.017228461753894787 0.007433714118432627 0.0625
-0.01772614010422556 0.006156618958922684 0.0625
0.008912473863932003 -0.016514472732265143 0.0625
0.004583845496761779 0.018198581276072507 0.0625
-0.01567384001013489 -0.01032331048340089 0.0625
0.01853174999294102 -0.0029756078705250504 0.0625
-0.011655403121194174 0.014712973121788032 0.0625
-0.001344215320502558 -0.018723062921758453 0.0625
0.013639203922392408 0.012898531558413754 0.0625
-0.01877102260616561 -0.00029784277533564956 0.0625
0.01404315462597687 -0.012460730642739393 0.0625
-0.00193799251653692 0.018675229182150536 0.0625
-0.011186555296132931 -0.015080483434113121 0.0625
0.01843638368974062 0.003563671764439893 0.0625
-0.016002548857274104 0.009826414914431167 0.0625
0.005162426357605147 -0.01805628295365089 0.0625
0.008390707139228749 0.016802262755465282 0.0625
-0.017537806070086634 -0.006722005522761231 0.0625
0.01747347246218518 -0.0068904107361793835 0.0625
-0.008230455749239092 0.01688489260137053 0.0625
-0.005337001641038936 -0.018011008119579196 0.0625
0.016102512643335787 0.009676212408334738 0.0625
-0.018410722497304507 0.0037423651782323166 0.0625
0.011048188414366887 -0.015196628993321162 0.0625
0.0021187051243571975 0.01866952298790793 0.0625
-0.014174151706191115 -0.012335859248948958 0.0625
0.018785395532149203 -0.00047845031164043064 0.0625
-0.013529343695450483 0.013042885385158237 0.0625
0.0011658405128063952 -0.018757420289013605 0.0625
0.011811469609021961 0.014619479664993234 0.0625
-0.01858577892873855 -0.0028015748449859716 0.0625
0.015597894531316298 -0.010489312951282045 0.0625
-0.004416222861941517 0.018271753490939645 0.0625
-0.009086521094086962 -0.016457069435556033 0.0625
0.01781771681465673 0.005997413401850743 0.0625
-0.01719039706627906 0.0076138195870183445 0.0625
0.007533028749994796 -0.017227114611906194 0.0625
0.006082471840449151 0.017792232471225838 0.0625
-0.016504439319885177 -0.009011297505699617 0.0625
0.018257936509522343 -0.004504192981461955 0.0625
-0.010420884817474432 0.015655195930454877 0.0625
-0.0028910602299508864 -0.018583911610497838 0.0625
0.014685860056512663 0.011750979295383254 0.0625
-0.0187676295630146 0.001255420481536157 0.0625
0.012991375933291471 -0.013603828555222797 0.0625
-0.0003902041962820256 0.01880765112089237 0.0625
-0.012417363083895568 -0.014132554406147092 0.0625
0.01870363727228575 0.002033212430309063 0.0625
-0.0151657521406399 0.011135527019799123 0.0625
0.0036610200376015908 -0.018456352084967376 0.0625
0.009768116225010426 0.01608303159900795 0.0625
-0.01806765710371121 -0.005261156411162265 0.0625
0.016877341258660274 -0.008325584186033049 0.0625
-0.0068213600579355455 0.017540497340725592 0.0625
-0.006818962099205883 -0.017542569820000537 0.0625
0.016878878964784117 0.008329672556119374 0.0625
-0.018073593225066 0.0052597745136886325 0.0625
0.009774530213138335 -0.016087838857734925 0.0625
0.0036599511764124604 0.018466314125625532 0.0625
-0.015173406269989963 -0.011144852720688119 0.0625
0.01871769349638161 -0.0020317357543523243 0.0625
-0.012430128127893547 0.014142556866569416 0.0625
-0.0003875921312230518 -0.018825774149814237 0.0625
0.013003159514544858 0.013620493480021255 0.0625
-0.01878969597039756 -0.0012598910032323013 0.0625
0.014706810505288116 -0.011763916217040442 0.0625
-0.0028980965417846013 0.018609702749761915 0.0625
-0.010434295652910987 -0.01568073576805766 0.0625
0.018287140568569126 0.004514475586975003 0.0625
-0.016534784750447985 0.009024460829121748 0.0625
0.006096643578432669 -0.017824447735555672 0.0625
0.007545191399491211 0.01726238936952367 0.0625
-0.017225136358933704 -0.00763247518280539 0.0625
0.017857948488870613 -0.006007801242454999 0.0625
-0.009110197220044204 0.016493765689250556 0.0625
-0.004424051928946908 -0.018316871035468398 0.0625
0.0156359074364079 0.010518478912850666 0.0625
-0.018635611390312497 0.002806062741503691 0.0625
0.01184651876873163 -0.014658103324171562 0.0625
0.0011662179340313562 0.01881169677967258 0.0625
-0.013567815205924177 -0.01308412742745548 0.0625
0.018843746455772626 0.000482928059400753 0.0625
-0.014221805839153362 0.01237336812163218 0.0625
0.002128746740136292 -0.018731482517845705 0.0625
0.011083886731281556 0.015250818172416872 0.0625
-0.018475732288886427 -0.003758632249821677 0.0625
0.0161632588938241 -0.009709225609244856 0.0625
-0.005360097922983052 0.018078422228060522 0.0625
-0.008259893932808297 -0.01695211350300477 0.0625
0.017542563423396263 0.006920871949120254 0.0625
-0.01761131245714388 0.00674697513978293 0.0625
0.008428991410346857 -0.016872228774062394 0.0625
0.005182042170369543 0.018135777869849195 0.0625
-0.0160725220349301 -0.009872893974751596 0.0625
0.018521462625740875 -0.003577068940247587 0.0625
-0.011241506541666398 0.015149538959112635 0.0625
-0.001944338723038888 -0.01876538160896526 0.0625
0.01411032083375882 0.012524330160467341 0.0625
-0.018865634804933133 0.00029635014239178024 0.0625
0.013711520570679243 -0.012962800763717693 0.0625
-0.0013542785057601896 0.018821422096346387 0.0625
-0.011715743112409546 -0.014793963746205018 0.0625
0.018633049638523188 0.0029949058696945503 0.0625
-0.0157633458631663 0.010378676562943745 0.0625
0.004612964356287907 -0.018301927763151545 0.0625
0.008961821309784781 0.016612217155198984 0.0625
-0.01783056042460045 -0.006196056402638071 0.0625
0.0173340491649818 -0.007476010938060064 0.0625
-0.00773204946637528 0.01722252626792962 0.0625
-0.005932609586994547 -0.01792328495249407 0.0625
0.01648245146144078 0.009209169008181401 0.0625
-0.018375381873386054 0.0043434250318424164 0.0625
0.010616088752839163 -0.015615974500230263 0.0625
0.0027206183478758004 0.018686846598749658 0.0625
-0.014629703248214687 -0.011942017537634781 0.0625
0.018855262105863267 -0.001076610848541241 0.0625
-0.013176782081234508 0.013531164546470386 0.0625
0.0005760109908371657 -0.018879306431604813 0.0625
0.012328746771450513 0.014310905039355426 0.0625
-0.01875876304293006 -0.002224591894977893 0.0625
0.015335677747415608 -0.011031635782032591 0.0625
-0.003856504699797365 0.01849452274324593 0.0625
-0.009649744743962435 -0.016243227092433612 0.0625
0.01808857709808086 0.005459247069586121 0.0625
-0.01702657599999909 0.00819363836865254 0.0625
0.007020537280204045 -0.017544003428444296 0.0625
0.006674452144264023 0.017679697072459397 0.0625
-0.01686494148518077 -0.008528408333413028 0.0625
0.018197558965301154 -0.005103807177430163 0.0625
-0.009971299682476398 0.01605656198076805 0.0625
-0.0034937212961590777 -0.01857616514528132 0.0625
0.01512502721803292 0.011338145864900631 0.0625
-0.018812584731398244 0.0018565170949823612 0.0625
0.012618461363518536 -0.0140774441152288 0.0625
0.00020472762464748533 0.01890497518114494 0.0625
-0.012921809986164384 -0.013802421044203166 0.0625
0.018852596646132754 0.001448999550801891 0.0625
-0.01488093555427907 0.011666951488259181 0.0625
0.0030919991958899447 -0.018655817885384063 0.0625
0.010322457205224008 0.015845721102124666 0.0625
-0.01831611368913898 -0.004711685401906178 0.0625
0.016689363082839356 -0.008898604378730343 0.0625
-0.006295647999929871 0.017836053830962133 0.0625
-0.007406280349809532 -0.01740537306063921 0.0625
0.017219283630918288 0.007831747649023777 0.0625
-0.017988238670863573 0.005856899309365703 0.0625
0.009308208871805017 -0.016470496276641166 0.0625
0.004262314995262968 0.018433466057178625 0.0625
-0.015595397112845813 -0.010713710323349262 0.0625
0.018737614517628433 -0.0026347300030098346 0.0625
-0.0120374716027101 0.014600660170483662 0.0625
-0.000986602404930782 -0.018898323092131346 0.0625
0.013493877267171248 0.013269335940374672 0.0625
-0.018914328886353703 -0.0006694496088922464 0.0625
0.014399848128111526 -0.012283500066647253 0.0625
-0.0023207443369314905 0.01878547698948846 0.0625
-0.010978775540179427 -0.015420327092456824 0.0625
0.018512721908177376 0.003954633680948133 0.0625
-0.016322932555820038 0.00958967532183183 0.0625
0.0055586000243631715 -0.01809812050377469 0.0625
0.008126819498042474 0.017100725272520954 0.0625
-0.01754481648504013 -0.0071203521335861 0.0625
0.017747720377469616 -0.0066013954133311735 0.0625
-0.008627919346478042 0.016857016573245398 0.0625
-0.005025072113859801 -0.01825893343682781 0.0625
0.016039958520184684 0.010069743326954997 0.0625
-0.01863041884696322 0.003409911081937131 0.0625
0.011434766681432932 -0.01509987122266913 0.0625
0.0017682739453039969 0.018859300285385964 0.0625
-0.014043927236654236 -0.012712517758947724 0.0625
0.018943792978917625 -0.00011272786661375089 0.0625
-0.013893190983617897 0.01288018805346872 0.0625
0.0015440506616974238 -0.018883217616553375 0.0625
0.011617542555203272 0.014967722103848705 0.0625
-0.01867800579878312 -0.0031893728820293525 0.0625
0.015927857780018474 -0.010265639119874857 0.0625
-0.004810634951406345 0.01832969697960956 0.0625
-0.008834811893993502 -0.016766218977388763 0.0625
0.017840926922757704 0.006395414492964424 0.0625
-0.0174763576765559 0.007336001796693196 0.0625
0.007931565778429576 -0.017215407758820148 0.0625
0.005780672858626162 0.018052806466074548 0.0625
-0.016457899793919335 -0.00940731281362058 0.0625
0.018491120635356288 -0.004180724536333492 0.0625
-0.010811339612492577 0.015574175284211648 0.0625
-0.002548400671539086 -0.018787912444369625 0.0625
0.014570974451590847 0.01213287696843114 0.0625
-0.018940877305467764 0.000896195792902599 0.0625
0.013361785056496904 -0.013455954076317889 0.0625
-0.0007632405235017183 0.018948811675228733 0.0625
-0.012237629057921025 -0.014488631234203145 0.0625
0.018811622517317307 0.002417200501812071 0.0625
-0.015504762442955572 0.010925307390985134 0.0625
0.004053015481992381 -0.018530328262141772 0.0625
0.009529019051843871 0.016402371655025883 0.0625
-0.018107051253975704 -0.00565815295709625 0.0625
0.01717455785513367 -0.008059439340342879 0.0625
-0.00722031258971364 0.017545001741431168 0.0625
-0.006527807261479135 -0.017815379096639515 0.0625
0.016848453532291252 0.008727520470913967 0.0625
-0.01831989822378739 0.004945839571809 0.0625
0.010168220900693643 -0.016022711496956343 0.0625
0.0033256411472662797 0.01868422090855301 0.0625
-0.015074071167877678 -0.011531364985367467 0.0625
0.018905525708721043 -0.001679612359113785 0.0625
-0.012806495373359985 0.014009770742310856 0.0625
-2.035416546127939e-05 -0.018982085915619187 0.0625
0.012837935854934202 0.013983826478635773 0.0625
-0.018913283022031123 -0.0016394283541982873 0.0625
0.0150543195774624 -0.011567517540926072 0.0625
-0.0032870232837499823 0.018699611705382695 0.0625
-0.01020822386377093 -0.016009752201303358 0.0625
0.018342676286186604 0.004909809228490207 0.0625
-0.016842781293664982 0.008770445729480858 0.0625
0.0064953520020921115 -0.017845178686942815 0.0625
0.0072651774550281135 0.017546999645151627 0.0625
-0.017210897981724815 -0.008031499901180397 0.0625
0.018116985173790786 -0.005703932697064801 0.0625
-0.00950647683692059 0.016444661691536633 0.0625
-0.004098656384712907 -0.018548342670978775 0.0625
0.015552309043044669 0.010908972611095469 0.0625
-0.01883773769198441 0.0024616333293140586 0.0625
0.0122282296435614 -0.014540646470646557 0.0625
0.0008053942114237096 0.01898292232940453 0.0625
-0.013417395700593707 -0.013454125486767603 0.0625
0.01898275267072829 0.0008573803368155145 0.0625
-0.014577250493542849 0.0121911348138106 0.0625
0.002513956818640566 -0.018837197804185492 0.0625
0.010871232736415543 0.015588980043309025 0.0625
-0.01854734030209953 -0.0041516463864489555 0.0625
0.01648154077146668 -0.009467777658906102 0.0625
-0.0057579020345292055 0.01811536817624098 0.0625
-0.007991499930305585 -0.017248070293917693 0.0625
0.017544558364784333 0.007320414727641881 0.0625
-0.01788266996725238 0.006453690017527175 0.0625
0.008827207727867497 -0.0168392518755756 0.0625
0.004866112156049182 0.018380450279706164 0.0625
-0.016004820774030353 -0.010266728397652606 0.0625
0.018737568523023128 -0.0032409143532362867 0.0625
-0.01162793677437062 0.015047627267155422 0.0625
-0.0015905354320369036 -0.018951258455296188 0.0625
0.013974975194734883 0.012900390238537156 0.0625
-0.019019851725576502 -7.239017256879892e-05 0.0625
0.014074323625346453 -0.01279505429800963 0.0625
-0.0017351291370495399 0.018942790894632234 0.0625
-0.011516877690633233 -0.015140724165606958 0.0625
0.01872063395004744 0.003384946751181057 0.0625
-0.01609140068017277 0.010150213010086798 0.0625
0.005009204452494734 -0.018355050279231244 0.0625
0.008705507774488369 0.016919046497610987 0.0625
-0.017848808129428358 -0.006595456645210569 0.0625
0.017617295611060572 -0.007193809516000961 0.0625
-0.008131546063326098 0.01720575364870734 0.0625
-0.005626681300718554 -0.01818077164314387 0.0625
0.016430781666751527 0.009605696946059762 0.0625
-0.018605129241846086 0.004016113282043175 0.0625
0.011006605312304721 -0.015529798437170575 0.0625
0.002374430962836832 0.018887087589216124 0.0625
-0.014509676625418732 -0.01232352564105651 0.0625
0.019024455764051738 -0.0007142008692507927 0.0625
-0.013546353294355431 0.013378202884711603 0.0625
0.0009518656426777648 -0.019016149762722465 0.0625
0.012144018420346795 0.014665702049553503 0.0625
-0.0188622010458244 -0.002611009710227268 0.0625
0.015672976146645763 -0.010816552995602292 0.0625
-0.004250522673217583 0.018563756543449477 0.0625
-0.009405952884026113 -0.0165604362968939 0.0625
0.018123070117065893 0.005857843419886987 0.0625
-0.0173212591467754 0.007923003317571533 0.0625
0.007420654624573936 -0.017543485541442142 0.0625
0.006379046024161579 0.017949589739646655 0.0625
-0.016829411135368164 -0.008926977138804948 0.0625
0.018440586572201764 -0.00478589248449357 0.0625
-0.010365261813770853 0.015986286233268303 0.0625
-0.0031557335725269325 -0.018790458898580054 0.0625
0.015020539753006339 0.011724478049293127 0.0625
-0.018996495995219673 0.0015010462696409463 0.0625
0.012994198391093496 -0.013939541175121343 0.0625
-0.00016550183267639816 0.01905708816014086 0.0625
-0.01275154430790468 -0.014164678526657206 0.0625
0.018971739284172864 0.0018311495114741727 0.0625
-0.015226932067112517 0.011465624266630246 0.0625
0.003483139628780002 -0.018741070895933947 0.0625
0.010091608148770973 0.016172799540328797 0.0625
-0.018366817647754195 -0.005108816838970159 0.0625
0.01699501106610805 -0.008639999934193569 0.0625
-0.006695724537618818 0.017851814275202653 0.0625
-0.007121900185155399 -0.017687242231413117 0.0625
0.017199974128105082 0.008231700309930865 0.0625
-0.01824416273696908 0.005548921158836995 0.0625
0.00970496914633201 -0.01641625943595994 0.0625
0.003933097982473159 0.01866147744044575 0.0625
-0.01550664353324235 -0.011104233712100679 0.0625
0.01893595948053354 -0.0022867965697875286 0.0625
-0.012418760977969217 0.014478065332497611 0.0625
-0.0006226189843515045 -0.01906547522618634 0.0625
0.013338376391827661 0.013638464548105644 0.0625
-0.019049000858490914 -0.0010466930272111478 0.0625
0.014753982053100887 -0.012096280981226294 0.0625
-0.0027083555926616697 0.018886630456058016 0.0625
-0.010761269604401939 -0.01575674701521145 0.0625
0.01857957552020308 0.004349640616082032 0.0625
-0.016639054633362217 0.009343546484498668 0.0625
0.005957973273450124 -0.018130155941768786 0.0625
0.007853951567171055 0.017394120983267057 0.0625
-0.017541782476757573 -0.007521028356423143 0.0625
0.018016135177212324 -0.006303877638121852 0.0625
-0.009026824725077667 0.016818930863248312 0.0625
-0.004705183187650262 -0.018500304083194235 0.0625
0.015967107775780056 0.010463817146559098 0.0625
-0.018842889258697752 0.0030701016895948387 0.0625
0.011820984814670496 -0.01499280887663581 0.0625
0.0014111479879621068 0.019041235814832778 0.0625
-0.013903469282975667 -0.013087915872947536 0.0625
0.0190937929877483 0.00025897749132647736 0.0625
-0.014254887291986552 0.012707406828018075 0.0625
0.0019274859717597443 -0.01900012625822969 0.0625
0.011413758548775747 0.015312939488884835 0.0625
-0.018760920924586123 -0.003581598255168569 0.0625
0.016253945115347557 -0.010032410886086621 0.0625
-0.005208642599191698 0.018377977099612613 0.0625
-0.008573924129165987 -0.01707067148729965 0.0625
0.01785419616821212 0.0067961517925219745 0.0625
-0.01775683617569493 0.007049451682899317 0.0625
0.008331958685628292 -0.01719355880732617 0.0625
0.005470654774399967 0.018307155331709374 0.0625
-0.01640109473484086 -0.009804289443849335 0.0625
0.01871738437413854 -0.0038496132521013667 0.0625
-0.011201853808906072 0.015482844417092632 0.0625
-0.002198733158452819 -0.01898435072626715 0.0625
0.014445813027010144 0.012513931675882843 0.0625
-0.01910597834929376 0.0005306517844292883 0.0625
0.013730455322996077 -0.013297917003170411 0.0625
-0.0011418590682977289 0.019081303882810163 0.0625
-0.01204792361798987 -0.014842086662429983 0.0625
0.018910484266786123 0.0028059908759001002 0.0625
-0.015840288920122205 0.010705384015861068 0.0625
0.004448996484294141 -0.01859479578491623 0.0625
0.009280560233488316 0.016717392193538898 0.0625
-0.01813662453471003 -0.0060582877520760125 0.0625
0.017466652384912077 -0.007784346759018722 0.0625
-0.007621531997355321 0.01753944839535409 0.0625
-0.00622818723038982 -0.01808230305639216 0.0625
0.016807810629887385 0.009126746508468649 0.0625
-0.01855959980883391 0.004623986909143713 0.0625
0.010562390395625362 -0.015947285321659017 0.0625
0.002984021600174819 0.018894856842265044 0.0625
-0.014964434908320546 -0.011917453078348468 0.0625
0.019085475416819507 -0.0013208437129268395 0.0625
-0.013181538730981301 0.013866760136514944 0.0625
0.00035281381607199313 -0.019129963993985685 0.0625
0.012662642819545199 0.014344946037703329 0.0625
-0.019027949902250922 -0.0020241350047437872 0.0625
0.015398742646308397 -0.011361281834052139 0.0625
-0.003680318963652234 0.018780182435902525 0.0625
-0.009972622845087506 -0.016334833748454215 0.0625
0.018388527361414542 0.005308677940740879 0.0625
-0.017146024260408926 0.008507282295860917 0.0625
0.006896734520563115 -0.017855952871602035 0.0625
0.0069764662439852085 0.017826074126024914 0.0625
-0.01718650709313027 -0.008432317234176081 0.0625
0.018369746317646832 -0.0053918846635755 0.0625
-0.00990365384601886 0.016385287318147215 0.0625
-0.0037656618695001707 -0.018772847165110372 0.0625
0.015458401193444205 0.011299461604099673 0.0625
-0.019032258702607052 0.0021102437482523545 0.0625
0.012609033760554137 -0.014412920163006736 0.0625
0.00043830250633942336 0.01914596278365067 0.0625
-0.013256825518457272 -0.013822321699815126 0.0625
0.019113056777984996 0.0012373603361680308 0.0625
-0.014930012043541526 0.011998947469661871 0.0625
0.00290391196325678 -0.018933760728118816 0.0625
0.010648897699767755 0.01592359814174802 0.0625
-0.01860941590886779 -0.00454858654207859 0.0625
0.0167954454005009 -0.009216995920515164 0.0625
-0.006158783009776275 0.018142474799169243 0.0625
-0.0077141909884149784 -0.017538849945029383 0.0625
0.01753648254095281 0.007722161620353292 0.0625
-0.01814809016691188 0.006151977185721389 0.0625
0.009226738510760595 -0.016796050025349632 0.0625
0.004542306305161385 0.018618470759707715 0.0625
-0.015926818810319713 -0.010660977562271022 0.0625
0.018946358903561687 -0.002897496211805772 0.0625
-0.012013878851983552 0.014935418137094869 0.0625
-0.0012301365808778226 -0.019129212320228618 0.0625
0.013829414372311532 0.013275063017511569 0.0625
-0.019165598981646124 -0.0004470074660731402 0.0625
0.014434850886824172 -0.012617253261908929 0.0625
-0.0021210930904048283 0.01905520831956022 0.0625
-0.011308195437021221 -0.01548433776298271 0.0625
0.018798853848294123 0.0037792980817179765 0.0625
-0.01641546179288576 0.009912245665151155 0.0625
0.005408919067019041 -0.018398467178720023 0.0625
0.008440076386122554 0.017221065896059297 0.0625
-0.017857083467566735 -0.006997468830395372 0.0625
0.01789495277701878 -0.00690294611801858 0.0625
-0.00853277199901295 0.01717881841142925 0.0625
-0.005312613356238228 -0.018431932598811207 0.0625
0.016368836960026327 0.01000305836112517 0.0625
-0.018827862950552946 0.0036812466251523917 0.0625
0.011397053101628257 -0.01543331398626574 0.0625
0.00202133136916158 0.019079680801733646 0.0625
-0.014379387213123875 -0.012704063262399541 0.0625
0.019185426196371175 -0.00034557439661342274 0.0625
-0.013914059765616799 0.013215102755515896 0.0625
0.0013331933928826811 -0.019144257503940287 0.0625
0.0119493536931945 0.015017754369909604 0.0625
-0.018956458108352836 -0.003002115251995504 0.0625
0.016006670969470237 -0.010591812143118792 0.0625
-0.004648407049220353 0.01862343448198421 0.0625
-0.009152855350970723 -0.016873210688076134 0.0625
0.018147705657568534 0.006259455197240005 0.0625
-0.01761071026903507 0.007643486365533905 0.0625
0.007822913296761451 -0.017532884176636565 0.0625
0.006075249903160708 0.018213493311667203 0.0625
-0.016783648658866706 -0.009326796754283965 0.0625
0.01867691396077164 -0.004460144044975839 0.0625
-0.01075957464995925 0.015905708200264275 0.0625
-0.002810528443258358 -0.018997392712412818 0.0625
0.014905758871123897 0.012110258150671741 0.0625
-0.019172444060577512 0.0011390297379902084 0.0625
0.013368484789952638 -0.013791432645697292 0.0625
-0.0005415550915756239 0.01920069577079926 0.0625
-0.012571239152359408 -0.0145245979694512 0.0625
0.019081899631472252 0.0022183567013487997 0.0625
-0.015569721071082478 0.011254500689443774 0.0625
0.003878531931625325 -0.01881693359863298 0.0625
0.009851281002456759 0.016495825611670203 0.0625
-0.01840779531593822 -0.005509362177831737 0.0625
0.01729579291609628 -0.00837230836767936 0.0625
-0.007098350828215923 0.017857587057594493 0.0625
-0.006828893568931435 -0.01796346883606301 0.0625
0.017170492207571875 0.008633319022815817 0.0625
-0.01849371109318778 0.005232843395488071 0.0625
0.010102498998868278 -0.016351743453768636 0.0625
0.0035963703219759314 0.01888242888262023 0.0625
-0.015407582938474393 -0.011494624308520605 0.0625
0.019126614431820153 -0.0019319990622381706 0.0625
-0.012799016216141473 0.014345214668974031 0.0625
-0.0002524707108699751 -0.01922436627148351 0.0625
0.013172749550703468 0.014005665613402371 0.0625
-0.019174904038251114 -0.001429354792856278 0.0625
0.01510530982290101 -0.011899143463046836 0.0625
-0.0031005971328218937 0.01897857469411064 0.0625
-0.010534128849663583 -0.016089503702062583 0.0625
0.018636850113022446 0.004748454260571049 0.0625
-0.016950684500644863 0.009088140346605461 0.0625
0.006360300462413815 -0.01815231605134228 0.0625
0.00757223501592626 0.017682229974287186 0.0625
-0.017528652584698226 -0.007923783096788567 0.0625
0.018278509306973476 -0.005998007795500437 0.0625
-0.009426917261487696 0.01677060615914241 0.0625
-0.004377502810385101 -0.018734926451552204 0.0625
0.01588395346922785 0.010858177664203356 0.0625
-0.019047955554169632 0.002723121225061106 0.0625
0.01220658699344903 -0.014875457437381917 0.0625
0.0010475263407974079 0.019215168189878944 0.0625
-0.0137528156304483 -0.013461800111236866 0.0625
0.01923525219884052 0.0006364533345037526 0.0625
-0.01461418342247331 0.012524601506407555 0.0625
0.0023159223034042793 -0.019108021977289922 0.0625
0.011200198940454287 0.01565488881130258 0.0625
-0.018834420142414487 -0.003978016829905514 0.0625
0.016575921577986603 -0.009789730529510923 0.0625
-0.005610003468903985 0.018416510556532834 0.0625
-0.008303980223703235 -0.017370201853874515 0.0625
0.01785746276231014 0.0071993766183404174 0.0625
-0.018031619023182906 0.006754310875491918 0.0625
0.008733954348058365 -0.01716152794613674 0.0625
0.0051525773378330916 0.018555078732725678 0.0625
-0.01633400661213189 -0.010201971769948776 0.0625
0.01893654212860403 -0.0035110357747543293 0.0625
-0.011592171234502593 0.015381208212294982 0.0625
-0.0018422498791090525 -0.019173057017150986 0.0625
0.014310403040800385 0.012893888661294197 0.0625
-0.0192627807099809 0.00015899471433896762 0.0625
0.014097135342574315 -0.013129766758520208 0.0625
-0.0015258410826886038 0.019204994376213175 0.0625
-0.011848317971631635 -0.015192674591496745 0.0625
0.019000108790309767 0.0031993539904789526 0.0625
-0.016172092647452743 0.010475849340373553 0.0625
0.004848724426571804 -0.018649661429504985 0.0625
0.009022852745037401 0.01702786329347787 0.0625
-0.01815630494116458 -0.006461314950027029 0.0625
0.017753405690379653 -0.007500439080000279 0.0625
-0.008024767089373488 0.017523787066764655 0.0625
-0.0059202532897969585 -0.01834313498245729 0.0625
0.01675692217411942 0.009527096055488522 0.0625
-0.018792505286083522 0.0042943852962353994 0.0625
0.010956782612457323 -0.015861554614329358 0.0625
0.0026352774989223454 0.019098044729858436 0.0625
-0.014844514182028912 -0.012302861402923412 0.0625
0.019257382276738958 -0.0009556295556020837 0.0625
-0.013555005049731107 0.013713564018947234 0.0625
0.0007316988279392793 -0.019269266120565995 0.0625
0.012477341357417083 0.01470360339000237 0.0625
-0.019133573514424466 -0.002413786355109868 0.0625
0.015739837232807075 -0.011145291556740013 0.0625
-0.004077749087956061 0.018851311953698966 0.0625
-0.00972759593562757 -0.01665574607494849 0.0625
0.018424611702911868 0.005710839132467575 0.0625
-0.01744428925423499 0.008235093952990567 0.0625
0.007300542302739099 -0.017856709721724127 0.0625
0.006679200330771024 0.018099400071312537 0.0625
-0.01715192511122092 -0.008834674016570692 0.0625
0.018616032463351313 -0.0050718177533750335 0.0625
-0.010301472686606682 0.016315626267082012 0.0625
-0.0034252458106618544 -0.018990199870895078 0.0625
0.015354189988954698 0.011689689892511408 0.0625
-0.019219005998162456 0.0017520868821481344 0.0625
0.012988676641813494 -0.01427495285786992 0.0625
6.514968126747665e-05 0.019300667229892102 0.0625
-0.013086155252031552 -0.014188465058621634 0.0625
0.01923452653091906 0.001622648800995092 0.0625
-0.015279844872709529 0.0117968784288867 0.0625
0.0032983822032404816 -0.019021058720306464 0.0625
0.01041697515297858 0.016254434123100903 0.0625
-0.018661867077819007 -0.004949213793100388 0.0625
0.01710474353254215 -0.008956994400241503 0.0625
-0.0065624948021742735 0.01815967130681158 0.0625
-0.007428100713526172 -0.017824234058991483 0.0625
0.017518286943926403 0.008125861342052159 0.0625
-0.01840736718130169 0.005841988826824089 0.0625
0.00962732915964434 -0.01674259637128787 0.0625
0.004210794209855406 0.018849647533103853 0.0625
-0.015838511651825524 -0.011055385504584962 0.0625
0.019147657556166004 -0.0025470002182565723 0.0625
-0.012399077405775196 0.014812929470081029 0.0625
-0.0008633425590017892 -0.019299083906388313 0.0625
0.013673678522350666 0.01364809567915635 0.0625
-0.019302735408215314 -0.0008272881967191306 0.0625
0.014792854023078322 -0.012429459757040755 0.0625
-0.002511945308313496 0.01915855241838594 0.0625
-0.011089779922148576 -0.015824562593585653 0.0625
0.01886760752527841 0.004177725011541283 0.0625
-0.016735295495961002 0.00966487892644638 0.0625
0.005811865356778057 -0.01843209757663742 0.0625
0.008165651570146806 0.017518051673486953 0.0625
-0.017855327095067562 -0.007401843981613377 0.0625
0.018166808726167282 -0.006603564242653534 0.0625
-0.008935474070099368 0.01714168320622517 0.0625
-0.00499056722531803 -0.01867656924516871 0.0625
0.016296602270121068 0.010400997762209398 0.0625
-0.019043399307153375 0.003339003268688182 0.0625
0.011787176298313735 -0.015326528469045789 0.0625
0.001661513144655771 0.019264458831489042 0.0625
-0.014238864668120303 -0.013083376206581974 0.0625
0.01933802356633692 2.906110455655225e-05 0.0625
-0.014279650873572563 0.013041915922473904 0.0625
0.001719774478937449 -0.019263498533277787 0.0625
0.01174482606272426 0.015366816871309199 0.0625
-0.019041422825858155 -0.003397678143510363 0.0625
0.016336524455765434 -0.010357507842438638 0.0625
-0.005049918601318629 0.01867346572332132 0.0625
-0.008890567182051081 -0.017181321694835827 0.0625
0.018162414147393235 0.006663836157842575 0.0625
-0.01789471173417689 0.007355222087110075 0.0625
0.008227061921463125 -0.017512151556573836 0.0625
0.005763216861589386 0.018471202760142386 0.0625
-0.016727628437444318 -0.00972761259810464 0.0625
0.0189063502759973 -0.0041267322715796435 0.0625
-0.011153982352463331 0.0158148246174574 0.0625
-0.0024582923476007697 -0.01919679136558314 0.0625
0.0147807036857905 0.012495231032392284 0.0625
-0.01934027068077445 0.0007706685372948574 0.0625
0.013741068079006599 -0.013633159870261407 0.0625
-0.0009232180569147874 0.01933565795155124 0.0625
-0.012380957774804706 -0.014881931480103744 0.0625
0.01918295688290795 0.002610395607660742 0.0625
-0.01590906116020001 0.01103366543814953 0.0625
0.0042779409013902385 -0.018883305368610985 0.0625
0.009601581224414749 0.016814566244508545 0.0625
-0.018438967018308106 -0.005913078326704788 0.0625
0.01759148567968914 -0.008095655105134606 0.0625
-0.007503277752934061 0.017853314061045497 0.0625
-0.006527404933298065 -0.018233841746509598 0.0625
0.0171308017541466 0.009036350549869555 0.0625
-0.01873668605237953 0.004908828350489192 0.0625
0.010500543011791296 -0.016276934492020327 0.0625
0.00325231100016398 0.019096137650274004 0.0625
-0.015298223872212423 -0.011884626471020026 0.0625
0.01930941299007254 -0.0015705317503374048 0.0625
-0.013177983409062155 0.014202139038556223 0.0625
0.00012363435040311285 -0.019374847471590597 0.0625
0.012997049679679748 0.014370688905683562 0.0625
-0.019291908432118213 -0.0018172146397071895 0.0625
0.015453586800238242 -0.011692162118594767 0.0625
-0.0034972381773171043 0.019061199467271618 0.0625
-0.010297448980472856 -0.01641835998187878 0.0625
0.018684456050261884 0.005150835088199971 0.0625
-0.017257594268198204 0.008823572976649112 0.0625
0.0067653351534963345 -0.01816453248120817 0.0625
0.007281805386700049 0.01796483538221896 0.0625
-0.017505380264671397 -0.008328364892897835 0.0625
0.01853463858930851 -0.005683939862781442 0.0625
-0.009827942395386487 0.01671201807900425 0.0625
-0.004042202214176732 -0.018962610612985355 0.0625
0.015790493566158154 0.01125256917051026 0.0625
-0.019245443506394743 0.002369156863141072 0.0625
0.012591318317370157 -0.014747837232308297 0.0625
0.0006776106870059247 0.019380940218597636 0.0625
-0.013592008811140381 -0.013833918334220506 0.0625
0.0193680316578961 0.0010194850164345 0.0625
-0.014970831926552769 0.012331836498547504 0.0625
0.0027091336911980435 -0.019206785119931333 0.0625
0.010976949523378502 0.01599332920817928 0.0625
-0.018898404013992315 -0.004378393052698576 0.0625
0.01689355473450891 -0.009537704568298997 0.0625
-0.0060144742232496355 0.018445218887773215 0.0625
-0.008025106603773341 -0.017664587852482535 0.0625
0.0178506698176644 0.007604839713019936 0.0625
-0.018300495904026104 0.006450724739649328 0.0625
0.009137299497146404 -0.0171192802973562 0.0625
0.004826603738774299 0.018796379873498248 0.0625
-0.016256622823152017 -0.010600104451644474 0.0625
0.019148412128552145 -0.003165171868179838 0.0625
-0.011982036432705826 0.01526927643751695 0.0625
-0.0014791457938301822 -0.01935386596317631 0.0625
0.01416477655488851 0.013272494307781067 0.0625
-0.019411136715144023 -0.00021856675407677274 0.0625
0.014461575279843507 -0.012951557451728313 0.0625
-0.001914965799129958 0.019319754294197494 0.0625
-0.01163888785993889 -0.015540150880341129 0.0625
0.019080387023358514 0.003597058664916691 0.0625
-0.016499937047317306 0.010236800156033423 0.0625
0.005251959486039661 -0.01869483676197784 0.0625
0.008756013686062568 0.017333557751641325 0.0625
-0.01816602534597975 -0.006866987922606338 0.0625
0.018034601681889563 -0.007207852813118908 0.0625
-0.00842976632087158 0.017497972447558012 0.0625
-0.005604160313287301 -0.018597671552723356 0.0625
0.016695765021753278 0.009928314576925933 0.0625
-0.019018425657073266 0.003957206783373518 0.0625
0.011351141975290724 -0.015765518572403287 0.0625
0.0022795967521236186 0.019293611342817794 0.0625
-0.014714330532067455 -0.012687335299150388 0.0625
0.0194210901553948 -0.0005841722143575161 0.0625
-0.013926642535649483 0.01355022611192295 0.0625
0.0011160856745031816 -0.019399854452216096 0.0625
0.012282097033996872 0.015059551535403878 0.0625
-0.019230035359733548 -0.002808155989861938 0.0625
0.016077363021770423 -0.010919633614101212 0.0625
-0.004479077755729705 0.01891290201048288 0.0625
-0.009473250713668441 -0.016972257390105196 0.0625
0.018450852064030063 0.006116049224072491 0.0625
-0.017737354783398638 0.007954008127217716 0.0625
0.007706525956078089 -0.01784739358248971 0.0625
0.006373526012891654 0.018366767983589098 0.0625
-0.017107118397895523 -0.009238316952799605 0.0625
0.018855647711276777 -0.004743896013639309 0.0625
-0.01069967809985891 0.016235667173214643 0.0625
-0.0030775887481123802 -0.019200219985653605 0.0625
0.015239686423162892 0.012079402208870466 0.0625
-0.01939781525649595 0.0013873583801070014 0.0625
0.013366904965986756 -0.01412677782193373 0.0625
-0.00031385500452013333 0.0194468890837619 0.0625
-0.012905440185110629 -0.014552306127501979 0.0625
0.01934703420430916 0.002013024465149775 0.0625
-0.015626505340777714 0.011585004567743841 0.0625
0.0036971359602882476 -0.019098983891588144 0.0625
0.010175562974887704 0.01658125200773737 0.0625
-0.018704606580792822 -0.005353288023052926 0.0625
0.017409208655164325 -0.008687891228655637 0.0625
-0.006968790596236933 0.01816689179870348 0.0625
-0.00713336658224371 -0.018104007324438662 0.0625
0.017489927504225518 0.008531262268676053 0.0625
-0.01866029854814063 0.00552388070963347 0.0625
0.010028725168656608 -0.016678869011163604 0.0625
0.00387174873734684 0.019073792536222395 0.0625
-0.015739899729910634 -0.011449696786044567 0.0625
0.019341292254996152 -0.0021896150133815396 0.0625
-0.012783278020520195 0.014680184026437997 0.0625
-0.0004903563354422093 -0.019460718143590995 0.0625
0.01350781255843392 0.014019236779732868 0.0625
-0.019431124277151317 -0.0012130166222689592 0.0625
0.015148086486852633 -0.01223174050521154 0.0625
-0.0029074589280159843 0.019252705850916128 0.0625
-0.010861719163750238 -0.016161158894331215 0.0625
0.018926797926083854 0.004579991295317944 0.0625
-0.017050670646016806 0.009408221432399479 0.0625
0.006217799503347293 -0.01845586544533131 0.0625
0.007882361752459042 0.01780978307569665 0.0625
-0.017843484592465732 -0.007808332574784331 0.0625
0.01843265478313818 -0.0062958111189626055 0.0625
-0.009339398957803793 0.017094315637280526 0.0625
-0.004660707811560005 -0.018914486582914787 0.0625
0.016214067471568578 0.010799259975916025 0.0625
-0.019251558480774447 0.002989564527037592 0.0625
0.012176719828338727 -0.015209454106645068 0.0625
0.0012951726250032534 0.019441258392178272 0.0625
-0.014088143463245604 -0.01346121145213202 0.0625
0.019482102381547663 0.00040949578129075525 0.0625
-0.01464287758660108 0.012858698844899347 0.0625
0.002111387138437363 -0.01937374626528492 0.0625
0.01153051354099801 0.015712646418756502 0.0625
-0.019116988488036085 -0.0037974664117403074 0.0625
0.016662301228534442 -0.010113739059792853 0.0625
-0.005454816922886652 0.01871376424821552 0.0625
-0.008619207538617151 -0.01748454350008159 0.0625
0.018167130915887456 0.007070739302576943 0.0625
-0.018173049013588488 0.007058348925188563 0.0625
0.008632848798951792 -0.01748124485311148 0.0625
0.005443103562504489 0.018722516487049784 0.0625
-0.01666132981213753 -0.01012917019756195 0.0625
0.019128708393371715 -0.0037858308469014544 0.0625
-0.01154822962429584 0.015713637151994315 0.0625
-0.0020992146567404826 -0.019388483639132946 0.0625
0.014645398176113678 0.012879142528254211 0.0625
-0.019499821852556665 0.0003961662763962306 0.0625
0.014111697168964833 -0.01346476895499622 0.0625
-0.0013102744422835576 0.019461839093104703 0.0625
-0.012180768054150503 -0.015236432968742603 0.0625
0.019274794860485864 0.0030070389232911138 0.0625
-0.01624471312808468 0.01080320764339154 0.0625
0.004681129951472757 -0.018940090347657392 0.0625
0.009342618513161798 0.017128790947335614 0.0625
-0.018460257949298217 -0.0063197212316187 0.0625
0.01788186934466795 -0.007810169571797069 0.0625
-0.007910255659825607 0.017838942104177507 0.0625
-0.006217582438000098 -0.018498153113937425 0.0625
0.017080871616632475 0.009440541553116496 0.0625
-0.018972893519989046 0.004577041782544461 0.0625
0.01089884610122926 -0.016191823666953632 0.0625
0.002901102104257477 0.01930242488861627 0.0625
-0.015178579784905031 -0.012273985323165103 0.0625
0.01948419290892616 -0.0012025916546158284 0.0625
-0.013555409839534325 0.014048874121517924 0.0625
0.0005054857551691241 -0.01951677442999537 0.0625
0.012811334414387365 0.014733285801976897 0.0625
-0.019399888598107484 -0.0022100503118750955 0.0625
0.015798570359945807 -0.011475416096239904 0.0625
-0.0038980463614075676 0.019134399247541515 0.0625
-0.010051330050674552 -0.016743081084806547 0.0625
0.018722308524831782 0.005556542405220291 0.0625
-0.017559558818841425 0.00854996456645572 0.0625
0.007172830167528919 -0.018166741793392317 0.0625
0.006982802087827071 0.01824172346578683 0.0625
-0.017471923932381787 -0.00873452197324299 0.0625
0.018784322294907594 -0.005361831396177759 0.0625
-0.010229645691256416 0.016643147209327903 0.0625
-0.0036994558956503594 -0.01918317038646474 0.0625
0.01568673097125702 0.011646736514380585 0.0625
-0.019435182907490092 0.0020083987035459418 0.0625
0.012974924873613389 -0.014609973460759216 0.0625
0.00030160527286358165 0.019538398968681668 0.0625
-0.013421096124849078 -0.0142040198115731 0.0625
0.01949199687826565 0.0014078557091130423 0.0625
-0.015324587176281894 0.012129180841117696 0.0625
0.003106892386425582 -0.019296300673941905 0.0625
0.010744100541253958 0.01632802203450946 0.0625
-0.018952777881107087 -0.004782489998883216 0.0625
0.01720661474987375 -0.009276443760915446 0.0625
-0.0064218105763312145 0.01846402851280621 0.0625
-0.007737433693343036 -0.01795361021747771 0.0625
0.01783376539366318 0.008012291300482128 0.0625
-0.01856325980046156 0.006138842364857378 0.0625
0.00954174077955776 -0.017066785956814615 0.0625
0.004492900589556754 0.01903086556865874 0.0625
-0.01616893572782854 -0.010998432498740439 0.0625
0.0193528164995404 -0.002812204390707912 0.0625
-0.012371194729091877 0.0151470637740418 0.0625
-0.0011096186058300002 -0.019526616362022273 0.0625
0.014008970458208309 0.013649496206858581 0.0625
-0.019550903068059424 -0.0006018215876358488 0.0625
0.014823526925057801 -0.012763347895520458 0.0625
-0.002309010471169183 0.01942545934190569 0.0625
-0.01141971356801546 -0.015884273418210967 0.0625
0.019151214623648855 0.003998872145860424 0.0625
-0.01682358796168547 0.009988337604197796 0.0625
0.005658460685279028 -0.01873023819050766 0.0625
0.00848016427848033 0.017634251155350666 0.0625
-0.01816572354667608 -0.007275059314241925 0.0625
0.01831002741007198 -0.006906728331302232 0.0625
-0.008836277852571257 0.01746196419971587 0.0625
-0.005280066749043313 -0.018845712911048158 0.0625
0.0166243210068739 0.010330147678538347 0.0625
-0.019237175688613495 0.0036126266794976073 0.0625
0.011745213483059127 -0.015659181339947696 0.0625
0.0019171701860635965 0.019481387488515002 0.0625
-0.014573910379400557 -0.013070621111990081 0.0625
0.01957644719542332 -0.00020667657052137378 0.0625
-0.014296200821984493 0.013376794909749119 0.0625
0.0015057569888186789 -0.01952159562870371 0.0625
0.012076980044323801 0.015412545312472069 0.0625
-0.019317221595252256 -0.003207015721807416 0.0625
0.016411081934098334 -0.010684399363198253 0.0625
-0.0048840677075251415 0.018964859151291112 0.0625
-0.009209698997399186 -0.01728413851996403 0.0625
0.01846717609221018 0.006524063701352152 0.0625
-0.01802500233346551 0.007664156240484861 0.0625
0.008114435584171834 -0.017827953756680153 0.0625
0.006059593308543879 0.018627971680648708 0.0625
-0.017052058298223767 -0.00964299267831196 0.0625
0.019088399789599517 -0.004408286909040418 0.0625
-0.011098015193460618 0.01614540364208084 0.0625
-0.0027228743094858798 -0.019402730619547903 0.0625
0.015114906409687117 0.012468344085178242 0.0625
-0.01956852632342797 0.0010162566257135282 0.0625
0.013743466637780461 -0.013968433153944484 0.0625
-0.0006984999314839903 0.019584486152200088 0.0625
-0.012714740308476443 -0.014913597114311634 0.0625
0.019450456654072044 0.0024082640943353002 0.0625
-0.015969751856023128 0.01136340730841968 0.0625
0.004099940095602824 -0.019167433088769822 0.0625
0.009924763394246642 0.016903818254117083 0.0625
-0.018737552044274304 -0.005760567974437245 0.0625
0.01770861706479771 -0.008409808657297464 0.0625
-0.0073774228637027124 0.018164075310626644 0.0625
-0.0068301299314773205 -0.01837795758834854 0.0625
0.017451365132593568 0.008938112496992723 0.0625
-0.018906685288909698 0.0051978121730325766 0.0625
0.010430672188973839 -0.016604851028725543 0.0625
0.0035253460071643403 0.019290721488056647 0.0625
-0.015630988429646168 -0.011843656560043759 0.0625
0.019527094826844903 -0.0018255321480070074 0.0625
-0.013166227303406166 0.014537209450064412 0.0625
-0.00011138342446899156 -0.01961396425337707 0.0625
0.013331866170391764 0.01438823632050724 0.0625
-0.019550633358385628 -0.0016039748395717196 0.0625
0.015500303587828512 -0.012024166860333836 0.0625
-0.00330740532696588 0.0193375559469949 0.0625
-0.010624105632239417 -0.01649388915674586 0.0625
0.01897633280220727 0.004985859342166855 0.0625
-0.017361358734804395 0.009142386060620669 0.0625
0.00662647676757005 -0.018469699663201198 0.0625
0.007590339352391975 0.0180960423439914 0.0625
-0.017821506508509957 -0.008216684597034092 0.0625
0.01869228560579115 -0.00597983769274159 0.0625
-0.009744293290498455 0.017036688301097336 0.0625
-0.004323203430336351 -0.019145493258203822 0.0625
0.016121227417370262 0.011197590212069265 0.0625
-0.0194521645704187 0.002633114795322746 0.0625
0.012565429434313572 -0.015082108046665299 0.0625
0.0009225088720437081 0.019609920381811873 0.0625
-0.013927262908140432 -0.013837317221468035 0.0625
0.019617521556458004 0.0007955174302965166 0.0625
-0.01500349253494772 0.012665512692100861 0.0625
0.002507807652314492 -0.019474878710251137 0.0625
0.011306498687556657 0.01605500194420043 0.0625
-0.019183053134133314 -0.004201246535615118 0.0625
0.016983768367226947 -0.009860609111428222 0.0625
-0.005862860479733194 0.018744248904535566 0.0625
-0.008338899701284966 -0.017782653113973448 0.0625
0.018161796239811057 0.007479916934270395 0.0625
-0.01844551075525693 0.0067530091794474004 0.0625
0.009040021966172951 -0.017440126228072738 0.0625
0.005115070234139342 0.018967236395949244 0.0625
-0.016584737118410124 -0.01053121525338977 0.0625
0.019343804988332863 -0.0034376166995970622 0.0625
-0.01194206177761403 0.015602152431624623 0.0625
-0.0017334876439328913 -0.01957230238342776 0.0625
0.014499871210172063 0.013261739512161419 0.0625
-0.01965094788032936 1.572909975338324e-05 0.0625
0.014480122433794996 -0.01328631078600478 0.0625
-0.0017025058111347273 0.019579108099273893 0.0625
-0.011970742503678319 -0.015587858220763664 0.0625
0.019357302070317526 0.0034080575931871773 0.0625
-0.016576440041510966 0.010563220889018272 0.0625
0.005087861162979093 -0.01898719749689904 0.0625
0.009074506805346967 0.017438271882262633 0.0625
-0.018471598221036292 -0.006729045932419315 0.0625
0.018166726912732512 -0.007515985183473972 0.0625
-0.00831903442347624 0.017814422984228747 0.0625
-0.005899577955307971 -0.018756198440762036 0.0625
0.017020675645264053 0.009845638657736489 0.0625
-0.019202143064519606 0.004237652856207272 0.0625
0.011297153583455236 -0.016096407080830946 0.0625
0.0025429287947582447 0.01950111568974425 0.0625
-0.015048669059372145 -0.012662446822849666 0.0625
0.01965079614264273 -0.000828378512696702 0.0625
-0.013931044052248546 0.013885460439406049 0.0625
0.0008928707189913707 -0.019650007172496604 0.0625
0.012615666103478713 0.015093209359362186 0.0625
-0.019498723704461988 -0.0026076376084594693 0.0625
0.01614001996231427 -0.011248989093073963 0.0625
-0.004302787785201942 0.01919807326987573 0.0625
-0.009795876463554875 -0.017063434716104837 0.0625
0.018750327608945627 0.005965334404474864 0.0625
-0.01785635588109871 0.008267439425091151 0.0625
0.007582537642203321 -0.018158885508328143 0.0625
0.006675368380983878 0.018512683678444913 0.0625
-0.017428247003080377 -0.009142002318946322 0.0625
0.019027363213864595 -0.005031843511842612 0.0625
-0.010631772903761966 0.016563979139169214 0.0625
-0.0033494415904944835 -0.019396423408243744 0.0625
0.015572673556524523 0.012040425171144162 0.0625
-0.019617007635531425 0.0016410397397692005 0.0625
0.013357153807278125 -0.014461896216219903 0.0625
-8.028312924624235e-05 0.01968739583132209 0.0625
-0.013240129654772921 -0.014571855294532766 0.0625
0.019607017901337155 0.001801346445480266 0.0625
-0.015675205437528972 0.011916708207020184 0.0625
0.003508968905006798 -0.019376458325083442 0.0625
0.010501746691316682 0.016658730937001744 0.0625
-0.018997451917645267 -0.0051900694250420435 0.0625
0.017514874461184604 -0.00900606310265164 0.0625
-0.006831767350480699 0.018472870780387816 0.0625
-0.007441095903887263 -0.01823705271553362 0.0625
0.017806702538504658 0.008421481146758667 0.0625
-0.018819707064018146 0.005818816548452584 0.0625
0.009947024821718308 -0.017004020030455147 0.0625
0.004151637902249942 0.019258346313445546 0.0625
-0.01607094267941877 -0.011396701338318748 0.0625
0.019549581330965952 -0.0024523192663165705 0.0625
-0.012759392301113419 0.015014589841427159 0.0625
-0.0007338687261747647 -0.019691151228222865 0.0625
0.013843026485155788 0.014024643230088793 0.0625
-0.0196819409096652 -0.0009905564236566014 0.0625
0.015182743766843695 -0.01256520161837322 0.0625
-0.002707750419154096 0.0195219898490797 0.0625
-0.011190879930625456 -0.016224802198434488 0.0625
0.019212492025137393 0.004404560157840054 0.0625
-0.01714281372616714 0.009730567175141203 0.0625
0.006067985947756144 -0.018755787014621217 0.0625
0.008195429859102038 0.01792972195614139 0.0625
-0.018155342309924324 -0.007685281101525942 0.0625
0.01857947313844162 -0.006597209857047632 0.0625
-0.009244049613891976 0.017415726994182687 0.0625
-0.004948134599628777 -0.019087062738513662 0.0625
0.016542576974101303 0.010732341173105403 0.0625
-0.019448573982021763 0.0032608235257103645 0.0625
0.012138742778721337 -0.015542552034721985 0.0625
0.0015481915122054722 0.019661208076858734 0.0625
-0.014423285043933812 -0.013452466262415795 0.0625
0.01972330587871032 0.00017664997829315793 0.0625
-0.01466343104189929 0.013193323693424044 0.0625
0.001900493276272681 -0.019634360832653616 0.0625
0.011862065221326407 0.01576234147216074 0.0625
-0.01939502308982436 -0.0036101356408284563 0.0625
0.01674075820114219 -0.01043968461453173 0.0625
-0.005292480378957885 0.019007094765859035 0.0625
-0.008937056840088902 -0.017591162981367103 0.0625
0.018473516375577786 0.006934637173007636 0.0625
-0.018307016440699646 0.007365673698987282 0.0625
0.008524020848543461 -0.0177983445458727 0.0625
0.005737555938916746 0.01888280836760785 0.0625
-0.016986721176047496 -0.010048447824774716 0.0625
0.019314100124674546 -0.004065161297420641 0.0625
-0.011496229509712378 0.01604483427960595 0.0625
-0.002361289179971524 -0.019597558863505154 0.0625
0.014979870806056197 0.012856261923042223 0.0625
-0.019730983277774942 0.0006389827009909385 0.0625
0.014118110860265331 -0.013799961802021705 0.0625
-0.0010885711613844264 0.01971332069506815 0.0625
-0.012514120330790208 -0.015272091944016812 0.0625
0.0195446753749626 0.002808142533300344 0.0625
-0.016309344949533 0.011132172623398471 0.0625
0.004506559961725704 -0.019226307948001113 0.0625
0.009664682987888633 0.01722190183294563 0.0625
-0.018760625998011968 -0.006170811305064965 0.0625
0.018002747940648333 -0.008122873049942499 0.0625
-0.007788143423896727 0.018151165858115402 0.0625
-0.0065185359432273346 -0.018645875928924693 0.0625
0.017402565757880507 0.00934615990889547 0.0625
-0.019146331980131544 0.0048639461044086545 0.0625
0.010832916095967595 -0.016520530525916115 0.0625
0.0031717653637811805 0.019500253959298018 0.0625
-0.015511788115997075 -0.012237010641672742 0.0625
0.019704901217561466 -0.0014549460492212986 0.0625
-0.013547672955788938 0.01438403828842878 0.0625
0.0002733681539127537 -0.019758675812220475 0.0625
0.013145893837656991 0.014754845821256557 0.0625
-0.019661134979414827 -0.001999942829490554 0.0625
0.015849262566859517 -0.01180681481546762 0.0625
-0.003711554172417312 0.019412994761891112 0.0625
-0.01037703625118391 -0.01682251820155398 0.0625
0.019016124762282052 0.005395090270359105 0.0625
-0.01766713396353535 0.00886748992187168 0.0625
0.007037651548528621 -0.018473534060419863 0.0625
0.007289720769836979 0.01837661478885073 0.0625
-0.017789348400524572 -0.008626649609480728 0.0625
0.018945499257390256 -0.005655798607466962 0.0625
-0.010149903709450646 0.016968778821378986 0.0625
-0.003978225783441829 -0.019369401632883722 0.0625
0.01601808196773235 0.011595734132645842 0.0625
-0.0196450456727552 0.0022698415176752402 0.0625
0.012953051746695888 -0.014944512385736066 0.0625
0.0005437236361964667 0.01977028994748032 0.0625
-0.013756267165454611 -0.014211443053843456 0.0625
0.019744144473596775 0.001186911540822616 0.0625
-0.015361250084551463 0.012462423353419983 0.0625
0.0029088103929412164 -0.019566778531427118 0.0625
0.01107286861257942 0.016393644521233024 0.0625
-0.01923951960566606 -0.004608783499275199 0.0625
0.017300695482446556 -0.009598225660175602 0.0625
-0.00627380666780094 0.018764843455117246 0.0625
-0.00804977105993693 -0.01807543044805854 0.0625
0.018146355386027265 0.00789112071913739 0.0625
-0.018711888856598944 0.006439348990254242 0.0625
0.00944832926172561 -0.017388762870371766 0.0625
0.004779280647040902 0.019205167963254586 0.0625
-0.01649783971726929 -0.010933493708019038 0.0625
0.01955146060526472 -0.0030822699753236624 0.0625
-0.012335224804186832 0.015480382069902992 0.0625
-0.0013613064494718762 -0.019748084584349603 0.0625
0.014344156563877457 0.013642769970609751 0.0625
-0.01979350343901291 -0.0003704343528673035 0.0625
0.014846095784610425 -0.013097841041720296 0.0625
-0.0020996916229089335 0.01968733844603394 0.0625
-0.011750958276673 -0.01593596497172011 0.0625
0.01943037175739949 0.0038132208655220095 0.0625
-0.016904007315327353 0.01031380321139391 0.0625
0.005497895340523521 -0.01902454064687633 0.0625
0.008797364268408072 0.01774278393964535 0.0625
-0.01847292290845826 -0.007140806622375238 0.0625
0.018445844473210554 -0.007213239332652688 0.0625
-0.008729363508759322 0.017779713516587976 0.0625
-0.0055735470494148575 -0.01900777665293758 0.0625
0.0169501927254841 0.010251388519071255 0.0625
-0.019424247987682684 0.00389083411532865 0.0625
0.011695211244626831 -0.015990685849692442 0.0625
0.0021779792727479037 0.019692039160216 0.0625
-0.014908515032580916 -0.013049757833895191 0.0625
0.01980906891055969 -0.0004480947407609799 0.0625
-0.014304635927350897 0.013711943370140573 0.0625
0.0012855741616525512 -0.019774410208016104 0.0625
0.012410111817194402 0.015450214389604172 0.0625
-0.01958829758637976 -0.0030097504327483648 0.0625
0.016477697228209902 -0.011012969356873905 0.0625
-0.004711227067744701 0.019252125584364697 0.0625
-0.009531196967544519 -0.017379191130943644 0.0625
0.01876843830134923 0.0063769682238856455 0.0625
-0.01814776610353953 0.007976125967612454 0.0625
0.007994209094772291 -0.01814091014665637 0.0625
0.00635965136343438 0.01877750874145895 0.0625
-0.017374317927851286 -0.009550553729598375 0.0625
0.019263567726932402 -0.004694140861743346 0.0625
-0.01103407004660725 0.016474504490471473 0.0625
-0.0029923402435632876 -0.019602191200647743 0.0625
0.015448334185427811 0.01243338131383987 0.0625
-0.019790755720510114 0.00126727582281688 0.0625
0.013737753394744813 -0.01430364050391289 0.0625
-0.0004678452627798024 0.019827786583733815 0.0625
-0.0130491662788434 -0.01493717709030379 0.0625
0.01971296935515083 0.0021997361666537016 0.0625
-0.016022444945152453 0.011694496910066663 0.0625
0.003915132079368769 -0.019447152511385766 0.0625
0.01024998712238387 0.01698522192939983 0.0625
-0.01903234117902333 -0.005600891825883889 0.0625
0.017818109452699432 -0.008726681816797447 0.0625
-0.007244098537286323 0.018471682012802356 0.0625
-0.007136231619314477 -0.018514702219465922 0.0625
0.017769439327941106 0.008832158624629658 0.0625
-0.01906963748777154 0.0054908037740369455 0.0625
0.010352898297319963 -0.016930962667413493 0.0625
0.003802989060790147 0.01947863635379824 0.0625
-0.01596264605129066 -0.011794656885268637 0.0625
0.01973853674349095 -0.0020857054504070946 0.0625
-0.013146376250732934 0.01487187921797932 0.0625
-0.00035209923410010305 -0.019847317857316294 0.0625
0.013666991229647017 0.014397685603205526 0.0625
-0.019804115878987744 -0.0013845556152157418 0.0625
0.015538981067531323 -0.012357186871731898 0.0625
-0.0031109590806483135 0.019609230826285153 0.0625
-0.010952476332975102 -0.016561499393944384 0.0625
0.01926412448954147 0.004813886958731864 0.0625
-0.017457385245333804 0.00946359870218522 0.0625
0.006480292157281758 -0.018771409471754447 0.0625
0.007901939867219442 0.018219751544267776 0.0625
-0.018134829412676187 -0.008097404656625153 0.0625
0.018842732416672336 -0.006279445443164993 0.0625
-0.009652829369754526 0.017359230546265713 0.0625
-0.004608529396617652 -0.019321528324656695 0.0625
0.016450524807827136 0.011134641150349834 0.0625
-0.01965244304186358 0.002901979063726638 0.0625
0.0125314762212202 -0.015415644771367582 0.0625
0.0011728572897734863 0.019832912186005996 0.0625
-0.014262490761241666 -0.013832619321209416 0.0625
0.019861523088582664 0.0005655975616087518 0.0625
-0.015028085903475288 0.012999870540807987 0.0625
0.0023000729630428345 -0.01973802584770522 0.0625
0.011637432039125525 0.016108698753615536 0.0625
-0.01946333547774559 -0.004017284167286392 0.0625
0.017066158440331207 -0.010185589628956784 0.0625
-0.0057040759585759914 0.019039525137429122 0.0625
-0.00865544452029714 -0.017893107057078105 0.0625
0.018469810486370232 0.00734752343293768 0.0625
-0.01858318476605079 0.007058699876805771 0.0625
0.00893503103427974 -0.017758525288335686 0.0625
0.005407571305096034 0.01913107870927047 0.0625
-0.01691108844596202 -0.010454429088804899 0.0625
0.0195325639110275 -0.0037146934007568147 0.0625
-0.011894067096772739 0.015933962717964042 0.0625
-0.0019930230671526008 -0.01978453585641568 0.0625
0.01483460543298439 0.013242903067215664 0.0625
-0.019885034495210428 0.0002557403454512631 0.0625
0.014490588209641149 -0.013621411576580785 0.0625
-0.0014838524839921193 0.01983325948516155 0.0625
-0.012303649684887312 -0.015627546334328127 0.0625
0.019629576556302913 0.0032124327573107366 0.0625
-0.01664504735108099 0.010891391035137414 0.0625
0.004916759458798262 -0.01927551494576261 0.0625
0.009395432673424348 0.017535274302934365 0.0625
-0.018773755920869488 -0.006583774648605305 0.0625
0.018291383419413276 -0.007827214868905348 0.0625
-0.008200703508360371 0.0181281124767022 0.0625
-0.006198733624360723 -0.018907556728837805 0.0625
0.01734350036161761 0.009755152239025788 0.0625
-0.019379046824551754 0.004522448913125559 0.0625
0.011235203059688564 -0.01642590065133613 0.0625
0.0028111893435707317 0.019702213440996787 0.0625
-0.015382314155980495 -0.012629505580454134 0.0625
0.01987455155752133 -0.0010780539816849014 0.0625
-0.013927363847827584 0.014220708008050274 0.0625
0.0006636879182760696 -0.019894710813357766 0.0625
0.01294995483838251 0.015118818395756116 0.0625
-0.019762506083015878 -0.0024006985064269283 0.0625
0.016194722672035696 -0.011579765005208572 0.0625
-0.004119673476201219 0.01947891912939433 0.0625
-0.0101206123929909 -0.0171468132546791 0.0625
0.01904609132022457 0.005807443966295872 0.0625
-0.017967773318359997 0.008583654348820826 0.0625
0.007451077446547866 -0.01846730746171585 0.0625
0.006980646367725574 0.018651288864010438 0.0625
-0.01774697087152604 -0.009037976813712587 0.0625
0.019192097278900814 -0.005323852180255195 0.0625
-0.010555976938639449 0.016890569879992566 0.0625
-0.0036259499287764705 -0.01958602785441719 0.0625
0.015904636014925266 0.011993437923829104 0.0625
-0.019830033949059904 0.0018999351512963881 0.0625
0.013339334357773715 -0.014796694187943391 0.0625
0.00015902131440149238 0.019922216548907554 0.0625
-0.013575205262751341 -0.014583339880636684 0.0625
0.0198618390431919 0.0015834613422303098 0.0625
-0.015715906413345675 0.012249501443200056 0.0625
0.003314167876777849 -0.019649333100248818 0.0625
0.010829714975344917 0.01672833744138341 0.0625
-0.019286295596899653 -0.0050198408489721125 0.0625
0.01761285479183529 -0.009326700707202132 0.0625
-0.006687411874646318 0.018775476622947273 0.0625
-0.007751953098892231 -0.018362658390129002 0.0625
0.01812075865109089 0.008304101752080992 0.0625
-0.01897197853787305 0.006117518316971714 0.0625
0.009857518394413093 -0.017327127029712907 0.0625
0.004435902086262308 0.019436120309390292 0.0625
-0.016400632023036626 -0.01133575181648511 0.0625
0.019751499725951284 -0.0027199740027703096 0.0625
-0.012727465448833233 0.015348342687363879 0.0625
-0.0009828690408906448 -0.019915671428512235 0.0625
0.014178292935610832 0.014021983077725063 0.0625
-0.01992734763552863 -0.000762112992141893 0.0625
0.015209370745726713 -0.012899420200886259 0.0625
-0.0025016092837489615 0.019786408238774946 0.0625
-0.011521497168017725 -0.016280512983544458 0.0625
0.01949390195819895 0.004222296347264968 0.0625
-0.017227182788778134 0.01005505709392177 0.0625
0.005910992072157429 -0.01905203854507155 0.0625
0.008511313288398699 0.01804210481364987 0.0625
-0.018464172091277254 -0.007554756712409625 0.0625
0.018719011277281046 -0.006902073369721951 0.0625
-0.009140992038270403 0.01773477557107158 0.0625
-0.005239648951600647 -0.01925269017212894 0.0625
0.01686940680815654 0.010657537893008955 0.0625
-0.019639025394221587 0.0035367614515428684 0.0625
0.0120927654135189 -0.015874666127311185 0.0625
0.0018064447423426287 0.019875028487850343 0.0625
-0.014758146012891611 -0.013435666200906134 0.0625
0.0199588617603466 -6.194539025898208e-05 0.0625
-0.014675936756341003 0.013528373158805135 0.0625
0.0016833787554261595 -0.019889852587834326 0.0625
0.01219474335143682 0.015804057535727573 0.0625
-0.019668498800736556 -0.0034161608459533405 0.0625
0.01681136601569413 -0.01076744968348422 0.0625
-0.005123127405373178 0.0192964651060321 0.0625
-0.009257404646564212 -0.01769012321070069 0.0625
0.01877657057180545 0.0067912000089829245 0.0625
-0.018433573129824646 0.007676156698987239 0.0625
0.008407595487871932 -0.01811276726820934 0.0625
0.006035801945403882 0.019035994717268093 0.0625
-0.017310110226469357 -0.009959923892655055 0.0625
0.01949274587661483 -0.0043488916047328095 0.0625
-0.01143628346457499 0.01637471894469913 0.0625
-0.0026283359734480104 -0.019800299240432685 0.0625
0.015313730733100892 0.012825351887339438 0.0625
-0.019956269409296176 0.0008873056201724714 0.0625
0.01411647311899266 -0.014135246254691062 0.0625
-0.0008608694336364331 0.01995943145027509 0.0625
-0.012848267676627213 -0.015299739138617251 0.0625
0.019809730511168456 0.0026028017740276402 0.0625
-0.016366065979894113 0.011462629905120054 0.0625
0.0043251491153505715 -0.019508282475143274 0.0625
0.009988925428229859 0.01730726346911212 0.0625
-0.01905736564905659 -0.006014716495243822 0.0625
0.018116098131402962 -0.008438423341678119 0.0625
-0.007658557362497166 0.018460403547196375 0.0625
-0.006822983176006128 -0.018786348782558502 0.0625
0.017721938900627215 0.00924407278219053 0.0625
-0.019312854378647694 0.0051549641850500375 0.0625
0.010759107998753731 -0.016847599089221985 0.0625
0.003447130788286341 0.019691553756076445 0.0625
-0.01584405325989356 -0.01219204561579624 0.0625
0.01991951695557743 -0.0017125548915182998 0.0625
-0.013531894679689566 0.014718961457174528 0.0625
3.548416741891685e-05 -0.019994967888792983 0.0625
0.013480916154650802 0.014768374982755385 0.0625
-0.019917298171955197 -0.0017836012809566372 0.0625
0.01589199594013076 -0.012139376633042875 0.0625
-0.0035184080652348095 0.019687072019132015 0.0625
-0.010704596706907162 -0.016894129434287888 0.0625
0.019306022155635757 0.005226615398716587 0.0625
-0.017767076069117406 0.009187546351131821 0.0625
0.006895135221503514 -0.01877703678105738 0.0625
0.007599827827090991 0.018504124324014184 0.0625
-0.018104137680226718 -0.008511180814399088 0.0625
0.019099602153977872 -0.005953586949038701 0.0625
-0.010062364790806676 0.017292449647656465 0.0625
-0.004261420170419267 -0.019548920638519766 0.0625
0.016348161458173614 0.011536794049366 0.0625
-0.019848609344093944 0.002536278199556711 0.0625
0.012923160960275376 -0.015278478680641425 0.0625
0.0007913668832842828 0.01999634312708304 0.0625
-0.01409156869515266 -0.014210830085177768 0.0625
0.019990960170564658 0.000959953883734798 0.0625
-0.015389919766762175 0.012796498332458882 0.0625
0.0027042724489919853 -0.01983247111485664 0.0625
0.011403164612411674 0.016451377961199547 0.0625
-0.019522059210252792 -0.004428228109682702 0.0625
0.017387051732097484 -0.00992221910992526 0.0625
-0.006118613450120324 0.0190620714889019 0.0625
-0.008364986527377384 -0.01818974987174906 0.0625
0.01845600102157187 0.007762475525999307 0.0625
-0.018853298169573467 0.006743378094779924 0.0625
0.00934721511919512 -0.01770846039370702 0.0625
0.005069800460876812 0.019372586902292974 0.0625
-0.01682514660178651 -0.010860683303935892 0.0625
0.019743610180961723 -0.0033570607713034706 0.0625
-0.012291274583102918 0.01581279763744443 0.0625
-0.0016182686611485408 -0.019963496851512375 0.0625
0.014679141089845485 0.013628015881426392 0.0625
-0.020030532710900648 -0.00013326408945827116 0.0625
0.01486065071220656 -0.01343283515903455 0.0625
-0.0018841254675585923 0.019944173866633264 0.0625
-0.012083402529677666 -0.01597971787315969 0.0625
0.019705051135699956 0.003620905928003362 0.0625
-0.016976624066635044 0.010641157610906244 0.0625
0.005330301094940087 -0.019314965447478297 0.0625
0.009117127697596088 0.017843709887400836 0.0625
-0.018776874283978683 -0.006999213678954239 0.0625
0.01857430867061466 -0.0075229686566361045 0.0625
-0.008614853828454491 0.0180948692593885 0.0625
-0.005870875781647646 -0.01916279774867081 0.0625
0.017274145009208354 0.01016483714581016 0.0625
-0.019604641722192128 0.004173490498909008 0.0625
0.011637279618391894 -0.01632095962507599 0.0625
0.0024438036374105363 0.01989642741252256 0.0625
-0.015242586936988697 -0.013020888735733116 0.0625
0.02003589022606323 -0.0006950560043218325 0.0625
-0.014305050094951078 0.014047261006364914 0.0625
0.0010593629745926664 -0.020021931727185124 0.0625
0.012744113254221524 0.01547990882930437 0.0625
-0.019854628283099352 -0.0028060177725651326 0.0625
0.01653644523635096 -0.011343102703632969 0.0625
-0.0045315296533345074 0.019535230712764824 0.0625
-0.009854939870092144 -0.01746654402441617 0.0625
0.019066154940831796 0.006222679147456935 0.0625
-0.018263056646321257 0.008291004880788648 0.0625
0.007866507329928116 -0.018450963726271516 0.0625
0.006663260449751744 0.01891985624096479 0.0625
-0.017694339603979124 -0.009450415122049189 0.0625
0.01943188476126521 -0.004984160373112911 0.0625
-0.010962259857424876 0.016802049244609752 0.0625
-0.003266554245414636 -0.019795191925358127 0.0625
0.0157808995043968 0.012390448370907685 0.0625
-0.020006965691418806 0.0015235891251878873 0.0625
0.013724025898152364 -0.014638685499280433 0.0625
-0.00023139109654036913 0.02006555402077007 0.0625
-0.013384131099968848 -0.01495276010303271 0.0625
0.019970477761162734 0.001984947855966162 0.0625
-0.01606721958909099 0.012026822301669331 0.0625
0.0037236508211871957 -0.01972243454956492 0.0625
0.010577133978210548 0.017058846291791944 0.0625
-0.019323293702812435 -0.00543418075470897 0.0625
0.017920021196939778 -0.009046150579181681 0.0625
-0.007103431544804239 0.018776082133615632 0.0625
-0.007445581377097651 -0.01864412287979825 0.0625
0.018084961397800522 0.008718610625556407 0.0625
-0.019225578415626107 0.005787670911913673 0.0625
0.010267337015011176 -0.017255196046993538 0.0625
0.004085105318886713 0.019659906269705443 0.0625
-0.016293113527139462 -0.011737736220913522 0.0625
0.01994375083738049 -0.0023509152550623713 0.0625
-0.013118531285504824 0.015206055928847273 0.0625
-0.0005983761682530505 -0.020074908367443845 0.0625
0.014002323956795733 0.014399129272596463 0.0625
-0.020052344068826933 -0.001159093329021134 0.0625
0.015569702532601294 -0.012691113546348443 0.0625
-0.002908034201502095 0.019876200267729596 0.0625
-0.011282445610835511 -0.016621264122759695 0.0625
0.019547795551046288 0.004635050063860686 0.0625
-0.017545736802982537 0.009787089457058423 0.0625
0.006326909793542548 -0.019069614900788515 0.0625
0.008216480453225358 0.01833601507857598 0.0625
-0.018445290893189765 -0.007970648898653784 0.0625
0.01898601981252604 -0.006582632579627137 0.0625
-0.009553668863150929 0.017679576105021876 0.0625
-0.004898046530074614 -0.01949074498805071 0.0625
0.016778306936318772 0.011063833709464248 0.0625
-0.019846296261274175 0.003175614068134668 0.0625
0.01248956303732388 -0.015748359125214065 0.0625
0.001428519368591074 0.02004992100766385 0.0625
-0.014597595293579431 -0.013819920826287961 0.0625
0.02010002963000511 0.0003298618997651844 0.0625
-0.015044699320054528 0.013334804924300574 0.0625
0.002086064978389771 -0.01999620796315981 0.0625
0.011969637227543233 0.016154497350304997 0.0625
-0.019739220678795112 -0.0038266391251106304 0.0625
0.017140792498168436 -0.010512527409464043 0.0625
-0.0055382506340455355 0.019331005662264294 0.0625
-0.008974616906143606 -0.017996006540006628 0.0625
0.018774659402899765 0.007207784979111647 0.0625
-0.018713563674286768 0.007367668193425566 0.0625
0.008822447299496413 -0.018074413507707752 0.0625
0.005703974822839941 0.019287941082977416 0.0625
-0.017235602516945447 -0.010369860456045871 0.0625
0.019714711438065358 -0.003996267372663517 0.0625
-0.01183815990847213 0.01626462326589347 0.0625
-0.002257616032835712 -0.01999057702639629 0.0625
0.015168886102776597 0.013216084684996195 0.0625
-0.020113395229530474 0.0005013305702834921 0.0625
0.014493063747681103 -0.013956758334428948 0.0625
-0.0012591415611260851 0.02008219516210927 0.0625
-0.012637500332027351 -0.015659297090163678 0.0625
0.019897185339283967 0.0030103181848740272 0.0625
-0.016705830946768 0.011221194783890382 0.0625
0.004738785652795123 -0.01955975231276877 0.0625
0.009718669636569583 0.017624626534914735 0.0625
-0.019072450284291366 -0.0064313015909094415 0.0625
0.018408621803626228 -0.008141415312527484 0.0625
-0.008074896354514494 0.01843898177405273 0.0625
-0.006501496838281312 -0.019051785713203317 0.0625
0.017664169490623317 0.009656972414091927 0.0625
-0.019549164629638054 0.004811461553759783 0.0625
0.011165400911259756 -0.016753919615744847 0.0625
0.0030842431098459058 0.019896920476278942 0.0625
-0.01571517678404324 -0.012588614643647984 0.0625
0.02009236034923475 -0.0013330624878448924 0.0625
-0.013915696767144622 0.014555871100174008 0.0625
0.0004286732004886069 -0.020133957367770076 0.0625
0.013284857598143232 0.015136464534264798 0.0625
-0.020021362598559037 -0.002187473359156912 0.0625
0.016241547427014322 -0.011911848604479677 0.0625
-0.00392986721334285 0.019755407960492567 0.0625
-0.010447339522714712 -0.017222459083914912 0.0625
0.019338100086031505 0.005642506983835134 0.0625
-0.018071662470098355 0.008902528605224398 0.0625
0.0073122701390733996 -0.01877260518450264 0.0625
0.0072892313265572025 0.018782627789208226 0.0625
-0.018063225021270956 -0.008926359942940398 0.0625
0.019349882692614884 -0.005619790012272974 0.0625
-0.010472403526729747 0.017215364195198965 0.0625
-0.003906979415564009 -0.019769054399398047 0.0625
0.016235488963019285 0.011938546734493235 0.0625
-0.020036903403499198 0.0021639089626974478 0.0625
0.013313545013693388 -0.015131077924865764 0.0625
0.00040392241638706906 0.020151348507768407 0.0625
-0.013910564946348038 -0.014586849655543625 0.0625
0.02011148299166741 0.001359504275783068 0.0625
-0.015748688722597985 0.01258327475336667 0.0625
0.00311286616470903 -0.01991758178696926 0.0625
0.011159351690958106 0.01679014204339887 0.0625
-0.019571099604819207 -0.004842732726286412 0.0625
0.017703209697861842 -0.009649682191322699 0.0625
-0.006535850737848768 0.019074660026657402 0.0625
-0.008065811542502695 -0.018480873468557438 0.0625
0.01843203564068041 0.008179245817353036 0.0625
-0.01911715078509822 0.006419855594935032 0.0625
0.009760321846247966 -0.017648119374529814 0.0625
0.004724408080375163 0.019607140747444178 0.0625
-0.016728887241621367 -0.011266957515545978 0.0625
0.019947061873649554 -0.002992444253247912 0.0625
-0.012687599253980128 0.0156813527850885 0.0625
-0.0012372215903345613 -0.02013428128184391 0.0625
0.014513513566232487 0.014011349826579363 0.0625
-0.02016733508085286 -0.0005278216901583174 0.0625
0.015228051923297344 -0.013234290106437901 0.0625
-0.0022891695141914028 0.020045939811724887 0.0625
-0.011853457747835474 -0.016328366097692663 0.0625
0.01977099485074278 0.004033331453265716 0.0625
-0.017303842456693995 0.010381571953895729 0.0625
0.005746946050457724 -0.019344575753764373 0.0625
0.008829887620153406 0.01814698555175106 0.0625
-0.01876991859107875 -0.007416883178551243 0.0625
0.018851311972386906 -0.007210273012843693 0.0625
-0.009030344646977571 0.018051395390850083 0.0625
-0.0055351189923057735 -0.01941140020042387 0.0625
0.01719448087784817 0.010574962285574053 0.0625
-0.019822932340900743 0.0038172442164566118 0.0625
0.012038892754839372 -0.016205710760021485 0.0625
0.002069797048790554 0.02008272740881621 0.0625
-0.015092631881124283 -0.013410908354800986 0.0625
0.02018876591481824 -0.00030615492266736216 0.0625
-0.014680483136967655 0.013863744619157134 0.0625
0.0014601780692802427 -0.02014020556017225 0.0625
0.012528437970990552 0.01583787365800858 0.0625
-0.019937387918797976 -0.0032156745754768922 0.0625
0.016874193756762787 -0.011096917817990173 0.0625
-0.004946887584596386 0.019581836053479924 0.0625
-0.009580128921457789 -0.017781482779797866 0.0625
0.019076243082853286 0.0066405534290367805 0.0625
-0.01855276673226519 0.00798967124343387 0.0625
0.008283693405127773 -0.018424451784784336 0.0625
0.006337711233635931 0.019182111883706783 0.0625
-0.017631425390750112 -0.009863713230341412 0.0625
0.019664670417525582 -0.004636888759728261 0.0625
-0.01136849957617694 0.016703209792924976 0.0625
-0.0029002203938897774 -0.019996717772346184 0.0625
0.015646887452256966 0.012786512935761793 0.0625
-0.020175681387950506 0.0011409997948762026 0.0625
0.014106876115499514 -0.01447052335826004 0.0625
-0.0006273040508832947 0.020200160633711443 0.0625
-0.01318310345338899 -0.015319457671120194 0.0625
0.02006993776544135 0.002391149951657413 0.0625
-0.01641494964880723 0.011794465991604861 0.0625
0.004137028205565099 -0.019785979824773876 0.0625
0.010315226356307931 0.017384939034064233 0.0625
-0.019350431464768857 -0.005851564075295033 0.0625
0.018221972360877022 -0.00875669591109763 0.0625
-0.007521620248691243 0.0187665987550882 0.0625
-0.007130795504564612 -0.018919612984204543 0.0625
0.01803892408877346 0.009134397501722197 0.0625
-0.019472490576191732 0.005449964289802659 0.0625
0.010677532791362477 -0.017172952381270354 0.0625
0.003727064557135468 0.01987634246502471 0.0625
-0.016175288818587746 -0.012139194027416741 0.0625
0.02012804649880033 -0.0019752833068022637 0.0625
-0.01350817079576341 0.015053548477102816 0.0625
-0.0002080313158887501 -0.020225645180602016 0.0625
0.013816298198557484 0.014773960338668074 0.0625
-0.020168360888422686 -0.0015611595287932966 0.0625
0.015926848131711177 -0.012472991164488502 0.0625
-0.003318739844732817 0.019956602061548024 0.0625
-0.011033894669201974 -0.016957982439811534 0.0625
0.019591960304332176 0.0050512465227379455 0.0625
-0.017859442279381504 0.009510011644022336 0.0625
0.006745405855051679 -0.01907719842772084 0.0625
0.007912996531514139 0.018624298265766826 0.0625
-0.018416229518234475 -0.008388235233451028 0.0625
0.019246665877804537 -0.006255066153779237 0.0625
-0.009967142637032377 0.01761408719329649 0.0625
-0.004548906255756132 -0.019721750730509264 0.0625
0.01667688726860773 0.011470023148631802 0.0625
-0.020045885507166374 0.0028075744395433507 0.0625
0.01288535175939924 -0.01561178112953634 0.0625
0.001044400231078889 0.020216558266859433 0.0625
-0.014426901162507829 -0.014202271749520576 0.0625
0.020232431908544495 0.0007271169549051596 0.0625
-0.015410677968502335 0.013131298662018039 0.0625
0.0024934111714389863 -0.020093354641028544 0.0625
0.011734874687994154 0.01650129437520203 0.0625
-0.01980036137688643 -0.004240953824872904 0.0625
0.017465745243255903 -0.010248304401103817 0.0625
-0.005956357295364092 0.019355666037880564 0.0625
-0.008682955455163486 -0.01829661948458367 0.0625
0.018762644829044446 0.007626477497451341 0.0625
-0.01898752759788582 0.00705080106934839 0.0625
0.009238514595864592 -0.01802581060762586 0.0625
0.005364328445867914 0.019533150803822008 0.0625
-0.01715077854183965 -0.01078011110373045 0.0625
0.019929281989430635 -0.003636443232852081 0.0625
-0.012239446612727327 0.0161442233202529 0.0625
-0.001880370764497589 -0.020172858146232597 0.0625
0.015013828238287952 0.013605328427906004 0.0625
-0.02026198405237263 0.00010955483283369998 0.0625
0.014867277412968026 -0.013768226549772153 0.0625
-0.0016624452329583742 0.020195947015364594 0.0625
-0.012416935531947403 -0.016015608386678985 0.0625
0.01997522256090324 0.003422058392602649 0.0625
-0.0170415044547418 0.010970283766567546 0.0625
0.005155805829974529 -0.019601471022441166 0.0625
0.00943933219346532 0.017937084705754423 0.0625
-0.01907752505582158 -0.006850404203001441 0.0625
0.018695464752043704 -0.007835789539356677 0.0625
-0.008492867416134036 0.01840736817288036 0.0625
-0.006171922769514793 -0.019310809649705135 0.0625
0.017596104456493348 0.010070606136483294 0.0625
-0.019778378791798595 0.004460463245911971 0.0625
0.0115715242899114 -0.016649919687733945 0.0625
0.0027145093107365883 0.020094562428724955 0.0625
-0.015576034180633297 -0.012984111798800225 0.0625
0.02025690953474793 -0.0009474260398777309 0.0625
-0.01429753284941701 0.014382647684617788 0.0625
0.0008272570652442668 -0.02026414680533092 0.0625
0.01307887677460303 0.015501709012710484 0.0625
-0.020116188638325583 -0.002595949665787203 0.0625
0.0165873965800477 -0.011674685207585767 0.0625
-0.0043451046592591054 0.019814138020617628 0.0625
-0.010180807776763426 -0.01754625752155124 0.0625
0.019360278311672637 0.006061321942825522 0.0625
-0.01837092352147523 0.008608668245908203 0.0625
0.007731451070222142 -0.018758055985329637 0.0625
0.006970291990689062 0.01905505259936419 0.0625
-0.018012054460010238 -0.009342692017273462 0.0625
0.01959337788134352 -0.0052782140160170165 0.0625
-0.010882693282744226 0.01712795921625556 0.0625
-0.003545383051692194 -0.01998174814716605 0.0625
0.016112514466762963 0.012339646573478276 0.0625
-0.020217159840337857 0.0017850624611565366 0.0625
0.013702377346955084 -0.014973471709715554 0.0625
1.0728720834286308e-05 0.020297780294764974 0.0625
-0.013719530557115308 -0.014960430518283201 0.0625
0.02022296199815802 0.0017640317517144085 0.0625
-0.016104150673259935 0.012360272290404511 0.0625
0.003525626632429404 -0.019993247781406216 0.0625
0.010906086650295584 0.017124756172753074 0.0625
-0.019610366892271594 -0.00526056179038877 0.0625
0.01801440657889725 -0.009368092421095311 0.0625
-0.00695554465604203 0.019077221981667173 0.0625
-0.007758052415423665 -0.01876626288634845 0.0625
0.018397867100668285 0.008597586065061953 0.0625
-0.019374540095150095 0.006088283510269656 0.0625
0.010174099798950351 -0.017577476874710955 0.0625
0.004371562421695384 0.01983455172150913 0.0625
-0.016622307089622916 -0.011672999058437031 0.0625
0.020142745903602606 -0.0026210279401220563 0.0625
-0.013082789131000389 0.015539646989355267 0.0625
-0.000850080372891715 -0.02029673282475838 0.0625
0.014337763649775565 0.014392655541045043 0.0625
-0.020295303241905545 -0.0009277210351708831 0.0625
0.015592547007973502 -0.013025838852225089 0.0625
-0.002698761918799972 0.020138437975812204 0.0625
-0.01161389893950692 -0.01667325257479536 0.0625
0.019827308288664042 0.004449477050876241 0.0625
-0.017626472316064432 0.010112738189581208 0.0625
0.006166454245618917 -0.019364267144322517 0.0625
0.008533836293509916 0.018444881081632725 0.0625
-0.018752831416447114 -0.007836537109356032 0.0625
0.019122184787562738 -0.006889270567360838 0.0625
-0.009446925852548891 0.01799765517884048 0.0625
-0.005191623570350899 -0.019653168820924962 0.0625
0.0171044942812491 0.010985275389480086 0.0625
-0.020033738186625655 0.0034538868351086842 0.0625
0.012439789975133281 -0.016080162479731777 0.0625
0.0016893614477407088 0.020260949086824326 0.0625
-0.014932479456369567 -0.013799313652682183 0.0625
0.020333031689858956 8.844376287442834e-05 0.0625
-0.015053415818802297 0.013670211124420604 0.0625
0.0018659156461444672 -0.020249403912250687 0.0625
0.012303002675372524 0.016192471249620196 0.0625
-0.020010676106603828 -0.0036294409702589962 0.0625
0.017207733974447945 -0.010841304878317456 0.0625
-0.005365510682739612 0.019618646617781947 0.0625
-0.009296294195577192 -0.018091404429432165 0.0625
0.019076288239556653 0.007060823394006721 0.0625
-0.018836689376051718 0.007679787324538382 0.0625
0.00870238729007007 -0.018387725673764743 0.0625
0.006004150820149503 0.01943785412356256 0.0625
-0.017558204162678597 -0.010277619694350247 0.0625
0.019890266654669093 -0.0042822064880337985 0.0625
-0.011774443514555288 0.016594049533569164 0.0625
-0.0025271332730113162 -0.020190433314330805 0.0625
0.0155026199592414 0.013181379836698818 0.0625
-0.02033602578702998 0.0007523663929573916 0.0625
0.01448763595526872 -0.01429224980286886 0.0625
-0.001028505508854875 0.020325899153992064 0.0625
-0.012972185975211338 -0.015683188165182813 0.0625
0.020160100890584804 0.00280184440707221 0.0625
-0.016758858679555056 0.01155251729099343 0.0625
0.004554067335452174 -0.019839870733050845 0.0625
0.010044097363135355 0.01770638608411828 0.0625
-0.01936763141382479 -0.0062717504269722965 0.0625
0.01851848878659888 -0.008458461624941713 0.0625
-0.007941731754789103 0.018746970334829423 0.0625
-0.00680773911393693 -0.019188920974264636 0.0625
0.01798261231709566 0.009551212187625165 0.0625
-0.019712520649080776 0.005104559693016058 0.0625
0.011087853485605821 -0.017080383633915806 0.0625
0.0033619574172935396 0.020085249371723145 0.0625
-0.016047167601009268 -0.012539872885524739 0.0625
0.02030422340792908 -0.001593270787061933 0.0625
-0.013896133449422598 0.014890852062788024 0.0625
0.0001879593506224963 -0.020367736037235795 0.0625
0.013620269174603322 0.015146229484969208 0.0625
-0.02027527085138612 -0.0019680934690538498 0.0625
0.016280566381465147 -0.01224512794129595 0.0625
-0.0037334978054894483 0.02002750593899314 0.0625
-0.01077594002676627 -0.0172904342495941 0.0625
0.019626308922525093 0.0054706487803195675 0.0625
-0.018168074798974993 0.009223939402383875 0.0625
0.007166236592925683 -0.019074722883811783 0.0625
0.007600996447308179 0.01890674094094507 0.0625
-0.018376943284365583 -0.008807267199489899 0.0625
0.019500748657941765 -0.005919527158463115 0.0625
-0.01038116189285174 0.017538286055210836 0.0625
-0.0041923981638142035 -0.019945520741160093 0.0625
0.0165651470991945 0.011875853720135157 0.0625
-0.020237622059534485 0.0024328282667387935 0.0625
0.013279879999887462 -0.015464953513948531 0.0625
0.00065428727348261 0.020374786088785294 0.0625
-0.014246106908120643 -0.014582470228407713 0.0625
0.0203559324952839 0.001129607120836738 0.0625
-0.01577362870235438 0.012917919242674578 0.0625
0.0029051935991759262 -0.02018117563848319 0.0625
0.011490541687858685 0.016844211222838003 0.0625
-0.01985182392504753 -0.004658871842936923 0.0625
0.017785995293028392 -0.009974887038777533 0.0625
-0.006377206706039186 0.019370370017850688 0.0625
-0.00838254628347321 -0.01859174326967295 0.0625
0.018740471973095665 0.00804703114357189 0.0625
-0.019255257984389297 0.006725699960198364 0.0625
0.009655547107325777 -0.017966925448117517 0.0625
0.005017024982733591 0.019771430406589886 0.0625
-0.017055627191414457 -0.011190423633959695 0.0625
0.020136278981856468 -0.0032695976457119986 0.0625
-0.01263989137540424 0.01601353009233072 0.0625
-0.001496793553212594 -0.020346980342524076 0.0625
0.014848590133465882 0.013992832845722832 0.0625
-0.02040189115403456 -0.00028781476495550086 0.0625
0.015238867693166984 -0.013569705650092473 0.0625
-0.0020705617644451594 0.020300560927708815 0.0625
-0.012186649361069281 -0.016368432342480133 0.0625
0.020043735700171986 0.0038377935303571336 0.0625
-0.017372853397521225 0.010709993689458236 0.0625
0.005575972351526489 -0.01963335254955231 0.0625
0.00915102994429571 0.018244414239942136 0.0625
-0.01907252498860695 -0.007271780425656669 0.0625
0.018976414313092257 -0.007521681980638851 0.0625
-0.008912221899692102 0.018365519344974934 0.0625
-0.005834414999118241 -0.0195632206351118 0.0625
0.0175177223075253 0.010484722464444662 0.0625
-0.02000031114591212 0.004102140181259482 0.0625
0.01197722573913314 -0.016535599886119846 0.0625
0.002338115891197196 0.020284309553922 0.0625
-0.015426648096874775 -0.013378285708385432 0.0625
0.020413011414367032 -0.0005558461989807965 0.0625
-0.014677154501903468 0.014199335749507961 0.0625
0.0012310224966807664 -0.02038540123747055 0.0625
0.012863039772959684 0.015863864844332772 0.0625
-0.02020166049405973 -0.003008805956313291 0.0625
0.016929306541975022 -0.011427973573991225 0.0625
-0.0047638868969961745 0.019863166455342113 0.0625
-0.009905108975095746 -0.017865296420476143 0.0625
0.019372481873965914 0.0064828192974092725 0.0625
-0.018664641175740865 0.008306092329178547 0.0625
0.008152431410492276 -0.018733335583852095 0.0625
0.006643155451654889 0.019321192655867493 0.0625
-0.017950594165357263 -0.00975992669596661 0.0625
0.01982989514871649 -0.004929022052183392 0.0625
-0.011292981898134378 0.017030224891304558 0.0625
-0.0031768103804697195 -0.02018682431207395 0.0625
0.015979250235689305 0.012739841518057567 0.0625
-0.020389217446130814 0.0013999328321012004 0.0625
0.014089407954857537 -0.01480569429245374 0.0625
-0.00038800671810229625 0.02043549487501361 0.0625
-0.013518521512441595 -0.015331326626148625 0.0625
0.020325272271760314 0.002173317068172831 0.0625
-0.01645606541405529 0.012127568226496745 0.0625
0.003942324530588549 -0.02005936383077788 0.0625
0.010643467478374788 0.017454987826887144 0.0625
-0.019639776261610814 -0.005681477659365426 0.0625
0.01832041931589868 -0.009077567740845926 0.0625
-0.007377451061406009 0.01906969364820944 0.0625
-0.007441846137220992 -0.0190457062371005 0.0625
0.018353453288176797 0.009017247495700249 0.0625
-0.019625267005620835 0.005748816831147972 0.0625
0.010588297479531444 -0.01749651269496148 0.0625
0.004011435286461609 0.0200546350488492 0.0625
-0.016505408014321675 -0.012078555637192965 0.0625
0.020330493228421887 -0.0022429991281968527 0.0625
-0.013476593053471412 0.01538770417154964 0.0625
-0.00045704636449509655 -0.020450699465316628 0.0625
0.01415193713033664 0.014771684922817682 0.0625
-0.020414303370323524 -0.0013327482524459454 0.0625
0.015953892823250604 -0.012807548703176297 0.0625
-0.0031126779317970344 0.02022155375071124 0.0625
-0.011364814411826967 -0.01701414098286276 0.0625
0.01987389693394979 0.0048691088156603305 0.0625
-0.017944285954297156 0.009834764948406946 0.0625
0.006588584411676577 -0.01937396591950684 0.0625
0.008229101838365576 0.018737179161597627 0.0625
-0.018725560439954343 -0.00825792868760786 0.0625
0.0193867218399127 -0.006560107948948098 0.0625
-0.009864347036912987 0.01793361808267774 0.0625
-0.004840553528534866 -0.019887911945133625 0.0625
0.017004176691237622 0.011395524343055534 0.0625
-0.020236882673044538 0.0030835984948481597 0.0625
0.012839719389796157 -0.01594432833302465 0.0625
0.0013026917208052522 0.020430932291027385 0.0625
-0.01476216518376468 -0.014185854894480137 0.0625
0.02046854505260066 0.0004885319126291091 0.0625
-0.015423602472970475 0.013466717742485701 0.0625
0.0022763559074182966 -0.02034940303258948 0.0625
0.012067885847803614 0.016543461885723358 0.0625
-0.02007438879064373 -0.0040470871848871035 0.0625
0.017536833956032744 -0.01057636302320117 0.0625
-0.0057871609620935485 0.019645578841022235 0.0625
-0.0090035547288227 -0.018396086601369717 0.0625
0.019066227976801985 0.007483244666360529 0.0625
-0.019114613470111747 0.007361491145700213 0.0625
0.009122340090735563 -0.018340744566918723 0.0625
0.005662735158101149 0.019686884733984833 0.0625
-0.01747465701330311 -0.010691883008498385 0.0625
0.020108489645064603 -0.003920286238826158 0.0625
-0.012179839482209994 0.016474571623796435 0.0625
-0.0021474809720021513 -0.02037617053017786 0.0625
0.01534812222125031 0.01357479813041662 0.0625
-0.020487847960424462 0.00035789097576123074 0.0625
0.014866057643501884 -0.014103911873663964 0.0625
-0.0014347809953424932 0.02044263690171608 0.0625
-0.01275144718964879 -0.016043708878236293 0.0625
0.020240853720652905 0.0032168059716326577 0.0625
-0.017098710900378917 0.011301065681840066 0.0625
0.004974533910818789 -0.019884013990392232 0.0625
0.009763856752213472 0.018022960392850434 0.0625
-0.019374821111683465 -0.006694498255303732 0.0625
0.01880935389578191 -0.008151576904086346 0.0625
-0.008363519104869778 0.01871714583430065 0.0625
-0.006476559828374426 -0.019451842400900914 0.0625
0.01791599683412907 0.009968804213117901 0.0625
-0.019945477880138607 0.004751622052825918 0.0625
0.011498047034568214 -0.016977482569299172 0.0625
0.002989964874667035 0.020286451391218163 0.0625
-0.015908764706366138 -0.012939521069864957 0.0625
0.02047212246626821 -0.001205073328107597 0.0625
-0.014282169787138083 0.01471800347096576 0.0625
0.0005893870409069322 -0.020501039556959325 0.0625
0.013414295340503436 0.015515691428929225 0.0625
-0.020372951377741796 -0.002379674801347563 0.0625
0.016630618054888406 -0.01200760355409937 0.0625
-0.004152077865587319 0.020088809058729687 0.0625
-0.010508681971492604 -0.017618388212944636 0.0625
0.019650759089885155 0.005893018512723 0.0625
-0.01847141268218434 0.008928992861708404 0.0625
0.007589157403209986 -0.019062127108728004 0.0625
0.007280619250851045 0.019183132781799152 0.0625
-0.01832739265427605 -0.009227495786831238 0.0625
0.019748070798591564 -0.005576172498570615 0.0625
-0.010795475122307076 0.017452155078489563 0.0625
-0.003828695811241171 -0.02016187214484271 0.0625
0.016443090874921393 0.012281073343933616 0.0625
-0.020421338922679593 0.002051564428686447 0.0625
0.013672897038120246 -0.015307902749395901 0.0625
0.0002583832493720116 0.020524454635786157 0.0625
-0.01405526082186622 -0.014960268822093826 0.0625
0.020470399857714316 0.001537117323202635 0.0625
-0.016133309255870802 0.012694736407442002 0.0625
0.0033211865143673394 -0.020259558734996783 0.0625
0.011236728883018366 0.017183012658132477 0.0625
-0.01989351627359907 -0.005080158488871093 0.0625
0.018101316244811125 -0.009692386197698528 0.0625
-0.006800557030486805 0.0193750464276888 0.0625
-0.00807351963556029 -0.018881162058894112 0.0625
0.018708091080098944 0.008469198789656691 0.0625
-0.019516551216637108 0.00639251348128267 0.0625
0.010073294307007043 -0.017897730074074185 0.0625
0.004662230280495324 0.020002590052581502 0.0625
-0.016950142523692615 -0.011600546040014986 0.0625
0.020335527808800997 -0.002895912418820927 0.0625
-0.01303924264035299 0.015872559697981934 0.0625
-0.00110708077384517 -0.020512785577784954 0.0625
0.014673209837588864 0.014378348759926692 0.0625
-0.02053297627603269 -0.000690568785769201 0.0625
0.015607589695988825 -0.013361255325816643 0.0625
-0.002483270260586487 0.020395915493374814 0.0625
-0.0119467226928822 -0.01671753022726065 0.0625
0.02010262313328399 0.00425729293814219 0.0625
-0.01769964703522223 0.010440425988844941 0.0625
0.005999046559667584 -0.01965531582994638 0.0625
0.00885388411018433 0.018546394155291364 0.0625
-0.01905739019830678 -0.0076951854317800945 0.0625
0.019251260954630797 -0.007199232713054062 0.0625
-0.009332710684379042 0.018313397043740336 0.0625
-0.00548913138557826 -0.01980882219193912 0.0625
0.01742900672694283 0.010899069892067929 0.0625
-0.020214779773686686 0.0037366667902487116 0.0625
0.0123822532945308 -0.01641096594811168 0.0625
0.001955252516669505 0.020465995885762745 0.0625
-0.015267046279156475 -0.013770885879640949 0.0625
0.020560517244870968 -0.0001585264121954232 0.0625
-0.015054314622190474 0.014005984837065263 0.0625
0.0016397538251404034 -0.020497590282590232 0.0625
0.012637417550814779 0.01622269020989918 0.0625
-0.020277667143836626 -0.003425815990938312 0.0625
0.0172670426288756 -0.011171805532347619 0.0625
-0.005185978850222002 0.01990240245209231 0.0625
-0.009620355113176307 -0.018179350029535777 0.0625
0.01937464086456329 0.006906756935725637 0.0625
-0.01895260034343546 0.00799493215868716 0.0625
0.008574963867399362 -0.01869839551065266 0.0625
0.006307971314599059 0.019580845178239766 0.0625
-0.017878817477320497 -0.010177813400365488 0.0625
0.020059245576075167 -0.004572380880756633 0.0625
-0.0117030174278248 0.016922156573085743 0.0625
-0.002801444038637131 -0.020384109283909966 0.0625
0.01583571367005584 0.013138880186682831 0.0625
-0.020552919248411305 0.0010087171894461225 0.0625
0.014474387945002573 -0.014627784986714982 0.0625
-0.0007920738199788608 0.020564353115614994 0.0625
-0.013307598737231745 -0.015699293482473283 0.0625
0.02041829358424058 0.0025871387878812846 0.0625
-0.01680419471658903 0.011885244630505566 0.0625
0.004362728761779705 -0.020115829531767767 0.0625
0.010371596758422941 0.01778060687042686 0.0625
-0.019659247902808517 -0.006105241346246617 0.0625
0.01862102762909914 -0.008778230461563796 0.0625
-0.0078013249085564194 0.01905201642008366 0.0625
-0.007117333808815961 -0.019318994783732543 0.0625
0.018298757248976175 0.009437980882744041 0.0625
-0.019869135920544793 0.0054016143671051335 0.0625
0.011002663389631356 -0.017405211815271483 0.0625
0.003644201975481692 0.020267209772484605 0.0625
-0.01637819704418552 -0.012483375408191196 0.0625
0.020510138915733733 -0.0018585482660680862 0.0625
-0.013868760761835333 0.015225553353851434 0.0625
-5.8323701910300164e-05 -0.02059603355857131 0.0625
0.013956084800688955 0.015148191213342233 0.0625
-0.020524206238917937 -0.0017426870810223138 0.0625
0.01631184800168447 -0.01257949183273881 0.0625
-0.0035306908252591574 0.02029517731621064 0.0625
-0.011106297165290132 -0.01735079719425792 0.0625
0.019910671213880664 0.005291991289934627 0.0625
-0.0182570582768594 0.009547765344590313 0.0625
0.0070130941653375745 -0.019373603439425204 0.0625
0.00791581661546431 0.01902366545412159 0.0625
-0.018688058479632733 -0.008680810461116356 0.0625
0.01964472119040235 -0.00622293575021925 0.0625
-0.010282357574875915 0.017859258738883648 0.0625
-0.004482076537132167 -0.020115441578928594 0.0625
0.016893524756287213 0.011805457268090513 0.0625
-0.020432193190553033 0.0027065626584134705 0.0625
0.01323842979723276 -0.01579822700507053 0.0625
0.0009099857172745319 0.020592521117977672 0.0625
-0.01458172964138909 -0.014570283479240716 0.0625
0.020595167999388632 0.0008938988068895087 0.0625
-0.01579079900354062 0.01325332663257722 0.0625
0.002691276877573948 -0.02044008387380629 0.0625
0.01182317075167593 0.016890607845092928 0.0625
-0.020128426791020997 -0.004468381688990792 0.0625
0.01786126417585823 -0.01030219598144995 0.0625
-0.006211599111333265 0.01966255416979401 0.0625
-0.008702033920299558 -0.018695309723295733 0.0625
0.019046004968637842 0.007907571987318403 0.0625
-0.019386331077174628 0.007034924830172201 0.0625
0.00954330247981311 -0.01828347280411446 0.0625
0.005313624005471231 0.019929009005178352 0.0625
-0.01738077022060229 -0.011106251687163619 0.0625
0.020319159397467444 -0.0035513041802006508 0.0625
-0.012584435761689716 0.016344784384013912 0.0625
-0.0017614547192343717 -0.020553765525374836 0.0625
0.01518342453655128 0.013966517795887869 0.0625
-0.020631001365267073 -4.222163365344068e-05 0.0625
0.015241894770729358 -0.01390556161390158 0.0625
-0.0018459136621303144 0.020550245807580032 0.0625
-0.012520960485355738 -0.016400778899923023 0.0625
0.020312087640246237 0.0036358074337010837 0.0625
-0.017434272745234982 0.011040205335262416 0.0625
0.005398192097226309 -0.019918321266649042 0.0625
0.009474618754957202 0.01833443752745672 0.0625
-0.019371933189304545 -0.0071195649100995705 0.0625
0.019094354107726204 -0.007836175164502098 0.0625
-0.008786734692039234 0.01867707936085603 0.0625
-0.006137409225535467 -0.01970817617128262 0.0625
0.017839053574301468 0.01038692291168092 0.0625
-0.02017117520435148 0.004391319946821911 0.0625
0.011907861632160288 -0.016864247132597557 0.0625
0.002611271214846144 0.020479776918768327 0.0625
-0.015760100105431107 -0.013337887563883216 0.0625
0.020631588843341108 -0.0008108895111682888 0.0625
-0.01466603150474598 0.014535044544197254 0.0625
0.0009960403999121543 -0.02062541886900101 0.0625
0.013198440089148713 0.015882102480879293 0.0625
-0.020461284604229822 -0.002795681016265567 0.0625
0.0169767659431987 -0.011760502459922738 0.0625
-0.00457424806611478 0.020140413467196878 0.0625
-0.010232225376666564 -0.017941615418938756 0.0625
0.01966523351215783 0.006318116088859451 0.0625
-0.01876923706918442 0.008625296507410837 0.0625
0.00801392281866474 -0.019039355058837592 0.0625
0.006952008085209334 0.019453266655839168 0.0625
-0.018267543263501777 -0.009648671572609922 0.0625
0.019988438480775732 -0.005225162877867437 0.0625
-0.011209830857674512 0.017355681840317546 0.0625
-0.0034579762306530784 -0.02037062592038444 0.0625
0.016310728208890287 0.012685430433994373 0.0625
-0.020596873244062824 0.0016639749301023252 0.0625
0.014064153096952477 -0.015140660410480187 0.0625
-0.00014310633597859414 0.020665418470880353 0.0625
-0.013854416197157231 -0.015335421475653917 0.0625
0.020575707087869 0.0019494301306323875 0.0625
-0.016489479181050207 0.012461824759549132 0.0625
0.003741162225755195 -0.020328396523104877 0.0625
0.01097353161411706 0.017517465681826622 0.0625
-0.01992535133764572 -0.005504577556123624 0.0625
0.018411484332643592 -0.009400917224867984 0.0625
-0.007226165356763177 0.01936962917137847 0.0625
-0.0077560099804352915 -0.01916466303339008 0.0625
0.01866545754856222 0.00889273267914997 0.0625
-0.019771207052736987 0.006051394192894992 0.0625
0.01049150549198645 -0.017818201719354793 0.0625
0.004300113821239154 0.02022644361039251 0.0625
-0.016834323781478294 -0.0120102265932144 0.0625
0.02052685787465697 -0.0025155726571962048 0.0625
-0.013437249581641846 0.01572133339385264 0.0625
-0.0007114317357798818 -0.02067012009847367 0.0625
0.01448773045768554 0.014761628168513483 0.0625
-0.020655103684098917 -0.0010984952431045782 0.0625
0.015973200143179517 -0.013142940203239526 0.0625
-0.002900347682291911 0.020481894036485593 0.0625
-0.01169724117708944 -0.01706266534996814 0.0625
0.020151788135849735 0.004680324233194301 0.0625
-0.01802165707699425 0.010161686680823366 0.0625
0.006424788508465691 -0.019667284830944185 0.0625
0.00854802026099337 0.01884280630950833 0.0625
-0.01903206592567019 -0.008120373550579046 0.0625
0.019519798353701958 -0.006868585897462032 0.0625
-0.009754084256845414 0.0182509682019985 0.0625
-0.005136233575730137 -0.020047421396667015 0.0625
0.017329946592187444 0.011313396974911245 0.0625
-0.020421606628466107 0.0033642209666116044 0.0625
0.012786355506827793 -0.01627602878017284 0.0625
0.0015661119647270843 0.02063945961777921 0.0625
-0.01509726157866204 -0.014161662784625788 0.0625
0.020699282698933265 0.0002443271365240541 0.0625
-0.015428767515219667 0.013802649490634122 0.0625
0.0020532330402485348 -0.020600588197486787 0.0625
0.012402085925105217 0.016577945129186162 0.0625
-0.020344102391131963 -0.003846751603514167 0.0625
0.017600372413521886 -0.010906277591613826 0.0625
-0.005611143944959113 0.019931760173876985 0.0625
-0.009326662651992916 -0.01848819525470024 0.0625
0.019366690462797882 0.007332891688697823 0.0625
-0.019234588972469317 0.0076753232544409375 0.0625
0.008998800539806666 -0.018653192457184782 0.0625
0.005964893119769712 0.019833810780324698 0.0625
-0.017796702930386155 -0.010596101396626256 0.0625
0.020281243970138356 -0.004208460885374447 0.0625
-0.012112548225859176 0.016803754802907467 0.0625
-0.002419469947458379 -0.020573433480421923 0.0625
0.015681927312976414 0.01353651194918855 0.0625
-0.020708112574497527 0.0006116155671150197 0.0625
0.014857069622938016 -0.014439788163929983 0.0625
-0.0012012599710135223 0.020684220422390605 0.0625
-0.013086828090589496 -0.016064088225833353 0.0625
0.02050191045033319 0.00300527334638946 0.0625
-0.01714830241283897 0.011633388343806861 0.0625
0.004786606523830068 -0.020162549392029456 0.0625
0.010090581648133217 0.018101385637634408 0.0625
-0.01966870704720432 -0.00653161259500709 0.0625
0.018916014098781592 -0.008470207235640464 0.0625
-0.008226920328302936 0.019024136824354367 0.0625
-0.00678466060643766 -0.01958592301770466 0.0625
0.018233747214720743 0.009859536627532941 0.0625
-0.020105954816494995 0.0050468387052749935 0.0625
0.011416946113254419 -0.0173035644145085 0.0625
0.0032700412407286735 0.020472098824593773 0.0625
-0.016240686379658607 -0.012887207064277794 0.0625
0.020681522209222692 -0.0014678689006272006 0.0625
-0.014259042982866496 0.015053228664069572 0.0625
0.00034588075618810347 -0.02073259189060786 0.0625
0.013750262453780911 0.015521929082821602 0.0625
-0.020624887272651413 -0.002157318935721328 0.0625
0.016666173036085582 -0.012341745270878588 0.0625
-0.003952571962336891 0.020359203689794655 0.0625
-0.010838444875904733 -0.017682989359041484 0.0625
0.019937546541987046 0.005717887537028028 0.0625
-0.018564566866846675 0.009251856951249235 0.0625
0.007439740085407117 -0.019363116160927882 0.0625
0.007594117193643998 0.01930412867883968 0.0625
-0.018640283521632852 -0.009104934389282707 0.0625
0.019895984313317516 -0.005877908488928987 0.0625
-0.01070070670666516 0.01777455698401317 0.0625
-0.004116363878332858 -0.020335573471656914 0.0625
0.01677254031704137 0.012214822606702959 0.0625
-0.020619501174497436 0.0023229660597819755 0.0625
0.013635670768503503 -0.015641882325761792 0.0625
0.0005114441918695927 0.020745563979766922 0.0625
-0.014391218464959502 -0.014952352025477756 0.0625
0.020712767079714197 0.0013043312085156606 0.0625
-0.01615476297140327 0.013030104885908549 0.0625
0.0031104544711711654 -0.020521332144448404 0.0625
0.011568945418977598 0.017233673488049994 0.0625
-0.020172695850204304 -0.004893091265769523 0.0625
0.018180797598537742 -0.010018912050767008 0.0625
-0.00663858456920457 0.019669499101845962 0.0625
-0.008391859502955694 -0.018988857103118456 0.0625
0.019015567030459125 0.008333559294210126 0.0625
-0.019651637508031606 0.006700234567007746 0.0625
0.009965024778540672 -0.018215879917343285 0.0625
0.004956980886866458 0.020164035818437755 0.0625
-0.017276535265829042 -0.01152047434824476 0.0625
0.020522099827267628 -0.003175439919076118 0.0625
-0.012987981193357721 0.01620470130921845 0.0625
-0.0013692488273249733 -0.02072305859782453 0.0625
0.015008562309779122 0.014356289819917876 0.0625
-0.02076534390479738 -0.0004477639059753149 0.0625
0.015614902377829351 -0.013697256065754896 0.0625
-0.0022616843534848255 0.020648602468089746 0.0625
-0.012280804104353392 -0.016754159201538492 0.0625
0.020373698883837 0.0040586196903305664 0.0625
-0.017765312946739116 0.0107700350929987 0.0625
0.005824804600085933 -0.019942709228457846 0.0625
0.00917650205497308 0.018640595753222987 0.0625
-0.01935890538316702 -0.007546706723173164 0.0625
0.019373278918749477 -0.00751239402163766 0.0625
-0.009211130341392891 0.018626730197054752 0.0625
-0.0057904427978896856 -0.019957724624925746 0.0625
0.017751763677451987 0.01080531750296567 0.0625
-0.02038942931819069 0.004023825552693109 0.0625
0.012317045813952663 -0.016740680464574647 0.0625
0.0022260639810116408 0.020665058411542 0.0625
-0.01560119891509518 -0.013734722145410626 0.0625
0.02078247203990849 -0.00041092080796900935 0.0625
-0.015047471539161514 0.014342022182318791 0.0625
0.0014077055714120108 -0.020740741670061263 0.0625
0.012972771743329295 0.016245220629325936 0.0625
-0.020540157436384963 -0.0032158875117950843 0.0625
0.01731877494038559 -0.011503913880252759 0.0625
-0.004999774780396357 0.02018222614443988 0.0625
-0.009946679678299675 -0.018259889467828118 0.0625
0.019669659955856213 0.00674570064715198 0.0625
-0.01906133200055996 0.008312979150968016 0.0625
0.008440286588373147 -0.01900635583972184 0.0625
0.006615310149934802 0.019716938697986804 0.0625
-0.018197365945834137 -0.010070544803206826 0.0625
0.02022166149513214 -0.004866662755553368 0.0625
-0.011623977756164885 0.017248859125292434 0.0625
-0.0030804198804952805 -0.020571606970770408 0.0625
0.01616807389117559 0.013088673983619818 0.0625
-0.020764066379854756 0.001270254845684664 0.0625
0.014453399428777927 -0.014963263178605192 0.0625
-0.0005499732864593617 0.02079753661817142 0.0625
-0.013643631324961367 -0.015707683606074226 0.0625
0.020671731957149345 0.002366325821135099 0.0625
-0.016841899933095063 0.012219263752109312 0.0625
0.004164891169017611 -0.020387586457210654 0.0625
0.01070104988724982 0.017847339614368036 0.0625
-0.019947247039481742 -0.005931891397007089 0.0625
0.018716278509205764 -0.009100599912414695 0.0625
-0.007653787774574211 0.019354057267192797 0.0625
-0.007430155977883256 -0.019442036471119112 0.0625
0.01861253195912479 0.009317384508034337 0.0625
-0.020019028702199536 0.005702498559448421 0.0625
0.010909929866790954 -0.017728322828223283 0.0625
0.00393084867504641 0.020442808728105 0.0625
-0.016708175406394625 -0.012419213927988759 0.0625
0.020710102662571925 -0.0021287667100298455 0.0625
-0.013833662189208612 0.015559877584186194 0.0625
-0.00031004862390143507 -0.020818834497896777 0.0625
0.014292200157495251 0.015142424332255806 0.0625
-0.020768142225666746 -0.0015113796658940328 0.0625
0.016335457456377937 -0.01291482983592376 0.0625
-0.0033215689154403516 0.020558384662710746 0.0625
-0.011438295223509766 -0.017403603143597412 0.0625
0.020191138928298918 0.0051066533833942634 0.0625
-0.018338657763864025 0.009873886338208975 0.0625
0.0068529570409686155 -0.01966918859014369 0.0625
0.008233568284647106 0.019133435480907585 0.0625
-0.018996502568315924 -0.008547098348092561 0.0625
0.019781823474265697 -0.006529889741258325 0.0625
-0.010176092793894065 0.018178204956762298 0.0625
-0.00477588696043345 -0.02027882895389085 0.0625
0.017220535992315107 0.01172745241462868 0.0625
-0.02062061760514051 0.0029849840171379603 0.0625
0.01318928152771425 -0.016130804467933264 0.0625
0.0011708900684537554 0.02080454316844271 0.0625
-0.01491733195351343 -0.014550367946848875 0.0625
0.020829167925220566 0.0006525055884533284 0.0625
-0.015800268979536135 0.013589389249495655 0.0625
0.002471239858026679 -0.020694273931793312 0.0625
0.01215712555931668 0.016929391546508965 0.0625
-0.02040086491323522 -0.0042713827728182 0.0625
0.017929065809478638 -0.010631490920815582 0.0625
-0.0060391441852829615 0.01995115880116649 0.0625
-0.009024152490246672 -0.018791611741220463 0.0625
0.01934857097077357 0.0077609794091299 0.0625
-0.019510398127398666 0.007347405318233014 0.0625
0.009423692999745253 -0.01859768830383369 0.0625
0.005614078301054886 0.020079893546272223 0.0625
-0.01770423427448042 -0.011014539879373657 0.0625
0.02049570893507564 -0.003837436025350861 0.0625
-0.012521323030964438 0.016675025323945977 0.0625
-0.0020310772582987856 -0.020754631414959444 0.0625
0.015517918856169393 0.013932487013212768 0.0625
-0.020854649114099753 0.00020883085925781794 0.0625
0.015237206578718021 -0.014241753251530249 0.0625
-0.0016153500892160586 0.020794966797022536 0.0625
-0.012856280356159636 -0.01642546971638327 0.0625
0.020576012178962547 0.003427495121978302 0.0625
-0.01748815448015289 0.011372090963332488 0.0625
0.005213723384237152 -0.020199432875025444 0.0625
0.009800533855315248 0.018417099015611 0.0625
-0.019668084005766542 -0.006960349958307441 0.0625
0.019205164246015705 -0.008153629025382497 0.0625
-0.00865399070853355 0.018986006552632786 0.0625
-0.006443975742823834 -0.01984628873683687 0.0625
0.018158396627024866 0.01028166484260463 0.0625
-0.020335535316630855 0.004684656165190703 0.0625
0.011830894402165504 -0.01719156588693447 0.0625
0.002889135233812069 0.020669129096329765 0.0625
-0.016092893402357686 -0.013289799921005298 0.0625
0.02084448659367307 -0.0010711576196730703 0.0625
-0.01464719151646058 0.014870769337197222 0.0625
0.0007553574924720669 -0.020860235738326793 0.0625
0.013534530876675548 0.01589265471682803 0.0625
-0.02071622660267251 -0.0025764229751195212 0.0625
0.01701663036546607 -0.01209439089020601 0.0625
-0.0043780908697193255 0.020413532774521913 0.0625
-0.010561359874148359 -0.01801048798918922 0.0625
0.01995444335942297 0.006146559217609523 0.0625
-0.018866592067087923 0.008947161771986418 0.0625
0.00786827779282028 -0.01934244567201912 0.0625
0.007264144314324348 0.019578360691862567 0.0625
-0.018582198747608837 -0.009530051925585955 0.0625
0.020140316172266543 -0.005525184565346092 0.0625
-0.011119143622518464 0.017679497874708065 0.0625
-0.0037435903974718677 -0.020548127188042137 0.0625
0.01664123041892365 0.012623369207319029 0.0625
-0.020798642172560115 0.0019329986491986855 0.0625
0.014031192734389039 -0.015475323274504746 0.0625
0.00010727074406150766 0.020889913666347897 0.0625
-0.014190682345172893 -0.015331814458125903 0.0625
0.020821213452972633 0.0017196134291611724 0.0625
-0.016515253680676127 0.012797124515410235 0.0625
0.0035336625634486835 -0.020593038359787545 0.0625
0.011305302632546437 0.017572425341612314 0.0625
-0.02020710667743739 -0.0053209810868547 0.0625
0.01849520976243526 -0.009726624072283224 0.0625
-0.007067875603008806 0.019666345223767253 0.0625
-0.008073163511152186 -0.019276515009778113 0.0625
0.01897486714955448 0.008760959802256729 0.0625
-0.01991033139920877 0.0063575705716634725 0.0625
0.010387257040536786 -0.01813794065415969 0.0625
0.0045929730475291735 0.02039177772006822 0.0625
-0.017161948849479542 -0.011934299798808806 0.0625
0.020717138826181584 -0.00279287644852392 0.0625
-0.01339022526212898 0.016054341077398438 0.0625
-0.0009710606348397665 -0.020883894302631028 0.0625
0.01482357605249484 0.014743866284523253 0.0625
-0.02089073798780147 -0.0008585256694058153 0.0625
0.01598483704288638 -0.01347905726348721 0.0625
-0.0026818716748251473 0.020737588199204134 0.0625
-0.012031061127556458 -0.01710361272202455 0.0625
0.02042558858313911 0.00448501182075782 0.0625
-0.0180916026205797 0.010490658445447254 0.0625
0.006254132741749671 -0.0199570995800636 0.0625
0.008869629758507212 0.018941216115841222 0.0625
-0.019335680569185172 -0.007975679088731877 0.0625
0.01964592098147186 -0.007180375254105024 0.0625
-0.009636457393021323 0.018566062827440954 0.0625
-0.005435819909514577 -0.020200293609532634 0.0625
0.017654113508055107 0.011223737178173154 0.0625
-0.020600060751389596 0.0036493145985318797 0.0625
0.012725348543682489 -0.016606790913412443 0.0625
0.00183453391857082 0.02084213245571607 0.0625
-0.01543209140257215 -0.014129775473894083 0.0625
0.02092462594998487 -5.37151930894319e-06 0.0625
-0.015426244155610619 0.014138988339039302 0.0625
0.001824166264716626 -0.02084688028071994 0.0625
0.012737363544414447 0.016604805627812143 0.0625
-0.02060946159889103 -0.0036400676647331607 0.0625
0.017656412128587016 -0.011237931782382618 0.0625
-0.005428422789123288 0.020214159048115927 0.0625
-0.009652158849055601 -0.018572986554471996 0.0625
0.0196639712854058 0.007175530174609832 0.0625
-0.019347484498119752 0.007992173896695192 0.0625
0.008868001759855205 -0.018963083736228268 0.0625
0.006270676660527254 0.019973948388316187 0.0625
-0.01811683675606507 -0.010492865478699789 0.0625
0.02044755331573502 -0.004500840299341188 0.0625
-0.012037664685682764 0.017131684940923528 0.0625
-0.0026962105918195162 -0.020764644192582744 0.0625
0.016015147896475842 0.013490553652612093 0.0625
-0.02092276395945373 0.0008706022610722338 0.0625
0.014840388403048731 -0.014775752841958907 0.0625
-0.0009620067799821274 0.020920672621960998 0.0625
-0.01342296948611067 -0.016076812189452915 0.0625
0.02075835696955544 0.0027875824516072883 0.0625
-0.017190334956347485 0.011967137673168872 0.0625
0.004592141980691453 -0.020437030900528855 0.0625
0.01041938835115278 0.01817240618046663 0.0625
-0.019959126348907175 -0.0063618610003959904 0.0625
0.01901548052806779 -0.008791558467454719 0.0625
-0.008083179456578118 0.01932827488092907 0.0625
-0.0070961004412218925 -0.019713075826163978 0.0625
0.018549280100662577 0.009742905508479664 0.0625
-0.020259822901559085 0.005345986905844617 0.0625
0.011328316629030631 -0.017628081074025845 0.0625
0.003554611449452359 0.020651506904907017 0.0625
-0.01657170705003257 -0.01282725712878248 0.0625
0.02088509980137725 -0.0017356861140517402 0.0625
-0.014228231356712386 0.015388223824076203 0.0625
9.686356370424836e-05 -0.020958783777930118 0.0625
0.014086672153212625 0.015520491862305913 0.0625
-0.020871965385926693 -0.0019290051655395325 0.0625
0.01669412184402811 -0.012676998692779906 0.0625
-0.0037467068430318013 0.02062528030918316 0.0625
-0.011169979982646143 -0.01774011125070202 0.0625
0.0202205887192909 0.0055360447835332526 0.0625
-0.01865042595242333 0.00957714006335786 0.0625
0.007283309868999178 -0.019660961251987127 0.0625
0.007910662352981495 0.01941806944928155 0.0625
-0.01895065571034429 -0.008975112709487015 0.0625
0.02003713664478176 -0.006183296457258361 0.0625
-0.010598486247472366 0.018095084671317214 0.0625
-0.004408260626878539 -0.020502859270002134 0.0625
0.017100774242547093 0.012140985145590037 0.0625
-0.020811642609446707 0.0025991406073281667 0.0625
0.013590781197428294 -0.015975314283094073 0.0625
0.0007697856565142167 0.020961093245416017 0.0625
-0.014727300468277723 -0.014936754028806488 0.0625
0.020950037607158134 0.0010657974754426953 0.0625
-0.016168576394768694 0.013366268640369631 0.0625
0.0028935517914524815 -0.020778531180768823 0.0625
0.011902621947347645 0.0172767934171396 0.0625
-0.020447858307677723 -0.004699477697482466 0.0625
0.018252895155792953 -0.010347551325392416 0.0625
-0.0064697402317601465 0.019960522571654885 0.0625
-0.00871294993376084 -0.019089381955730702 0.0625
0.019320227846106867 0.008190775053346101 0.0625
-0.01977982206871967 0.007011322195548452 0.0625
0.009849392376898223 -0.018531850145247216 0.0625
0.005255688141075376 0.020318901106205517 0.0625
-0.01760140049281771 -0.01143287805810227 0.0625
0.020702462943963277 -0.003459483784298961 0.0625
-0.012929091053955715 0.016535979091620863 0.0625
-0.001636458295617382 -0.02092754176310981 0.0625
0.015343721142633536 0.014326556512194432 0.0625
-0.020992384980734767 -0.00019943124284192902 0.0625
0.015614553775023727 -0.014033734727680023 0.0625
-0.002034126692635159 0.0208964668927144 0.0625
-0.012616031229446665 -0.01678319862295702 0.0625
0.02064049292271959 0.003853576508538847 0.0625
-0.017823519126967165 0.011101448821241111 0.0625
0.005643843356680562 -0.020226394443035388 0.0625
0.009501569610125729 0.018727524527922403 0.0625
-0.01965731420509944 -0.007391210877927639 0.0625
0.019488266613665553 -0.007828631067733918 0.0625
-0.009082288777512541 0.01893758248990271 0.0625
-0.006095432425326564 -0.020099893122807334 0.0625
0.01807268415888255 0.010704115437217396 0.0625
-0.020557692764264866 0.004315236750178609 0.0625
0.012244257262600892 -0.017069216856295585 0.0625
0.0025016694510994904 0.02085813150685928 0.0625
-0.015934840681233003 -0.013690904004620062 0.0625
0.02099887985896395 -0.000668613990878263 0.0625
-0.015032959323842666 0.01467821971383764 0.0625
0.0011698943970048818 -0.02097883092786289 0.0625
0.01330895584125007 0.01626012590405301 0.0625
-0.020798109118730267 -0.002999776172548381 0.0625
0.017362984461383815 -0.0118375153893773 0.0625
-0.004807015312970607 0.020458069405026126 0.0625
-0.010275149120478444 -0.018333066043407224 0.0625
0.019961287174108326 0.006577766669073811 0.0625
-0.019162917062506304 0.00863380620905432 0.0625
0.00829846203281845 -0.019311538724034155 0.0625
0.006926042852568101 0.01984615656504781 0.0625
-0.01851377255954691 -0.009955914102349807 0.0625
0.020377525295618586 -0.005164926216939088 0.0625
-0.011537417549319293 0.017574071705005054 0.0625
-0.003363934450825024 -0.020752926179470513 0.0625
0.0164996073216068 0.013030846412753828 0.0625
-0.02096945591121106 0.00153685353491331 0.0625
0.014424747073696925 -0.015298583982181879 0.0625
-0.0003023282458047718 0.021025427406637626 0.0625
-0.013980177021871003 -0.015708426096752978 0.0625
0.020920382943769626 0.002139527397822468 0.0625
-0.016872032266084632 0.01255446244218362 0.0625
0.003960673063919508 -0.02065509789085354 0.0625
0.011032339904659133 0.017906632185535773 0.0625
-0.02023157499114385 -0.005751814789935662 0.0625
0.01880427886333569 -0.009425449402012969 0.0625
-0.007499229389592357 0.01965302924646158 0.0625
-0.0077460822448230425 -0.01955807275414521 0.0625
0.01892386351349643 0.009189526088028624 0.0625
-0.020162214790430125 0.006007087043198282 0.0625
0.010809749137842495 -0.018049634998440096 0.0625
0.004221771403606158 0.020612050994883876 0.0625
-0.01703701290443495 -0.012347477122639953 0.0625
0.02090410833106707 -0.00240380009214833 0.0625
-0.013790918185795312 0.015893727555004213 0.0625
-0.0005670904447706265 -0.02103612151579872 0.0625
0.01462851138114853 0.015129000455139392 0.0625
-0.02100705058668713 -0.0012742941765416472 0.0625
0.016351456969201136 -0.01325103222335391 0.0625
-0.003106252064754442 0.02081708908829976 0.0625
-0.011771819456997748 -0.0174489044547745 0.0625
0.020467662812644453 0.004914751162357202 0.0625
-0.0184129153504123 0.01020218350641426 0.0625
0.006685936541251861 -0.0199614191020166 0.0625
0.008554129362177391 0.01923608252361001 0.0625
-0.019302206794275713 -0.008406236546220698 0.0625
0.01991207618405706 -0.006840264763904084 0.0625
-0.010062466787590185 0.018495046962596354 0.0625
-0.005073703749519226 -0.02043569255645902 0.0625
0.017546094671881604 0.01164193118710843 0.0625
-0.020802893938042306 0.0032679663098879592 0.0625
0.013132519301514127 -0.016462592043641214 0.0625
0.0014368749157998898 0.021010839832723133 0.0625
-0.01525281298656025 -0.014522799179118986 0.0625
0.02105790892162641 0.00040555128958833257 0.0625
-0.015802105036338665 0.013926000015098382 0.0625
0.002245203824415184 -0.020943711700336966 0.0625
0.012492293638055887 0.01696061908246832 0.0625
-0.020669093684184122 -0.004067992904912708 0.0625
0.017989446864113624 -0.01096265485743452 0.0625
-0.0058599553589359435 0.020236129155332006 0.0625
-0.009348781368812826 -0.018880685552122793 0.0625
0.019648105498030113 0.007607361588506154 0.0625
-0.019627484645915155 0.007663018104791668 0.0625
0.009296820763506209 -0.01890949824007078 0.0625
0.005918262804872175 0.020224098629418978 0.0625
-0.018025936990125977 -0.010915383439348707 0.0625
0.02066593117338246 -0.004127867335200974 0.0625
-0.012450640813077875 0.017004162529913654 0.0625
-0.00230553551178757 -0.020949570544617054 0.0625
0.01585197538879639 0.013890819856041382 0.0625
-0.02107281594891545 0.0004652182102355437 0.0625
0.015224873595131489 -0.014578176292399127 0.0625
-0.0013789934360427143 0.021034694604470758 0.0625
-0.013192498940470632 -0.01644256584921226 0.0625
0.020835469413272748 0.003212975930282675 0.0625
-0.017534549771458047 0.011705535626884433 0.0625
0.005022681574880013 -0.020476637170135162 0.0625
0.010128656271060438 0.01849243959413436 0.0625
-0.0199609173212995 -0.006794246072394313 0.0625
0.019308875026129352 -0.008473921478590548 0.0625
-0.008514094741744596 0.01929223135691144 0.0625
-0.0067539902967700145 -0.01997757780791096 0.0625
0.018475672993842993 0.010169046534684596 0.0625
-0.020493399989822577 0.004982023369790629 0.0625
0.011746415056992532 -0.017517469375136898 0.0625
0.003171582235615839 0.020852363562021598 0.0625
-0.016424933581976862 -0.013234105818968226 0.0625
0.02105169113154155 -0.0013365255336786387 0.0625
-0.01462070897054549 0.015206408819922298 0.0625
0.0005090970810869689 -0.021089827409488886 0.0625
0.013871204706089683 0.015895586808978002 0.0625
-0.020966451342330168 -0.0023511525066872074 0.0625
0.017048955389190382 -0.01242952614291455 0.0625
-0.004175532420184176 0.020682478792639698 0.0625
-0.010892395322636124 -0.018071959609721758 0.0625
0.020240055747107622 0.005968261334256054 0.0625
-0.018956741198643157 0.009271567457968753 0.0625
0.007715603655367636 -0.019642542102112893 0.0625
0.007579440884244123 0.019696499076796586 0.0625
-0.018894486149211305 -0.009404168924326177 0.0625
0.020285541635525182 -0.00582896221924404 0.0625
-0.01102101443172113 0.018001589954662188 0.0625
-0.004033527307221372 -0.020719330526392486 0.0625
0.016970665896011216 0.012553744423316969 0.0625
-0.020994515626350182 0.0022068787041743193 0.0625
0.013990605133841994 -0.015809584687426614 0.0625
0.00036300049007655067 0.021108960908680564 0.0625
-0.01452721528988664 -0.0153205749213691 0.0625
0.021061761020299496 0.001483988788297496 0.0625
-0.016533448810130916 0.013133357165735675 0.0625
0.0033199442231684447 -0.020853248436515846 0.0625
0.011638665394117044 0.017619916794462523 0.0625
-0.02048499113681424 -0.005130802873297897 0.0625
0.018571635302096837 -0.01005456922030529 0.0625
-0.006902691482450677 0.019959780817887327 0.0625
-0.008393184660891954 -0.019381291268854305 0.0625
0.019281611732318613 0.008622032765195992 0.0625
-0.020042658332027292 0.006667221834138781 0.0625
0.010275649444557097 -0.018455650313456133 0.0625
0.00488988772297277 0.020550644711461494 0.0625
-0.017488195817203518 -0.01185086524516861 0.0625
0.020901332409514684 -0.00307478511557656 0.0625
-0.013335602066811352 0.016386632281089875 0.0625
-0.0012358084960384366 -0.021092007428434097 0.0625
0.015159372166309368 0.014718472594781186 0.0625
-0.02112118077187016 -0.0006129623169349587 0.0625
0.015988867635903004 -0.01381579211343213 0.0625
-0.0024573699705563636 0.02098860006831823 0.0625
-0.012366161301867715 -0.017137037511080772 0.0625
0.02069525172556787 0.004283287991179222 0.0625
-0.0181541668791016 0.010821562961316198 0.0625
0.006076728980901188 -0.020243353597975695 0.0625
0.009193809633989898 0.019032442418511465 0.0625
-0.019636338221204586 -0.007823951767646577 0.0625
0.019765112847091745 -0.0074953528363732765 0.0625
-0.009511566689417106 0.018878826740896026 0.0625
-0.005739187810644542 -0.02034654081838358 0.0625
0.017976593733491544 0.011126638204821461 0.0625
-0.020772246295845873 0.003938754095487219 0.0625
0.01265678404438547 -0.016936523186704806 0.0625
0.002107832675638632 0.02103894107153471 0.0625
-0.01576655597578479 -0.014090270141570915 0.0625
0.021144554162875896 -0.00026044049840155816 0.0625
-0.015416100617032 0.01447562923556505 0.0625
0.0015892768363559282 -0.02108824789159646 0.0625
0.013073608091794111 0.016624102124992365 0.0625
-0.020870424519921243 -0.0034271533899535673 0.0625
0.017705001915442272 -0.011571210272663167 0.0625
-0.005239111374567377 0.020492723391606075 0.0625
-0.009979924177561347 -0.018650499012362286 0.0625
0.019958008597949276 0.007011268986722928 0.0625
-0.019453327962605613 0.008311921028216445 0.0625
0.008730046759519649 -0.01927034726144292 0.0625
0.006579961774915008 0.02010731466508289 0.0625
-0.01843497860204963 -0.010382271617616845 0.0625
0.02060742385171042 -0.004797299469071801 0.0625
-0.011955277839107558 0.017458274020926118 0.0625
-0.002977577850187314 -0.020949797854539643 0.0625
0.016347688506064866 0.013437004149313739 0.0625
-0.021131786361143063 0.0011347269217780777 0.0625
0.014816086202997203 -0.015111703730068158 0.0625
-0.0007171436833461732 0.0211519669283364 0.0625
-0.013759763275097115 -0.0160819437448739 0.0625
0.021010156095641785 0.002563852733049716 0.0625
-0.017224861781167014 0.012302200478763617 0.0625
0.004391255992728627 -0.020707411011672245 0.0625
0.010750159453005557 0.018236065138481913 0.0625
-0.02024602155930198 -0.006185354558978779 0.0625
0.019107785838408796 -0.009115509878964768 0.0625
-0.007932402099097709 0.019629493038237904 0.0625
-0.007410756230344331 -0.01983332276988434 0.0625
0.018862519535788255 0.009619010175792853 0.0625
-0.020407093201757983 0.005648942118199043 0.0625
0.011232250848935693 -0.01795094818851036 0.0625
0.003843550489925128 0.0208246757389256 0.0625
-0.01690173460631045 -0.012759755769521909 0.0625
0.021082844391865065 -0.002008400445230934 0.0625
-0.01418981100512131 0.015722889799236597 0.0625
-0.00015754145994067824 -0.021179593496769473 0.0625
0.01442341901147891 0.01551144687059556 0.0625
-0.021114153294133027 -0.0016948541742142955 0.0625
0.016714522074245498 -0.013013252930361414 0.0625
-0.003534599869157262 0.020886996044547756 0.0625
-0.011503171794840538 -0.017789801535103903 0.0625
0.020499832633230172 0.005347603389327912 0.0625
-0.018729027273322367 0.009904722984271043 0.0625
0.007119974796530887 -0.019955599687725877 0.0625
0.008230132716757698 0.019524981830069767 0.0625
-0.019258437305573292 -0.008838132865447481 0.0625
0.020171543729260312 -0.006492212533377133 0.0625
-0.0104889091533094 0.018413657560995923 0.0625
-0.004704261282229011 -0.020663734555702196 0.0625
0.017427704029913452 0.012059648927134587 0.0625
-0.020997757287002563 0.002879963353261787 0.0625
0.013538308173888377 -0.016308102642209093 0.0625
0.0010332839417534847 0.02117102558440933 0.0625
-0.01506340423541665 -0.01491354595126296 0.0625
0.02118218381641514 0.0008216378567230268 0.0625
-0.016174811369865264 0.013703119248889192 0.0625
0.002670597302989891 -0.021031117660392257 0.0625
0.012237645056665355 0.017312424540400863 0.0625
-0.020718955199177845 -0.0044994327925263426 0.0625
0.018317650863979937 -0.010678186495156146 0.0625
-0.006294134323192626 0.02024805850252336 0.0625
-0.009036670191970795 -0.01918276809643349 0.0625
0.019622005756385216 0.008040950820418289 0.0625
-0.019901125670898735 0.007325653351824352 0.0625
0.009726495499190335 -0.01884556407498142 0.0625
0.005558227696367438 0.02046719582344719 0.0625
-0.017924653202403024 -0.011337848454340133 0.0625
0.020876616128251247 -0.00374791929390694 0.0625
-0.012862655693772025 0.016866300379854322 0.0625
-0.0019085850440467358 -0.02112622311558886 0.0625
0.01567858672321129 0.01428922385445559 0.0625
-0.021214076713164918 5.4306610592066286e-05 0.0625
0.015606609876342539 -0.014370585519304618 0.0625
-0.0018007173862757654 0.021139475322125765 0.0625
-0.012952292912686745 -0.01680470494545991 0.0625
0.020902961410568147 0.003642280091961481 0.0625
-0.017874312062954947 0.011434551511804182 0.0625
0.005456275222580075 -0.020506317580088796 0.0625
0.009828967499330715 0.018807216644073105 0.0625
-0.019952553133762638 -0.007228805118716293 0.0625
0.01959624960612251 -0.008147821879161528 0.0625
-0.008946287221024952 0.019245881246618083 0.0625
-0.006403976539713206 -0.020235342460131554 0.0625
0.018391686912141318 0.010595558150742687 0.0625
-0.02071957398329883 0.00461077585126476 0.0625
0.012163974598964695 -0.017396485908244278 0.0625
0.0027819445513400562 0.02104520811285242 0.0625
-0.01626787509544215 -0.013639510250705233 0.0625
0.021209722770068135 -0.0009314826980965597 0.0625
-0.015010848000195899 0.015014474426866058 0.0625
0.000926441503113174 -0.021211829391669865 0.0625
0.013645861111963689 0.01626746675155653 0.0625
-0.021051483017533627 -0.002777600180460334 0.0625
0.017399722138060444 -0.0121724964373907 0.0625
-0.004607814751812381 0.020729882855746683 0.0625
-0.010605645803639532 -0.01839892054137262 0.0625
0.0202494633190041 0.006403064523515869 0.0625
-0.01925738584191684 0.008957292589590946 0.0625
0.008149594098763221 -0.019613875599314982 0.0625
0.007240046502360605 0.0199685183887953 0.0625
-0.018827959920296938 -0.009834018773608889 0.0625
0.02052684573550497 -0.00546704711437366 0.0625
-0.01144342711191414 0.017897708678328312 0.0625
-0.0036518633247965824 -0.02092806475183517 0.0625
0.01683022075270659 0.012965479914571788 0.0625
-0.021169074787511007 0.0018083895157752698 0.0625
0.014388504823237837 -0.01563364733360906 0.0625
-4.9260803263645824e-05 0.021248001632465624 0.0625
-0.014317129680788377 -0.015701585834032455 0.0625
0.02116421208824739 0.0019068630479620215 0.0625
-0.016894647033794008 0.012890729289047824 0.0625
0.00375019048168205 -0.02091831903741554 0.0625
0.011365350993002258 0.01795852991772608 0.0625
-0.020512176970459033 -0.005565123173171486 0.0625
0.018885063694209277 -0.00975265959959942 0.0625
-0.0073377561563090915 0.01994886800273509 0.0625
-0.008064990685050783 -0.019667128037668444 0.0625
0.01923267848690539 0.009054505962189582 0.0625
-0.020298707806924603 0.006315256239385554 0.0625
0.01070221470824031 -0.018369066398124995 0.0625
0.004516845879022204 0.020774939309301486 0.0625
-0.017364619740602917 -0.012268250945601961 0.0625
0.021092147754062512 -0.002683524384237221 0.0625
-0.013740606493257318 0.01622700629190286 0.0625
-0.0008293263447633707 -0.021247875607078498 0.0625
0.014964915068834668 0.015107988515436635 0.0625
-0.021240901627732376 -0.0010315512788980252 0.0625
0.01635990613702177 -0.013587989961279686 0.0625
-0.002884857857494105 0.021071250440874517 0.0625
-0.012106756041674 -0.01748675093170227 0.0625
0.02074019256864851 0.004716398224850946 0.0625
-0.018479870666493616 0.010532539112183202 0.0625
0.006512141404686 -0.020250234920251523 0.0625
0.008877379105387743 0.019331635735737034 0.0625
-0.019605101810985945 -0.008258328098403196 0.0625
0.020035497775034352 -0.007153937999912598 0.0625
-0.00994157611194797 0.018809706654021624 0.0625
-0.00537540295637423 -0.02058604000425053 0.0625
0.017870114540258823 0.01154898291270838 0.0625
-0.020979018913262044 0.003555385413284094 0.0625
0.01306822453134696 -0.016793495990957377 0.0625
0.0017078169160974536 0.021211396969108176 0.0625
-0.015588072236381688 -0.014487650049381592 0.0625
0.021281366092729476 0.00015315752421677522 0.0625
-0.015796370949410717 0.014263052437280502 0.0625
0.0020132877255585042 -0.021188361723694343 0.0625
0.012828563329218032 0.016984344641705857 0.0625
-0.0209330673637236 -0.0038583274544561363 0.0625
0.01804245152712387 -0.011295571826666656 0.0625
-0.005674143534401845 0.020517409562393733 0.0625
-0.009675801179316868 -0.018962565004195252 0.0625
0.01994454338168773 0.007446824108032652 0.0625
-0.019737613883959625 0.007981641320413005 0.0625
0.009162785222648774 -0.01921882844929964 0.0625
0.0062260540936688495 0.020361636732411995 0.0625
-0.01834579578208686 -0.010808874923967067 0.0625
0.02082982772338653 -0.004422474082913089 0.0625
-0.012372474059241278 0.017332105632421053 0.0625
-0.002584705804369138 -0.021138573648779156 0.0625
0.016185496678343517 0.013841593017977768 0.0625
-0.021285481801612435 0.0007268180468493894 0.0625
0.015204963667574163 -0.014914726945799232 0.0625
-0.0011369638302489527 0.02126939851638277 0.0625
-0.013529506913110792 -0.016452125780217198 0.0625
0.02109041822319536 0.0029923668175391117 0.0625
-0.017573507287117495 0.012040425309333068 0.0625
0.004825179559615111 -0.020749882944669173 0.0625
0.010458868172872365 0.01856049774500882 0.0625
-0.020250372237764866 -0.0066213612068789915 0.0625
0.01940551445030086 -0.008796931790071155 0.0625
-0.008367148980241167 0.019595683655908747 0.0625
-0.007067330178225034 -0.0201020606941664 0.0625
0.01879080387921061 0.010049163625548332 0.0625
-0.020644775710284658 0.005283297821630029 0.0625
0.011654511948556793 -0.01784187073265993 0.0625
0.0034584884039341197 0.021029475931650155 0.0625
-0.016756126381043346 -0.013170885646094695 0.0625
0.021253187238569223 -0.001606870312849876 0.0625
-0.01458665567468537 0.015541862057944314 0.0625
0.00025738028451745255 -0.021314167949726345 0.0625
0.0142083547501775 0.01589096143388148 0.0625
-0.02121192237826093 -0.0021199879760586213 0.0625
0.017073794079418007 -0.012765796321954645 0.0625
-0.003966687418713604 0.02094720484747832 0.0625
-0.011225215619262503 -0.01812607332824915 0.0625
0.02052201413381575 0.005783332593882767 0.0625
-0.0190397171651638 0.00959839415061535 0.0625
0.007556005168970836 -0.019939578377851572 0.0625
0.007897775988128037 0.019807703916439896 0.0625
-0.01920433057732471 -0.009271121133758916 0.0625
0.02042412621317197 -0.006136372579009658 0.0625
-0.010915534895484316 0.01832187484799152 0.0625
-0.004327663194256831 -0.020884236430309698 0.0625
0.01729894370957177 0.012476640033801858 0.0625
-0.021184483251308305 0.002485491777302444 0.0625
0.013942465944804142 -0.016143346721729564 0.0625
0.0006239609811386213 0.021322539077089683 0.0625
-0.014863910862452106 -0.015301769632074531 0.0625
0.02129731806757501 0.0012426757938187856 0.0625
-0.016544121941674605 0.013470413103502098 0.0625
0.0031001235361492723 -0.021108984676213426 0.0625
0.011973505698798579 0.017659987578728307 0.0625
-0.020758952610286714 -0.004934155097265422 0.0625
0.01864079829280919 -0.010384634755580094 0.0625
-0.006730720165205246 0.020249874223256286 0.0625
-0.00871595271167064 -0.01947901866953059 0.0625
0.0195856204189327 0.008476052902470969 0.0625
-0.020168204023700835 0.006980225387362329 0.0625
0.010156777424829502 -0.018771251219417258 0.0625
0.005190734323928001 0.020703049948700692 0.0625
-0.01781297722083408 -0.011760010311647104 0.0625
0.021079433141824932 -0.0033611751545155662 0.0625
-0.013273459362985799 0.01671811223012828 0.0625
-0.0015055527861909035 -0.021294443190841898 0.0625
0.015495017444748961 0.01468551784537833 0.0625
-0.021346405076998157 -0.0003619258055283489 0.0625
0.015985353505013997 -0.01415303760044948 0.0625
-0.00222696034777958 0.02123489222033909 0.0625
-0.0127024295754697 -0.017162991664632147 0.0625
0.020960729965951056 0.004075266775866518 0.0625
-0.01820939176735388 0.011154283995982197 0.0625
0.0058926866333977555 -0.02052598948261875 0.0625
0.009520440442931712 0.019116516779282524 0.0625
-0.019933972118888425 -0.007665295530074423 0.0625
0.019877394919058475 -0.007813396907350117 0.0625
-0.009379509825103985 0.019189184334952276 0.0625
-0.006046214187566775 -0.020486173239481948 0.0625
0.018297303400328715 0.011022190720374936 0.0625
-0.020938162649847214 0.004232415958828143 0.0625
0.012580744964513875 -0.017265134118733594 0.0625
0.0023858852810762156 0.021229874032258032 0.0625
-0.01610055690963836 -0.014043221396798408 0.0625
0.02135904517426038 -0.0005207583354153233 0.0625
-0.015398402589751939 0.01481246764330376 0.0625
0.0013486837961975584 -0.0213246583095222 0.0625
0.013410709687774169 0.016635890888985778 0.0625
-0.0211269481307154 -0.0032081244804497725 0.0625
0.01774618818932441 -0.011905998687597898 0.0625
-0.005043321172836261 0.0207674002115725 0.0625
-0.010309840648472362 -0.01872076883579056 0.0625
0.02024873984849234 0.006840214510384768 0.0625
-0.019552145089170258 0.008634443954999961 0.0625
0.008585036020095188 -0.01957491140551262 0.0625
0.006892625993076249 0.020233924654390945 0.0625
-0.01875104831900122 -0.010264413618832863 0.0625
0.020760859829002963 -0.005097715092126176 0.0625
-0.011865474095131872 0.017783433990592328 0.0625
-0.0032634485365516932 -0.021128887894285367 0.0625
0.016679453865722393 0.013375941788944743 0.0625
-0.02133516243773694 0.001403867427992633 0.0625
0.014784232711758875 -0.015447539063700694 0.0625
-0.000466790798416744 0.021378075365909664 0.0625
-0.014097101989086328 -0.01607954338621897 0.0625
0.021257269437028728 0.0023342013798223205 0.0625
-0.017251933722990557 0.012638464416911617 0.0625
0.0041840619197807665 -0.02097364121585569 0.0625
0.01108277860018861 0.018292403300255587 0.0625
-0.02052933442655641 -0.0060022019295093544 0.0625
0.019192960459557054 -0.009441942003522342 0.0625
-0.0077746913788288565 0.019927723752701017 0.0625
-0.007728506314038163 -0.019946683688118996 0.0625
0.019173389206890844 0.009487947424026004 0.0625
-0.02054777481557421 0.005955581426565689 0.0625
0.011128838495800795 -0.018272081264442273 0.0625
0.0041367351361915414 0.020991603616994068 0.0625
-0.01723067702703369 -0.012684784948514244 0.0625
0.021274743478530377 -0.002285889306753361 0.0625
-0.014143855500709308 0.016057127749851623 0.0625
-0.0004172133090140395 -0.02139499785124508 0.0625
0.01476039813311546 0.015494858726426704 0.0625
-0.02135141728871534 -0.001454984454606888 0.0625
0.01672742889649962 -0.013350397840983972 0.0625
-0.003316366109830486 0.02114430693651527 0.0625
-0.011837905771815347 -0.017832105510500462 0.0625
0.020775224414372673 0.005152674114714962 0.0625
-0.018800405910242214 0.010234487657432083 0.0625
0.006949840468244101 -0.02024696810552031 0.0625
0.008552407622181043 0.019624890416612768 0.0625
-0.019563555941488134 -0.008694094485584124 0.0625
0.020299219490107462 -0.0068045343773429 0.0625
-0.010372068315858808 0.018730194842850885 0.0625
-0.005004242769496332 -0.020818202475332587 0.0625
0.01775324104860355 0.011970899392701361 0.0625
-0.02117783755537148 0.0031653114346454876 0.0625
0.01347832903325471 -0.0166401516360676 0.0625
0.0013018173423924129 0.021375342607945408 0.0625
-0.015399427601724037 -0.014882796428738111 0.0625
0.021409176725713863 0.0005719719636065894 0.0625
-0.016173527307252075 0.014040548936618238 0.0625
0.002441707602766715 -0.02127905223412432 0.0625
0.012573902192839855 0.017340616587794597 0.0625
-0.020985937113274462 -0.004293069237467486 0.0625
0.018375104392098367 -0.011010701093912566 0.0625
-0.006111874753046866 0.02053204780344787 0.0625
-0.00936290079686924 -0.019269044830192945 0.0625
0.0199208324476825 0.007884188898761883 0.0625
-0.020015567032560244 0.007643106460405191 0.0625
0.009596430056273702 -0.019156944698334514 0.0625
0.005864476818841179 0.0206089279595343 0.0625
-0.01824620828622311 -0.011235474319127034 0.0625
0.021044556581910234 -0.004040623500250782 0.0625
-0.012788756084435804 0.017195572622416683 0.0625
-0.002185506857738283 -0.02131908909345751 0.0625
0.016013059770758804 0.01424436438659535 0.0625
-0.02143039488360969 0.00031332911220585794 0.0625
0.015591134233448609 -0.014707703196440526 0.0625
-0.001561574376355305 0.021377593070014002 0.0625
-0.013289478757422092 -0.016818732245803398 0.0625
0.021161059462592346 0.0034248448754112927 0.0625
-0.01791773594239659 0.011769228466579677 0.0625
0.005262210245329752 -0.020782423904202 0.0625
0.010158577606567411 0.018879706062631035 0.0625
-0.020244558006527934 -0.007059594260318772 0.0625
0.019697251371234216 -0.008469845832033288 0.0625
-0.00880322444839514 0.019551553373355738 0.0625
-0.0067159529377251006 -0.020364085448118255 0.0625
0.018708690476696467 0.010479737623011708 0.0625
-0.020875075026390907 0.0049103200142710315 0.0625
0.012076282299193549 -0.017722398422058586 0.0625
0.003066766747031329 0.021226279507235907 0.0625
-0.016600205909798913 -0.013580617208075534 0.0625
0.02141498134714322 -0.00119940564510425 0.0625
-0.014981205155481604 0.015350683766183554 0.0625
0.000677465991473685 -0.021439707083596004 0.0625
0.013983379483565995 0.016267301503893807 0.0625
-0.021300238836230688 -0.00254947553813133 0.0625
0.017429036600462664 -0.012508744268699915 0.0625
-0.004402285108554987 0.02099761619382055 0.0625
-0.010938053157356919 -0.018457491517723485 0.0625
0.02053412847103966 0.006221701369789328 0.0625
-0.019344766526403375 0.009283318805198048 0.0625
0.0079937842701119 -0.01991329739251919 0.0625
0.007557199615087167 0.020084041773948947 0.0625
-0.019139850335257124 -0.00970495384553465 0.0625
0.020669629703551136 -0.005772902902186777 0.0625
-0.011342094287481687 0.018219684332443174 0.0625
-0.003944083838655623 -0.021097018810098636 0.0625
0.017159821113280536 0.012892654473001735 0.0625
-0.021362908396798854 0.0020847409503296096 0.0625
0.014344744188385156 -0.015968353520942304 0.0625
0.0002091089663594985 0.021465234064416538 0.0625
-0.014654383718061261 -0.015687225307358246 0.0625
0.021403183736658112 0.0016684501595354128 0.0625
-0.016909797225423556 0.013227953651077625 0.0625
0.0035335572206606244 -0.021177204097054862 0.0625
0.011699968305517876 0.018003075894132015 0.0625
-0.02078899738643073 -0.005371925880629423 0.0625
0.01895866584998573 -0.010082112337629689 0.0625
-0.007169472103719509 0.020241508583946695 0.0625
-0.008386760720600307 -0.019769224684225626 0.0625
0.019538903068040625 0.00891242205563183 0.0625
-0.020428519458966704 0.006626884087911819 0.0625
0.010587417646768687 -0.018686534926863542 0.0625
0.004815949498981559 0.020931474635659555 0.0625
-0.017690906159024314 -0.012181618910169358 0.0625
0.021274211148005186 -0.002967817384896157 0.0625
-0.013682802428353472 0.016559617076087368 0.0625
-0.0010966354639714243 -0.02145407631801379 0.0625
0.015301308284443168 0.015079455055950493 0.0625
-0.021469664384744402 -0.0007832695617971176 0.0625
0.016360862218399407 -0.013925594690014169 0.0625
-0.002657501699071073 0.0213208274867425 0.0625
-0.012442992029301821 -0.017517190110252594 0.0625
0.021008677012556674 0.004511705905982009 0.0625
-0.018539561161633595 0.010864836489061733 0.0625
0.006331678039954048 -0.020535575307216586 0.0625
0.00920319802787827 0.01942012219476637 0.0625
-0.019905117796445326 -0.00810347366933685 0.0625
0.020152104746477977 -0.007470788063315668 0.0625
-0.009813514914083821 0.01912210566415358 0.0625
-0.005680862229899575 -0.020729877093820417 0.0625
0.018192509290440997 0.011448694498379196 0.0625
-0.021148987582428256 0.0038471189529692886 0.0625
0.012996476216617323 -0.017123422728850108 0.0625
0.0019835946130339474 0.021406198924870872 0.0625
-0.015923009569585336 -0.014444991043503419 0.0625
0.021499513204281968 -0.00010455610410412133 0.0625
-0.01578312815040764 0.01460044060252326 0.0625
0.0017756083924788412 -0.021428187390364093 0.0625
0.01316582375512868 0.017000620131303722 0.0625
-0.021192739247219133 -0.0036424995812460855 0.0625
0.018088121783549658 -0.011630126841246249 0.0625
-0.005481817330772753 0.020794943586171125 0.0625
-0.010005093710525001 -0.01903728183968534 0.0625
0.020237818890561737 0.007279470210999048 0.0625
-0.01984080709892234 0.008303154440533596 0.0625
0.0090216834515649 -0.019525604413174004 0.0625
0.0065373302570753584 0.02049251846674603 0.0625
-0.01866372792039864 -0.010695104492866455 0.0625
0.02098739847132894 -0.004721133911006947 0.0625
-0.012286905322521559 0.017658764328100405 0.0625
-0.0028684662729326744 -0.02132162989175658 0.0625
0.01651838554478897 0.013784880811733806 0.0625
-0.021492625200346054 0.0009935099382742947 0.0625
0.015177542298546442 -0.01525130190429111 0.0625
-0.00088937934445745 0.02149904659238759 0.0625
-0.013867195635767897 -0.016454205699435624 0.0625
0.021340816447965517 0.002765782589836829 0.0625
-0.01760507347471604 0.012376646878288544 0.0625
0.004621327995469983 -0.021019118144163077 0.0625
0.010791052806074203 0.01862130981796174 0.0625
-0.020536387209856254 -0.006441801018880702 0.0625
0.019495108493037077 -0.009122540481944356 0.0625
-0.008213253269783055 0.019896292889038346 0.0625
-0.0073838741063586965 -0.020219752797238782 0.0625
0.01910371025233915 0.009922109382317459 0.0625
-0.020789667190789084 0.005588357370124782 0.0625
0.011555271049282199 -0.01816468306846064 0.0625
0.003749731658838701 0.021200460195163282 0.0625
-0.01708637771880572 -0.013100217419962906 0.0625
0.021448958230549466 -0.0018820708871199142 0.0625
-0.014545101093429172 0.015877028506050037 0.0625
3.2623128964200015e-07 -0.021533230131440408 0.0625
0.014545874774576565 0.015878838970225035 0.0625
-0.021452602151329662 -0.00188304565445609 0.0625
0.017091197266509265 -0.013103090322411205 0.0625
-0.003751668384884535 0.021207663339695343 0.0625
-0.011559705644817866 -0.018172870037645842 0.0625
0.02080026124846971 0.005591880899608765 0.0625
-0.019115550609839 0.009927523602726102 0.0625
0.007389584790755774 -0.02023348799935965 0.0625
0.008219029161622081 0.01991199537064043 0.0625
-0.01951165681685743 -0.009131004778291438 0.0625
0.020556079428982573 -0.006447293890413217 0.0625
-0.010802794266189897 0.018640269205201267 0.0625
-0.004625875951907261 -0.021042843716512417 0.0625
0.01762597301877834 0.012392137634052409 0.0625
-0.021368533168673112 0.0027687163486564016 0.0625
0.013886848479075833 -0.016476511746094477 0.0625
0.0008900322192839726 0.021530625691062406 0.0625
-0.015200665393492208 -0.015275463056650307 0.0625
0.021527851687870567 0.000995791998887572 0.0625
-0.016547328202021344 0.013808183420515131 0.0625
0.0028743147064754595 -0.021360204001089008 0.0625
0.012309710238618243 0.017692683059424796 0.0625
-0.021028938182848872 -0.00473114773621802 0.0625
0.018702733990835094 -0.0107167038434428 0.0625
-0.006552066556520706 0.0205365630970453 0.0625
-0.009041348201490093 -0.019569722090500213 0.0625
0.019886821920478966 0.00832311924119541 0.0625
-0.020286982786082295 0.007296460062057543 0.0625
0.010030733369401404 -0.019084663687683287 0.0625
0.005495390906402702 0.020848997069063693 0.0625
-0.018136205595329833 -0.011661820038224175 0.0625
0.02125143396013132 -0.0036519247853942943 0.0625
-0.013203874189588278 0.017048686353661517 0.0625
-0.001780172825928075 -0.02149118388339338 0.0625
0.015830410940289856 0.014645070483324802 0.0625
-0.02156638269179789 -0.00010553478535754757 0.0625
0.01597435398033271 -0.014490687178703035 0.0625
-0.001990758515131145 0.021476426158335397 0.0625
-0.01303975462490283 -0.017181524941701925 0.0625
0.021221974820339627 0.0038610600519638195 0.0625
-0.018257317092319033 0.011488706306217221 0.0625
0.005702112885367529 -0.020804949138186462 0.0625
0.009849403909787186 0.019193468749078915 0.0625
-0.020228515003768176 -0.007499812047133307 0.0625
0.019982786267001087 -0.008134387070170248 0.0625
-0.009240382175257359 0.019497059707945356 0.0625
-0.00635677744850015 -0.020619199316904622 0.0625
0.018616158549765473 0.010910483071339874 0.0625
-0.02109780756917993 0.004530178337974587 0.0625
0.01249731194408131 -0.017592532341090712 0.0625
0.00266857056296038 0.02141491842502561 0.0625
-0.016433996130926328 -0.013988701554064927 0.0625
0.021568075504310148 -0.0007862054695666169 0.0625
-0.015373213508270365 0.015149399540217217 0.0625
0.0011025041747738094 -0.021556077670685042 0.0625
0.013748559163388931 0.01664022598797247 0.0625
-0.02137898844631244 -0.0029830945362893436 0.0625
0.017780015238421463 -0.012242183552026192 0.0625
-0.0048411614803755545 0.021038135742525478 0.0625
-0.010641791354723311 -0.018783830194146676 0.0625
0.020536101906926566 0.006662470898122345 0.0625
-0.019643959667786873 0.00895962323819271 0.0625
0.008433067750386592 -0.01987670416133896 0.0625
0.00720854826418995 0.020353791585914504 0.0625
-0.019064965578914145 -0.010139382992806763 0.0625
0.02090786381764924 -0.005401965437008453 0.0625
-0.01176833756337347 0.018107076820803876 0.0625
-0.003553701175803813 -0.021301906204682496 0.0625
0.017010348924386697 0.013307442634504065 0.0625
-0.02153287346965185 0.0016779034954262357 0.0625
0.014744895362592061 -0.015783157502420462 0.0625
-0.0002110662931416068 0.021598968748991223 0.0625
-0.014434878779561743 -0.016069669399815235 0.0625
0.02149965756874253 0.0020987435352639115 0.0625
-0.01727159947484817 0.012975817954195583 0.0625
0.0039706709950083985 -0.02123567215440564 0.0625
0.01141713043380135 0.01834145939279552 0.0625
-0.020809006040192514 -0.005812509580141055 0.0625
0.019271032856935554 -0.009770736544749853 0.0625
-0.007610148180498468 0.02022289901747165 0.0625
-0.008049230369530478 -0.020053176567771707 0.0625
0.019481812535801973 0.009349811779916698 0.0625
-0.020681875115330622 0.006265783407832414 0.0625
0.011018167012183146 -0.01859139574350563 0.0625
0.004434043799561746 0.021152287242366206 0.0625
-0.01755844242597516 -0.012602424353024928 0.0625
0.02146078312331215 -0.0025680318795062666 0.0625
-0.014090436163786295 0.01639083917053253 0.0625
-0.0006820328635381292 -0.021604972371494807 0.0625
0.015097505152588054 0.015470789836578392 0.0625
-0.021583722558551153 -0.0012095125115062267 0.0625
0.0167328953255908 -0.013688324003427952 0.0625
-0.003092118558538638 0.021397168102810733 0.0625
-0.01217406827951076 -0.01786706639394979 0.0625
0.021046709456728648 0.004951365573662381 0.0625
-0.01886459495195508 0.010566317111400304 0.0625
0.0067730102837210236 -0.020535002597920685 0.0625
0.00887736766070155 0.019717817917222238 0.0625
-0.019865938902846544 -0.00854309496074861 0.0625
0.0204201760825622 -0.0071201410630095515 0.0625
-0.010248054368957883 0.019044615555344858 0.0625
-0.0053080835755011015 -0.020966264539862497 0.0625
0.01807729671527957 0.011874819723589171 0.0625
-0.021351874271866557 0.0034550636865914672 0.0625
0.013410918865778776 -0.016971365742788614 0.0625
0.0015752659735156496 0.02157402459238155 0.0625
-0.01573526884313668 -0.014844571884504186 0.0625
0.021630986184446938 0.0003169174786371698 0.0625
-0.016164781453834407 0.01437845056150945 0.0625
0.0022069972661645297 -0.021522294558599983 0.0625
0.012911281621036289 0.01736141719164339 0.0625
-0.02124875382647733 -0.00408049761937992 0.0625
0.018425293393382332 -0.011344979654798037 0.0625
-0.005923067270575373 0.020812430759241912 0.0625
-0.009691523438661075 -0.01934823954363505 0.0625
0.020216639174656076 0.007720589386941995 0.0625
-0.02012316306518525 0.007963561279475678 0.0625
0.009459289727255633 -0.019465914770589027 0.0625
0.006174314260250268 0.020744103822910025 0.0625
-0.018565980596452814 -0.011125842192487618 0.0625
0.02120627996410954 -0.0043374750816352016 0.0625
-0.012707470963003491 0.017523703424916298 0.0625
-0.0024671032748901397 -0.021506124742292056 0.0625
0.0163470413568882 0.01419204843833993 0.0625
-0.021641314041364892 0.0005775175867650262 0.0625
0.015568188229561193 -0.015044983059111514 0.0625
-0.0013168136388039418 0.021610784387445542 0.0625
-0.013627479099073136 -0.016825332490156764 0.0625
0.021414741308866458 0.0032013832439007676 0.0625
-0.01795383291690156 0.012105365900788877 0.0625
0.005061756355224576 -0.021054657978707318 0.0625
0.010490282903396552 0.01894502479826052 0.0625
-0.02053326414856584 -0.006883680948825331 0.0625
0.01979129354264695 -0.008794583555165141 0.0625
-0.008653197032850057 0.019854525456698153 0.0625
-0.007031240824603801 -0.020486133175063197 0.0625
0.01902361326718325 0.010356743612769875 0.0625
-0.021024196353565092 0.0052137479500586085 0.0625
0.011981262618316255 -0.018046865269928117 0.0625
0.0033560151881934235 0.021401335520397205 0.0625
-0.016931737141126755 -0.013514298997128516 0.0625
0.02161463487145959 -0.0014722633505875363 0.0625
-0.014944096206702537 0.01568674563333067 0.0625
0.0004230850554958965 -0.021662432897433657 0.0625
0.014321403529050186 0.01625968637330096 0.0625
-0.021544335322635076 -0.0023155162503983038 0.0625
0.017450974425458954 -0.012846146955487383 0.0625
-0.004190536322743043 0.021261218340625998 0.0625
-0.011272255614740675 -0.018508815557888823 0.0625
0.020815222120174802 0.006033782237352097 0.0625
-0.019425085430434842 0.009611766540043932 0.0625
0.007831131858957096 -0.020209734629817067 0.0625
0.00787738203673438 0.020192742563785993 0.0625
-0.019449365903015138 -0.009568812150451703 0.0625
0.020805882452128718 -0.006082372513107216 0.0625
-0.011233504715474336 0.01853991293958566 0.0625
-0.004240474943099284 -0.02125978297765401 0.0625
0.01748831551031454 0.012812447877423418 0.0625
-0.02155094077702625 0.0023657877388107056 0.0625
0.014293534511412336 -0.016302603202282284 0.0625
0.0004726628365201177 0.021677098280050603 0.0625
-0.0149918341082175 -0.01566540488055404 0.0625
0.02163726121166457 0.0014244041765580182 0.0625
-0.016917533763622032 0.01356602562863231 0.0625
0.0033108850551748425 -0.021431706421827915 0.0625
0.012036077914785755 0.018040311206550915 0.0625
-0.021061979981519215 -0.00517233015749032 0.0625
0.019025116277400174 -0.010413690538488403 0.0625
-0.0069944791239082045 0.02053088555774476 0.0625
-0.0087112730246142 -0.019864383259759887 0.0625
0.019842463155171727 0.008763370124310195 0.0625
-0.02055165977553693 0.006941849931435954 0.0625
0.010465446838296137 -0.01900195838525065 0.0625
0.005118961204029084 0.02108165639108192 0.0625
-0.01801578249683437 -0.01208766234748292 0.0625
0.02145028732482299 -0.0032565585642727528 0.0625
-0.013617579144516785 0.01689146347250059 0.0625
-0.0013688987288256443 -0.021654701943693882 0.0625
0.015637588564241495 0.015043464491117185 0.0625
-0.021693306805126465 -0.0005295657264721042 0.0625
0.016354380395386572 -0.014263738706348882 0.0625
-0.0024242970212397606 0.021565778074366063 0.0625
-0.012780415307092952 -0.017540267517293578 0.0625
0.021273064220335796 0.00430078349576783 0.0625
-0.018592022359383766 0.011198959977970015 0.0625
0.0061446507558816825 -0.020817378967781765 0.0625
0.009531467815065383 0.01950156714960038 0.0625
-0.020202184558010303 -0.007941771784941324 0.0625
0.02026191188074376 -0.007790694894357948 0.0625
-0.009678375180399464 0.019432165444628852 0.0625
-0.005989960689442681 -0.020867208029320343 0.0625
0.018513192624519295 0.011341150684451927 0.0625
-0.021312793541393378 0.004143046157350984 0.0625
0.012917351201582194 -0.017452278875120665 0.0625
0.002264088273454164 0.02159522873900639 0.0625
-0.016257525239723715 -0.014394890519894425 0.0625
0.021712322871141915 -0.0003674718210800481 0.0625
-0.015762435987895545 0.014938059168697095 0.0625
0.0015322807346731253 -0.02166315110389413 0.0625
0.013503964789770083 0.017009495435098887 0.0625
-0.021448061818246805 -0.00342062044674114 0.0625
0.01812649767099739 -0.011966205839083921 0.0625
-0.005283083306792243 0.021068674157941055 0.0625
-0.01033654184281856 -0.019104865943828583 0.0625
0.020527865844517 0.007105401035093825 0.0625
-0.0199370837959442 0.00862743818949166 0.0625
0.00887361038967417 -0.019829751351246604 0.0625
0.006851970781697807 0.020616752809469285 0.0625
-0.018979650601296725 -0.010574160158267745 0.0625
0.02113864179942833 -0.005023725995261043 0.0625
-0.012194015012054608 0.017984048428698888 0.0625
-0.0031566967122765776 -0.021498727075496875 0.0625
0.016850545110456236 0.013720755426742346 0.0625
-0.021694223462841538 0.00126517522276396 0.0625
0.015142672903890795 -0.015587798347610593 0.0625
-0.0006363561841287506 0.021723605842652392 0.0625
-0.014205457137685165 -0.016448859763199077 0.0625
0.021586621046085736 0.0025333361033799745 0.0625
-0.017629292816191636 0.012714088044408605 0.0625
0.004411235521595819 -0.021284290008666284 0.0625
0.011125094427062778 0.018674910280612772 0.0625
-0.020818900167012464 -0.006255669095785721 0.0625
0.019577681344386977 -0.009450629247708429 0.0625
-0.008052505349875597 0.020193988154651992 0.0625
-0.007703502122258411 -0.020330667845704437 0.0625
0.019414312927560493 0.009787974946369531 0.0625
-0.02092807759489796 0.005897081327396644 0.0625
0.011448776202370722 -0.018485819523841235 0.0625
0.004045191511599776 0.021365308929067257 0.0625
-0.017415593733209483 -0.01302217704225352 0.0625
0.021638986156150078 -0.0021620078940525114 0.0625
-0.014496112604451107 0.016211808022520924 0.0625
-0.0002619477602819166 -0.021746985615732663 0.0625
0.01488365912923381 0.015859277755458315 0.0625
-0.021688452155226513 -0.001640439913697114 0.0625
0.017101213800556573 -0.013441297799976515 0.0625
-0.003530585865267585 0.0214638058938291 0.0625
-0.011895751210416628 -0.018212388726904314 0.0625
0.02107473922065566 0.0053940121228412295 0.0625
-0.019184270362508523 0.010258838660305422 0.0625
0.0072164429036497505 -0.02052420404835138 0.0625
0.008543081187030064 0.020009391890605098 0.0625
-0.019816389418403295 -0.008983913981010394 0.0625
0.020681409215588042 -0.006761605789854203 0.0625
-0.01068287968474045 0.018956689627710844 0.0625
-0.004928044996656749 -0.02119514974023365 0.0625
0.017951663119194262 0.01230031671360378 0.0625
-0.02154665217874085 0.003056432542746893 0.0625
0.013823823965041835 -0.016808982449379114 0.0625
0.0011610959585857097 0.0217331970997126 0.0625
-0.015537375715288588 -0.015241717615871267 0.0625
0.021753327963160266 0.0007434531102830858 0.0625
-0.016543120726291383 0.014146559886960095 0.0625
0.002642630012380412 -0.021606862488979427 0.0625
0.012647166555483903 0.01771804667896124 0.0625
-0.02129489426817058 -0.0045218887765441215 0.0625
0.01875747581375963 -0.011050660663336945 0.0625
-0.006366833521591251 0.020819784602832514 0.0625
-0.009369252839233544 -0.019653424669367786 0.0625
0.020185144635774668 0.008163328734827304 0.0625
-0.020399007301098938 0.0076158060065703 0.0625
0.009897607575535901 -0.019395807904820424 0.0625
0.005803736980759669 0.020988488203254725 0.0625
-0.018457793530792896 -0.011556377372456295 0.0625
0.02141732642971022 -0.003946913807424253 0.0625
-0.01312692150829065 0.017378260319007088 0.0625
-0.00205954962818685 -0.021682210572933642 0.0625
0.016165452124692645 0.014597196909142185 0.0625
-0.021781084332491863 0.00015609388481757554 0.0625
0.015955926392307224 -0.014828634898846014 0.0625
-0.0017488783042701268 0.021713162475255725 0.0625
-0.013378025896050335 -0.017192685163307294 0.0625
0.02147893706357822 0.003640777749169268 0.0625
-0.018297980799937816 0.011824715584110558 0.0625
0.005505112919426639 -0.02108017390213757 0.0625
0.010180582853159197 0.019263326108695793 0.0625
-0.020519899228950776 -0.007327600946674525 0.0625
0.02008130429500054 -0.00845820417178451 0.0625
-0.009094277047425655 0.019802376750902073 0.0625
-0.006670757385990663 -0.020745625946142262 0.0625
0.018933075197842045 0.010791601528635987 0.0625
-0.021251177389962454 0.004831920895497842 0.0625
0.012406563554928658 -0.017918626642617338 0.0625
0.0029557689798793314 0.021594060056820793 0.0625
-0.0167667759040933 -0.013926780883675747 0.0625
0.021771620542193823 -0.0010566640746822202 0.0625
-0.015340594802251752 0.01548632141966344 0.0625
0.0008508531767155555 -0.02178247113785929 0.0625
0.014087048038154205 0.01663715954034029 0.0625
-0.02162650067311152 -0.0027521752553038878 0.0625
0.017806525470636228 -0.012579652247323188 0.0625
-0.004632739629571796 0.021304875581063483 0.0625
-0.010975660406274172 -0.018839715460859423 0.0625
0.020820031180437643 0.006478140292213839 0.0625
-0.019728793790242435 0.009287340608704488 0.0625
0.00827423811762969 -0.020175653237820185 0.0625
0.0075276088501912055 0.020466927101998558 0.0625
-0.019376649950069817 -0.01000726919356422 0.0625
0.021048436923012993 -0.005709930218307699 0.0625
-0.011663950297765742 0.018429114559610573 0.0625
-0.003848215860087612 -0.021468843347841778 0.0625
0.01734027888786939 0.01323158071021415 0.0625
-0.021724899550392737 0.001956716516347068 0.0625
0.014698139581989693 -0.016118458140540234 0.0625
4.9913436791154354e-05 0.021814616857713263 0.0625
-0.01477298740646961 -0.016052378113173463 0.0625
0.021737280192083333 0.0018575924878351869 0.0625
-0.017283905833706297 0.013314150334571614 0.0625
0.003751192529316886 -0.021493453761738647 0.0625
0.011753100534582887 0.01838327032450939 0.0625
-0.021084976954845677 -0.0056163820038906565 0.0625
0.019342029768325542 -0.010101776301285264 0.0625
-0.007438871376590844 0.020514950466489983 0.0625
-0.00837280931507783 -0.02015281777254352 0.0625
0.01978771276354458 0.009204695735734835 0.0625
-0.020809399966782615 0.006579428016360376 0.0625
0.01090032180038842 -0.01890880706570293 0.0625
0.0047353563940007466 0.021306721939843214 0.0625
-0.017884939094250554 -0.012512751639625406 0.0625
0.021640948148104727 -0.0028547089608299482 0.0625
-0.014029622309533831 0.01672392591025895 0.0625
-0.0009518827210277913 -0.021809491495342316 0.0625
0.015434636233206551 0.015439300643118119 0.0625
-0.021811033356094335 -0.0009585530446148009 0.0625
0.016730972467652202 -0.014026922694827405 0.0625
-0.002861968330561612 0.02164553388749888 0.0625
-0.012511546546371884 -0.017894725564198237 0.0625
0.02131423254913224 0.004743784442985566 0.0625
-0.018921625733564144 0.010900095394028583 0.0625
0.006589585661577112 -0.020819638825127045 0.0625
0.009204894592373909 0.01980378538419576 0.0625
-0.02016551321790085 -0.008385229672386214 0.0625
0.020534424116418575 -0.007438912972138292 0.0625
-0.010116955924493302 0.019356838657742126 0.0625
-0.0056156636243543424 -0.021107920836929996 0.0625
0.018399782545199465 0.011771491081820223 0.0625
-0.021519857003420753 0.0037491004990961242 0.0625
0.013336150760750618 -0.017301649715750538 0.0625
0.0018535116112314018 0.021767050666248528 0.0625
-0.01607082668506313 -0.014798936774601847 0.0625
0.0218475810453798 5.659033098979658e-05 0.0625
-0.016148629138384964 0.014716717601112829 0.0625
0.001966579036086905 -0.0217608034524193 0.0625
0.013249672391378349 0.017374872129634407 0.0625
-0.021507354441944657 -0.0038618266284963496 0.0625
0.018468253744168314 -0.01168090765484485 0.0625
-0.005727815677829772 0.021089147151101384 0.0625
-0.010022420902803583 -0.019420377937801464 0.0625
0.020509356861433008 0.007550250401833768 0.0625
-0.020223929098789745 0.00828689880516985 0.0625
0.009315166189977535 -0.019772396891957724 0.0625
0.00648762014272677 0.02087272825683518 0.0625
-0.0188838850062948 -0.011009036609487429 0.0625
0.021361780596066696 -0.004638354208715468 0.0625
-0.012618877072705497 0.017850600590006697 0.0625
-0.002753255436275555 -0.021687313907042965 0.0625
0.016680432923964393 0.014132344372719083 0.0625
-0.02184680768143202 0.0008467550593429534 0.0625
0.015537831323092223 -0.01538232094890541 0.0625
-0.0010665493652893892 0.02183901262537757 0.0625
-0.013966184980581199 -0.01682455577684559 0.0625
0.021663960440191105 0.0029720057277594558 0.0625
-0.017982643341034894 0.012442850897970828 0.0625
0.004855019571906509 -0.021322963793910188 0.0625
0.010823967382843065 0.019003203153551494 0.0625
-0.02081860648240313 -0.006701165878475357 0.0625
0.019878396139711 -0.009121916844212234 0.0625
-0.008496299570150209 0.02015472385358493 0.0625
-0.0073497207080915426 -0.02060149522517845 0.0625
0.019336373643171194 0.01022666389061821 0.0625
-0.021166937042141145 0.005520939798080862 0.0625
0.011878995828163447 -0.018369797443479757 0.0625
0.0036495705675103503 0.02157036473202904 0.0625
-0.01726237309934373 -0.013440627774737833 0.0625
0.021808661514913685 -0.001749937978307458 0.0625
-0.014899584642738025 0.016022558393523966 0.0625
0.00016341415445592046 -0.02187997476721862 0.0625
0.014659826452016666 0.01624467569380049 0.0625
-0.021783730421580674 -0.0020758345116845666 0.0625
0.01746558037620189 -0.013184593362043119 0.0625
-0.003972676462119078 0.021520637577156613 0.0625
-0.011608138556666557 -0.018552927511560843 0.0625
0.02109268328328676 0.005839410236569722 0.0625
-0.01949836722437749 0.009942518573446147 0.0625
0.007661734226344958 -0.020503117534776367 0.0625
0.008200474847430726 0.02029463506143079 0.0625
-0.01975642859234775 -0.009425684552087685 0.0625
0.02093560780918681 -0.006395336242912987 0.0625
-0.011117742065123897 0.018858308815304054 0.0625
-0.004540917070694442 -0.02141635057980411 0.0625
0.017815611266795275 0.012724935960170377 0.0625
-0.02173315480432001 0.002651411369716552 0.0625
0.01423494320615603 -0.01663629742212829 0.0625
0.0007412842632596504 0.021883566840006762 0.0625
-0.015329376379802645 -0.0156361830318767 0.0625
0.021866406971469257 0.001174838779612203 0.0625
-0.01691790574335342 0.013904836038551823 0.0625
0.003082283928332323 -0.021681778658245367 0.0625
0.012373566766846419 0.018070275190665855 0.0625
-0.021331067956580192 -0.004966441364977315 0.0625
0.01908444425229476 -0.010747278147561526 0.0625
-0.006812877186436528 0.020816933118078 0.0625
-0.009038409435287569 -0.019952622756923583 0.0625
0.020143284443163174 0.008607443978430555 0.0625
-0.020668137322200037 0.007260034409745041 0.0625
0.010336389213077763 -0.019315254542349933 0.0625
0.005425761354090719 0.02122548265007078 0.0625
-0.018339159231053177 -0.011986460640993114 0.0625
0.0216203638848312 -0.00354962892250539 0.0625
-0.013545007869032552 0.01722244935622823 0.0625
-0.0016459986951081204 -0.021849729707612002 0.0625
0.015973653921868662 0.015000079345935806 0.0625
-0.021911795912758703 -0.0002705547589879748 0.0625
0.016340514011278867 -0.014602314948226502 0.0625
-0.0021853554677004803 0.021806059283598026 0.0625
-0.01311891456134308 -0.017556026906227404 0.0625
0.021533301659815214 0.00408373843768174 0.0625
-0.01863728808839405 0.01153479487074674 0.0625
0.0059511619698681475 -0.021095584163715285 0.0625
0.009862071247079655 0.01957599424595146 0.0625
-0.02049623162785889 -0.0077733190502614095 0.0625
0.020364932460588007 -0.008113539663777381 0.0625
-0.00953624696141174 0.01973980734178947 0.0625
-0.006302578810139454 -0.020998035630553188 0.0625
0.01883207830943248 0.011226434275735225 0.0625
-0.021470429127231443 0.0044430477256643995 0.0625
0.012830924409627336 -0.01777997128215986 0.0625
0.0025491797380387984 0.021778468326839988 0.0625
-0.0165915199020845 -0.01433741494617262 0.0625
0.021919766727963 -0.0006354735176907924 0.0625
-0.015734351963901515 0.015275803359433132 0.0625
0.0012834179187349096 -0.021893214438402375 0.0625
0.013842877031876602 0.017011018649109262 0.0625
-0.021698986887858308 -0.0031927994049976488 0.0625
0.0181576175111971 -0.012303695636558499 0.0625
-0.005078046163829354 0.021338543698153776 0.0625
-0.010670029481039105 -0.019165345571467172 0.0625
0.02081461771813484 0.006924715824343063 0.0625
-0.020026461947438977 0.008954374454297667 0.0625
0.008718659061871496 -0.02013119430542674 0.0625
0.0071698564453528645 0.020734347314372643 0.0625
-0.01929348101224171 -0.01044612801138626 0.0625
0.02128355478666959 -0.00533013092173485 0.0625
-0.012093881624721642 0.01830786790555417 0.0625
-0.0034492784346779317 -0.021669851828751988 0.0625
0.0171818788245261 0.013649287163046343 0.0625
-0.021890252872389777 0.0015416968517938637 0.0625
0.015100417048073527 -0.015924113946284433 0.0625
-0.0003780088588576274 0.02194304238939134 0.0625
-0.014544184099045333 -0.016436140328345856 0.0625
0.021827788241206944 0.0022951384483354664 0.0625
-0.017646208059945736 0.013052637323740597 0.0625
0.004195008955478324 -0.021545345201770538 0.0625
0.011460878246206271 0.018721331945821477 0.0625
-0.021097848624835474 -0.006063067161390167 0.0625
0.019653255631442074 -0.009781080875097114 0.0625
-0.00788500106941079 0.020488698302610412 0.0625
-0.008026095493213639 -0.020434818108655037 0.0625
0.019722532637972783 0.009646849555378095 0.0625
-0.021060008741369228 0.00620935035357579 0.0625
0.011335109349650051 -0.018805193326086173 0.0625
0.0043447489334180935 0.021524013489717997 0.0625
-0.017743680814649408 -0.012936838529866658 0.0625
0.021823251977872087 -0.0024465635308125655 0.0625
-0.014439755732111391 0.016546100881988973 0.0625
-0.0005293260193918106 -0.02195540511958718 0.0625
0.015221602741356048 0.015832334318865996 0.0625
-0.02191943308856892 -0.0013922834035317827 0.0625
0.0171038907830464 -0.013780309143180371 0.0625
-0.0033035486224703716 0.021715583494324397 0.0625
-0.012233239009994295 -0.018244666709051 0.0625
0.02134538969936715 0.005189830303791341 0.0625
-0.01924590366271617 0.010592223194657885 0.0625
0.007036678025917078 -0.020811659288955692 0.0625
0.0088698140069442 0.02009991043468146 0.0625
-0.020118452779939143 -0.008829940981759671 0.0625
0.020800122121845756 -0.007079189199075184 0.0625
-0.010555876404091068 0.0192710527304959 0.0625
-0.005234051145668393 -0.021341150592330473 0.0625
0.018275923485308977 0.01220125488460641 0.0625
-0.021718825946441193 0.003348521988608234 0.0625
0.01375346177834001 -0.01714066186329281 0.0625
0.001437035550445093 0.02193022865422878 0.0625
-0.01587393916362443 -0.015200593917000436 0.0625
0.021973712122420795 0.0004857731579423519 0.0625
-0.01653155088871444 0.01448543493354082 0.0625
0.0024051799883669004 -0.021848915515960042 0.0625
0.012985763002846661 0.01773612018548304 0.0625
-0.02155676673444178 -0.004306484408060041 0.0625
0.018805055564196156 -0.011386390351094384 0.0625
-0.006175122089412101 0.021099475519094184 0.0625
-0.009699549426943737 -0.019730148020587056 0.0625
0.020480516741383143 0.007996776475926089 0.0625
-0.020504288830617494 0.007938144591188467 0.0625
0.00975748846901688 -0.019704603999497243 0.0625
0.006115653397673463 0.02112152417605143 0.0625
-0.018777653723710992 -0.01144376339463565 0.0625
0.021577100933767995 -0.004246023468374671 0.0625
-0.013042674431475965 0.017706740063448242 0.0625
-0.002343565750855913 -0.021867503277041376 0.0625
0.01650004090045029 0.014541961706849169 0.0625
-0.021990479806635915 0.00042284497624789087 0.0625
0.01593012630138873 -0.015166775399596415 0.0625
-0.0015014318453168164 0.021945061002737465 0.0625
-0.01371713357504595 -0.017196518440787577 0.0625
0.02173156686217338 0.003414528036916367 0.0625
-0.018331419199416644 0.012162198408809935 0.0625
0.005301790113356849 -0.021351604660865928 0.0625
0.010513861117801384 0.019326115088024915 0.0625
-0.0208080568571522 -0.0071487600204176395 0.0625
0.020172964953716607 -0.008784730216467753 0.0625
-0.008941285896703998 0.020105059226806627 0.0625
-0.006988035071526785 -0.020865458677899025 0.0625
0.019247969395764526 0.010665630508306207 0.0625
-0.021398267222119998 0.005137524685171339 0.0625
0.012308576526312807 -0.018243326009691908 0.0625
0.003247362482242268 0.021767283636433037 0.0625
-0.017098798852118912 -0.013857527839220713 0.0625
0.021969654715063063 -0.0013320179056257114 0.0625
-0.015300606125096705 0.015823130290958654 0.0625
0.0005938443491654496 -0.022003803055130364 0.0625
0.01442606850100283 0.016626741941955254 0.0625
-0.021869439348211256 -0.002515476613866501 0.0625
0.017825759638568483 -0.012918292971905493 0.0625
-0.004418161180870609 0.02156756480875502 0.0625
-0.011311332871809398 -0.01888845543349493 0.0625
0.02110046371914576 0.006287323026297723 0.0625
-0.019806668064315327 0.009617478889502765 0.0625
0.00810864145811466 -0.020471686147060388 0.0625
0.007849689230138955 0.02057334146390033 0.0625
-0.019686020965611024 -0.009868159835629093 0.0625
0.021182578982893264 -0.006021490482720093 0.0625
-0.011552392518473478 0.018749459381515995 0.0625
-0.004146874118889734 -0.021629688741220537 0.0625
0.017669149248752326 0.013148428226419883 0.0625
-0.021911219760467667 0.0022401894135298367 0.0625
0.01464402901671132 -0.016453340516676754 0.0625
0.0003160336078365334 0.02202498859837884 0.0625
-0.01511132222817018 -0.016027724121546696 0.0625
0.021970096280145016 0.0016108598452870284 0.0625
-0.017288897925091005 0.013653351549556757 0.0625
0.003525734096669396 -0.021746935395121375 0.0625
0.012090575373928167 0.018417871405983964 0.0625
-0.021357187303093713 -0.005413921914894289 0.0625
0.019405976419682253 -0.010434945098022149 0.0625
-0.007260958032126892 0.02080380946979884 0.0625
-0.00869912522301652 -0.02024562225159498 0.0625
0.020091013026955495 0.00905268996214411 0.0625
-0.020930353929204303 0.0068963964791941956 0.0625
0.010775386440369275 -0.019224230727410294 0.0625
0.0050405542147074125 0.021454901845699398 0.0625
-0.01821007553877698 -0.012415842656543143 0.0625
0.021815222313175377 -0.0031458028270594605 0.0625
-0.013961481472339185 0.017056290191525516 0.0625
-0.001226647043671971 -0.02200852873388521 0.0625
0.01577168806600319 0.015400449848906771 0.0625
-0.022033313148828546 -0.0007022191151336732 0.0625
0.016721709744013623 -0.01436608587044362 0.0625
-0.002626024841648113 0.02188935799723343 0.0625
-0.012850228623251417 -0.017915122783005704 0.0625
0.021577737995228205 0.004530035652098692 0.0625
-0.018971528053075754 0.011235707513608556 0.0625
0.00639966623920297 -0.021100812117707833 0.0625
0.009534871267624565 0.01988281242454969 0.0625
-0.020462205743172066 -0.008220592200328157 0.0625
0.02064197285868214 -0.0077607316988432045 0.0625
-0.009978859786308048 0.01966678309651083 0.0625
-0.005926864164167269 -0.02124317022432174 0.0625
0.018720610199603943 0.01166099282884973 0.0625
-0.021681774209196484 0.004047303687817641 0.0625
0.013254096028652728 -0.01763090861139187 0.0625
0.00213643754730311 0.021954398980761774 0.0625
-0.016406000310629523 -0.014745953811389214 0.0625
0.022058929321671892 -0.00020889514471161946 0.0625
-0.01612512399452857 0.01505524414153019 0.0625
0.001720563995242125 -0.02199453703850746 0.0625
0.01358896430845695 0.017381025545792263 0.0625
-0.02176168751621388 -0.003637163241684527 0.0625
0.018504019761389972 -0.012018371464973508 0.0625
-0.005526222024114903 0.021362136366482345 0.0625
-0.010355477001213928 -0.019485484240257655 0.0625
0.020798916194256185 0.007373268281047956 0.0625
-0.020317879087179344 0.008613001184184312 0.0625
0.009164149331030194 -0.020076313581894933 0.0625
0.006804275854606074 0.02099480483582605 0.0625
-0.01919983646582844 -0.010885140315376948 0.0625
0.021511051647549996 -0.004943142423240162 0.0625
-0.012523049382602038 0.018176172153699217 0.0625
-0.003043845948243048 -0.021862639407065298 0.0625
0.01701313630255867 0.01406531880728483 0.0625
-0.022046848406768633 0.0011209261032572543 0.0625
0.01550012126969672 -0.015719613246664033 0.0625
-0.0008108941279773024 0.022062240382907897 0.0625
-0.014305488131059666 -0.016816450556883605 0.0625
0.021908669741195395 0.0027368211799877118 0.0625
-0.018004205990388412 0.012781571368797429 0.0625
0.004642104192530058 -0.021587284884062998 0.0625
0.011159516000022596 0.01905426993209763 0.0625
-0.02110051962777604 -0.006512147989552923 0.0625
0.019958577774574084 -0.009451728583506692 0.0625
-0.008332624883577548 0.020452074773713896 0.0625
-0.007671274302966117 -0.020710179877747367 0.0625
0.01964688997307328 0.01008958445060809 0.0625
-0.02130329497679787 0.005831777013187198 0.0625
0.011769560433247958 -0.018691106099108318 0.0625
0.003947314991817294 0.02173335465029213 0.0625
-0.017592018413212552 -0.013359673953700765 0.0625
0.021997038507157743 -0.0020323131930437147 0.0625
-0.014847732244456053 0.01635802088264164 0.0625
-0.0001014328289669304 -0.022092299821005686 0.0625
0.014998542074084305 0.016222322141170878 0.0625
-0.022018381414116977 -0.0018305408770273295 0.0625
0.017472897619750415 -0.01352397311331697 0.0625
-0.0037488119042569505 0.02177582166776954 0.0625
-0.011945588260773736 -0.01858986070695703 0.0625
0.021366450611333025 0.005638686750783965 0.0625
-0.01956463514295522 0.010275458711076678 0.0625
0.007485686982392037 -0.020793376118409593 0.0625
0.008526360274373734 0.020389732231483115 0.0625
-0.020060960313999735 -0.009275660153332905 0.0625
0.021058808371227516 -0.006711675646507212 0.0625
-0.01099488824784113 0.019174786372147277 0.0625
-0.004845292014793961 -0.0215667138268994 0.0625
0.018141615956298877 0.012630192813023954 0.0625
-0.02190953236459811 0.002941494784055865 0.0625
0.01416903597618574 -0.016969337627189645 0.0625
0.0010148582346775237 0.02208461144696703 0.0625
-0.01566690661147088 -0.01559961657309083 0.0625
0.022090582754910514 0.0009198660491887881 0.0625
-0.016910960649121762 0.014244276391725043 0.0625
0.0028478621280709645 -0.02192737287728512 0.0625
0.012712322639485555 0.018093005640567934 0.0625
-0.021596204085070615 -0.0047543631661852775 0.0625
0.01913667758928218 -0.011082760073369143 0.0625
-0.006624764533747377 0.021099585182472264 0.0625
-0.009368052877226194 -0.020033960798840903 0.0625
0.020441292503409765 0.008444735685031462 0.0625
-0.02077795939679514 0.007581319364407001 0.0625
0.010200329956067783 -0.019626341197160165 0.0625
0.005736231615995766 0.021362950331067353 0.0625
-0.018660947021904722 -0.011878091439522825 0.0625
0.021784427392531353 -0.0038469108619163177 0.0625
-0.013465158119273114 0.017552478936690773 0.0625
-0.001927819404585099 -0.02203913592551453 0.0625
0.0163094028538367 0.014949360472985571 0.0625
-0.02212509795857188 -6.350086482863958e-06 0.0625
0.016319314787614742 -0.014941216980645813 0.0625
-0.0019407870632555109 0.022041627561845335 0.0625
-0.013458379245065488 -0.017564510471288132 0.0625
0.021789336311528764 0.0038606765084754496 0.0625
-0.01867539069313487 0.011872227358788724 0.0625
0.005751312398189303 -0.021370128818012167 0.0625
0.010194892129640736 0.01964342573139903 0.0625
-0.020787188350484907 -0.00759821034727683 0.0625
0.020461178467502384 -0.008439204685337171 0.0625
-0.009387218576723035 0.02004495266626554 0.0625
-0.0066185983192676755 -0.021122361522523638 0.0625
0.019149080228555306 0.011104626351226424 0.0625
-0.021621885597940822 0.004747005707765615 0.0625
0.012737269057140992 -0.01810640706948782 0.0625
0.002838752286406506 0.02195589864834555 0.0625
-0.016924894627902042 -0.014272629114301707 0.0625
0.02212181558494217 -0.0009084466004172701 0.0625
-0.015698931949626228 0.015613568959113889 0.0625
0.0010291315302647529 -0.02211833828056292 0.0625
0.014182451781457484 0.017005236295524785 0.0625
-0.021945465721679536 -0.00295914417671536 0.0625
0.018181518121372853 -0.012642483885779349 0.0625
-0.0048668089297802634 0.021604494227845536 0.0625
-0.011005441494161194 -0.019218747553329144 0.0625
0.021098007735264906 0.0067375121226386095 0.0625
-0.02010895819333322 0.009283846206113971 0.0625
0.008556920778705924 -0.020429858217495073 0.0625
0.007490869221848117 0.020845308304296404 0.0625
-0.019605136391342263 -0.0103110924288781 0.0625
0.02142213339206611 -0.005640230574411489 0.0625
-0.011986581955452841 0.018630132930959255 0.0625
-0.0037460941428126486 -0.02183498977955302 0.0625
0.01751229048531983 0.01357054464484667 0.0625
-0.02208068883844162 0.00182295924801398 0.0625
0.015050834658125772 -0.016260146865688517 0.0625
-0.00011445033733777104 0.02215732161431709 0.0625
-0.014883269835944598 -0.016416098165838975 0.0625
0.0220642736552469 0.0020512991167495813 0.0625
-0.017655860431890977 0.01339218400447017 0.0625
0.003972753470942985 -0.021802229928590117 0.0625
0.011798290375615703 0.018760606179243088 0.0625
-0.02137316978682501 -0.005864095263853631 0.0625
0.01972185262002116 -0.010113779176656195 0.0625
-0.0077108345822146825 0.020780352019292698 0.0625
-0.008351536625534499 -0.020532214590549065 0.0625
0.020028290102596977 0.009498820746082963 0.0625
-0.021185461290363476 0.00652504635343771 0.0625
0.011214350738605418 -0.01912271783799416 0.0625
0.004648286235487431 0.021676564189764436 0.0625
-0.018070545636933034 -0.012844274225643132 0.0625
0.022001735737110797 -0.0027356214201423815 0.0625
-0.014376094359627101 0.016879807788096935 0.0625
-0.0008016943744316469 -0.02215845856845653 0.0625
0.01555960110888205 0.015798063594392717 0.0625
-0.02214550499385596 -0.0011386872121442741 0.0625
0.017099273777639905 -0.014120015448905015 0.0625
-0.003070663807817594 0.02196294660967328 0.0625
-0.012572056577174267 -0.01826973982902683 0.0625
0.021612153961668625 0.004979437833443779 0.0625
-0.019300476362682277 0.010927562041624041 0.0625
0.006850387002237732 -0.02109578625980962 0.0625
0.009199110645290238 0.02018356666537676 0.0625
-0.020417771221984547 -0.00866917633496399 0.0625
0.020912223501797247 -0.007399926230097099 0.0625
-0.01042186799340738 0.01958327519920993 0.0625
-0.005543776505252033 -0.021480841279144902 0.0625
0.018598663809991204 0.012095028089381342 0.0625
-0.0218850391705684 0.0036448676934405615 0.0625
0.013675829652275127 -0.01747145338321779 0.0625
0.0017177358022379707 0.02212169486530609 0.0625
-0.016210253580444492 -0.015152150964720706 0.0625
0.022188968686002265 0.00022286464863447943 0.0625
-0.016512668513320266 0.014824701635081951 0.0625
0.0021620735911866474 -0.02208631788656256 0.0625
0.013325388711600744 0.017746943840693908 0.0625
-0.021814501019564538 -0.004085039200230251 0.0625
0.018845503633908852 -0.011723778946411792 0.0625
-0.0059770316390036415 0.02137557233821704 0.0625
-0.010032121790120443 -0.019799912433851586 0.0625
0.020772866274036357 0.007823555889811415 0.0625
-0.0206028374080877 0.008263358320677027 0.0625
0.009610462804113266 -0.02001097210759026 0.0625
0.00643102224507626 0.02124810468920309 0.0625
-0.019095699024491028 -0.01132405752219815 0.0625
0.021730746846570594 -0.004549136345534423 0.0625
-0.012951204430477203 0.01803403182319438 0.0625
-0.0026321051636174803 -0.022047041125912072 0.0625
0.01683407761167269 0.014479427853481653 0.0625
-0.02219453816260658 0.0006946047427135413 0.0625
0.01589700770752817 -0.015505003900250718 0.0625
-0.0012485297259334865 0.022172080947070814 0.0625
-0.014056968562816251 -0.017193069383446218 0.0625
0.02197981389564123 0.0031824174950777343 0.0625
-0.018357667168100927 0.012501042202361742 0.0625
0.005092246220178327 -0.021619181955686472 0.0625
0.010849123513097709 0.019381860565940268 0.0625
-0.021092919750175104 -0.006963385413193286 0.0625
0.020257782933963873 -0.009113848287106934 0.0625
-0.008781498521205555 0.020405030843448014 0.0625
-0.007308492760638195 -0.020978701903780872 0.0625
0.019560757285089367 0.010532652772868922 0.0625
-0.02153907112608081 0.0054468720405047135 0.0625
0.012203425949771458 -0.018566539663826553 0.0625
0.003543234386268131 0.021934572940542223 0.0625
-0.01742996797551862 -0.01378100926537659 0.0625
0.022162151642345695 -0.0016121521583504607 0.0625
-0.015253305561881671 0.016159723680678133 0.0625
0.0003315897341810545 -0.022220037089262155 0.0625
0.014765513393034871 0.01660902207356315 0.0625
-0.022107758466789057 -0.0022731070309417747 0.0625
0.01783775704418448 -0.013257994706313883 0.0625
-0.004197530097597951 0.02182614810450436 0.0625
-0.011648694725402982 -0.018930079534813602 0.0625
0.02137733531266226 0.006090117809205593 0.0625
-0.019877601808901316 0.009949921925661685 0.0625
0.007936370468255554 -0.02076473028456188 0.0625
0.008174672013079809 0.020673043740063284 0.0625
-0.019992998186651942 -0.009722140891209725 0.0625
0.021310288747193023 -0.006336528506308364 0.0625
-0.011433742814026447 0.019068023632844038 0.0625
-0.004449558800289421 -0.021784430827606376 0.0625
0.017996865813868786 0.0130580557847484 0.0625
-0.02209181232613113 0.0025282065079816063 0.0625
0.014582625740116272 -0.01678770462343493 0.0625
0.0005871809025724793 0.02223005214990856 0.0625
-0.015449778193035354 -0.015995760494143727 0.0625
0.0221980642108645 0.0013586556923432496 0.0625
-0.01728661940786155 0.01399331231152026 0.0625
0.0032944017034464757 -0.02199606595317283 0.0625
0.012429442269398419 0.018445296551470567 0.0625
-0.02162557689880703 -0.005205230426578987 0.0625
0.019462896721627033 -0.010770127724557394 0.0625
-0.007076503591498258 0.021089407220676266 0.0625
-0.009028061241317838 -0.020331603729735997 0.0625
0.020391636429283665 0.008893883501368311 0.0625
-0.02104474043796541 0.00721657120096957 0.0625
0.010643442888847728 -0.019537582334358483 0.0625
0.005349519827500264 0.02159682008109485 0.0625
-0.01853376051805321 -0.012311771645845775 0.0625
0.021983588480155396 -0.003441197107865064 0.0625
-0.013886079610540647 0.01738783462797272 0.0625
-0.0015062114197964458 -0.022202056822710703 0.0625
0.016108557869717096 0.01535429462261212 0.0625
-0.022250524757657698 -0.0004406222972818471 0.0625
0.016705155095763716 -0.014705706145115223 0.0625
-0.002384395970930767 0.0221285936257551 0.0625
-0.013190003347709676 -0.01792829639668554 0.0625
0.02183716972306314 0.004310222556450484 0.0625
-0.019014330369126437 0.011573039385300483 0.0625
0.00620335005422389 -0.021378457570759415 0.0625
0.009867181557069801 0.01995491739195684 0.0625
-0.02075594324115832 -0.008049274512017477 0.0625
0.02074283041874288 -0.00808547996220849 0.0625
-0.009833851145341745 0.019974367866124346 0.0625
-0.0062415676646488194 -0.021372010506445348 0.0625
0.019039691528959905 0.011543402725455456 0.0625
-0.021837613407372575 0.004349556376245927 0.0625
0.013164824403277781 -0.017959047815261864 0.0625
0.0024239284577496994 0.022136046865502232 0.0625
-0.016740689368669077 -0.014685684167301503 0.0625
0.022264998330337283 -0.0004794260632027726 0.0625
-0.016094318164252608 0.015393924867551116 0.0625
0.001469061722416324 -0.022223452874288712 0.0625
0.013929047903401092 0.017379920152427564 0.0625
-0.022011701175027328 -0.0034066128898512476 0.0625
0.018532624400726696 -0.012357258305206276 0.0625
-0.005318386782294705 0.021631337499884586 0.0625
-0.010690576510009885 -0.01954358139859798 0.0625
0.02108524770610561 0.007189737767969575 0.0625
-0.020405025794971495 0.008941751635252902 0.0625
0.009006327436617525 -0.020377587347486216 0.0625
0.007124163955157225 0.021110336045170826 0.0625
-0.019513750053155653 -0.010754234461967426 0.0625
0.021654085307066775 -0.005251722528302006 0.0625
-0.01242006128714361 0.01850032641937965 0.0625
-0.0033387587581961134 -0.022032083195979647 0.0625
0.017345053727342984 0.013991036816318695 0.0625
-0.02224140807651234 0.0013999167025404871 0.0625
0.015455114324376195 -0.016056756871188585 0.0625
-0.0005499590301713658 0.022280429642741028 0.0625
-0.014645280946467176 -0.01680106383533631 0.0625
0.022148821612113633 0.002495936937257864 0.0625
-0.018018558260062306 0.013121416014620543 0.0625
0.004423112963059807 -0.021847564434417224 0.0625
0.011496814617813352 0.01909825263325505 0.0625
-0.021378937993335092 -0.00631672464787989 0.0625
0.020031855840958356 -0.00978390267567409 0.0625
-0.008162264211339802 0.02074650435481316 0.0625
-0.007995784444026295 -0.020812194289038025 0.0625
0.01995508069305603 0.009945589702658294 0.0625
-0.021433267022926226 0.006146142263562021 0.0625
0.011653033367846899 -0.01901070259953184 0.0625
0.004249131864575243 0.021890291875565553 0.0625
-0.017920578054766875 -0.013271506402176354 0.0625
0.022179742288253996 -0.0023192740300873264 0.0625
-0.014788599285936312 0.016693032413555187 0.0625
-0.00037134344495927976 -0.02229937452140499 0.0625
0.015337444824189176 0.016192676933260684 0.0625
-0.022248245044880946 -0.0015797444169644715 0.0625
0.01747296792581303 -0.013864176566370946 0.0625
-0.003519047502643393 0.022026717973273716 0.0625
-0.012284491856074838 -0.018619647145905614 0.0625
0.02163646248760785 0.0054317116107483535 0.0625
-0.019623911175814742 0.010610471722017522 0.0625
0.007303084168955686 -0.021080440261558794 0.0625
0.008854921613251793 0.020478045883901282 0.0625
-0.02036288298692569 -0.00911882648484839 0.0625
0.021175485679611018 -0.0070312734431672245 0.0625
-0.010865023611418854 0.01948926016870088 0.0625
-0.005153482820270438 -0.02171086398145356 0.0625
0.018466237435282643 0.012528290984159248 0.0625
-0.0220800545104456 0.003235922251190674 0.0625
0.014095877014028972 -0.01730162568099801 0.0625
0.0012932711344261266 0.022280203090924915 0.0625
-0.01600432142945203 -0.015555760848726834 0.0625
0.022309749714100807 0.000659596614742002 0.0625
-0.016896744553580815 0.014584238872530754 0.0625
0.0026077264466572757 -0.022168440693458896 0.0625
0.013052234105061195 0.018108539004201233 0.0625
-0.021857330817431235 -0.004536197696019309 0.0625
0.019181842833274645 -0.011420022133058687 0.0625
-0.006430237858688891 0.021378775481319882 0.0625
-0.009700087290877407 -0.02010841382479878 0.0625
0.020736412857005112 0.008275335752936734 0.0625
-0.020881132208351194 0.007905587751543737 0.0625
0.01005735269700335 -0.019935136235503373 0.0625
0.006050254861780822 0.021494055366717044 0.0625
-0.018981056752382392 -0.011762630852102725 0.0625
0.021942463537277884 -0.004148288070425046 0.0625
-0.013378097899466803 0.017881456780483015 0.0625
-0.002214246255381522 -0.02222289615510384 0.0625
0.01664473434473321 0.01489136725063413 0.0625
-0.022333178558205692 0.0002629362799265852 0.0625
0.016290833021614718 -0.015280338983866408 0.0625
-0.0016907003672981123 0.02227243884867614 0.0625
-0.013798699548348883 -0.017565759043502684 0.0625
0.022041114779238563 0.0036317019823261165 0.0625
-0.018706361225942183 0.012211144487089117 0.0625
0.005545201228598483 -0.0216409506106906 0.0625
0.010529815231088617 0.01970388264274669 0.0625
-0.02107498396267158 -0.0074165390158169925 0.0625
0.02055066076253255 -0.008767573337207108 0.0625
-0.009231376801375653 0.02034752275710789 0.0625
-0.006937902101422268 -0.021240186308765764 0.0625
0.019464112428996976 0.010975806455626189 0.0625
-0.021767153296518918 0.005054803395370156 0.0625
0.012636456847901571 -0.018431493654371085 0.0625
0.0031326905140322283 0.022127499862010905 0.0625
-0.017257550917313024 -0.01420059633734965 0.0625
0.022318439570206624 -0.0011862778557467533 0.0625
-0.01565623038187157 0.01595125230913741 0.0625
0.0007695317219771271 -0.022338482959432828 0.0625
0.014522581018532406 0.01699219351820601 0.0625
-0.022187449156304294 -0.0027197610072232114 0.0625
0.018198235006721037 -0.012982459036721553 0.0625
-0.004649473126969171 0.021866467470572186 0.0625
-0.01134266366007793 -0.019265097484683216 0.0625
0.021377968955963757 0.0065438859493308675 0.0625
-0.020184588023696964 0.009615737429528173 0.0625
0.00838848531948564 -0.02072566799996502 0.0625
0.007814892194236558 0.020949641046864278 0.0625
-0.01991453408225929 -0.01016913626059427 0.0625
0.02155437262191207 -0.0059539080338688 0.0625
-0.011872191289317194 0.018950753916133815 0.0625
-0.004047027813488482 -0.02199412571294551 0.0625
0.01784168426159938 0.01348459501466014 0.0625
-0.022265506043393158 0.0021088481765226194 0.0625
0.01499398421933467 -0.016595795769722612 0.0625
0.00015420781127306824 0.022366408293486517 0.0625
-0.01522260828753761 -0.016388782655346656 0.0625
0.022296032430303418 0.0018019261546629083 0.0625
-0.01765828982829687 0.013732618116727317 0.0625
0.0037445727610016426 -0.022054890043651645 0.0625
0.012137217782635669 0.01879276308840381 0.0625
-0.021644800637752246 -0.005658851946460516 0.0625
0.019783492399150136 -0.0104486089262049 0.0625
-0.007530098525557269 0.021068877905465213 0.0625
-0.008679708985919252 -0.02062286720899285 0.0625
0.0203315060884587 0.009343974538437425 0.0625
-0.021304434913667052 0.0068440523821289055 0.0625
0.011086579111777446 -0.019438306603156052 0.0625
0.004955686960736622 0.021822950459256994 0.0625
-0.018396095186026223 -0.012744554990530774 0.0625
0.022174416705133718 -0.0030290664877296557 0.0625
-0.01430519092285911 0.017212829885307916 0.0625
-0.0010789400185213524 -0.02235611523580144 0.0625
0.01589755029558256 0.015756519114303865 0.0625
-0.022366627384578244 -0.0008797610126815468 0.0625
0.017087407003000474 -0.014460308499952914 0.0625
-0.0028320371178511532 0.022205845306205146 0.0625
-0.012912092246410217 -0.018287642653447525 0.0625
0.0218749730120806 0.004762935620050468 0.0625
-0.019348013112784928 0.011264740946311306 0.0625
0.006657665177366 -0.021376517358683296 0.0625
0.009530855136457777 0.02026037512900135 0.0625
-0.02071426905646104 -0.00850170909032653 0.0625
0.0210177176875321 -0.007723700098217199 0.0625
-0.010280936523538942 0.019893273843160236 0.0625
-0.005857104369534382 -0.02161421588687365 0.0625
0.01891979404055616 0.01198171079032271 0.0625
-0.02204527573852768 0.003945353927378754 0.0625
0.013590993869375583 -0.01780126078800587 0.0625
0.002003082849476558 0.02230756954708722 0.0625
-0.016546217316480476 -0.01509644635388745 0.0625
0.02239906159770041 -4.5161293414224656e-05 0.0625
-0.016486522065725286 0.01516425369664967 0.0625
0.0019134183509718133 -0.022319023952990513 0.0625
0.013665933558854912 0.017750556610004183 0.0625
-0.022068042236600367 -0.0038576562630206284 0.0625
0.018878849189939366 -0.012062713345824216 0.0625
-0.005772660068368991 0.021648011357514072 0.0625
-0.010366854714206054 -0.019862737055465034 0.0625
0.021062121206451956 0.007643758910688311 0.0625
-0.02069466201335862 0.008591330755642682 0.0625
0.009456615845884557 -0.02031483243207694 0.0625
0.006749726753836733 0.021368228488776057 0.0625
-0.019411842481133847 -0.011197337696419065 0.0625
0.021878252691615727 -0.004856136237978644 0.0625
-0.01285258152492041 0.018360042160770612 0.0625
-0.0029250531264027936 -0.022220802510434255 0.0625
0.017167463054792793 0.01440965690994496 0.0625
-0.022393227826365426 0.0009712607870665835 0.0625
0.01585662324136603 -0.015843216194364407 0.0625
-0.0009902811369138693 0.022394181013599773 0.0625
-0.014397422452073665 -0.017182381288300096 0.0625
0.0222236274677292 0.0029445512689699363 0.0625
-0.01837675833812871 0.012841135190551379 0.0625
0.0048765815326319364 -0.021882846079877116 0.0625
0.011186255757765821 0.01943058625265463 0.0625
-0.021374419651282697 -0.006771571794706166 0.0625
0.02033577184355806 -0.009445442473846915 0.0625
-0.008615003240954863 0.020702215320065078 0.0625
-0.007632013806410182 -0.021085359026081687 0.0625
0.019871355148807262 0.010392749614513532 0.0625
-0.021673582274134975 0.005759846474195484 0.0625
0.012091185466340637 -0.018888177096230144 0.0625
0.00384326925979913 0.022095910965531228 0.0625
-0.017760186670682184 -0.013697290586919842 0.0625
0.022349084276903575 -0.0018969533425631363 0.0625
-0.015198749819666674 0.016495999633825843 0.0625
6.420000782231767e-05 -0.022431136359065622 0.0625
0.015105276192646889 0.01658404748979739 0.0625
-0.022341411598666153 -0.002025173518241186 0.0625
0.017842555725937338 -0.013598647181496427 0.0625
-0.003970948904830763 0.022080569847610896 0.0625
-0.011987632798997547 -0.018964615996017384 0.0625
0.021650581578672248 0.005886621892499806 0.0625
-0.01994161323259867 0.01028455452032054 0.0625
0.007757516379095304 -0.02105471300274758 0.0625
0.00850244085943537 0.020766041977993883 0.0625
-0.020297501260024102 -0.009569296870685957 0.0625
0.021431564042263658 -0.006654927700760646 0.0625
-0.011308078325341513 0.019384719873857904 0.0625
-0.004756153963747283 -0.021933057230425743 0.0625
0.018323334729900918 0.01296053256529248 0.0625
-0.022266654764673717 0.0028206533978554185 0.0625
0.014513990440716164 -0.017121450916519895 0.0625
0.0008632433372692728 0.022429775097861777 0.0625
-0.015788250831740937 -0.01595653896288389 0.0625
0.02242114188881275 0.0011010887347196016 0.0625
-0.017277112660924576 0.014333924030136337 0.0625
0.0030572999419828098 -0.02224079398458499 0.0625
0.012769589344621851 0.01846557846290552 0.0625
-0.021890085331739296 -0.004990407214764358 0.0625
0.019512813449107387 -0.01110720987918811 0.0625
-0.006885602048331158 0.0213716748157934 0.0625
-0.00935950152176619 -0.020410774881519232 0.0625
0.02068950610493035 0.008728363943721066 0.0625
-0.021152561971291683 0.007539835677961749 0.0625
0.010504571660281401 -0.019848777650878474 0.0625
0.005662136968288975 0.02173246891064923 0.0625
-0.01885590307490044 -0.01220061142852932 0.0625
0.022146028761041235 -0.0037407766727157806 0.0625
-0.013803481292905033 0.017718462241301323 0.0625
-0.001790462737029743 -0.022390047860317494 0.0625
0.016445143390990666 0.015300890786152162 0.0625
-0.02246263048362567 -0.0001738728158474025 0.0625
0.016681355170042877 -0.015045676777429585 0.0625
-0.0021371882093251427 0.022363193567957185 0.0625
-0.013530760311319775 -0.01793428352060973 0.0625
0.022092471385736282 0.0040844470948249185 0.0625
-0.019050059981370555 0.011911977783146847 0.0625
0.006000733710633013 -0.02165251013009976 0.0625
0.010201710287544312 0.020020117562317474 0.0625
-0.021046652451904475 -0.007871367134668749 0.0625
0.020837003917383606 -0.008413041527708059 0.0625
-0.009682013757617621 0.02027951206506959 0.0625
-0.006559657723342623 -0.021494438595892458 0.0625
0.01935693861336243 0.011418797113466838 0.0625
-0.021987361327617503 0.0046557428890339585 0.0625
0.013068404226781929 -0.018285973065861934 0.0625
0.0027158702828569965 0.02231197097090919 0.0625
-0.017074793981809847 -0.014618187660539532 0.0625
0.022465754823592657 -0.0007548908571596628 0.0625
-0.01605626248372676 0.015732655054175336 0.0625
0.0012121804355628393 -0.02244750807086699 0.0625
0.014269814409508174 0.017371597414118048 0.0625
-0.022257343219585054 -0.00317027961000148 0.0625
0.01855409943803097 -0.012697456203651935 0.0625
-0.005104409009908634 0.021896689445200696 0.0625
-0.01102760511352916 -0.019594691257074342 0.0625
0.021368281854700705 0.006999752179760989 0.0625
-0.020485380968705946 0.009273034377536855 0.0625
0.008841787367324619 -0.02067614074606329 0.0625
0.007447168088796612 0.021219323444851147 0.0625
-0.019825541021842457 -0.010616398786370163 0.0625
0.021790872937697558 -0.005563978487837652 0.0625
-0.012309984788633571 0.018822971989130997 0.0625
-0.003637879041725836 -0.02219562650789051 0.0625
0.017676087852623614 0.013909562114830647 0.0625
-0.022430457941683562 0.001683614126326116 0.0625
0.015402865426547346 -0.016393649278048882 0.0625
-0.0002838538427387936 0.022493541895307695 0.0625
-0.014985456472852498 -0.016778441354912656 0.0625
0.02238436808029664 0.002249458967351252 0.0625
-0.018025736346227398 0.013462274294349251 0.0625
0.0041981472339931054 -0.02210374537949884 0.0625
0.011835749958425387 0.019135177629738206 0.0625
-0.021653795860711797 -0.006114991808876008 0.0625
0.02009824668703528 -0.010118323977175044 0.0625
-0.007985307376787439 0.021037938732162528 0.0625
-0.008323135007568337 -0.02090754465846696 0.0625
0.020260864360985932 0.009794762648769509 0.0625
-0.021556849185291438 0.006463919337569108 0.0625
0.011529490175441503 -0.019328498552510433 0.0625
0.004554905779741447 0.022041162250155462 0.0625
-0.018247957361871982 -0.013176192626070029 0.0625
0.022356748648478024 -0.0026107067757172903 0.0625
-0.01472224471764002 0.017027492782964865 0.0625
-0.0006462065461807262 -0.022501164794287275 0.0625
0.01567642972878257 0.016155790013445397 0.0625
-0.022473277638770654 -0.0013235528590619153 0.0625
0.01746583184801079 -0.014205094785217452 0.0625
-0.0032834867372870174 0.022273273554779958 0.0625
-0.012624737281656024 -0.018642317682336724 0.0625
0.02190265711773334 0.005218583254390511 0.0625
-0.01967621624136892 0.010947443282469653 0.0625
0.007114018425772684 -0.021364239790775768 0.0625
0.00918604315627459 0.020559586842421245 0.0625
-0.020662118599093546 -0.008955269677513499 0.0625
0.021285640381662342 -0.0073540134309467665 0.0625
-0.010728227116592378 0.019801644955276112 0.0625
-0.005465373683755119 -0.02184879151113208 0.0625
0.018789383872663597 0.01241930165853496 0.0625
-0.0222447016046202 0.0035345792566312036 0.0625
0.0140155291826994 -0.017633063878092815 0.0625
0.001576410616679446 0.02247031218224661 0.0625
-0.01634151800546022 -0.01550466991835749 0.0625
0.022523868535976627 0.00039413978997574823 0.0625
-0.016875302298487348 0.014924616321187878 0.0625
0.0023619823264570995 -0.022404933373913534 0.0625
0.013393190496456733 0.018116910562389527 0.0625
-0.022114390377049986 -0.004312045715369797 0.0625
0.019219965434306336 -0.011758951003557663 0.0625
-0.0062293924671269225 0.021654437639673358 0.0625
-0.01003439756818503 -0.02017599726020011 0.0625
0.02102857104224798 0.008099333301027295 0.0625
-0.020977661040475538 0.008232723563372868 0.0625
0.009907539684234122 -0.02024155768228636 0.0625
0.006367715075535309 0.02161879285984304 0.0625
-0.019299399565333535 -0.011640153625171954 0.0625
0.022094457280248843 -0.004453645415977689 0.0625
-0.013283893880951378 0.018209287832302027 0.0625
-0.0025051658836458745 -0.02240098533313695 0.0625
0.016979547872836443 0.014826157763697763 0.0625
-0.022536002818139333 0.0005371936157625401 0.0625
0.01625511776682901 -0.015619575742846534 0.0625
-0.0014352026144204611 0.022498448689977732 0.0625
-0.01413976637243212 -0.017559812269299403 0.0625
0.022288583391414016 0.003396917779985753 0.0625
-0.01873022962295637 0.012551434112137449 0.0625
0.005332926278050156 -0.021907987066658637 0.0625
0.010866726225808922 0.019757384977099487 0.0625
-0.02135954766730789 -0.007228397017873476 0.0625
0.02063338925180781 -0.009098529990244686 0.0625
-0.009068807036579621 0.020647439040551347 0.0625
-0.007260374113110976 -0.02135150972970455 0.0625
0.019777089165570486 0.010840052773721836 0.0625
-0.02190622180128906 0.005366325222415052 0.0625
0.012528558150831582 -0.018755138780111213 0.0625
0.0034308802207227975 0.02229325146565779 0.0625
-0.017589390712235153 -0.014121378628601949 0.0625
0.022509608260256487 -0.0014688553263657225 0.0625
-0.015606300443010854 0.016288750304504003 0.0625
0.0005047273478666013 -0.0225536083654992 0.0625
0.014863157384617 0.016971934261011772 0.0625
-0.022424887705946618 -0.002474754811225616 0.0625
0.01820780253652798 -0.013323510302874583 0.0625
-0.00442613892476759 0.022124404946091934 0.0625
-0.011681582616356807 -0.019304419897454326 0.0625
0.021654434356257034 0.006343931959798678 0.0625
-0.020253365946087055 0.009949933057758787 0.0625
0.008213441098645495 -0.02101854860162997 0.0625
0.00814180947606616 0.02104734991526105 0.0625
-0.02022159158452552 -0.010020341001615005 0.0625
0.02168026668292906 -0.0062710474848366605 0.0625
-0.011750783576487085 0.019269641546706608 0.0625
-0.004351964592628845 -0.022147243715291188 0.0625
0.018169964712293613 0.013391504110965461 0.0625
-0.022444678577097508 0.002399250626920854 0.0625
0.014929922953451347 -0.016930959825243414 0.0625
0.00042785528858850866 0.02257026672088806 0.0625
-0.015562094004271184 -0.01635424196354655 0.0625
0.022523019340410278 0.0015471263010835821 0.0625
-0.017653534991757678 0.014073830405926713 0.0625
0.00351056918557009 -0.02230327115006509 0.0625
0.012477548247512694 0.01881783169578772 0.0625
-0.021912678029238544 -0.00544743440409579 0.0625
0.01983819404944002 -0.01078545580199384 0.0625
-0.007342884183018066 0.0213542045479288 0.0625
-0.009010497029408978 -0.020706784957665737 0.0625
0.02063210146766327 0.009182395603983052 0.0625
-0.021416928450331083 0.007166252559978548 0.0625
0.010951871879016105 -0.019751873388253995 0.0625
0.005266835784951551 0.021963160993225764 0.0625
-0.01872023678709389 -0.012637750378731837 0.0625
0.02234127352128314 -0.003326784851356165 0.0625
-0.01422710658733058 0.017545068770248088 0.0625
-0.0013609513862861662 -0.022548343870984533 0.0625
0.016235346926872975 0.015707753186375076 0.0625
-0.022582759361790987 -0.0006156131962860982 0.0625
0.017068333508557243 -0.014801080745697661 0.0625
-0.0025877729374237618 0.022444229352426813 0.0625
-0.013253235118359762 -0.018298408643854132 0.0625
0.022133787674043223 0.004540423240224683 0.0625
-0.019388537531190488 0.011603646513127583 0.0625
0.006458606555283019 -0.021653784920056245 0.0625
0.009864932460734156 0.0203303494201441 0.0625
-0.021007870650311674 -0.00832762695728942 0.0625
0.021116608147138484 -0.008050395043735725 0.0625
-0.010133162736714772 0.02020096564402938 0.0625
-0.006173919128741248 -0.02174126773193695 0.0625
0.019239224412692896 0.011861376142675928 0.0625
-0.022199518868064694 0.004249866118648873 0.0625
0.01349901943696625 -0.01812998825814312 0.0625
0.002292964039059984 0.022487825949068035 0.0625
-0.01688172923453243 -0.015033536445292345 0.0625
0.022603954345861273 -0.0003181947991708097 0.0625
-0.016453158828700583 0.015503985441090691 0.0625
0.0016593205085780308 -0.02254698772452348 0.0625
0.014007288140565299 0.017746996335920587 0.0625
-0.02231733527059283 -0.003624437393576177 0.0625
0.018905120345220218 -0.012403081259620152 0.0625
-0.0055621039489573325 0.02191672876277373 0.0625
-0.010703633887501814 -0.0199186400540379 0.0625
0.021348209516850628 0.007457476143082744 0.0625
-0.020779770732804858 0.00892194644077551 0.0625
0.009296031536224145 -0.02061610529846814 0.0625
0.007071651212791512 0.021481893518138118 0.0625
-0.019725997379690628 -0.011063680552891902 0.0625
0.022019606286638876 -0.005166908067830672 0.0625
-0.0127468744559506 0.01868467799038116 0.0625
-0.003222296079231793 -0.02238876521779992 0.0625
0.017500098488404316 0.014332709195966721 0.0625
-0.022586516726831436 0.0012527019392352418 0.0625
0.015809024338676845 -0.01618130864482608 0.0625
-0.0007267940041021638 0.02261131952088602 0.0625
-0.014738387506848864 -0.01716449631355262 0.0625
0.022462956608396666 0.002701033211437541 0.0625
-0.01838872526731015 0.013182366367363233 0.0625
0.00465489503273996 -0.022142537167952836 0.0625
0.011525144429187503 0.01947231485690308 0.0625
-0.021652488260835434 -0.006573412516675338 0.0625
0.02040694436896907 -0.009779397809773441 0.0625
-0.008441887060481955 0.02099653644909244 0.0625
-0.007958482580945591 -0.0211854326132082 0.0625
0.020179679458201396 0.010246001023045263 0.0625
-0.02180179309827222 0.006076332586365703 0.0625
0.011971927437148871 -0.01920814810021107 0.0625
0.004147352817634598 0.022251280066685118 0.0625
-0.018089358746912226 -0.0136064359817518 0.0625
0.022530425034381883 -0.0021863091661744032 0.0625
-0.015136994400871594 0.016831856716000824 0.0625
-0.0002082153931136124 -0.022637063554049378 0.0625
0.015445251001925158 0.01655186459247205 0.0625
-0.022570351995377637 -0.0017717818163512035 0.0625
0.017840192629591353 -0.01394014085076168 0.0625
-0.003738518835044655 0.022330774212284184 0.0625
-0.012328034739138015 -0.01899209202459293 0.0625
0.02192013804450227 0.005676931222937645 0.0625
-0.019998719596789102 0.01062126237737321 0.0625
0.007572169115583057 -0.021341561678682515 0.0625
0.008832880408948607 0.020852343361867316 0.0625
-0.02059944997193997 -0.009409710986716993 0.0625
0.021546401921255877 -0.006976572528663424 0.0625
-0.01117547491444957 0.019699460917408592 0.0625
-0.005066544782146317 -0.022075554896095043 0.0625
0.018648462507573377 0.012855926497286386 0.0625
-0.022435724017507045 0.0031174168489724974 0.0625
0.014438182594492364 -0.017454480323633177 0.0625
0.001144110140478373 0.022624124557349277 0.0625
-0.01612663625134735 -0.015910110094425164 0.0625
0.022639286856976658 0.0008382664299159089 0.0625
-0.017260418954450244 0.01467507879082272 0.0625
0.0028145321310127144 -0.02248106778788537 0.0625
0.013110905493532487 0.018478748798001984 0.0625
-0.022150652054671514 -0.004769550665720682 0.0625
0.01955574840579119 -0.011446078118263715 0.0625
-0.006688346101239403 0.021650543328748953 0.0625
-0.009693331155538998 -0.020483147490292036 0.0625
0.020984545279351275 0.008556217588330493 0.0625
-0.021253820203204005 0.007866074419294369 0.0625
0.010358851992514968 -0.02015773264524482 0.0625
0.005978290452059138 0.021861839887594516 0.0625
-0.01917641256738566 -0.01208243357297748 0.0625
0.02230252465479964 -0.004044427527111124 0.0625
-0.013713749869636483 0.018048076476817283 0.0625
-0.0020792890675471166 -0.022572473434995532 0.0625
0.016781342905449897 0.015240292985691137 0.0625
-0.022669592224154038 9.792032768954692e-05 0.0625
0.016650355490670902 -0.015385891655483784 0.0625
-0.0018845067944310327 0.022593110324648603 0.0625
-0.013872389830966558 -0.017933120207529296 0.0625
0.02234358645379414 0.003852809933260023 0.0625
-0.01907874319592615 0.012252410296096913 0.0625
0.0057919125296683575 -0.021922904671796365 0.0625
0.01053834318458846 0.02007842929424107 0.0625
-0.021334260158674206 -0.007686959313148887 0.0625
0.020924499641674473 -0.00874330113547308 0.0625
-0.009523430106413051 0.020582134947771225 0.0625
-0.00688101898114421 -0.021610450661222528 0.0625
0.019672263799790844 0.01128725108214745 0.0625
-0.022131004050954643 0.004965748654193978 0.0625
0.01296490261817753 -0.018611590477473263 0.0625
0.00301215011839988 0.022482147398863474 0.0625
-0.01740821475392966 -0.014543522925380421 0.0625
0.022661165109342418 -0.0010351791570167015 0.0625
-0.01601100665292295 0.016071330559728314 0.0625
0.000950027121487635 -0.02266665940248889 0.0625
0.014611155740182315 0.01735609771625343 0.0625
-0.022498561224033944 -0.0029282661846895507 0.0625
0.018568475634909837 -0.013038853960212907 0.0625
-0.004884386495718898 0.02215813098075826 0.0625
-0.011366449353017822 -0.019638834718620168 0.0625
0.021647949094183605 0.006803403561132858 0.0625
-0.020558955493312745 0.009606734566125255 0.0625
0.008670614717013457 -0.020971896443314555 0.0625
0.007773172906743574 0.021321767819809587 0.0625
-0.020135124844474266 -0.010471711774940861 0.0625
0.02192140521971763 -0.005879795335973587 0.0625
-0.012192890663554386 0.019144017793206534 0.0625
-0.003941093099108881 -0.022353249991537167 0.0625
0.01800614176683233 0.0138209572270786 0.0625
-0.022613968769619873 0.001971906814902028 0.0625
0.015343428368713583 -0.01673018845961262 0.0625
-1.2687128900000107e-05 0.022701538252655046 0.0625
-0.015325908391025133 -0.016748627764384322 0.0625
0.022615260902729546 0.0019974920028556923 0.0625
-0.018025775411953045 0.013804036395121141 0.0625
0.0039673071031913806 -0.022355770493296966 0.0625
0.01217620955929155 0.01916507033037492 0.0625
-0.02192502746203482 -0.005907044166841744 0.0625
0.020157765773372454 -0.010454878240603954 0.0625
-0.007801842944242424 0.021326304102525003 0.0625
-0.008653210839387379 -0.020996236381054318 0.0625
0.02056415970666418 0.009637185043300215 0.0625
-0.02167403675326945 0.00678499305953404 0.0625
0.011399005173328322 -0.01964440584640915 0.0625
0.004864522424762253 0.022185950995595956 0.0625
-0.018574062059714944 -0.013073798935346145 0.0625
0.022528032856465128 -0.0029064988591134375 0.0625
-0.014648726334203797 0.017361302277928467 0.0625
-0.0009259121681660392 -0.02269763614689517 0.0625
0.016015392404013545 0.01611171021789634 0.0625
-0.022693435208114926 -0.0010620727164794251 0.0625
0.017451528890186092 -0.014546619517778012 0.0625
-0.003042231852463575 0.022515435269073885 0.0625
-0.012966213249878223 -0.01865790218536592 0.0625
0.022164972612657364 0.0049993988718794 0.0625
-0.019721570346147764 0.01128625992443667 0.0625
0.006918581142872712 -0.021644704547983232 0.0625
0.00951961012760459 0.020634365098505168 0.0625
-0.020958589263831814 -0.008785074619489236 0.0625
0.02138927237851155 -0.007679780408178539 0.0625
-0.010584576498661935 0.020111855716068903 0.0625
-0.005780849863364888 -0.02198048622886296 0.0625
0.01911096377788462 0.012303294822135328 0.0625
-0.02240345345169967 0.0038373523994449607 0.0625
0.013928054182255251 -0.017963554957083582 0.0625
0.0018641654929838873 0.022654908673723852 0.0625
-0.016678394055699677 -0.015446396722951334 0.0625
0.02273289955386468 0.00012360369694744048 0.0625
-0.01684667766046855 0.015265302217914655 0.0625
0.0021107339924174885 -0.022636801938729183 0.0625
0.013735081877148492 0.018118154592232264 0.0625
-0.02236732484841943 -0.004082006752233382 0.0625
0.019251069907964928 -0.012099434176797166 0.0625
-0.006022322425667066 0.021926505252805508 0.0625
-0.01037086949472331 -0.02023672567199095 0.0625
0.021317692676632978 0.007916816212634268 0.0625
-0.02106755040115169 0.008562611756639053 0.0625
0.009750971943101198 -0.02054552375007396 0.0625
0.006688497269450811 0.021737157226200232 0.0625
-0.01961588689770703 -0.011510733304892688 0.0625
0.022240392989344274 -0.004762868849708751 0.0625
-0.013182611566356753 0.018535877435140676 0.0625
-0.002800466055763246 -0.022573377901202955 0.0625
0.01731374341531798 0.014753788969228665 0.0625
-0.02273353545146266 0.0008163123649011581 0.0625
0.016212216998062728 -0.01595882263851961 0.0625
-0.0011743998418804378 0.022719612342894217 0.0625
-0.014481471306218494 -0.01754670877421662 0.0625
0.02253168829440274 0.003156425605629652 0.0625
-0.018747024864769042 0.012892984864635937 0.0625
0.005114584136677369 -0.02217117563659736 0.0625
0.011205511642360846 0.01980395184888399 0.0625
-0.02164080870130913 -0.0070338750879826665 0.0625
0.02070937303798617 -0.009431959943380357 0.0625
-0.008899593464983995 0.020944623084649058 0.0625
-0.007585899304731619 -0.02145633080791011 0.0625
0.020087924941196954 0.010697442290418649 0.0625
-0.022039080063564753 0.005681456675165508 0.0625
0.012413642162497568 -0.019077250542503827 0.0625
0.003733208308302073 0.0224531324257179 0.0625
-0.017920316408496065 -0.014035036865622645 0.0625
0.02269529079965885 -0.0017560681988238668 0.0625
-0.015549194225079095 0.016625960391832013 0.0625
0.00023482608598152728 -0.022763674059987384 0.0625
0.015204074165783016 0.01694450143147828 0.0625
-0.022657731660579307 -0.0022242293040921225 0.0625
0.018210254105386892 -0.013665527630400513 0.0625
-0.004196905279647037 0.02237824805639778 0.0625
-0.012022085815445286 -0.01933673841799773 0.0625
0.021927336901770178 0.006137743591603343 0.0625
-0.020315305638517644 0.010286318914636723 0.0625
0.008031875318121618 -0.021308425067896236 0.0625
0.00847150614025774 0.021138438535416363 0.0625
-0.020526226600505397 -0.009864786948774145 0.0625
0.021799809122669957 -0.006591534132139166 0.0625
-0.011622431592827224 0.019586706815339115 0.0625
-0.004660790699328411 -0.02229432730667274 0.0625
0.018497036805422393 0.013291336630258417 0.0625
-0.02261818006024536 0.0026940547066307435 0.0625
0.01485870698202105 -0.017265538706407017 0.0625
0.0007063829500224065 0.022768860821918993 0.0625
-0.015901622138285318 -0.0163125232067634 0.0625
0.022745188894238762 0.0012870051147519956 0.0625
-0.017641633672731222 0.014415712308351467 0.0625
0.0032708439066253714 -0.022547318690666788 0.0625
0.012819170325651332 0.018835840097058063 0.0625
-0.022176738758773754 -0.005229938625366647 0.0625
0.01988597579751244 -0.011124206334869446 0.0625
-0.007149281632853072 0.021636260585742393 0.0625
-0.00934378613473598 -0.020783976055324824 0.0625
0.020929997270176855 0.009014167419700467 0.0625
-0.02152294004957714 0.00749153199434592 0.0625
0.010810305275234132 -0.020063332222147075 0.0625
0.005581618427280858 0.022097183886917327 0.0625
-0.019042878129382067 -0.012523928798484215 0.0625
0.022502284319836103 -0.003628663719505878 0.0625
-0.01414190140981969 0.017876426502937883 0.0625
-0.0016476180423209267 -0.022735112816667933 0.0625
0.01657288818657969 0.015651817056020284 0.0625
-0.02279385972117983 -0.0003463509941889858 0.0625
0.01704209533560018 -0.015142225284690315 0.0625
-0.0023379744697847307 0.022678048315025588 0.0625
-0.013595375028153514 -0.018302070315782855 0.0625
0.022388538674003387 0.00431199907730216 0.0625
-0.019422072359009647 0.011944166160992298 0.0625
0.006253303943816267 -0.02192752128687262 0.0625
0.01020122848578644 0.020393502332379777 0.0625
-0.021298500483967798 -0.008147016456005443 0.0625
0.021208897629596827 -0.008379896260532236 0.0625
-0.009978626201210495 0.020506267801248364 0.0625
-0.006494106185040549 -0.02186198949906934 0.0625
0.019556865481846524 0.011734096152876879 0.0625
-0.02234775123722153 0.004558290758526001 0.0625
0.013399970247145914 -0.018457540393443658 0.0625
0.0025872678228977173 0.02266243687718949 0.0625
-0.01721668871254373 -0.014963476527043083 0.0625
0.022803610074612166 -0.0005961271383242114 0.0625
-0.016412625062528434 0.015843791798583556 0.0625
0.0013998851416522178 -0.022770162968019828 0.0625
0.014349343746727932 0.017736299897054067 0.0625
-0.02256232486772752 -0.0033854832096946565 0.0625
0.018924344314430647 -0.012744771173656928 0.0625
-0.00534545866671853 0.022181660705240348 0.0625
-0.011042345848812193 -0.019967638772654627 0.0625
0.02163105925339337 0.007264797008601478 0.0625
-0.0208581709059057 0.009255090840182452 0.0625
0.009128792646307097 -0.020914711205769244 0.0625
0.007396680891093438 0.021589097058361036 0.0625
-0.020038077282069196 -0.010923161577026249 0.0625
0.02215479487648559 -0.005481337791164467 0.0625
-0.01263415084466109 0.019007846601715554 0.0625
-0.0035237215411058277 -0.02255090655607323 0.0625
0.01783188564337083 0.014248643949574471 0.0625
-0.022774372411003285 0.0015388181455040205 0.0625
0.01575426140056273 -0.016519178179399213 0.0625
-0.0004581751091598089 0.02282345450560336 0.0625
-0.015079756644672484 -0.017139455637139006 0.0625
0.02269775016774085 0.0024519660117587514 0.0625
-0.018393599595627218 0.013524625463048598 0.0625
0.004427284529118279 -0.02239819527770552 0.0625
0.011865676918293069 0.0195070682387356 0.0625
-0.021927057306195832 -0.006368999755911756 0.0625
0.0204713124237997 -0.010115600211909536 0.0625
-0.008262235817808777 0.021287918153049108 0.0625
-0.008287784404417483 -0.021278924542041458 0.0625
0.0204856469166802 0.010092485838737206 0.0625
-0.021923695425797942 0.006396215981097456 0.0625
0.011845723100075417 -0.019526362801001614 0.0625
0.004455371826991641 0.02240066208582347 0.0625
-0.018417388442913647 -0.01350850853879994 0.0625
0.022706145912049204 -0.002480108429228713 0.0625
-0.01506809376225703 0.017167194015675097 0.0625
-0.00048554815593450975 -0.022837781043443528 0.0625
0.015785332535376246 0.016512518788712762 0.0625
-0.022794532688585913 -0.0015130365193835222 0.0625
0.017830703765124443 -0.014282366864087234 0.0625
-0.003500339960322086 0.022576705254801294 0.0625
-0.012669788968370097 -0.019012533957812345 0.0625
0.022185940222097748 0.005461140582470411 0.0625
-0.020048937365286387 0.010959932049188227 0.0625
0.007380417441720577 -0.021625203776749636 0.0625
0.009165876216010619 0.020931954356742968 0.0625
-0.02089876429748408 -0.00924346530464657 0.0625
0.02165479880224984 -0.00730134842574157 0.0625
-0.011036007318123982 0.020012159865299747 0.0625
-0.0053806174531097935 -0.022211910224545984 0.0625
0.01897215604394517 0.012744304415863376 0.0625
-0.022598996572401008 0.003418384694648565 0.0625
0.014355260622260934 -0.017786694253485235 0.0625
0.0014296716431148255 0.02281306728594104 0.0625
-0.01646483113016526 -0.015856523447942205 0.0625
0.022852456399489764 0.0005702951073080152 0.0625
-0.017236578606174852 0.015016669336212856 0.0625
0.0025662004433840324 -0.02271683550330846 0.0625
0.013453280347591402 0.018484838324667893 0.0625
-0.02240721646358936 -0.004542758011808487 0.0625
0.01959172257450682 -0.011786619810766777 0.0625
-0.006484827295393515 0.0219259438781759 0.0625
-0.010029436114397633 -0.020548732594182457 0.0625
0.02127667732415059 0.008377529590755035 0.0625
-0.021348516143538235 0.00819517287609525 0.0625
0.010206361997813981 -0.020464363531993334 0.0625
0.0062978660893260215 0.0219849239871535 0.0625
-0.019495198697475697 -0.011957308549416209 0.0625
0.02245305717269443 -0.004352036718562392 0.0625
-0.01361694762825086 0.018376581218754302 0.0625
-0.0023725795630364045 -0.022749304741399506 0.0625
0.017117055218770702 0.01517255484872455 0.0625
-0.022871371579909584 0.00037464924089656464 0.0625
0.016612200614057836 -0.015726245284819147 0.0625
-0.0016264558344166484 0.022818296198855254 0.0625
-0.014214782922814617 -0.017924841602013054 0.0625
0.02259045830040806 0.003615410595980011 0.0625
-0.01910040547657953 0.012594225289006491 0.0625
0.005576980688065618 -0.022189576075376995 0.0625
0.01087696681968184 0.02012986817650678 0.0625
-0.021618693248914855 -0.007496139153545867 0.0625
0.021005323186838253 -0.009076144435633192 0.0625
-0.009358181551226355 0.020882155972367575 0.0625
-0.007205537045066251 -0.02172004226267016 0.0625
0.019985579737057165 0.011148838619951862 0.0625
-0.02226852713800227 0.005279460114827703 0.0625
0.01285438562785084 -0.018935806561393202 0.0625
0.0033126561157605853 0.02264655182271054 0.0625
-0.01774085277810702 -0.014461747567480643 0.0625
0.022851195161891723 -0.0013201816818666562 0.0625
-0.01595859939146135 0.01640984781961275 0.0625
0.0006827076546196117 -0.022880863407186446 0.0625
0.01495296446972114 0.01733346051910169 0.0625
-0.022735302625341316 -0.002680674268565353 0.0625
0.01857578289068469 -0.013381341113585963 0.0625
-0.004658415894320522 0.02241560084752452 0.0625
-0.01170699658092291 -0.019676031892997613 0.0625
0.021924179941451447 0.00660078282439727 0.0625
-0.020625759535909474 0.009942738232843083 0.0625
0.008492893958408958 -0.021264777266908313 0.0625
0.008102063996299754 0.021417669317641993 0.0625
-0.02044241725350322 -0.01032025081253716 0.0625
0.022045672281599024 -0.006199059094115554 0.0625
-0.012068848615384906 0.019463373117189164 0.0625
-0.004248288261803391 -0.022504933833375818 0.0625
0.01833511900670687 0.013725283640416924 0.0625
-0.022791910958370094 0.0022646842750655813 0.0625
0.015276855951145998 -0.017066272945430564 0.0625
0.00026343364242299407 0.02290437955317803 0.0625
-0.015666531003721406 -0.016711666772331116 0.0625
0.022841451660326344 0.0017401396636404821 0.0625
-0.01801870973960304 0.014146593205430581 0.0625
0.003730691545562793 -0.022603582472516752 0.0625
0.01251808173369134 0.019187955329024068 0.0625
-0.02219256705123386 -0.0056929752921024875 0.0625
0.020210427817910194 -0.010793452062108848 0.0625
-0.007611958360982692 0.021611526783424297 0.0625
-0.008985897690140205 -0.02107827418699958 0.0625
0.020864885678206907 0.009472937539926903 0.0625
-0.021784824434355414 0.007109249212421193 0.0625
0.011261651602548248 -0.019958336683772587 0.0625
0.005177868492733855 0.02232464283862015 0.0625
-0.018898798280634923 -0.012964390596856851 0.0625
0.022693569776972077 -0.003206538753500349 0.0625
-0.01456810092768264 0.01769436168277489 0.0625
-0.0012103514210285143 -0.02288875377642073 0.0625
0.016354229048861444 0.016060485429070206 0.0625
-0.022908673551227957 -0.0007954094060725319 0.0625
0.017430097658288297 -0.014888643176009455 0.0625
-0.002795383982492509 0.022753149856457773 0.0625
-0.013308809212638564 -0.01866642968919303 0.0625
0.022423347065092865 0.004774254538500348 0.0625
-0.019759992730662618 0.01162680898975125 0.0625
0.006716862599149028 -0.021921764455083287 0.0625
0.009855508624392982 0.02070238995272081 0.0625
-0.02125221727169574 -0.008608325100542926 0.0625
0.021486380960519125 -0.008008460102881278 0.0625
-0.01043414841533623 0.02041980770836828 0.0625
-0.006099797595803615 -0.0221059374216573 0.0625
0.019430886027015905 0.012180339412558182 0.0625
-0.02255628941893615 0.004144129299284606 0.0625
0.013833512701670629 -0.018293002113724182 0.0625
0.00215642562865498 0.02283396217278289 0.0625
-0.017014847840035943 -0.015380993237773175 0.0625
0.02293680285013527 -0.00015190462147864436 0.0625
-0.016810913502884457 0.015606190669043394 0.0625
0.001854084573785526 -0.022863997253176234 0.0625
0.014077799014107635 0.01811230451705111 0.0625
-0.022616076258486436 -0.0038461792301355455 0.0625
0.019275179982080445 -0.012441359919976813 0.0625
-0.005809120697075163 0.022194911955824764 0.0625
-0.010709389696588256 -0.020290612911556156 0.0625
0.02160370351448942 0.007727871275974867 0.0625
-0.021150804160193708 0.008895138187635574 0.0625
0.009587729421493623 -0.020846952883820352 0.0625
0.007012487407125591 0.021849142325613267 0.0625
-0.019930430512777642 -0.011374442385248698 0.0625
0.02238025456294841 -0.005075845318528436 0.0625
-0.013074315440241877 0.018861131349127837 0.0625
-0.003100035570529929 -0.022740047921265456 0.0625
0.017647221454152432 0.014674316847748049 0.0625
-0.02292574088435169 0.0011001840316807894 0.0625
0.016162177762988453 -0.016297975639862808 0.0625
-0.0009083970063037392 0.022935884872377136 0.0625
-0.014823706605764441 -0.017526486312613138 0.0625
0.02277037553840645 0.0029103260710685443 0.0625
-0.018756775123930754 0.013235686115585113 0.0625
0.0048902702989413365 -0.02243045377167596 0.0625
0.011546058817251632 0.019843601633487955 0.0625
-0.021918696398396106 -0.006833062870699902 0.0625
0.020778620559513624 -0.00976774936429871 0.0625
-0.008723819193004306 0.02123899664974242 0.0625
-0.007914363550126632 -0.021554647981269073 0.0625
0.020396534544903346 0.010548050936479427 0.0625
-0.022165716534171813 0.006000084209970917 0.0625
0.01229177705549201 -0.01939773741491724 0.0625
0.004039562688163976 0.022607121295918978 0.0625
-0.018250230867569724 -0.013941630940474833 0.0625
0.022875456011151193 -0.002047806700322795 0.0625
-0.015484962880325418 0.01696278056790643 0.0625
-4.006545003174066e-05 -0.02296863937545526 0.0625
0.015545225278360872 0.01690993705029709 0.0625
-0.022885931176263644 -0.0019682871221759607 0.0625
0.018205622280728577 -0.01400840167083452 0.0625
-0.003961870062368357 0.02262793816521756 0.0625
-0.012364061484247008 -0.0193620759117859 0.0625
0.02219660961550688 0.005925413198823145 0.0625
-0.020370420089944337 0.01062478166171861 0.0625
0.007843874106231934 -0.021595222596805626 0.0625
0.0088038681537957 0.021222909921369923 0.0625
-0.020828357078802144 -0.009702553344244627 0.0625
0.021912992958326546 -0.006915254124638604 0.0625
-0.0114872070862062 0.01990186105264063 0.0625
-0.004973393338479184 -0.022435359562547042 0.0625
0.01882280593558849 0.013184156276044924 0.0625
-0.022785983757817155 0.002993149543289265 0.0625
0.014780391475607474 -0.017599432599597925 0.0625
0.000989682697300577 0.022962154257792623 0.0625
-0.016241088434917433 -0.016263672600282855 0.0625
0.022962495429685852 0.0010216670894455987 0.0625
-0.017622622777129 0.014758155930027782 0.0625
0.0030254970116617235 -0.02278697803203457 0.0625
0.013161973312999115 0.018846815606565984 0.0625
-0.022436919642549694 -0.005006459522833257 0.0625
0.019926855157423703 -0.011464747861817831 0.0625
-0.006949379884385123 0.0219149747712039 0.0625
-0.009679462545264318 -0.020854448082719072 0.0625
0.021225114732938245 0.008839372408356142 0.0625
-0.021622467301774046 0.00781977670932567 0.0625
0.010661954504769438 -0.020372597432291903 0.0625
0.00589992156801885 0.02222500676020653 0.0625
-0.01936392729008264 -0.012403157658612295 0.0625
0.02265742684653782 -0.003934591299460113 0.0625
-0.014049634486951805 0.018206805617215077 0.0625
-0.0019388305790250578 -0.022916390116810226 0.0625
0.01691007181489608 0.015588761054524416 0.0625
-0.022999887051652696 -7.2080588362234e-05 0.0625
0.017008733664930588 -0.01548363584935583 0.0625
-0.002082743856152609 0.02290725164723299 0.0625
-0.013938402517585869 -0.018298659384166808 0.0625
0.022639166719085432 0.0040777604472865565 0.0625
-0.019448639603011887 0.012286188082239254 0.0625
0.006041849087272951 -0.02219765887670632 0.0625
0.010539629914015027 0.02044984599637855 0.0625
-0.02158608320580253 -0.007959963054698808 0.0625
0.021294588297806803 -0.008712089831200639 0.0625
-0.009817405453564245 0.020809097773818234 0.0625
-0.006817551876737538 -0.02197637336796025 0.0625
0.019872628152846645 0.01159994182307338 0.0625
-0.02248995510391381 0.00487051531400334 0.0625
0.013293909223635195 -0.01878382222961416 0.0625
0.002885883661342285 0.022831374805149112 0.0625
-0.017550995647581478 -0.01488632096182855 0.0625
0.02299799168623218 -0.0008788506130142488 0.0625
-0.016364966152492822 0.0161835682971267 0.0625
0.0011352162789608827 -0.0229885033005627 0.0625
0.014691992339661489 0.017718503353594175 0.0625
-0.022802955717418603 -0.0031408932725335305 0.0625
0.01893654755717957 -0.013087672314612574 0.0625
-0.00512281855062774 0.02244274337279969 0.0625
-0.01138287794077106 -0.02000974986813947 0.0625
0.021910598593643894 0.007065809880559365 0.0625
-0.020929869260105538 0.009590650277999371 0.0625
0.008954980915358577 -0.021210570874108124 0.0625
0.007724701968086628 0.02168983585701465 0.0625
-0.020347996060905073 -0.010775855247050775 0.0625
0.02228380525530049 -0.005799312316459789 0.0625
-0.012514477336811068 0.019329455682621854 0.0625
-0.0038292180186374073 -0.022707203468629564 0.0625
0.01816272673243153 0.014157519473517144 0.0625
-0.02295676214992194 0.0018295003667426195 0.0625
0.01569238393970121 -0.016856722287829494 0.0625
-0.00018453019931218288 0.02303054381914465 0.0625
-0.015421423420285258 -0.017107299602575423 0.0625
0.022927956902510076 0.002197451313827152 0.0625
-0.018391412188511824 0.013867802915828403 0.0625
0.004193846781704973 -0.022649760466097273 0.0625
0.012207741388442847 0.01953486754991954 0.0625
-0.02219805860612402 -0.006158424645888219 0.0625
0.02052888728474703 -0.010453936428453723 0.0625
-0.008076134320283184 0.02157628453744398 0.0625
-0.008619805479895814 -0.021365836128940944 0.0625
0.020789174500343385 0.009932281892610204 0.0625
-0.022039280603819184 0.006719383190897784 0.0625
0.011712642712524769 -0.01984273168413917 0.0625
0.004767214020946387 0.022544038468705917 0.0625
-0.018744180442064964 -0.013403570403266042 0.0625
0.022876218598059123 -0.0027782409279639283 0.0625
-0.014992101460230785 0.01750191114724749 0.0625
-0.000767690986183988 -0.023033250976571502 0.0625
0.016125416109903083 0.016466054636204697 0.0625
-0.023013906580802306 -0.001249041188313786 0.0625
0.017814124350140844 -0.014625217045832827 0.0625
-0.0032565113135924347 0.022818306993825036 0.0625
-0.013012784649828057 -0.019025967403977107 0.0625
0.022447923677504353 0.0052393437154799865 0.0625
-0.020092282341451995 0.011300450889737822 0.0625
0.007182349094056563 -0.021905566906407718 0.0625
0.009501314690561764 0.02100488084115012 0.0625
-0.021195364446778348 -0.009070640879686747 0.0625
0.021756750594924695 -0.00762914173090552 0.0625
-0.01088974928890456 0.020322730142006085 0.0625
-0.0056982591174970475 -0.02234210918937292 0.0625
0.019294322643928465 0.01262573220498476 0.0625
-0.02275644857584272 0.0037234457448747462 0.0625
0.01426528203445156 -0.01811799460419264 0.0625
0.0017198191777361535 0.02299656978759856 0.0625
-0.016802732714035915 -0.015795827719390563 0.0625
0.023060607636309478 0.00029728007700656283 0.0625
-0.017205631125002414 0.015358589049465066 0.0625
0.0023124060235046448 -0.0229480451974119 0.0625
0.013796604247020906 0.018483877062215187 0.0625
-0.02265971797181811 -0.004310125454979644 0.0625
0.0196207562556955 -0.01212872309662423 0.0625
-0.006275136152412117 0.022197807690596167 0.0625
-0.010367703197830331 -0.020607540619921115 0.0625
0.02156582580848404 0.008192384097326234 0.0625
-0.021436650266707994 0.008527017376717844 0.0625
0.010047178801808707 -0.020768586810962508 0.0625
0.006620750610868717 0.02210171172892909 0.0625
-0.019812171538192536 -0.011825305870937705 0.0625
0.02259760695367189 -0.004663492250166157 0.0625
-0.013513135936724657 0.01870388080467796 0.0625
-0.0026702243594003998 -0.022920512687775216 0.0625
0.0174521796688368 0.015097729127476077 0.0625
-0.023067929953213266 0.0006562070356573115 0.0625
0.016566934272680738 -0.016066632777426527 0.0625
-0.0013631384203880458 0.02303870338467124 0.0625
-0.014557831279472858 -0.017909482081802413 0.0625
0.022833030279846837 0.0033723475858217123 0.0625
-0.0191150715837199 0.01293731186720271 0.0625
0.005356031343996821 -0.02245245929162602 0.0625
0.01121746856318708 0.020174449163085213 0.0625
-0.02189987877056758 -0.007298993754925642 0.0625
0.02107947958684666 -0.009411457928913841 0.0625
-0.009186348463413542 0.021179494845457003 0.0625
-0.007533098418476411 -0.021823208476700856 0.0625
0.020296799408074842 0.01100363275415773 0.0625
-0.0223999157469511 0.0055967646483921435 0.0625
0.012736918378699728 -0.01925852824632093 0.0625
0.0036172773916525397 0.022805159597596318 0.0625
-0.018072609644258424 -0.014372918306532513 0.0625
0.023035810723913 -0.001609790139134565 0.0625
-0.01589908858094117 0.016748103841790155 0.0625
0.0004103269049677392 -0.02309007647954115 0.0625
0.015295133815743368 0.017303724499612903 0.0625
-0.022967514806143684 -0.0024276045043562333 0.0625
0.018576050381536133 -0.01372480791204858 0.0625
-0.004426592848442164 0.022669037821533598 0.0625
-0.012049134919219528 -0.019706302233002636 0.0625
0.02219690503730592 0.0063919798783180545 0.0625
-0.020685802677540232 0.010280932233307909 0.0625
0.00830870857633006 -0.021554706256259198 0.0625
0.008433727815859316 0.0215070275753764 0.0625
-0.02074733427913701 -0.01016209231948551 0.0625
0.022163663820314355 -0.006521656695969854 0.0625
-0.011937927413916718 0.019780947627958977 0.0625
-0.004559352806807368 -0.022650657870866748 0.0625
0.018662923570454525 0.013622601946888597 0.0625
-0.022964254641941684 0.0025618369854578525 0.0625
0.015203200123680915 -0.017401801803241773 0.0625
0.0005444019923547696 0.023102026458099303 0.0625
-0.016007219224208336 -0.01666760128837186 0.0625
0.023062891844927418 0.0014775045682435622 0.0625
-0.018004572870185736 0.014489836291765746 0.0625
0.0034883985320349254 -0.02284712401335662 0.0625
0.01286125553461667 0.01920385654167652 0.0625
-0.022456348970199866 -0.005472877755678771 0.0625
0.02025624692909283 -0.011133932833802136 0.0625
-0.007415740087891206 0.0218935332678132 0.0625
-0.009321082156336645 -0.021153662270037846 0.0625
0.021162961485392505 0.009302099825727179 0.0625
-0.02188920647666263 0.007436574468263649 0.0625
0.011117501765576823 -0.02027020361250464 0.0625
0.005494831601639685 0.02245722212718265 0.0625
-0.01922207258341147 -0.012848031973732826 0.0625
0.022853333979261415 -0.00351071588601753 0.0625
-0.014480424428608776 0.01802657228558303 0.0625
-0.0014994163902706374 -0.023074482670009912 0.0625
0.016692836439839508 0.016002162716107046 0.0625
-0.023118948343313954 -0.0005236673554662526 0.0625
0.017401575999986596 -0.015231058817977518 0.0625
-0.002543043266259058 0.022986364021870324 0.0625
-0.013652415331727279 -0.018667928530236504 0.0625
0.022677718620168263 0.004543245336152747 0.0625
-0.01979150200372027 0.01196897858786357 0.0625
0.0065089520894720245 -0.022195349573659744 0.0625
0.01019362556376948 0.02076367014440524 0.0625
-0.0215429251389501 -0.008425103943429532 0.0625
0.021576964931882648 -0.00833993910818936 0.0625
-0.010277018581740016 0.02072541649932687 0.0625
-0.006422104021669328 -0.022225133968884387 0.0625
0.01974905988733339 0.012050503456973045 0.0625
-0.02270318854758933 0.0044547985108878444 0.0625
0.013731964558305682 -0.018621309013316885 0.0625
0.0024530818487590498 0.023007442044766496 0.0625
-0.017350778162433498 -0.01530851061200994 0.0625
0.023135538350792396 -0.00043227909851650196 0.0625
-0.016768051914841244 0.015947176395249067 0.0625
0.0015921362145338814 -0.0230864701129118 0.0625
0.014421233353600568 0.01809939304399456 0.0625
-0.022860586651648935 -0.0036046605863036085 0.0625
0.019292318731579168 -0.01278461723944677 0.0625
-0.005589879263669102 0.022459591488217284 0.0625
-0.011049845593021456 -0.02033767224562301 0.0625
0.021886529500270185 0.007532584313089568 0.0625
-0.02122742567539763 0.009230189553604488 0.0625
0.009417891122415352 -0.02114576380285967 0.0625
0.007339572333807141 0.021954741582555986 0.0625
-0.020242942529932265 -0.01123135244437906 0.0625
0.022514025543854066 -0.0053924626851454965 0.0625
-0.01295906910673522 0.019184955769739498 0.0625
-0.003403764169171686 -0.022900969182125527 0.0625
0.017979882981891505 0.014587796542229687 0.0625
-0.023112583354149063 0.0013887010828510951 0.0625
0.01610504632066097 -0.016636931297849503 0.0625
-0.0006372980902777996 0.02314722124022943 0.0625
-0.015166365175511952 -0.017499181905535427 0.0625
0.023004591156795023 0.0026587188096352556 0.0625
-0.01875950790007864 0.013579427946231282 0.0625
0.004660079284334709 -0.022685758992454157 0.0625
0.011888255852776284 0.01987635209939013 0.0625
-0.02219314024738648 -0.006626049045987684 0.0625
0.020841139718268193 -0.010105785236369515 0.0625
-0.008541566381119676 0.021530481735365935 0.0625
-0.008245653581821425 -0.02164645922567004 0.0625
0.020702833087119725 0.010391953722320981 0.0625
-0.022286119279705047 0.006322095178875352 0.0625
0.012163030115051168 -0.019716508271505843 0.0625
0.00434983219656891 0.022755196326590822 0.0625
-0.018579037428250917 -0.013841219897091861 0.0625
0.02305007249701294 -0.0023439620053336617 0.0625
-0.015413656759285401 0.01729910937900953 0.0625
-0.00031984160829105014 -0.023168463508519633 0.0625
0.015886505256202464 0.01686828238869185 0.0625
-0.023109436358560345 -0.0017070299322651014 0.0625
0.018193938938705564 -0.014352023756064973 0.0625
-0.0037211301747143728 0.02287341667138581 0.0625
-0.012707398588040325 -0.019380454616047343 0.0625
0.022462185640820625 0.005707032174196313 0.0625
-0.02041872172933581 0.010965208750404607 0.0625
0.007649522645530365 -0.021878866590742722 0.0625
0.009138782319163841 0.021300766599419332 0.0625
-0.021127901254910497 -0.009533718506582385 0.0625
0.022019810795418423 -0.007242094485297358 0.0625
-0.011345180910925035 0.020215015955926976 0.0625
-0.00528966062158685 -0.022570323225608303 0.0625
0.01914717794114584 0.01307002589477535 0.0625
-0.022948062683567333 0.0032964251957331844 0.0625
0.014695030791222564 -0.017932542208092546 0.0625
0.0012776473811287532 0.023150110521755505 0.0625
-0.01658038922592367 -0.01620773559498286 0.0625
0.023174893201086875 0.0007512157600966535 0.0625
-0.017596538502047687 0.015101054027648312 0.0625
0.0027746276261277525 -0.02302219454214408 0.0625
0.013505847215601743 0.018850784890524393 0.0625
-0.022693157582841374 -0.004777091052128801 0.0625
0.01996084906096096 -0.011806968483295528 0.0625
-0.006743267002081855 0.02219027602664361 0.0625
-0.010017413315880765 -0.02091820810822033 0.0625
0.02151737534521191 0.008658092067728707 0.0625
-0.021715507359018078 0.008150873581428651 0.0625
0.010506893873256271 -0.020679583678984686 0.0625
0.0062216327745172285 0.02234661687189032 0.0625
-0.01968329275661865 -0.01227550350320686 0.0625
0.022806678566017567 -0.004244456712743686 0.0625
-0.013950364090831849 0.018536109131455536 0.0625
-0.0022344805238714194 -0.02309214361614009 0.0625
0.017246796106626057 0.015518634735583807 0.0625
-0.023200799826246968 0.00020709278697903066 0.0625
0.01696828895207365 -0.015825206792928023 0.0625
-0.0018221822842127754 0.023131788770501538 0.0625
-0.014282208809890316 -0.018288206897087846 0.0625
0.02288561256874489 0.003837803714796528 0.0625
-0.019468260666310428 0.012629601206237288 0.0625
0.005824332787324072 -0.022464130243178834 0.0625
0.010880024234176701 0.0204993920071725 0.0625
-0.02187054368252417 -0.007766551295832809 0.0625
0.021373681850738718 -0.00904686266853887 0.0625
-0.00964957812813484 0.021109373319665885 0.0625
-0.007144143408875702 -0.02208441112987661 0.0625
0.02018642370732611 0.011458983284231736 0.0625
-0.0226261124158632 0.005186428148998232 0.0625
0.013180898456000909 -0.019108739254398575 0.0625
0.003188701934327121 0.022994611977026673 0.0625
-0.017884550459847895 -0.014802123322319487 0.0625
0.023187061935519178 -0.0011662584612330798 0.0625
-0.016310226743676447 0.016523211055054082 0.0625
0.0008654170052951852 -0.023201962274922907 0.0625
0.015035126534127845 0.01769364208134563 0.0625
-0.023039172528291334 -0.0028907661980218987 0.0625
0.018941755909228693 -0.013431674619167928 0.0625
-0.004894276991027895 0.02269991305567259 0.0625
-0.011725118267257369 -0.020044989439229638 0.0625
0.022186755899881044 0.006860602206737676 0.0625
-0.020994872034486578 0.009928511885249146 0.0625
0.008774677178145259 -0.02150360528886579 0.0625
0.008055601468814635 0.02178410624688632 0.0625
-0.020655667932587714 -0.010621835164352137 0.0625
0.022406623878867462 -0.00612071943083217 0.0625
-0.012387919736135898 0.019649413340124294 0.0625
-0.004138674922303404 -0.022857632639612897 0.0625
0.018492524459987184 0.014059393269155528 0.0625
-0.02313365303630007 0.002124640486313972 0.0625
0.015623440714842542 -0.017193839019538373 0.0625
9.403591162300571e-05 0.023232545216728306 0.0625
-0.01576328201195912 -0.017068067852321362 0.0625
0.02315352555606079 0.0019375898236830068 0.0625
-0.01838219326888287 0.014211789845949643 0.0625
0.0039546776162807055 -0.022897172859357297 0.0625
0.01255122673876887 0.019555733362674316 0.0625
-0.02246542413068801 -0.005941777396394182 0.0625
0.020579679716767846 -0.010794293990588455 0.0625
-0.007883666469688272 0.0218615599396455 0.0625
-0.008954432834895555 -0.02144616824995422 0.0625
0.02109017949605858 0.009765466134498146 0.0625
-0.022148539614016603 0.007045721607212239 0.0625
0.011572755682664037 -0.020157165621916374 0.0625
0.005082768020046154 0.022681390373043626 0.0625
-0.019069639887572567 -0.013291682909184276 0.0625
0.02304061457217237 -0.0030805973668427333 0.0625
-0.014909070284737596 0.017835908253990163 0.0625
-0.001054537511761951 -0.023223435375419522 0.0625
0.016465397636633988 0.016412515976154535 0.0625
-0.023228426529087784 -0.0009798984553364928 0.0625
0.017790488941825798 -0.014968583874594618 0.0625
-0.0030071309990065123 0.023055523484727343 0.0625
-0.01335691165605983 -0.0190324173717427 0.0625
0.022706024095085826 0.005011633445632473 0.0625
-0.02012876979459021 0.01164270701153271 0.0625
0.006978050903157059 -0.02218257887606734 0.0625
0.009839083044934933 0.02107112822880811 0.0625
-0.02148917090765114 -0.008891317883292667 0.0625
0.021852252817208873 -0.007959839622303138 0.0625
-0.010736773723897723 0.0206310855265015 0.0625
-0.006019357785948818 -0.022466137448273957 0.0625
0.019614870040434863 0.012500274928850596 0.0625
-0.02290805593666549 0.00403248970272774 0.0625
0.01416830356330108 -0.018448283772160217 0.0625
0.002014444987104607 0.023174598408471487 0.0625
-0.017140238813037983 -0.015728070874459665 0.0625
0.02326369761057285 1.9325729667010202e-05 0.0625
-0.01716761534251684 0.015700731939988676 0.0625
0.002053249093928831 -0.023174644941363835 0.0625
0.014140768214696144 0.01847589441131983 0.0625
-0.022908096078461643 -0.004071748280526475 0.0625
0.019642869194248357 -0.012472276849783633 0.0625
-0.006059362288777323 0.02246606615883927 0.0625
-0.01070801998446421 -0.02065958150622406 0.0625
0.02185191454670717 0.00800086436851717 0.0625
-0.02151822262997887 0.008861495068365454 0.0625
0.009881378670103722 -0.021070319304130617 0.0625
0.00694683159880121 0.022212193289675317 0.0625
-0.020127241558774923 -0.011686494223449721 0.0625
0.022736154370505374 -0.004978683002617183 0.0625
-0.01340237537438256 0.019029880039667723 0.0625
-0.002972114489025884 -0.02308606799487783 0.0625
0.017786616128139438 0.015015867830738595 0.0625
-0.02325922863882413 0.0009424877330254542 0.0625
0.01651459950625905 -0.016406949842913167 0.0625
-0.0010946567295363771 0.023254284049277475 0.0625
-0.01490142724908246 -0.017887075388120406 0.0625
0.0230712458001897 0.003123718493595262 0.0625
-0.01912276570200292 0.01328155984462295 0.0625
0.0051291567530855845 -0.02271148940519482 0.0625
0.01155973654147502 0.020212186697428042 0.0625
-0.02217774398452288 -0.0070956093295050605 0.0625
0.021146973434241684 -0.009749128913471012 0.0625
-0.009008010350855957 0.021474071563606003 0.0625
-0.00786359043691429 -0.021919944010888124 0.0625
0.020605836160526407 0.010851705678166096 0.0625
-0.0225251547422163 0.005917550493169486 0.0625
0.012612565196210741 -0.019579662897285376 0.0625
0.0039259039454306414 0.02295794586219011 0.0625
-0.01840338744713473 -0.014277091106757147 0.0625
0.02321497740046236 -0.0019038971337816187 0.0625
-0.0158325213958976 0.017085996202985784 0.0625
0.00013298883754583857 -0.023294254956299595 0.0625
0.015637557624341894 0.017266927681130386 0.0625
-0.02319514517133361 -0.0021691566289134185 0.0625
0.018569306688799622 -0.014069145286665488 0.0625
-0.00418901210119903 0.022918380780849422 0.0625
-0.012392753222239858 -0.019729664659407255 0.0625
0.022466055203425147 0.006177083745316547 0.0625
-0.020739094034517833 0.010621204198556156 0.0625
0.008118141189330068 -0.021841606708987837 0.0625
0.008768051636612973 0.021589841835865507 0.0625
-0.021049792284768404 -0.009997311877104993 0.0625
0.02227536921231599 -0.006847475918541445 0.0625
-0.011800195023296565 0.020096651397985863 0.0625
-0.004874175879088477 -0.022790401696760682 0.0625
0.01898945993099383 0.01351297197248554 0.0625
-0.02313096978738195 0.0028632563097326113 0.0625
0.01512251211553556 -0.017736674640853066 0.0625
0.0008301123376388853 0.023294439540519102 0.0625
-0.016347868566503398 -0.01661647355284298 0.0625
0.02327953293961582 0.0012096884364752338 0.0625
-0.017983397731579854 0.014833657877536766 0.0625
0.0032405251378894604 -0.023086337882624576 0.0625
0.013205620722935024 0.01921279733203859 0.0625
-0.02271630770998407 -0.005246843243829406 0.0625
0.020295236728083647 -0.011476208701093081 0.0625
-0.0072132737183631225 0.022172250275151864 0.0625
-0.00965865162679849 -0.021222404405536684 0.0625
0.02145830663976188 0.009124750744757429 0.0625
-0.02198717678179442 0.007766856324544714 0.0625
0.010966627152117795 -0.020579919555392647 0.0625
0.005815300221556123 0.02258367293717232 0.0625
-0.019543791971375533 -0.012724786653598457 0.0625
0.023007299836952985 -0.003818920555935037 0.0625
-0.014385752034828716 0.018357835885322145 0.0625
-0.0017930000462246765 -0.02325478769703646 0.0625
0.017031111926254137 0.01593678846428615 0.0625
-0.023324215220398858 -0.0002469501012637985 0.0625
0.01736600113257958 -0.015573760132455003 0.0625
-0.0022853089527259877 0.02321502450979948 0.0625
-0.013996922451907609 -0.018662426473405987 0.0625
0.022928025540948697 0.004306465464113729 0.0625
-0.019816116265522345 0.012312657558435577 0.0625
0.00629493804107873 -0.022465390160399615 0.0625
0.010533848634095892 0.020818213971278997 0.0625
-0.021830635652560274 -0.0082354931245897 0.0625
0.021661022725152943 -0.008674104824153771 0.0625
-0.010113261894866084 0.021028598000005845 0.0625
-0.006747657117027089 -0.02233806445131345 0.0625
0.020065395040772198 0.011913854198274988 0.0625
-0.022844129655407587 0.0047692494469180145 0.0625
0.013623468825873697 -0.01894837980278123 0.0625
0.002754025851523317 0.023175317508270333 0.0625
-0.017686084371781922 -0.015228999297203059 0.0625
0.023329065912800446 -0.0007174145497635386 0.0625
-0.016718134339393915 0.016288154720838638 0.0625
0.0013249901747624012 -0.02330417132267919 0.0625
0.014765276999978786 0.01807945229020773 0.0625
-0.02310079815932288 -0.003357547378999254 0.0625
0.01930250870245627 -0.013129095848214378 0.0625
-0.005364689241040518 0.022720477753495064 0.0625
-0.011392125353228602 -0.02037791647682182 0.0625
0.02216609681826765 0.007331040297473788 0.0625
-0.021297417908939294 0.009567653338828273 0.0625
0.009241535225883304 -0.021441875539904575 0.0625
0.007669639713349164 0.022053948097050954 0.0625
-0.020553335453086765 -0.01108153426890369 0.0625
0.022641689224243484 -0.005712609655208069 0.0625
-0.012836935416451492 0.019507257344738484 0.0625
-0.00371154245405031 -0.023056115297503663 0.0625
0.01831162950796556 0.014494282485276917 0.0625
-0.02329402699992197 0.0016817568572496493 0.0625
0.01604086826902314 -0.016975586740252797 0.0625
-0.0003612061993454732 0.023353576387387744 0.0625
-0.015509340552352589 -0.017464831966874213 0.0625
0.023234281239486503 0.002401702580347024 0.0625
-0.018755250144593533 0.013924101120493356 0.0625
0.004424104747080295 -0.022937028952915012 0.0625
0.012231991579394705 0.019902220529418747 0.0625
-0.02246406994609039 -0.006412921444798661 0.0625
0.020896937997192257 -0.010445955310142894 0.0625
-0.008352916362867757 0.02181900062411054 0.0625
-0.008579656932925154 -0.021731762167696143 0.0625
0.021006736032751615 0.010229224860677125 0.0625
-0.022400276089834817 0.006647377761130669 0.0625
0.012027467863702854 -0.020033472409634708 0.0625
0.00466390651791094 0.022897335565348818 0.0625
-0.018906639917570953 -0.013733862057968714 0.0625
0.023219108732629206 -0.0026444261499127247 0.0625
-0.015335325537232216 0.017634845921275115 0.0625
-0.0006043976057008945 -0.02336310560551022 0.0625
0.016227809239734554 0.01681957809455356 0.0625
-0.02332819733957917 -0.001440558532532235 0.0625
0.018175235388653684 -0.014696285876609462 0.0625
-0.0034747816558080738 0.023114625076874163 0.0625
-0.01305198679734075 -0.019391896262151435 0.0625
0.02272399829973345 0.00548269106130478 0.0625
-0.020460222544176412 0.011307488379068772 0.0625
0.007448905289275429 -0.022159282704803523 0.0625
0.009476136220771151 0.021372010722563964 0.0625
-0.02142477768885888 -0.009358359951560678 0.0625
0.022120254936890328 -0.007571943048318516 0.0625
-0.011196423150492756 0.020526083616586727 0.0625
-0.005609481493767831 -0.022699200809083043 0.0625
0.019470059120374895 0.012949007600936317 0.0625
-0.023104389696344835 0.003603772573211928 0.0625
0.014602678597887693 -0.018264768757550502 0.0625
0.0015701707119365879 0.023332693027924928 0.0625
-0.01691942142331714 -0.016144757003442235 0.0625
0.023382336459871984 0.0004757537990824915 0.0625
-0.017563416460171427 0.015444299992119406 0.0625
0.002518334017063784 -0.02325291366213059 0.0625
0.013850682722008237 0.018847774089644182 0.0625
-0.022945389630580838 -0.0045419263204980985 0.0625
0.019987973977155245 -0.012150757025328286 0.0625
-0.006531030219631107 0.0224620934970511 0.0625
-0.010357526264139553 -0.02097526280378054 0.0625
0.021806700891200948 0.0084704070883102 0.0625
-0.0218020570459757 0.008484710281678534 0.0625
0.010345196909320918 -0.020984205987060293 0.0625
0.006546640433289079 0.022462001225118496 0.0625
-0.020000883448055992 -0.012141032134760203 0.0625
0.022950016760726662 -0.004558149918811942 0.0625
-0.013844147793820781 0.018864240558868182 0.0625
-0.0025344602538811055 -0.023262341052041537 0.0625
0.01758295991075434 0.015441487000182524 0.0625
-0.023396556486120622 0.000491064753130474 0.0625
0.01692080105203993 -0.016166833077547516 0.0625
-0.0015563900877014528 0.023351609150011585 0.0625
-0.0146266857877175 -0.018270743358368948 0.0625
0.023127817101295585 0.0035922243984778247 0.0625
-0.01948095646878853 0.01297429516625726 0.0625
0.005600845014466328 -0.02272686813276145 0.0625
0.011222299678320053 0.02054215154091649 0.0625
-0.02215180704629313 -0.007566864911163536 0.0625
0.02144617963623663 -0.009384102461624622 0.0625
-0.009475221076283728 0.021407012532241594 0.0625
-0.007473768790577427 -0.022186094294963026 0.0625
0.0204981638299904 0.011311289917550229 0.0625
-0.02275620491201977 0.005505918452190092 0.0625
0.013060999323554461 -0.019432197422579615 0.0625
0.003495613860992379 0.023152120501907337 0.0625
-0.018217254097377795 -0.014710936515109161 0.0625
0.0233707835169722 -0.0014582447678015305 0.0625
-0.016248450865041408 0.016862616774579654 0.0625
0.0005905895567888004 -0.023410493458605523 0.0625
0.015378639580318045 0.017661750894480285 0.0625
-0.02327092009846012 -0.0026351997592374476 0.0625
0.018939994703611247 -0.013776668705720483 0.0625
-0.004659926547201359 0.022953106207541672 0.0625
-0.012068955655451043 -0.02007337314421162 0.0625
0.022459459770255243 0.0066492606226772645 0.0625
-0.021053185093801354 0.01026856355125392 0.0625
0.008587961481373516 -0.021793735742053143 0.0625
0.008389267206156292 0.021871904255087407 0.0625
-0.020961007488078057 -0.01046117417332948 0.0625
0.022523236968383605 -0.006445447732007314 0.0625
-0.01225454312608219 0.01996762812081074 0.0625
-0.004451982490567471 -0.023002170591135105 0.0625
0.018821182031285865 0.013954322160004836 0.0625
-0.023305012074678964 0.0024241312256286325 0.0625
0.015547479853915575 -0.017530426982594847 0.0625
0.00037741925161992876 0.023429416439777296 0.0625
-0.016105227209277755 -0.017021799450632105 0.0625
0.023374404932269603 0.0016724814086531525 0.0625
-0.018365972538078056 0.014556478033183808 0.0625
0.0037098720287100403 -0.023140372718056957 0.0625
0.012896022570424107 0.0195696857885637 0.0625
-0.022729086056776693 -0.005719147403559316 0.0625
0.020623700088058347 -0.011136561169311747 0.0625
-0.0076849153761548465 0.022143668974705592 0.0625
-0.009291554267965926 -0.021519921451656005 0.0625
0.021388579536786818 0.009592114751114279 0.0625
-0.022251463178226 0.007375119417884192 0.0625
0.011426130689392133 -0.02046957589860941 0.0625
0.005401923260092701 0.0228126987682753 0.0625
-0.019393672396853582 -0.013172906701389766 0.0625
0.02319930519865212 -0.0033870692788593613 0.0625
-0.014819052381689244 0.018169086011925597 0.0625
-0.0013459821948852496 -0.0234082962201663 0.0625
0.016805173613538917 0.01635194605601472 0.0625
-0.023438045422531917 -0.0007057101184839929 0.0625
0.017759831557877727 -0.015312360465839694 0.0625
-0.002752296293802985 0.023288298888306944 0.0625
-0.013702060540685358 -0.019031908389318012 0.0625
0.022960177337232043 0.004778101782387661 0.0625
-0.020158414575890377 0.011986589247426911 0.0625
0.006767608905247112 -0.022456167743086085 0.0625
0.010179069245015108 0.02113070158099791 0.0625
-0.021780104485785164 -0.008705575718370441 0.0625
0.021941300702768004 -0.008293330059192883 0.0625
-0.010577152783620728 0.02093714018179045 0.0625
-0.0063438022716316485 -0.022583980444962338 0.0625
0.019933706413887867 0.01236799695200988 0.0625
-0.023053794421576047 0.004345407088836362 0.0625
0.014064381284588031 -0.018777464660643884 0.0625
0.002313442139902653 0.02334711942543068 0.0625
-0.01747724779971645 -0.015653300270144516 0.0625
0.023461683369368255 -0.00026346437237157507 0.0625
-0.017122569534449503 0.016042992630364874 0.0625
0.0017888290533074433 -0.023396582883362334 0.0625
0.014485663933246953 0.018460919273238497 0.0625
-0.02315229043203051 -0.003827720960429146 0.0625
0.019658080696399027 -0.012817170644641666 0.0625
-0.005837594524988009 0.022730650896132076 0.0625
-0.011050274788725965 -0.02070486481708218 0.0625
0.02213486764280129 0.0078030528920204284 0.0625
-0.021593232982718 0.009198493863348471 0.0625
0.009709037124718795 -0.021369478189951954 0.0625
0.00727599742440943 0.022316358607084343 0.0625
-0.020440319648857563 -0.011540941584313107 0.0625
0.022868679627799045 -0.0052974986626792885 0.0625
-0.013284725852706146 0.01935448420956862 0.0625
-0.0032781418015085336 -0.023245941287226946 0.0625
0.01812026500673865 0.014927022344914033 0.0625
-0.023445228907867186 0.0012333861754166954 0.0625
0.016455238782617728 -0.01674709278074954 0.0625
-0.0008211121189592624 0.0234649904088644 0.0625
-0.015245463817425099 -0.01785765474499891 0.0625
0.023305048390640903 0.00286962009852976 0.0625
-0.01912351155750831 0.013626859715644181 0.0625
0.004896448373964288 -0.0229666016929171 0.0625
0.011903659598200281 0.020243094826882926 0.0625
-0.022452216413195683 -0.006886071313530411 0.0625
0.021207808990638424 -0.010089045436343131 0.0625
-0.008823245971730644 0.021765806452377065 0.0625
-0.008196901210418057 -0.022010243309573997 0.0625
0.020912603735490972 0.01069312886868615 0.0625
-0.022644228794541133 0.006241706681707676 0.0625
0.01248138972720178 -0.019899118334180083 0.0625
0.004238426583751386 0.023104885632570214 0.0625
-0.018733088793814554 -0.014174321297439948 0.0625
0.02338866074586281 -0.002202396084934789 0.0625
-0.0157589444237711 0.01742342304624708 0.0625
-0.00014920339753967825 -0.023493355195590145 0.0625
0.01598013035685211 0.017223107552878307 0.0625
-0.023418141219038634 -0.0019054295697201267 0.0625
0.01855557991656757 -0.014414244827942747 0.0625
-0.003945767598866752 0.02316356876769496 0.0625
-0.012737741042509909 -0.01974613767636493 0.0625
0.022731561495222465 0.005956182669203443 0.0625
-0.020785642369903656 0.010963442491775378 0.0625
0.007921273662031145 -0.022125402223941867 0.0625
0.009104923489184149 0.02166611105519638 0.0625
-0.021349708000386183 -0.009825984342458833 0.0625
0.02238077761565893 -0.007176405320104218 0.0625
-0.01165571871946698 0.02041039492838556 0.0625
-0.005192647420008135 -0.022924144755507955 0.0625
0.01931463304854057 0.013396452896204442 0.0625
-0.02329202628438699 0.0031688344177986986 0.0625
0.015034842555172859 -0.018070791608038737 0.0625
0.0011204599039861035 0.023481579367741846 0.0625
-0.016688375137454362 -0.016558325255640896 0.0625
0.02349132649312765 0.0009367921825458905 0.0625
-0.017955216756468217 0.015177950824411148 0.0625
0.0029871676427075163 -0.023321166983544396 0.0625
0.013551067738501326 0.019214800627291154 0.0625
-0.022972377967785465 -0.005014962662393889 0.0625
0.020327410461717346 -0.011820168523369883 0.0625
-0.007004644087715703 0.02244760479882942 0.0625
-0.009998494234493824 -0.021284504059122304 0.0625
0.02175084099246827 0.008940968410656745 0.0625
-0.02207872900887717 0.008099983046436937 0.0625
0.010809098555304776 -0.02088739783749302 0.0625
0.006139163607898024 0.02270397917096165 0.0625
-0.019863863910026123 -0.01259471756586712 0.0625
0.023155441620338328 -0.004131043859256842 0.0625
-0.014284138330132137 0.018688054798872193 0.0625
-0.0020909961618542283 -0.023429633694343387 0.0625
0.01736895342705913 0.015864408493500504 0.0625
-0.023524429856994312 3.4639621168575234e-05 0.0625
0.017323409761138966 -0.015916641424863327 0.0625
-0.0020222794966847125 0.02343907817379533 0.0625
-0.01434222207734093 -0.01864995082793074 0.0625
0.023174206269074352 0.004064008341329436 0.0625
-0.01983385322121542 0.012657735437244794 0.0625
0.006074908119809213 -0.022731816718772745 0.0625
0.0108760662515507 0.020866029399286296 0.0625
-0.022115271912229912 -0.00803957388473635 0.0625
0.021738552507103246 -0.00901084540406255 0.0625
-0.009942952547116801 0.02132926849767201 0.0625
-0.007076345631609356 -0.022444717251549486 0.0625
0.02037980160575173 0.011770458211565058 0.0625
-0.022979091431285657 0.005087372307253931 0.0625
0.01350808395155189 -0.019274119122746604 0.0625
0.0030591501300005833 0.023337557723166265 0.0625
-0.0180206663633648 -0.015142509165270216 0.0625
0.023517345404861265 -0.0010072065867789222 0.0625
-0.016661201690875448 0.016629021565202483 0.0625
0.0010527469228621797 -0.023517051769224903 0.0625
0.015109822696188943 0.01805251389944718 0.0625
-0.023336653064383206 -0.0031049353862220757 0.0625
0.01930577202564234 -0.013474686137121179 0.0625
-0.005133640981459625 0.022977504874843967 0.0625
-0.011736117857438354 -0.02041135805467918 0.0625
0.02244233193866283 0.007123323462743657 0.0625
-0.021360783534368738 0.009907417766393083 0.0625
0.009058739200275855 -0.021735207477762565 0.0625
0.008002577970127777 0.022146754747186453 0.0625
-0.020861522197298046 -0.010925057968342361 0.0625
0.022763228742443537 -0.006036175711424617 0.0625
-0.012707976582451154 0.01982794319085752 0.0625
-0.004023261814041969 -0.023205459796687325 0.0625
0.018642363064673283 0.014393828516586733 0.0625
-0.023470035946152476 0.0019792454840950923 0.0625
0.015969688661691035 -0.01731383966798402 0.0625
-8.022365157529346e-05 0.023554905310056502 0.0625
-0.01585252689132973 -0.01742347241968913 0.0625
0.023459392001009723 0.0021393753628012784 0.0625
-0.018744028374859077 0.014269597060971199 0.0625
0.0041824395769567025 -0.02318420149983834 0.0625
0.012577155521067624 0.01992122383285922 0.0625
-0.022731415451705806 -0.006193767154321402 0.0625
0.0209460225684534 -0.010788148059877609 0.0625
-0.008157949754708732 0.022104475922302427 0.0625
-0.008916261884009066 -0.021810554188643787 0.0625
0.021308159232484976 0.010059937878688191 0.0625
-0.022508174576131076 0.006975820901543179 0.0625
0.011885156176088636 -0.020348539570936835 0.0625
0.004981676113968312 0.02303351695020796 0.0625
-0.019232942662027276 -0.013619615139906532 0.0625
0.02338253315290093 -0.0029490919540579043 0.0625
-0.015250018331058294 0.01796988984113108 0.0625
-0.0008936294425167657 -0.023552524841712132 0.0625
0.016569032966551052 0.016763864308486403 0.0625
-0.023542164349463778 -0.0011689729435862804 0.0625
0.018149542487513992 -0.015041080662436609 0.0625
-0.0032229197803263416 0.023351505049773156 0.0625
-0.013397716458737078 -0.019396422187900678 0.0625
0.022981981147173248 0.005252479657359317 0.0625
-0.020494934190248063 0.01165150945317391 0.0625
0.0072421056680804004 -0.02243639689193338 0.0625
0.009815818176893039 0.021436644175760727 0.0625
-0.02171890530079565 -0.009176554502375653 0.0625
0.022214317483877404 -0.007904688401543649 0.0625
-0.011041003231462548 0.020834976545291182 0.0625
-0.005932745668502565 -0.022821974691793524 0.0625
0.019791356247384727 0.01282116289145043 0.0625
-0.023254937589209438 0.003915083360795003 0.0625
0.014503387992364098 -0.018596014001472174 0.0625
0.0018671471783376346 0.02350986519345498 0.0625
-0.017258082515333537 -0.016074781114962 0.0625
0.02358477952923482 0.00019538310414757306 0.0625
-0.01752329179479206 0.015787787833467154 0.0625
0.0022567136872486747 -0.023479080972938115 0.0625
0.014196371178602882 0.018837808932021086 0.0625
-0.023193553043224645 -0.004301057687490945 0.0625
0.020008246022271293 -0.012496003005451983 0.0625
-0.006312756043936513 0.02273035659926485 0.0625
-0.010699689926664289 -0.02102561855150138 0.0625
0.022093013489705222 0.00827639746167999 0.0625
-0.02188211296256413 0.00882117522179346 0.0625
0.010176936475105165 -0.021286379776318805 0.0625
0.006874833688763056 0.022571146664532766 0.0625
-0.02031660873501535 -0.01199980872798804 0.0625
0.023087418622394856 -0.00487556164501026 0.0625
-0.013731042583179578 0.019191103917672613 0.0625
-0.002838662918829178 -0.023426950139385713 0.0625
0.017918462630836345 0.015357366211278594 0.0625
-0.023587115518294687 0.0007797317016909973 0.0625
0.016866309333602447 -0.016508410264566207 0.0625
-0.0012854668375190635 0.02356666236465484 0.0625
-0.014971725972563424 -0.01824629884120256 0.0625
0.02336572137567166 0.0033411172673943144 0.0625
-0.01948674755766931 0.013320160270194547 0.0625
0.005371475009471161 -0.022985805537823267 0.0625
0.01156634518245412 0.020578135462677866 0.0625
-0.022429798738260707 -0.007360986928470821 0.0625
0.0215120827545214 -0.00972369762809514 0.0625
-0.00929441047519055 0.021701933875087454 0.0625
-0.007806316777210148 -0.022281414191515032 0.0625
0.02080776063322794 0.011156930466319565 0.0625
-0.022880214216218962 0.005828876171264212 0.0625
0.012934272608093761 -0.01975410317122788 0.0625
0.0038065114264653785 0.023303872441295857 0.0625
-0.018549008040607995 -0.014612812895177301 0.0625
0.023549119145430102 -0.0017547043837460446 0.0625
-0.016179682043540318 0.017201682736579554 0.0625
0.0003108354093988684 -0.02361405050702365 0.0625
0.015722425349004678 0.017622864158387395 0.0625
-0.023498143380797122 -0.0023742909795348207 0.0625
0.0189312888817411 -0.014122545849671219 0.0625
-0.004419859046361139 0.023202259502261836 0.0625
-0.012414279620500488 -0.02009491630995328 0.0625
0.02272863908686485 0.006431871054292015 0.0625
-0.0211048140333343 0.010610693880155803 0.0625
0.008394913191286322 -0.022080883870687032 0.0625
0.008725587727822755 0.021953225703847463 0.0625
-0.021263929721938545 -0.010293944471409328 0.0625
0.02263363060592053 -0.006773386567643806 0.0625
-0.01211441198149085 0.020284009030334976 0.0625
-0.004769031719974809 -0.02314079377320221 0.0625
0.01914860316202966 0.013842362404702014 0.0625
-0.023470806264812277 0.002727866067029075 0.0625
0.015464548968188021 -0.017866385342606792 0.0625
0.0006655166068209455 0.023621115292171233 0.0625
-0.016447154403046244 -0.016968532996177267 0.0625
0.02359054396413827 0.0014022251873573722 0.0625
-0.01834277928744509 0.014901759896471136 0.0625
0.003459524281694845 -0.023379300497328052 0.0625
0.013242019157347178 0.019576744587301805 0.0625
-0.02298897681992722 -0.005490623350116906 0.0625
0.020660958476434274 -0.011480626935627632 0.0625
-0.007479963463059496 0.022422536577989902 0.0625
-0.009631058300230259 -0.021587096053373323 0.0625
0.02168429263489324 0.009412303274136186 0.0625
-0.02234804185582279 0.007707465550386378 0.0625
0.011272835793118953 -0.020779874234012494 0.0625
0.005724569927029004 0.022937944527584752 0.0625
-0.01971618407547662 -0.013047301847582208 0.0625
0.023352261812320994 -0.0036975489515102718 0.0625
-0.014722099365400665 0.018501345634176703 0.0625
-0.0016419202522285977 -0.023587795528309162 0.0625
0.01714464111987578 0.01628438764186927 0.0625
-0.023642716254018106 -0.0004265772286328686 0.0625
0.01772218578865117 -0.01565644055564772 0.0625
-0.0024921037402723277 0.02351657753474601 0.0625
-0.014048122513517195 -0.01902446461389154 0.0625
0.023210319499692565 0.0045388400194533276 0.0625
-0.020181231225482234 0.012331987115774202 0.0625
0.006551108444573297 -0.022726261860399315 0.0625
0.010521161966270043 0.021183605710065338 0.0625
-0.022068086342344074 -0.008513493124848752 0.0625
0.022023889300000064 -0.008629501729610039 0.0625
-0.010410958000476023 0.021240808683106308 0.0625
-0.006671482128996034 -0.02269562350327672 0.0625
0.02025074041017175 0.012228962050797156 0.0625
-0.023193639743399344 0.004662089172614182 0.0625
0.013953570729049953 -0.01910544068869913 0.0625
0.002616704454469961 0.02351409912792657 0.0625
-0.017813658607852653 -0.015571562766879798 0.0625
0.023654522038548315 -0.0005509874116820194 0.0625
-0.017070531531571575 0.01638526634600795 0.0625
0.0015192445654410498 -0.023613807315856074 0.0625
0.014831183723998357 0.018438980160112063 0.0625
-0.02339224088947315 -0.003578137248466068 0.0625
0.019666409737416665 -0.013163294725867188 0.0625
-0.005609920985328772 0.022991493786580462 0.0625
-0.011394356621766433 -0.02074339984611991 0.0625
0.02241460953206773 0.007599031485981527 0.0625
-0.021661680866915747 0.009537902390981803 0.0625
0.009530229050964616 -0.021665981035627026 0.0625
0.0076081371903527605 0.022414197475992114 0.0625
-0.02075131714146023 -0.011388715331174925 0.0625
0.0229951628524065 -0.005619829658566561 0.0625
-0.013160246725770855 0.019677599094321378 0.0625
-0.0035881988908348416 -0.023400103177546285 0.0625
0.018453027255659386 0.01483124354536368 0.0625
-0.023625892085489642 0.0015287979476693494 0.0625
0.01638889410846151 -0.017086958474276093 0.0625
-0.0005426052123796094 0.023670774798968845 0.0625
-0.015589834591819826 -0.017821252969409812 0.0625
0.02353438176403789 0.0026101484602453215 0.0625
-0.01911733252640159 0.01397310262880037 0.0625
0.00465799696486936 -0.02321773167807889 0.0625
0.012249127259816979 0.02026718730788287 0.0625
-0.02272322388609246 -0.00667046446827482 0.0625
0.021261990288643437 -0.010431096249466407 0.0625
-0.008632133440117594 0.022054620202397582 0.0625
-0.008532919571233371 -0.022094100651324607 0.0625
0.021217016294745664 0.010527973192808628 0.0625
-0.022757122473683906 0.006569122979344424 0.0625
0.012343455049298152 -0.02021680284926269 0.0625
0.004554736851773814 0.02324595388903397 0.0625
-0.019061616812127233 -0.014064663682705978 0.0625
0.023556826344057105 -0.002505181150323725 0.0625
-0.015678403775910427 0.01776028307881149 0.0625
-0.0004361473822510826 -0.023687333650306775 0.0625
0.01632274707840401 0.017172301179936643 0.0625
-0.023636450606362602 -0.0016365215345301824 0.0625
0.01853489779989554 -0.014759998765156703 0.0625
-0.0036969525845193646 0.02340454104629731 0.0625
-0.013083988600641507 -0.019755739477384373 0.0625
0.02299335525111498 0.0057293642139440906 0.0625
-0.020825456196900457 0.011307536168015574 0.0625
0.007718187206952753 -0.02240601674190285 0.0625
0.00944423211574411 0.021735834001573247 0.0625
-0.021646998553613347 -0.009648183954499498 0.0625
0.022479878064428024 -0.0075083341833224165 0.0625
-0.011504565198107136 0.02072208917079796 0.0625
-0.005514658103357927 -0.023051866432093275 0.0625
0.019638348383243843 0.013273103358986706 0.0625
-0.02344739402830537 0.0034784642130385435 0.0625
0.01494024157999667 -0.01840405339949161 0.0625
0.00141534064687451 0.023663406577526084 0.0625
-0.01702863562924141 -0.016493197646500514 0.0625
0.02369822418884504 0.0006589160001395695 0.0625
-0.017920061990588126 0.01552260861625644 0.0625
0.0027284216211855322 -0.023551554417002872 0.0625
0.013897487674292655 0.019209889024741494 0.0625
-0.023224494699708963 -0.004777326233699171 0.0625
0.020352781105988954 -0.012165701839667902 0.0625
-0.0067899353729692765 0.022719524150626495 0.0625
-0.010340498812081817 -0.021339964487255704 0.0625
0.022040484769586845 0.008750830310411148 0.0625
-0.022163856670628125 0.008435843614236419 0.0625
0.010644986177260295 -0.021192552212650963 0.0625
0.006466311741190863 0.022818124648308357 0.0625
-0.020182196343461477 -0.012457887090272185 0.0625
0.023297733581648435 -0.00444697762064649 0.0625
-0.014175637393329199 0.01901713186820891 0.0625
-0.0023932992363566627 -0.023598985545257124 0.0625
0.017706259428761396 0.015785068167144485 0.0625
-0.023719548038082416 0.00032099979610679635 0.0625
0.017273838186797202 -0.016259597605609646 0.0625
-0.00175405264686526 0.023658472040941805 0.0625
-0.014688206349561417 -0.018630528554839865 0.0625
0.0234161994814125 0.003815966698845413 0.0625
-0.01984473028523276 0.013004102426017936 0.0625
0.005848949328372796 -0.0229945600469791 0.0625
0.011220167520449237 0.02090712416409909 0.0625
-0.022396757369723096 -0.007837426830392378 0.0625
0.021809552275960438 -0.009350049706934664 0.0625
-0.009766164130424122 0.021627344686244252 0.0625
-0.007408059031728876 -0.022545080647059578 0.0625
0.020692190158348396 0.011620381510550755 0.0625
-0.023108052522778134 0.005409058014527772 0.0625
0.013385867864705716 -0.019598432118632318 0.0625
0.0033683479006782796 0.023494131872022775 0.0625
-0.01835442458127007 -0.015049089616666816 0.0625
0.023700336782245042 -0.0013015515388038249 0.0625
-0.016597294463197087 0.016969673435335383 0.0625
0.0007755062211614965 -0.023725062488873235 0.0625
0.015454763807585068 0.01801860914864848 0.0625
-0.023568093861134454 -0.0028469196955229585 0.0625
0.019302130522432147 -0.013821279148291349 0.0625
-0.00489682416910429 0.02323060724683873 0.0625
-0.012081712661700342 -0.020438009178002384 0.0625
0.022715161660977118 0.006909517401068996 0.0625
-0.021417525035266432 0.010249371754587481 0.0625
0.00886957990536082 -0.022025679383447395 0.0625
0.008338276236929164 0.0222331542835618 0.0625
-0.021167416113958764 -0.010761993080211446 0.0625
0.022878627172669974 -0.006363051052283587 0.0625
-0.012572254286695438 0.020146920909922397 0.0625
-0.0043388143570361965 -0.02334897620828752 0.0625
0.01897198621388015 0.014286487990417434 0.0625
-0.02364057438026087 0.0022810618078766653 0.0625
0.015891552116374774 -0.017651588351549116 0.0625
0.00020554794182520836 0.023751163130331356 0.0625
-0.01619581895364946 -0.017375138802916336 0.0625
0.02367986984361861 0.0018718344449448485 0.0625
-0.018725868779796262 0.014615807827207217 0.0625
0.00393517599168792 -0.023427214728055982 0.0625
0.012923637865188391 0.019933378648123577 0.0625
-0.02299510702785637 -0.005968672614361647 0.0625
0.02098840039362352 -0.011132252643420562 0.0625
-0.007956746556177086 0.02238683059838449 0.0625
-0.00925535741488511 -0.021882832520556637 0.0625
0.02160701895171454 0.009884165722014624 0.0625
-0.02260980226331366 0.007307314254488885 0.0625
0.011736160383959617 -0.020661619961706217 0.0625
0.005303032160105478 0.023163718395561778 0.0625
-0.019557850498359033 -0.013498536360799916 0.0625
0.023540314232384094 -0.0032578529495075155 0.0625
-0.015157783805817643 0.018304141337306498 0.0625
-0.0011874338248312184 -0.02373668049478795 0.0625
0.016910072763731653 0.016701180770391687 0.0625
-0.02375128778262033 -0.0008923724934971445 0.0625
0.018116890746013446 -0.015386301365078367 0.0625
-0.002965639147165016 0.023583998483056312 0.0625
-0.013744478568862128 -0.019394053440941365 0.0625
0.023236068021599377 0.005016487107090656 0.0625
-0.020522868091947016 0.011997161550989599 0.0625
0.0070292067889344495 -0.022710135444739158 0.0625
0.010157717194913556 0.02149466867360736 0.0625
-0.0220102034044604 -0.008988378390693162 0.0625
0.022301990428583905 -0.008240219834649554 0.0625
-0.010878990026292206 0.02114160769685775 0.0625
-0.006259343566544323 -0.022938627206438494 0.0625
0.020110976586739902 0.012686552751933821 0.0625
-0.02339967917169998 0.004230249952604455 0.0625
0.01439721160513541 -0.018926180227318828 0.0625
0.0021684719729678195 0.023681590514626608 0.0625
-0.01759627056226304 -0.015997851802652608 0.0625
0.023782176873373834 -8.979511992820573e-05 0.0625
-0.0174761992848702 0.01613141216866962 0.0625
0.0019898634612728026 -0.023700642257236223 0.0625
0.014542804568036093 0.018820914836848623 0.0625
-0.023437585339029763 -0.0040545768553200846 0.0625
0.020021681061880254 -0.012842596601012805 0.0625
-0.006088530351762566 0.02299499506752863 0.0625
-0.011043793519816466 -0.021069281541895538 0.0625
0.02237623563151158 0.008076142579416952 0.0625
-0.02195567157807157 0.00916015750715348 0.0625
0.010002184869299236 -0.02158602088946366 0.0625
0.007206102386280488 0.022674039966411864 0.0625
-0.020630378459406306 -0.011851897933312804 0.0625
0.023218861336510643 -0.005196583323289568 0.0625
-0.013611104966215216 0.019516603741395976 0.0625
-0.0031469823694230017 -0.023585938649257548 0.0625
0.018253204225272747 0.015266320300271616 0.0625
-0.023772435527710436 0.001072990717970393 0.0625
0.01680485278441085 -0.016849834506435932 0.0625
-0.0010095114246064958 0.023776898172040626 0.0625
-0.015317222508107117 -0.018214903091620795 0.0625
0.023599266688692326 0.003084576430561703 0.0625
-0.01948565421018341 0.01366708747323883 0.0625
0.005136311376268218 -0.02324087574610771 0.0625
0.011912050351564705 0.020607354425587657 0.0625
-0.02270444454996283 -0.007148999767636253 0.0625
0.0215713921544193 -0.010065537269329312 0.0625
-0.00910722192897362 0.021994056213814273 0.0625
-0.008141676819054007 -0.022370362057286392 0.0625
0.02111512668075777 0.010995973138178872 0.0625
-0.02299812192370437 0.0061551919533373205 0.0625
0.012800778598968027 -0.020074363433499016 0.0625
0.004121287313813554 0.023449839890220987 0.0625
-0.01887971430752134 -0.014507804370971301 0.0625
0.023722031630770024 -0.002055532852752924 0.0625
-0.016103963408781174 0.01754030679687893 0.0625
2.6255357892874792e-05 -0.023812587231466092 0.0625
0.016066378317670698 0.017577015894442403 0.0625
-0.02372078754345125 -0.002108136219139579 0.0625
0.018915663095729795 -0.01446919796149206 0.0625
-0.004174165673799682 0.023447309886800927 0.0625
-0.012760980335402515 -0.020109634031465373 0.0625
0.022994223060169384 0.006208518813628146 0.0625
-0.02114976427626629 0.010954792150395656 0.0625
0.008195611091208851 -0.022364971693289812 0.0625
0.009064452268784747 0.02202806630339856 0.0625
-0.021564350059911582 -0.010120217709792186 0.0625
0.022737790823132504 -0.00710442597846381 0.0625
-0.011967590272317155 0.02059846555144193 0.0625
-0.005089714301700448 -0.02327347864688616 0.0625
0.01947469208800971 0.013723569800792066 0.0625
-0.023631002678842945 0.003035739183875582 0.0625
0.015374695255870487 -0.018201613823755125 0.0625
0.0009582254438260264 0.023807599710991542 0.0625
-0.016788959575778473 -0.01690830672666179 0.0625
0.023801891777507193 0.0011269196119668512 0.0625
-0.01831264250080082 0.0152475284763749 0.0625
0.0032037279914852233 -0.02361389690323421 0.0625
0.01358910741863109 0.019576929268016106 0.0625
-0.02324502916235701 -0.0052562932986251875 0.0625
0.02069146476687261 -0.011826380925763793 0.0625
-0.0072688925627256585 0.022698088045285923 0.0625
-0.009972834131767843 -0.021647692241443348 0.0625
0.021977237213816277 0.00922610667874858 0.0625
-0.02243826613411889 0.008042649619028132 0.0625
0.011112938537313426 -0.02108797280598337 0.0625
0.006050598897734 0.023057108512967103 0.0625
-0.02003708153100938 -0.01291492794094039 0.0625
0.02349945579797457 -0.004011929361172674 0.0625
-0.014618262423014868 0.018832588874922947 0.0625
-0.0019422475806217545 -0.023761895428091782 0.0625
0.017483697811891134 0.01620988312180175 0.0625
-0.023842392186857814 -0.0001426001685185911 0.0625
0.017677584899199583 -0.016000718487980185 0.0625
-0.002226649231680058 0.023740303982869696 0.0625
-0.014394989417307769 -0.01901010993328543 0.0625
0.02345638696342454 0.00429393882374764 0.0625
-0.02019723407089027 0.01267879078956938 0.0625
0.006328634266980559 -0.022992789920207587 0.0625
0.010865250554656768 0.021229845274625316 0.0625
-0.022353038028841553 -0.008315148277761697 0.0625
0.022100013563967413 -0.008968244001612379 0.0625
-0.010238260378283693 0.021542006044620504 0.0625
-0.007002287598524953 -0.022801051914057468 0.0625
0.02056588115893355 0.012083233514114585 0.0625
-0.023327567642992476 0.004982427908320469 0.0625
0.013835926985938163 -0.019432115799361323 0.0625
0.0029241264292745256 0.023675503893805898 0.0625
-0.01814937073246511 -0.015482904831314405 0.0625
0.02384217089213389 -0.0008431412398190446 0.0625
-0.017011538822999255 0.01672744890512565 0.0625
0.0012445936421252703 -0.023826266737908844 0.0625
0.01517722052935706 0.01841010529582225 0.0625
-0.023627887571232957 -0.00332309026678111 0.0625
0.019667875060741306 -0.013510539981624353 0.0625
-0.005376429188611736 0.023248527032477647 0.0625
-0.011740155155085788 -0.020775195713506833 0.0625
0.022691065019753383 0.0073888813949964365 0.0625
-0.021723565709964414 0.009879609954085156 0.0625
0.009345028795130035 -0.021959745827722837 0.0625
0.0079431406799772 0.02250569963671628 0.0625
-0.021060145834263418 -0.011229882343086117 0.0625
0.023115584177392 -0.005945567099773145 0.0625
-0.01302899689169712 0.01999913098102382 0.0625
-0.003902179029502824 -0.02354852434488642 0.0625
0.018784804370974864 0.01472858189861481 0.0625
-0.023801179622951966 0.0018286193031837358 0.0625
0.01631560713233127 -0.017426444384997793 0.0625
-0.00025923597818266255 0.02387158973984799 0.0625
-0.01593443378748292 -0.017777902572359953 0.0625
0.023759189875042955 0.0023453990026552985 0.0625
-0.019104251733999073 0.014320180364925354 0.0625
0.004413892673421183 -0.02346481518076626 0.0625
0.012596029703396431 0.020284477703681573 0.0625
-0.022990694582451548 -0.006448872972576918 0.0625
0.02130952122573836 -0.010775170770331502 0.0625
-0.00843475032115053 0.022340433904019213 0.0625
-0.008871535025160025 -0.022171510239434727 0.0625
0.021518988446014204 0.010356309007571535 0.0625
-0.022863820333805598 0.006899689829511024 0.0625
0.012198823771087636 -0.020532625224309417 0.0625
0.004874726970746503 0.023381125656406637 0.0625
-0.019388875158101154 -0.013948172643883068 0.0625
0.023719439883212772 -0.002812147155938898 0.0625
-0.015590945188795675 0.018096475571778303 0.0625
-0.0007277413554476771 -0.0238761469362117 0.0625
0.01666530344837274 0.01711454530432099 0.0625
-0.023850021210678425 -0.0013625300914802923 0.0625
0.018507287805326688 -0.015106299947068646 0.0625
-0.003442659685150544 0.02364123715654998 0.0625
-0.01343138675842593 -0.01975848804300523 0.0625
0.02325136813866869 0.005496715353745612 0.0625
-0.020858543873395464 0.011653374939545904 0.0625
0.007508962479595325 -0.022683374583161775 0.0625
0.00978586692537376 0.021799009347189976 0.0625
-0.021941581499553713 -0.009463984430378276 0.0625
0.02257265955586633 -0.007843152464089703 0.0625
-0.011346800673555727 0.021031645548425244 0.0625
-0.0058400992753964934 -0.023173546134623278 0.0625
0.019960511906801995 0.013142981565018492 0.0625
-0.02359704299687144 0.003792039267175455 0.0625
0.014838758937209949 -0.01873636125834928 0.0625
0.0017146511794959211 0.0238398819487986 0.0625
-0.017368547314618347 -0.016421131635178613 0.0625
0.023900177908847367 0.0003761594415197315 0.0625
-0.017877965193360327 0.015867525344079227 0.0625
0.0024643820262000176 -0.023777443538550193 0.0625
0.014244772253738247 0.019198084889882353 0.0625
-0.023472593170426017 -0.004534023583492914 0.0625
0.02037136146242273 -0.012512698836275017 0.0625
-0.006569231185678659 0.02298793600193604 0.0625
-0.01068455485286672 -0.021388788829573367 0.0625
0.022327158605550367 0.008554413399093961 0.0625
-0.0222425532220377 0.008774327675943066 0.0625
0.010474359727624715 -0.02149529688783836 0.0625
0.006796635270957756 0.02292609319080713 0.0625
-0.020498697710958046 -0.012314357155562908 0.0625
0.02343415003398164 -0.004766614331455642 0.0625
-0.014060302898351714 0.019344970467969253 0.0625
-0.002699804427331042 -0.02376280825269109 0.0625
0.01804292898339621 0.015698812493310475 0.0625
-0.02390952572595515 0.0006120290515072864 0.0625
0.017217322406427694 -0.016602524180169803 0.0625
-0.0014807255260260801 0.0238731533718647 0.0625
-0.01503476802950364 -0.018604186364875392 0.0625
0.023653944142546075 0.003562432666214252 0.0625
-0.019848764678288482 0.01335164936425188 0.0625
0.0056171480952185715 -0.023253551283113346 0.0625
0.01156604219793014 0.02094150586456713 0.0625
-0.022675015865879576 -0.007629132026784533 0.0625
0.021874019951907023 -0.009691607252854065 0.0625
-0.009582969733046755 0.02192274369451757 0.0625
-0.007742687449617906 -0.0226391428958238 0.0625
0.021002471752568284 0.01146368964524822 0.0625
-0.02323099161704179 0.005734198155708807 0.0625
0.01325687807530869 -0.019921224452738837 0.0625
0.00368151303706258 0.023645009235733833 0.0625
-0.018687260020500862 -0.014948789680980533 0.0625
0.02387800015620606 -0.0016003463813261027 0.0625
-0.016526452829195203 0.017310007420113543 0.0625
0.0004933672023469987 -0.023928154730435195 0.0625
0.01579999430643309 0.017977769047261734 0.0625
-0.023795063310977905 -0.0025835947876076317 0.0625
0.019291605800990208 -0.014168766552498529 0.0625
-0.0046543279068066426 0.02347971958384344 0.0625
-0.012428799966475619 -0.020457881889221468 0.0625
0.022984513154234575 0.006689705155148313 0.0625
-0.021467644796920617 0.01059340487630144 0.0625
0.008674133685707174 -0.022313211440814162 0.0625
0.00867662430773126 0.02231313941655201 0.0625
-0.02147093101488054 -0.01059240866631575 0.0625
0.022987867607591903 -0.0066931265381604006 0.0625
-0.012429829779019713 0.02046409860376447 0.0625
-0.004658092847049726 -0.02348663813806191 0.0625
0.019300402053994442 0.014172313874387877 0.0625
-0.023805606624457028 0.0025871013203212054 0.0625
0.01580650291329342 -0.017988731629885603 0.0625
0.0004960076010460216 0.023942305161778067 0.0625
-0.016539112095399787 -0.017319866370610386 0.0625
0.023895661416144347 0.001599176502138095 0.0625
-0.018700797316830466 0.014962626096873047 0.0625
0.0036824056212953022 -0.02366600703203337 0.0625
0.01327132943414837 0.01993870143841637 0.0625
-0.023255075288253838 -0.005737723706980477 0.0625
0.021024078315605797 -0.011478158867138676 0.0625
-0.00774938624171363 0.022665988018984295 0.0625
-0.00959683316134769 -0.02194859433479186 0.0625
0.02190323189876232 0.009701980848725731 0.0625
-0.022705146674050724 0.007641748131798332 0.0625
0.011580545373873695 -0.020972624271741784 0.0625
0.005627866487243965 0.02328791787175823 0.0625
-0.019881268784556233 -0.01337068253741109 0.0625
0.023692420559355592 -0.0035706033157751715 0.0625
-0.015058670274134893 0.018637501162304088 0.0625
-0.001485708092374782 -0.023915532012987965 0.0625
0.017250825541287953 0.016631566917883814 0.0625
-0.023955518259421812 -0.0006108558934054377 0.0625
0.018077310425317312 -0.015731841843430603 0.0625
-0.002703033762386121 0.023812047549074834 0.0625
-0.01409216475011775 -0.01938481087489736 0.0625
0.02348619309220485 0.004774801989158217 0.0625
-0.020544035535623686 0.012344334891399831 0.0625
0.006810291124052266 -0.02298042503535683 0.0625
0.010501722932596297 0.02154608584980068 0.0625
-0.022298591738236128 -0.008793907350630181 0.0625
0.022383265740632523 -0.008578427290839883 0.0625
-0.010710451949212692 0.021445890493136586 0.0625
-0.006589166262439472 -0.023049140720771553 0.0625
0.020428827908763273 0.01254523775279428 0.0625
-0.02353858734634851 0.004549165389202941 0.0625
0.01428420169902221 -0.01925517026207899 0.0625
0.0024740409244143773 0.02384783263746043 0.0625
-0.017933884194893265 -0.015914012620459925 0.0625
0.02397448316186317 -0.0003796802885843131 0.0625
-0.01742217344302798 0.016475068209905856 0.0625
0.0017178795656228058 -0.023917543556937777 0.0625
0.01488987548903026 0.018797117010892282 0.0625
-0.023677424347371873 -0.0038025749531707858 0.0625
0.020028294803953902 -0.013190428622524482 0.0625
-0.005858438476515338 0.023255938996671034 0.0625
-0.011389726903050016 -0.021106257865238422 0.0625
0.022656290214066 0.007869721325181545 0.0625
-0.022022729318707444 0.009501546892740341 0.0625
0.009821013919827471 -0.02188304561953283 0.0625
0.007540337022132262 0.022770667921531457 0.0625
-0.020942102952452652 -0.01169736397351446 0.0625
0.023344322160856423 -0.005521107031216453 0.0625
-0.013484391067293263 0.019840645088915372 0.0625
-0.0034593130939291005 -0.023739274481714277 0.0625
0.018587085209615186 0.015168396863561574 0.0625
-0.023952475304189917 0.001370739509232968 0.0625
0.016736470108746206 -0.017191002539091338 0.0625
-0.000728622137145963 0.02398226656888921 0.0625
-0.01566306914441397 -0.01817658562484459 0.0625
0.023828394628752907 0.002822695416870139 0.0625
-0.01947769652721442 0.014014968355074493 0.0625
0.004895442168368474 -0.02349201238668496 0.0625
0.012259305426938698 0.020629818963069733 0.0625
-0.022975670661629748 -0.006930985330263372 0.0625
0.021624108721401726 -0.010409511131892693 0.0625
-0.008913730559781428 0.02228329884706523 0.0625
-0.008479739013041792 -0.022452929124519523 0.0625
0.02142017500951407 0.010828485700308657 0.0625
-0.02310990968131366 0.006484757090402484 0.0625
0.01266057718788777 -0.020392885653323704 0.0625
0.004439834843906158 0.023589995052115564 0.0625
-0.019209275459610594 -0.014395962500534735 0.0625
0.023889483947337902 -0.0023606263427075353 0.0625
-0.01602133779043382 0.017878387382670093 0.0625
-0.00026305041037624923 -0.024006057662215197 0.0625
0.016410393560097367 0.017524239875176182 0.0625
-0.02393879802642199 -0.0018368312525037735 0.0625
0.018893141803545975 -0.014816517566253672 0.0625
-0.003922937056856948 0.023688194630404797 0.0625
-0.013108948602672667 -0.020117541264590123 0.0625
0.023256141271203675 0.005979288684602634 0.0625
-0.021188041162767735 0.011300748279864483 0.0625
0.007990133472749366 -0.02264592164359071 0.0625
0.009405750706881516 0.022096421738371983 0.0625
-0.0218621843849046 -0.009940065086327833 0.0625
0.022835703682745092 -0.007438456648651131 0.0625
-0.011814141557342712 0.020910907662343787 0.0625
-0.005413922564465128 -0.023400201761223666 0.0625
0.01979935357399809 0.013597999781284342 0.0625
-0.02378556853305637 0.0033476453753763374 0.0625
0.01527796559866357 -0.018536012709481305 0.0625
0.0012554438407783909 0.02398882783219413 0.0625
-0.01713053929512158 -0.016841158613892793 0.0625
0.02400839775027224 0.0008466625447737788 0.0625
-0.018275590949784436 0.015593677418625706 0.0625
0.0029425762088357344 -0.023844102945072058 0.0625
0.013937178895659407 0.019570259181482145 0.0625
-0.023497176178354652 -0.005016244775064585 0.0625
0.0207152287424499 -0.012173713408322772 0.0625
-0.007051784005558954 0.0229702490700241 0.0625
-0.010316771601830851 -0.021701710156475148 0.0625
0.022267332137523903 0.009033599475136985 0.0625
-0.022522126511380382 0.008380561878858548 0.0625
0.010946506041190374 -0.02139378427231103 0.0625
0.006379901684880442 0.023170171654333074 0.0625
-0.02035627188578652 -0.012775844195666183 0.0625
0.023640858664218306 -0.0043301041117338335 0.0625
-0.014507592408984249 0.019162718035153122 0.0625
-0.0022468606911162205 -0.023930558226558714 0.0625
0.01782224191874942 0.016128474602068576 0.0625
-0.024037026616730166 0.00014612127362396163 0.0625
0.017626061924347954 -0.016345089202541883 0.0625
-0.0019560280887659493 0.023959423075607614 0.0625
-0.014742553708672343 -0.01898886805859979 0.0625
0.023698316442666588 0.004043488318672203 0.0625
-0.020206437318658583 0.013026891067600199 0.0625
0.006100270606094131 -0.023255680994811224 0.0625
0.011211224990361377 0.021269424867999993 0.0625
-0.022634881520704614 -0.008110618875502958 0.0625
0.02216966844072977 -0.009309446880889896 0.0625
-0.010059130484915219 0.021840647744227944 0.0625
-0.00733610955518736 -0.022900251015966808 0.0625
0.020879038290372277 0.01193087423742151 0.0625
-0.023455553964756338 0.005306315878875228 0.0625
0.013711504796760829 -0.019757394469119775 0.0625
0.0032356031781616067 0.023831300259815256 0.0625
-0.018484284229686922 -0.01538737263200406 0.0625
0.024024587416808657 -0.001139824307566415 0.0625
-0.016945628649896675 0.01706943671184849 0.0625
0.0009649737170349257 -0.024033909913400105 0.0625
0.015523667895971989 0.01837432271011829 0.0625
-0.023859170912409435 -0.0030626725865550105 0.0625
0.019662495269677293 -0.01385879791936942 0.0625
-0.005137206132436716 0.023501683198291448 0.0625
-0.012087560689480609 -0.02080026145456165 0.0625
0.02296415931799028 0.007172683376391306 0.0625
-0.021778886910970855 0.010223506488438418 0.0625
0.009153510255482661 -0.02225069100056836 0.0625
0.00828089830982507 0.022590854857272143 0.0625
-0.021366718011000537 -0.011064509091612938 0.0625
0.023229923819366994 -0.006274602724189471 0.0625
-0.012891034887075577 0.020318986676018082 0.0625
-0.004219976107080616 -0.02369117560729456 0.0625
0.019115498398122092 0.014619087556731846 0.0625
-0.0239710531644574 0.002132747098639888 0.0625
0.016235419238075748 -0.017765448549471523 0.0625
2.8896197437372667e-05 0.024067387997241698 0.0625
-0.01627915621470416 -0.0177276358530194 0.0625
0.023979416974335293 0.0020754665911453616 0.0625
-0.019084292147070154 0.014667985316507391 0.0625
0.00416422511702276 -0.02370778836531904 0.0625
0.012944257729406718 0.020294979473620918 0.0625
-0.02325455707086783 -0.006221380508998874 0.0625
0.021350405651665863 -0.011121159045230604 0.0625
-0.00823117371982636 0.022623169079376122 0.0625
-0.009212637709416403 -0.02224246628490283 0.0625
0.02181843526786234 0.01017820624973284 0.0625
-0.022964306993024663 0.00723329830230433 0.0625
0.012047558125418743 -0.020846494746471333 0.0625
0.005198289780792534 0.023510376078551103 0.0625
-0.019714768024925385 -0.013824902231964597 0.0625
0.023876467224785446 -0.0031231895337533694 0.0625
-0.015496614118601927 0.018431900359408074 0.0625
-0.0010238841427914482 -0.02405975189527399 0.0625
0.01700769571210184 0.017049876438395464 0.0625
-0.02405880118656403 -0.0010835522439574547 0.0625
0.018472777222428037 -0.015453041826467173 0.0625
-0.003182980989584176 0.023873596964428 0.0625
-0.013779826993722604 -0.01975440123170211 0.0625
0.023505532197470595 0.005258322557020754 0.0625
-0.02088491369002781 0.012000849143293527 0.0625
0.007293679663655272 -0.022957400483590944 0.0625
0.010129717955448559 0.021855635752433808 0.0625
-0.022233374848302206 -0.00927345905554572 0.0625
0.02265911113146975 -0.008180750743770625 0.0625
-0.011182490970071329 0.02133897597599925 0.0625
-0.0061688629023981595 -0.0232891633703621 0.0625
0.02028103011504778 0.013006145373342753 0.0625
-0.023740943321647657 0.004109453759116121 0.0625
0.014730444077709591 -0.019067616979409632 0.0625
0.0020182887065821583 0.024010966467364094 0.0625
-0.017708008042202347 -0.016342167884870636 0.0625
0.024097139793591134 8.862148795176316e-05 0.0625
-0.017828957929432364 0.016212595694413988 0.0625
0.002195143266176471 -0.023998778011410503 0.0625
0.014592813809483938 0.019179410447710196 0.0625
-0.02371660899925298 -0.004285143822154943 0.0625
0.020383164245974538 -0.01286105031953554 0.0625
-0.00634261465526056 0.02325276842302598 0.0625
-0.011030552473948988 -0.02143098019502276 0.0625
0.022610783574183318 0.008351794188163513 0.0625
-0.022314812142548747 0.009115325503938908 0.0625
0.01029728851216587 -0.021795546547338902 0.0625
0.007130025466567158 0.023027868699601876 0.0625
-0.02081327696207629 -0.012164189331801127 0.0625
0.023564665424748416 -0.005089847091973056 0.0625
-0.013938188206683435 0.019671474512986332 0.0625
-0.0030104074873106685 -0.02392106700714548 0.0625
0.01837886170875926 0.015605686216578325 0.0625
-0.02409431912236564 0.0009076265915040917 0.0625
0.017153898205449356 -0.01694531723978874 0.0625
-0.0012023947056421604 0.024083069716542442 0.0625
-0.01538180048047128 -0.018570950809772058 0.0625
0.023887379554167896 0.0033034978485117273 0.0625
-0.019845973515891138 0.013700267705652603 0.0625
0.005379590357771458 -0.0235087219470258 0.0625
0.011913580660941815 0.02096918204974227 0.0625
-0.022949971665319924 -0.007414769083458544 0.0625
0.02193195345994596 -0.010035408184561528 0.0625
-0.009393442026747672 0.02221538311373744 0.0625
-0.008080121635740957 -0.02272689231618857 0.0625
0.021310557939159987 0.01130044779297287 0.0625
-0.023347887515935258 0.006062684928580284 0.0625
0.013121171765785837 -0.02024240231525756 0.0625
0.00399854001119446 0.02379015926341976 0.0625
-0.01901907423095817 -0.014841658108085598 0.0625
0.024050295858575908 -0.0019034886695135907 0.0625
-0.016448716733193418 0.017649921184842807 0.0625
0.0002064284409282517 -0.024126280013685823 0.0625
0.01614540876009842 0.017930024427460695 0.0625
-0.024017504494600803 -0.0023150546109822843 0.0625
0.01927421934646879 -0.014517040627628213 0.0625
-0.004406240796942782 0.02372477696500764 0.0625
-0.012777270588138434 -0.020470988161725184 0.0625
0.023250313995340693 0.006463969300519982 0.0625
-0.021511145190276696 0.010939407324112024 0.0625
0.008472476458133827 -0.022597724280696233 0.0625
0.009017512593672668 0.022386702897545116 0.0625
-0.021771981195078012 -0.01041637340158126 0.0625
0.0230909332352141 -0.007026293640809851 0.0625
-0.012280763966397728 0.020779384889876486 0.0625
-0.004980990648828025 -0.02361841934076639 0.0625
0.01962751422639941 0.014051358841496043 0.0625
-0.02396509720261675 0.0028972600969072236 0.0625
0.01571458508699407 -0.01832516890900664 0.0625
0.0007910549108750869 0.02412828697044157 0.0625
-0.016882302259382073 -0.017257690182143813 0.0625
0.024106713668701058 0.0013214976713038932 0.0625
-0.01866883980223578 0.015309945148120454 0.0625
0.0034242195857491506 -0.023900517153998404 0.0625
0.013620121661756803 0.019937208578909515 0.0625
-0.023511251238141063 -0.005501005836845705 0.0625
0.021053063144439783 -0.011825757152767484 0.0625
-0.00753594784622165 0.022941871982447886 0.0625
-0.009940579374751585 -0.022007836824510116 0.0625
0.022196715250949316 0.00951345531698521 0.0625
-0.022794195406855452 0.007979013457445087 0.0625
0.011418375675365671 -0.021281463693463797 0.0625
0.005956071527759892 0.02340609347918204 0.0625
-0.020203103410003146 -0.013236110176510291 0.0625
0.023838820904750424 -0.003887237820256746 0.0625
-0.01495272578609265 0.01896987062596685 0.0625
-0.0017883501544916597 -0.02408903907848816 0.0625
0.01759118878652357 0.016555061977440243 0.0625
-0.02415480668355308 -0.0003245213092841849 0.0625
0.018030831627184184 -0.01607759655023519 0.0625
-0.0024351971130188907 0.024035594750718037 0.0625
-0.014440667230679771 -0.019368715237020023 0.0625
0.023732290902997843 0.004527512395950544 0.0625
-0.020558447755921177 0.012692920304920363 0.0625
0.006585440694892801 -0.023247192752116327 0.0625
0.010847725661693562 0.021590897340514476 0.0625
-0.022583990495327527 -0.00859321670313021 0.0625
0.022458135446348296 -0.008919201324865046 0.0625
-0.01053545704448119 0.021747738844852163 0.0625
-0.006922105433396682 -0.023153497713497635 0.0625
0.02074481850355125 0.012397278138959281 0.0625
-0.02367163517930277 0.004871723302692347 0.0625
0.014164410258453358 -0.01958288747938417 0.0625
0.0027837504344942815 0.024008555423399653 0.0625
-0.018270822612099474 -0.015823306894489363 0.0625
0.024161653329528757 -0.0006741723694070358 0.0625
-0.017361248604447117 0.016818651756148086 0.0625
0.0014408577000626795 -0.02412973122701888 0.0625
0.015237477140105251 0.01876644053636091 0.0625
-0.023913008255806265 -0.003545142614584308 0.0625
0.02002810288624924 -0.013539390487677615 0.0625
-0.005622565289360089 0.023513118882166253 0.0625
-0.01173738054777441 -0.02113655359505724 0.0625
0.02293310057484198 0.007657212157448851 0.0625
-0.02208328264870074 0.00984523374316694 0.0625
0.009633495071381146 -0.022177370734820553 0.0625
0.00787742869669267 0.022861017412366465 0.0625
-0.021251693053194576 -0.011536270730734507 0.0625
0.02346377849793838 -0.00584902544016392 0.0625
-0.013350956717631098 0.020163133554185995 0.0625
-0.0037755501577910362 -0.02388692573367289 0.0625
0.018920006658449538 0.015063643252687085 0.0625
-0.024127193884632116 0.001672876341326747 0.0625
0.0166611998162852 -0.01753181167711478 0.0625
-0.0004428967292554733 0.0241827178474053 0.0625
-0.016009160224107123 -0.018131375814285755 0.0625
0.02405304712559901 0.0025555672508688165 0.0625
-0.019462894520652217 0.01436369509833615 0.0625
0.0046489549660480925 -0.023739149473468016 0.0625
0.012608001258504451 0.020645539573126932 0.0625
-0.023243403678219636 -0.006707025082055833 0.0625
0.021670233360113287 -0.010755509570365942 0.0625
-0.008714011092915667 0.022569581535166815 0.0625
-0.0088203940610607 -0.022529106697949768 0.0625
0.021722819151504244 0.010654535565243588 0.0625
-0.023215559261983126 0.006817463469161348 0.0625
0.012513727958356924 -0.02070957779830956 0.0625
0.004762047919061535 0.023724310308554004 0.0625
-0.01953759460748333 -0.014277338580899397 0.0625
0.024051439298333338 -0.002669881585124475 0.0625
-0.01593184780658866 0.018215823491341154 0.0625
-0.0005569822479003046 -0.02419441610734849 0.0625
0.01675436673562001 0.01746456971380485 0.0625
-0.024152120594161105 -0.0015604713406849502 0.0625
0.01886374935558655 -0.01516439778723864 0.0625
-0.0036662633399726034 0.023924851370948432 0.0625
-0.013458075828931139 -0.020118652911731923 0.0625
0.023514323710492047 0.005744265004175161 0.0625
-0.021219650033083202 0.011648452793116867 0.0625
0.007778558217497109 -0.02292365660310345 0.0625
0.009749373524436734 0.02215828774704878 0.0625
-0.02215734906147377 -0.009753557431419958 0.0625
0.022927355354821755 -0.0077753698583235345 0.0625
-0.011654129071725835 0.0212212458536146 0.0625
-0.005741549421491035 -0.02352093982477265 0.0625
0.020122492923875055 0.01346570750196953 0.0625
-0.023934471254305905 0.0036634800090630136 0.0625
0.015174406650826115 -0.01886948284387689 0.0625
0.001557070421796113 0.024164758051790376 0.0625
-0.017471790707448677 -0.016767126452529372 0.0625
0.02421001156769889 0.0005615513261367755 0.0625
-0.01823165328062626 0.01594010096125585 0.0625
0.0026761614932864185 -0.02406985998425938 0.0625
0.014286125729651555 0.019556753606787294 0.0625
-0.023745351356429845 -0.004770564847027583 0.0625
0.020732260167334905 -0.012522515256686201 0.0625
-0.006828718700025393 0.023238945778927312 0.0625
-0.010662761152388187 -0.021749149974358107 0.0625
0.022554496738377193 0.008834855792741196 0.0625
-0.02259961357422164 0.008721093182385857 0.0625
0.01077360508591132 -0.021697221791114774 0.0625
0.0067123703886682725 0.023277115022384737 0.0625
-0.020673662790540673 -0.012630109533294399 0.0625
0.023776442112076315 -0.004651967378548988 0.0625
-0.014390139934146994 0.019491635967144164 0.0625
-0.0025556566472194966 -0.02409374647292369 0.0625
0.01816017224103777 0.016040203994209093 0.0625
-0.024226573229403824 0.00043948783866442503 0.0625
0.017567649756508777 -0.016689448224331358 0.0625
-0.0016803351323784951 0.024173879991488637 0.0625
-0.015090708440010665 -0.0189607626106808 0.0625
0.02393604503034863 0.0037875781582856955 0.0625
-0.02020885513800601 0.013376179350288639 0.0625
0.005866101262969197 -0.023514864574829923 0.0625
0.011558975854971685 0.021302349100138736 0.0625
-0.022913539248370397 -0.00789998222234642 0.0625
0.022232848945988225 -0.009653000970934914 0.0625
-0.009873638535699383 0.022136649748016348 0.0625
-0.007672839463481135 -0.022993206269845155 0.0625
0.021190121951475484 0.011771946809325837 0.0625
-0.023577574727232768 0.005633646242155675 0.0625
0.013580358642866417 -0.02008118171650074 0.0625
0.0035510303733847374 0.023981454986870567 0.0625
-0.018818299718734804 -0.015285012126127531 0.0625
0.024201729371986815 -0.001440935600611847 0.0625
-0.016872838093715103 0.01741112674881429 0.0625
0.0006804817149005075 -0.024236685925177272 0.0625
0.015870419961717695 0.018331660324114468 0.0625
-0.024086031710875182 -0.002796976299991672 0.0625
0.019650288912452636 -0.014207960643848256 0.0625
-0.0048923383706658925 0.02375089525190388 0.0625
-0.012436464125785885 -0.020818606102427722 0.0625
0.02323381808005524 0.006950517780920947 0.0625
-0.021827643919852244 0.010569482527926213 0.0625
0.008955746964107713 -0.022538735463971254 0.0625
0.008621301086469205 0.022669653009617173 0.0625
-0.0216709464607035 -0.010892661726929858 0.0625
0.023338162150582327 -0.006606828848481449 0.0625
-0.012746418972113323 0.020637073518000308 0.0625
-0.004541484576122761 -0.023828027989005702 0.0625
0.019445011936334945 0.014502810444730757 0.0625
-0.024135474609487492 0.002441078731787391 0.0625
0.016148371632161786 -0.018103869576131856 0.0625
0.00032169244578239694 0.0242581226390322 0.0625
-0.0166238972692899 -0.01767048498429219 0.0625
0.024195007659177238 0.0018004456038311209 0.0625
-0.01905747665917921 0.01501641046937781 0.0625
0.003909083458104949 -0.023946587784433305 0.0625
0.013293702736027794 0.020298706056449192 0.0625
-0.023514740347087847 -0.005988070341022975 0.0625
0.021384647448415853 -0.011468951717875592 0.0625
-0.008021480362702177 0.022902747712682497 0.0625
-0.00955611835207627 -0.02230696308422801 0.0625
0.02211527233270014 0.009993734519713221 0.0625
-0.023058567206555223 0.007569840049880573 0.0625
0.011889720053586171 -0.021158321224694337 0.0625
0.00552531868824134 0.02363368048767206 0.0625
-0.02003920015046051 -0.013694906254873868 0.0625
0.024027874467866764 -0.003438204263338113 0.0625
-0.01539545582670138 0.01876645784073507 0.0625
-0.0013244750946345587 -0.024238105654602892 0.0625
0.01734982069366845 0.016978330951467342 0.0625
-0.024262739018950232 -0.0007996844992308332 0.0625
0.01843139324927281 -0.015800118445463023 0.0625
-0.0029180081214150457 0.024101560708870203 0.0625
-0.01412920137971548 -0.019743496862801337 0.0625
0.02375577987982768 0.00501427186151432 0.0625
-0.020904573951726603 0.01234984971150636 0.0625
0.007072418551743475 -0.023228019627789077 0.0625
0.010475675835315019 0.021905711944454054 0.0625
-0.022522297091961734 -0.0090766807645423 0.0625
0.022739221951517227 -0.008521020187726184 0.0625
-0.011011701606305657 0.021643992878710838 0.0625
-0.006500841520416621 -0.023398697816896293 0.0625
0.02059981003944491 0.012862652383501027 0.0625
-0.023879065354064928 0.004430602421375246 0.0625
0.014615346241083602 -0.019397722914126888 0.0625
0.0023261509633912473 0.024176621387106887 0.0625
-0.018046916232885953 -0.016256346898463916 0.0625
0.024289062297476734 -0.00020359938431700048 0.0625
-0.01777307165419106 0.016557714938209022 0.0625
0.0019207992738298175 -0.024215501856241897 0.0625
0.014941505266183533 0.01915388786592972 0.0625
-0.023956478203339213 -0.004030775619273946 0.0625
0.020388202167654718 -0.013210647689301216 0.0625
-0.0061101685069783985 0.02351394991949097 0.0625
-0.011378382384984707 -0.021466541740603442 0.0625
0.022891281218784493 0.008143048824766092 0.0625
-0.02238062701241855 0.009458727955227448 0.0625
0.010113841516600703 -0.022093216374649574 0.0625
0.007466374171072361 0.023123435227870956 0.0625
-0.021125843572532974 -0.012007444913422137 0.0625
0.023689254403497294 -0.005416569560744521 0.0625
-0.013809346452984829 0.019996548465708662 0.0625
-0.0033250047057414387 -0.024073727249987638 0.0625
0.018713957788358115 0.015505733903803158 0.0625
-0.02427388472642053 0.0012076921331399125 0.0625
0.01708360124198303 -0.01728787345525516 0.0625
-0.0009191562723183662 0.024288168966537144 0.0625
-0.015729197653166008 -0.018530848366646275 0.0625
0.024116445400880766 0.003039253399494171 0.0625
-0.01983637389100532 0.014049849495857336 0.0625
0.005136361636652269 -0.023760003980166478 0.0625
0.012262673878285616 0.02099016029845441 0.0625
-0.023221549489016533 -0.007194417233463461 0.0625
0.021983350807674957 -0.01038134323036748 0.0625
-0.00919765334835857 0.02250518102312062 0.0625
-0.008420252917626221 -0.02280831736019137 0.0625
0.021616360784700094 0.011130720840344522 0.0625
-0.023458719205878435 0.006394411092489315 0.0625
0.012978805875695894 -0.020561872435189404 0.0625
0.004319323837752198 0.023929551637768425 0.0625
-0.019349769320898814 -0.0147277434533605 0.0625
0.024217184501758377 -0.002210876479542448 0.0625
-0.016364125974974587 0.017989312968403275 0.0625
-8.52119812808196e-05 -0.024319390183930315 0.0625
0.01649090231896708 0.017875406029130812 0.0625
-0.02423536086054503 -0.0020413926518830852 0.0625
0.019249992602975507 -0.01486599424140169 0.0625
-0.004152651013692408 0.023965714876850213 0.0625
-0.013127015932978693 -0.02047733998094781 0.0625
0.02351249220444037 0.006232392023623907 0.0625
-0.021548028650313678 0.011287269877399982 0.0625
0.008264683790006668 -0.02287913901026874 0.0625
0.009360832085003023 0.022453837593524588 0.0625
-0.022070481454312826 -0.010233955656286268 0.0625
0.023187807410263384 -0.007362444397381519 0.0625
-0.012125117497334638 0.021092688915257566 0.0625
-0.005307401675844938 -0.023744293787165756 0.0625
0.019953226923463716 0.013923675353180382 0.0625
-0.024119010902296886 0.0032114347408726627 0.0625
0.0156158425111201 -0.01866080016151222 0.0625
0.0010905899570266544 0.024309064431722434 0.0625
-0.01722528596721058 -0.017188645186512468 0.0625
0.024312973903934318 0.0010388936165983825 0.0625
-0.01863002199336908 0.01565765884564434 0.0625
0.0031607085667176684 -0.02413068422892889 0.0625
0.013969906570078334 0.01992891643876511 0.0625
-0.02376356631280437 -0.00525860400647827 0.0625
0.02107536173565196 -0.012174938509553845 0.0625
-0.0073165100417998345 0.02321440675115869 0.0625
-0.01028648688727421 -0.022060557280312205 0.0625
0.022487386679394667 0.009318660865778056 0.0625
-0.02287693620913074 0.008319001723966815 0.0625
0.011249715543442949 -0.021588049939529463 0.0625
0.0062875402683380535 0.023518223516541963 0.0625
-0.020523260806741994 -0.013094875557195955 0.0625
0.023979484286301284 -0.004207651763517263 0.0625
-0.014839998214109022 0.019301151597903195 0.0625
-0.002095258430088064 -0.02425716166642637 0.0625
0.01793106056084796 0.016471705047237915 0.0625
-0.02434910429560782 -3.346642515777322e-05 0.0625
0.01797748437730639 -0.016423460520356384 0.0625
-0.0021622222372578567 0.024254582968929964 0.0625
-0.014789878825543314 -0.01934578725009002 0.0625
0.023974296414498934 0.00427470600506554 0.0625
-0.020566116014872873 0.013042809209015882 0.0625
0.006354737146969239 -0.023510366134812305 0.0625
0.011195616235051617 0.021629104861677673 0.0625
-0.022866320351361793 -0.008386381435929178 0.0625
0.022526591702776436 -0.009262433063531627 0.0625
-0.010354073066069178 0.022047067173265947 0.0625
-0.007258053315171301 -0.02325168084406224 0.0625
0.021058857194667907 0.012242733912594192 0.0625
-0.023798795966418446 0.005197817864141168 0.0625
0.01403788907297168 -0.019909235805900295 0.0625
0.0030974974227390892 0.024163723010250816 0.0625
-0.018606985581076728 -0.015725777805425164 0.0625
0.024343642632300697 -0.0009731718197893592 0.0625
-0.0172934590107086 0.01716205918428618 0.0625
0.0011588931045496817 -0.02433715198564177 0.0625
0.015585503304098604 0.018728910453038414 0.0625
-0.024144275654387887 -0.0032823700469222575 0.0625
0.020021120955794936 -0.013889374200208913 0.0625
-0.005380995273772625 0.02376646565780526 0.0625
-0.012086645507073664 -0.021160174866629435 0.0625
0.023206590522304307 0.007438693186984928 0.0625
-0.022137328144773608 0.010191108998073484 0.0625
0.009439699463691189 -0.0224689135036652 0.0625
0.008217269071804615 0.022945075484764987 0.0625
-0.02155906012503754 -0.011368681828823262 0.0625
0.02357720796257741 -0.006180231766639209 0.0625
-0.013210857536566714 0.020483975276994904 0.0625
-0.004095589150980814 -0.02402886076172502 0.0625
0.01925187020789998 0.014952106657530675 0.0625
-0.024296550611071565 0.001979299978183691 0.0625
0.016579080305111474 -0.01787215980895048 0.0625
-0.0001524324854100561 0.02437820264780387 0.0625
-0.016355390671542902 -0.01807930297276993 0.0625
0.024273166497219584 0.0022832845197778063 0.0625
-0.019441268194228055 0.01471316046946055 0.0625
0.004396936949699873 -0.02398222144548674 0.0625
0.012958029278708597 0.020654526797100215 0.0625
-0.02350757066386487 -0.0064772001268603545 0.0625
0.021709767069772817 -0.011103423516024584 0.0625
-0.008508137935180805 0.02285282452730816 0.0625
-0.009163533229741323 -0.022598886228029615 0.0625
0.022022973154000668 0.010474189871210371 0.0625
-0.023315052633431865 0.007153203527112999 0.0625
0.01236029026596359 -0.021024348373757645 0.0625
0.005087820971611843 0.023852758284123598 0.0625
-0.0198645754167522 -0.014151983730635226 0.0625
0.024207861175860098 -0.0029831958182937545 0.0625
-0.015835535946411884 0.018552514689116867 0.0625
-0.0008554409867261646 -0.02437761720755802 0.0625
0.017098194081832847 0.017398038945236793 0.0625
-0.024360701384761627 -0.0012791512977255227 0.0625
0.018827510076271644 -0.01551273232953788 0.0625
-0.0034042342550380696 0.02415721815807494 0.0625
-0.013808254003637489 -0.020112983900232938 0.0625
0.023768700815304845 0.0055035317344889366 0.0625
-0.021244596304529215 0.011997796791810714 0.0625
0.007560962874543069 -0.023198099931024126 0.0625
0.010095211772110518 0.02221366019538971 0.0625
-0.02244976095990366 -0.009560765285435341 0.0625
0.02301273218679609 -0.008115057442729485 0.0625
-0.011487615807697329 0.02152939114454337 0.0625
-0.006072488322061458 -0.023635669772156385 0.0625
0.020444015989842874 0.01332674792314498 0.0625
-0.02407767854198972 0.003983138966770786 0.0625
0.015064064920152276 -0.019201925634723144 0.0625
0.0018630042995055902 0.024335349082764843 0.0625
-0.017812611532707755 -0.016686247942088322 0.0625
0.024406683273948727 0.0002716828392657209 0.0625
-0.018180858095295554 0.016286693922301306 0.0625
0.0024045759795648914 -0.024291109780298217 0.0625
0.014635840643753721 0.019536431830061672 0.0625
-0.02398948861891054 -0.004519340195555296 0.0625
0.020742568864901948 -0.012872677922048707 0.0625
-0.00659977720759438 0.023504104765128105 0.0625
-0.011010693796820768 -0.02179001198055322 0.0625
0.022838650844157603 0.008629949456321246 0.0625
-0.02267071806944742 0.009064134940281413 0.0625
0.010594302194075707 -0.02199819904038971 0.0625
0.007047897651440254 0.023377919896663667 0.0625
-0.020989162436898145 -0.012477782663498518 0.0625
0.023906178098510786 -0.0049774138588511395 0.0625
-0.014265955445901958 0.019819246080906818 0.0625
-0.002868533008408211 -0.024251423017622543 0.0625
0.01849738814841139 0.01594511309734145 0.0625
-0.024410986054555807 0.0007374007352057556 0.0625
0.01750238122562997 -0.01703369165603028 0.0625
-0.0013996647475528604 0.024383620293025765 0.0625
-0.015439347243564527 -0.01892581720012736 0.0625
0.02416951024019989 0.003526297597888277 0.0625
-0.020204501739040773 0.013726547616829895 0.0625
0.005626209677508713 -0.02377027060562642 0.0625
0.01190839430327403 0.021328622672778255 0.0625
-0.02318893412672238 -0.0076833153043806635 0.0625
0.0222895502380583 -0.009998797436945865 0.0625
-0.009681854471553902 0.022429928532914496 0.0625
-0.008012369335133745 -0.02307990332816428 0.0625
0.021499042822532583 0.011606513590002393 0.0625
-0.02369360618819726 0.005964312684511159 0.0625
0.013442542826251241 -0.020403383110758896 0.0625
0.0038703041910540747 0.024125935121124514 0.0625
-0.01915131838348959 -0.015175869140652656 0.0625
0.02437355484572428 -0.0017463745825195911 0.0625
-0.016793204155926268 0.017752416572888913 0.0625
0.0003912141149191059 -0.02443454422567133 0.0625
0.016217371442460177 0.018282146030958103 0.0625
-0.02430841117209355 -0.0025260930878408705 0.0625
0.01963127455986706 -0.014557920839018067 0.0625
-0.004641912083041384 0.023996096603683577 0.0625
-0.012786756938579766 -0.02083023876468252 0.0625
0.023499967432717764 0.0067224646269954036 0.0625
-0.02186983631126461 0.01091742917167279 0.0625
0.008751812163594759 -0.022823798628912647 0.0625
0.008964240568807841 0.02274208413986149 0.0625
-0.02197274449740341 -0.010714406154884564 0.0625
0.023440279765944757 -0.006942138322897408 0.0625
-0.012595207211266 0.02095329938948215 0.0625
-0.004866599401340349 -0.023959052783173083 0.0625
0.019773248144606796 0.014379800339775374 0.0625
-0.024294406170685807 0.002753512087088682 0.0625
0.016054505424338394 -0.01844160664312872 0.0625
0.0006190543538697654 0.024443747088099137 0.0625
-0.016968552923356237 -0.01760648209289007 0.0625
0.024405906920868352 0.001520429995070585 0.0625
-0.019023828168663437 0.01536534938780006 0.0625
0.00364855647323175 -0.024181150420557723 0.0625
0.013644256696165315 0.020295670947498828 0.0625
-0.023771173869155837 -0.00574902538543384 0.0625
0.02141225060500875 -0.011818439999775884 0.0625
-0.0078057466713967365 0.023179092279508675 0.0625
-0.009901868237655938 -0.02236499509063439 0.0625
0.022409415728769633 0.009802963158921506 0.0625
-0.023146585935367957 0.00790920726347629 0.0625
0.011725371284194671 -0.021468015004834123 0.0625
0.005855707619403942 0.023751014468355973 0.0625
-0.020362076826413313 -0.013558238355894254 0.0625
0.024173628009134647 -0.0037570878185079672 0.0625
-0.015287515460527696 0.01910004898014994 0.0625
-0.0016294140276872397 -0.02441116568143308 0.0625
0.017691575791259583 0.01689994514849436 0.0625
-0.024461783572856072 -0.0005110229297682995 0.0625
0.018383163071524794 -0.016147424422666517 0.0625
-0.002647832305962256 0.024325069045729397 0.0625
-0.014479402565237158 -0.019725792794050224 0.0625
0.024002044088642246 0.004764648944767468 0.0625
-0.020917533052363105 0.012700268146905289 0.0625
0.006845258617201067 -0.023495157681182616 0.0625
0.010823631753440458 0.02194923679005526 0.0625
-0.02280826722929885 -0.008873722217699413 0.0625
0.022812981364727834 -0.008863852506251487 0.0625
-0.01083449787149616 0.021946609211277838 0.0625
-0.006835928191993733 -0.023502129387651356 0.0625
0.02091675925847143 0.012712560014534833 0.0625
-0.024011379727286095 0.004755380488675375 0.0625
0.014493514535214885 -0.019726581975028388 0.0625
0.0026381361617466236 0.02433680828687453 0.0625
-0.01838517087835508 -0.016163709097038476 0.0625
0.024475898240764297 -0.0005004051436099552 0.0625
-0.01771033779284822 0.016902778921325693 0.0625
0.0016414435717325637 -0.024427559497436864 0.0625
0.015290740124128059 0.019121539332814717 0.0625
-0.024192137238505565 -0.003771007270387113 0.0625
0.020386488009709536 -0.013561382917312284 0.0625
-0.005871975133649853 0.02377140946662183 0.0625
-0.011727935857759999 -0.021495476745498513 0.0625
0.0231685735800533 0.007928253166092537 0.0625
-0.022439991582875126 0.009804426437099386 0.0625
0.009924087481503776 -0.022388222074552058 0.0625
0.007805573759223575 0.02321277704819741 0.0625
-0.0214363075582897 -0.011844184997981585 0.0625
0.023807891885276992 -0.005746675906901475 0.0625
-0.013673830622581526 0.02032009734486899 0.0625
-0.0036434928575413664 -0.024220754732192908 0.0625
0.019048117972139567 0.015399000023360403 0.0625
-0.02444817938862663 0.0015121258484438412 0.0625
0.01700646712639433 -0.0176300900700725 0.0625
-0.0006311058901504139 0.024488399403705778 0.0625
-0.0160768540739658 -0.01848390551491782 0.0625
0.024341081793508378 0.0027697900862222453 0.0625
-0.019819982950611027 0.014400287352601277 0.0625
0.004887547106340505 -0.02400732978244983 0.0625
0.012613213384185008 0.021004448293754738 0.0625
-0.023489674545634037 -0.006968155404423221 0.0625
0.02202821015639184 -0.010729303672924703 0.0625
-0.008995675774895445 0.022792056014167728 0.0625
-0.00876297316009313 -0.022883406682473822 0.0625
0.021919792889214598 0.010954573460155222 0.0625
-0.02356346592232963 0.006729269925274977 0.0625
0.012829837178494802 -0.020879542092041018 0.0625
0.004643760025535493 0.024063156335469352 0.0625
-0.019679247960902178 -0.014607094156379202 0.0625
0.024378627034837317 -0.002522408352408315 0.0625
-0.016272720288426804 0.018328081580313384 0.0625
-0.00038145641694862386 -0.024507437462981903 0.0625
0.016836370707960503 0.01781394457676709 0.0625
-0.024448576270709715 -0.0017627019984359114 0.0625
0.019218947050941324 -0.015215520834106003 0.0625
-0.0038936463708587003 0.024202469252923322 0.0625
-0.013477927975482135 -0.020476949418497772 0.0625
0.023770976278971758 0.005995055191118938 0.0625
-0.021578297748748625 0.011636883872684738 0.0625
0.00805083097366347 -0.023157377239953165 0.0625
0.009706474315206642 0.022514536556816664 0.0625
-0.022366347118516244 -0.01004522357013721 0.0625
0.0232784737200556 -0.007701471370113691 0.0625
-0.011962950837491198 0.021403920371272377 0.0625
-0.005637220342874226 -0.023864235726414645 0.0625
0.020277444895184106 0.013789315738018773 0.0625
-0.024267312832656842 0.0035295223305666563 0.0625
0.015510318975348535 -0.018995525928042722 0.0625
0.0013945132704043395 0.02448459378341136 0.0625
-0.01756796031278406 -0.017112766300293014 0.0625
0.02451438982478196 0.0007514595921450891 0.0625
-0.018584369665667795 0.016005661627368196 0.0625
0.0028919628715925877 -0.024356447826999115 0.0625
0.014320576750901102 0.019913841455669747 0.0625
-0.02401195241384279 -0.0050106028854170395 0.0625
0.02109098106409948 -0.012525594507000349 0.0625
-0.007091151209734473 0.023483517081576206 0.0625
-0.010634447079132234 -0.022106753160994405 0.0625
0.022775164373267723 0.009117668987775144 0.0625
-0.022953357044197178 0.008661604955295747 0.0625
0.011074629034640217 -0.02189229525986492 0.0625
0.00662216620456846 0.02362428654497467 0.0625
-0.020841647959767694 -0.012947034808059765 0.0625
0.024114380027973316 -0.0045317409310861555 0.0625
-0.014720535329310482 0.019631246512091943 0.0625
-0.002406331792693527 -0.024419860099997956 0.0625
0.018270339495875896 0.016381535175478436 0.0625
-0.024538362723104078 0.00026221149741437514 0.0625
0.0179172987011996 -0.01676932936202254 0.0625
-0.0018842017863244204 0.024468955507508116 0.0625
-0.015139692919765019 -0.019316047688262138 0.0625
0.024212145042420686 0.004016470147378586 0.0625
-0.02056705167590312 0.013393893584791934 0.0625
0.0061182618201355435 -0.023769873207492537 0.0625
0.01154528605835147 0.021660710279924694 0.0625
-0.02314550249153467 -0.008173476274778222 0.0625
0.022588626866434605 -0.009608014169899457 0.0625
-0.01016636755328657 0.022343790429814766 0.0625
-0.007596902660427533 -0.023343673017929056 0.0625
0.021370853353444578 0.012081664907849692 0.0625
-0.023920043294284928 0.005527343738138122 0.0625
0.013904689814329716 -0.02023411972800585 0.0625
0.0034151792732137944 0.02431329986924463 0.0625
-0.01894227343724139 -0.015621468465825461 0.0625
0.024520406699306933 -0.0012765795316327935 0.0625
-0.017218838885544614 0.017505187443545324 0.0625
0.0008720806205973655 -0.024539752961087007 0.0625
0.01593384833462463 0.018684551834314354 0.0625
-0.02437116557700208 -0.0030143470965283635 0.0625
0.02000736474335806 -0.014240272329777724 0.0625
-0.0051338125925015805 0.024015910731535303 0.0625
-0.012437413390701191 -0.02117712794853936 0.0625
0.02347668436523926 0.00721424224814572 0.0625
-0.022184862566239586 0.010539064138578033 0.0625
0.009239698005036585 -0.0227575917173967 0.0625
0.00855975033374701 0.023022829413951663 0.0625
-0.0218641160730301 -0.011194660707009703 0.0625
0.023684588444816395 -0.006514619727940371 0.0625
-0.013064149008582302 0.020803076952257762 0.0625
-0.004419326138374522 -0.024165048240851496 0.0625
0.019582578059800664 0.01483383418175536 0.0625
-0.024460505184703343 0.002289909629024876 0.0625
0.016490149938463844 -0.01821194539325717 0.0625
0.00014267372052237338 0.024568672007446238 0.0625
-0.01670165598246861 -0.01802039642858255 0.0625
0.024488695493573888 0.0020059394365269222 0.0625
-0.019412837617404012 0.015063257803022015 0.0625
0.004139474964708664 -0.024221163205274645 0.0625
0.013309281479114157 0.020656791292688922 0.0625
-0.023768099173669323 -0.006241591277119953 0.0625
0.021742711014782066 -0.011453144447167107 0.0625
-0.008296185245346227 0.02313294858799672 0.0625
-0.00950904831638052 -0.022662259378021885 0.0625
0.022320551598951778 0.010287515556174439 0.0625
-0.023408372022694576 0.0074918702102432285 0.0625
0.012200323313754733 -0.021337106435499936 0.0625
0.005417048918727579 0.023975311906461454 0.0625
-0.02019012211517376 -0.014019948964756309 0.0625
0.024358713416950478 -0.0033004667353082992 0.0625
-0.01573244464653713 0.01888836111057932 0.0625
-0.0011583278818425953 -0.024555615987348924 0.0625
0.01744177240743023 0.017324681102040683 0.0625
-0.024564486956105334 -0.0009929655499215405 0.0625
0.018784448337979442 -0.01586141546766181 0.0625
-0.0031369391860013654 0.02438523349372175 0.0625
-0.014159375678102867 -0.020100549256334987 0.0625
0.024019203504331274 0.0052571725306974825 0.0625
-0.021262885542030676 0.012348671929665269 0.0625
0.007337424729393264 -0.023469175493410252 0.0625
0.010443157036193525 0.02226253514578701 0.0625
-0.022739337478155857 -0.009361758972251773 0.0625
0.023091820769019295 -0.008457411753692096 0.0625
-0.011314664587390801 0.02183525509983441 0.0625
-0.006406633208940777 -0.02374436882559941 0.0625
0.020763829181712896 0.01318117588505092 0.0625
-0.02421515842583533 0.004306518595303669 0.0625
0.014946986843843012 -0.01953324305613341 0.0625
0.002173145020899157 0.024500560008255755 0.0625
-0.01815290006152716 -0.01659856076159036 0.0625
0.02459836332036139 -2.2846432972424316e-05 0.0625
-0.018123234026608114 0.016633351689205458 0.0625
0.002127911440964168 -0.024507794533564498 0.0625
0.014986216925926039 0.019509313218283416 0.0625
-0.024229522359531165 -0.004262657179386963 0.0625
0.020746164788835415 -0.013224093411439809 0.0625
-0.006365039811682576 0.023765653119485183 0.0625
-0.011360461089460544 -0.021824296640094797 0.0625
0.0231197148031965 0.008418954057295754 0.0625
-0.02273543097013833 0.009409579087402099 0.0625
0.010408663701539282 -0.022296630237510297 0.0625
0.007386376616386679 0.023472567828869858 0.0625
-0.02130267956969578 -0.012318922158649513 0.0625
0.024030038895812275 -0.005306338725123858 0.0625
-0.014135089303471965 0.020145452349919383 0.0625
-0.003185387780085139 -0.024403551067221436 0.0625
0.01883378957990176 0.01584324367230347 0.0625
-0.024590219516094778 0.0010397615833793504 0.0625
0.01743028917482424 -0.017377716169911538 0.0625
-0.0011141109438363734 0.024588589971871588 0.0625
-0.01578836431882356 -0.018884055500238795 0.0625
0.024398650046733302 0.0032597355563053127 0.0625
-0.020193391445264303 0.014077888404811511 0.0625
0.005380678996506505 -0.024021829521011794 0.0625
0.012259372036632509 0.021348250449801105 0.0625
-0.023460989583567814 -0.007460694857700766 0.0625
0.022339767684983358 -0.010346727974629152 0.0625
-0.009483848030978634 0.02272040110837181 0.0625
-0.008354591690673627 -0.023160328099621715 0.0625
0.021805712132408728 0.011434636784722235 0.0625
-0.023803624905568924 0.0062982093768768135 0.0625
0.013298111542654673 -0.02072390478165528 0.0625
0.004193321263854025 0.024264708050543485 0.0625
-0.019483241974735572 -0.015059989447337005 0.0625
0.024540022307044784 -0.0020560411400904533 0.0625
-0.016706763832843616 0.01809320431083418 0.0625
9.726700708347607e-05 -0.02462743468429737 0.0625
0.016564417622545045 0.018225807768818346 0.0625
-0.024526250951190095 -0.002250114281374824 0.0625
0.019605470878645476 -0.014908571750056547 0.0625
-0.004386013140531606 0.024237221142925692 0.0625
-0.013138331154134953 -0.02083516869344443 0.0625
0.023762534007280636 0.006488603667418076 0.0625
-0.021905463853248406 0.011267238054378164 0.0625
0.008541778877668686 -0.023105800432034664 0.0625
0.009309608832544896 0.02280813853397515 0.0625
-0.022272025978317504 -0.010529808109417298 0.0625
0.02353625754486821 -0.007280424491857205 0.0625
-0.012437457545453268 0.02126757272951118 0.0625
-0.0051952160132257745 -0.024084221610339053 0.0625
0.020100110746453344 0.014250106946276257 0.0625
-0.024447810427979725 0.0030699454844615595 0.0625
0.015953861700850582 -0.01877855949827177 0.0625
0.0009208839104208141 0.024624215171727363 0.0625
-0.017313019717593674 -0.017535659333432912 0.0625
0.024612060188995113 0.0012355133561729936 0.0625
-0.018983369651685674 0.015714696200291603 0.0625
0.0033827326147981263 -0.024411413725075017 0.0625
0.013995812138282313 0.020285887769331407 0.0625
-0.024023787590600906 -0.005504328278881089 0.0625
0.021433219286905496 -0.012169515643583447 0.0625
-0.007584048832565937 0.023452125773695983 0.0625
-0.010249779174521488 -0.022416556980802062 0.0625
0.02270078208192111 0.009605961319364628 0.0625
-0.0232283484092586 0.00825129263679902 0.0625
0.011554573405907952 -0.021775486984393366 0.0625
0.006189350976048843 0.02386235391773585 0.0625
-0.020683303906636828 -0.013414952087342759 0.0625
0.024313694598492863 -0.004079737120357042 0.0625
-0.01517283812631415 0.019432575310356266 0.0625
-0.0019386011716343318 -0.024578889834517302 0.0625
0.01803285897190261 0.016814755344621332 0.0625
-0.02465588413985467 -0.00021766323084779256 0.0625
0.0183281139344676 -0.01649485494344144 0.0625
-0.002372544430122753 0.024544063089209447 0.0625
-0.014830323757337881 -0.019701306993510345 0.0625
0.02424425821310964 0.004509539188882368 0.0625
-0.020923799545221205 0.013051996498291016 0.0625
0.006612279081662073 -0.023758740819879623 0.0625
0.011173477429360363 0.021986209362588507 0.0625
-0.02309120479024181 -0.008664655869399197 0.0625
0.022880378973031582 -0.009209139919148493 0.0625
-0.010650944897897764 0.022246738475155087 0.0625
-0.0071740164652442755 -0.023599438293239187 0.0625
0.021231785909831827 0.012555925576359027 0.0625
-0.024137857413414815 0.005083683653577931 0.0625
0.014364998009822568 -0.020054097640576942 0.0625
0.002954142938244167 0.02449148912378384 0.0625
-0.018722671539494314 -0.01606429489346512 0.0625
0.02465760085810244 -0.0008016981492468476 0.0625
-0.017640787812513884 0.01724768405768907 0.0625
0.0013571693298947973 -0.024634895806761453 0.0625
0.015640412444876847 0.019082387129343684 0.0625
-0.024423523037197976 -0.003505926760709631 0.0625
0.020378034696138428 -0.013913148526590901 0.0625
-0.005628116659849626 0.024025076542294785 0.0625
-0.012079104701073751 -0.021517788678683925 0.0625
0.023442583222636725 0.0077074828478402154 0.0625
-0.022492899842234383 0.010152312873784607 0.0625
0.009728094972748128 -0.022680479893538243 0.0625
0.008147517101012363 0.02329587871467207 0.0625
-0.021744579490622334 -0.011674470556560871 0.0625
0.023920553109680314 -0.006080060766716364 0.0625
-0.013531693625027109 0.020642026732818675 0.0625
-0.003965769154709175 -0.024362115569292363 0.0625
0.01938124357905863 0.01528552901698854 0.0625
-0.024617160361310276 0.0018208283130307075 0.0625
0.016922531493048936 -0.017971864896742545 0.0625
-0.0003383388578934298 0.02468370974584735 0.0625
-0.016424664832931497 -0.018430148809107955 0.0625
0.024561229309512964 0.002495198349935594 0.0625
-0.019796817965605815 0.01475147444958188 0.0625
0.004633231657605118 -0.024250632247571728 0.0625
0.012965091254587892 0.02101205389199753 0.0625
-0.023754272560431795 -0.006736062286285453 0.0625
0.022066529887757022 -0.011079181319606887 0.0625
-0.008787581191082824 0.02307592721452656 0.0625
-0.009108174731590219 -0.022952149203480304 0.0625
0.022220767403231666 0.010772070182257312 0.0625
-0.0236621072104321 0.007067155181685009 0.0625
0.012674322353559843 -0.02119531912659145 0.0625
0.004971744531645108 0.02419094368378499 0.0625
-0.02000741338926978 -0.014479758612313546 0.0625
0.024534584795762437 -0.00283798324511311 0.0625
-0.016174539414280747 0.018666126398797334 0.0625
-0.0006822075974340318 -0.024690374496835872 0.0625
0.01718171021825026 0.017745670851677452 0.0625
-0.024657095043168424 -0.0014790753977263194 0.0625
0.019181104277231416 -0.01556551440544047 0.0625
-0.003629314384173758 0.02443497651115772 0.0625
-0.01382989923687703 -0.020469828702210195 0.0625
0.024025695225374222 0.0057520404151422825 0.0625
-0.021601955260680424 0.011988141178496411 0.0625
0.007830993092516048 -0.023432361109904525 0.0625
0.010054331328529698 0.022568793089931642 0.0625
-0.022659494059252057 -0.009850245122773384 0.0625
0.0233629160461711 -0.008043267608351785 0.0625
-0.011794324340793583 0.02171298950730102 0.0625
-0.005970341524334092 -0.023978219743817766 0.0625
0.020600073457587634 0.013648332262294666 0.0625
-0.024409968478536114 0.00385142037135305 0.0625
0.015398058258383933 -0.0193292473177673 0.0625
0.001702725774515848 0.024654831675288303 0.0625
-0.017910222958271885 -0.017030088478483914 0.0625
0.024710909579361753 0.00045929049697071176 0.0625
-0.0185319086839724 0.01635384849290553 0.0625
0.0026180724947151386 -0.024577747993101726 0.0625
0.014672025348017375 0.019892000205789656 0.0625
-0.024256341943744854 -0.004757086872038829 0.0625
0.021099928291214494 -0.012877617252644458 0.0625
-0.006859949506760109 0.023749128252731757 0.0625
-0.010984351848981387 -0.022146422159296502 0.0625
0.02305996706234486 0.008910550997753746 0.0625
-0.023023446154121822 0.00900671567155604 0.0625
0.010893180075715938 -0.022194112458893807 0.0625
0.006959843302111477 0.02372426144709365 0.0625
-0.02115817241732274 -0.012792643978429295 0.0625
0.02424347781578993 -0.004859401547032477 0.0625
-0.014594384873317212 0.019960058370893853 0.0625
-0.0027214695220077684 -0.024577095101756492 0.0625
0.01860892479235632 0.016284591430933304 0.0625
-0.024722534027328637 0.0005624155648430064 0.0625
0.017850304696103415 -0.017115099247631268 0.0625
-0.001601228082785485 0.024678656134945826 0.0625
-0.015490003455138804 -0.01927951744623781 0.0625
0.024445772694564796 0.0037528918670366902 0.0625
-0.020561266272485286 0.013746065956191213 0.0625
0.005876095813243811 -0.02402564250948512 0.0625
0.011896627063404058 0.0216857156790889 0.0625
-0.023421458635826103 -0.007954575750490222 0.0625
0.02264423355659729 -0.009955836812356525 0.0625
-0.009972407898158248 0.0226378241161281 0.0625
-0.00793854670089936 -0.02342945744735972 0.0625
0.02168071691167362 0.011914130861958394 0.0625
-0.024035351097389853 0.005860196039826689 0.0625
0.01376486410621507 -0.020557444299752637 0.0625
0.0037366937884912646 0.02445725085799814 0.0625
-0.019276587084924086 -0.015510421991594492 0.0625
0.024691901581660274 -0.001584296778259331 0.0625
-0.017137422506012193 0.017847934049923728 0.0625
0.0005805147457396449 -0.024737481735819005 0.0625
0.016282407145548357 0.018633389856561145 0.0625
-0.024593617540243983 -0.002741163308561446 0.0625
0.01998685013250582 -0.014591977994115539 0.0625
-0.004881101150501527 0.02426138601891023 0.0625
-0.012789576341278062 -0.021187419309831496 0.0625
0.0237433069410621 0.0069839369629537944 0.0625
-0.022225882919071325 0.010888991159319293 0.0625
0.009033561439982792 -0.02304332371230453 0.0625
0.00890476515730896 0.023094266766736204 0.0625
-0.022166773359796155 -0.011014270689220942 0.0625
0.023785898168047402 -0.006852083503524979 0.0625
-0.012910886552248469 0.021120345840799335 0.0625
-0.004746657614463936 -0.024295457219222105 0.0625
0.019912032984764967 0.0147088729144565 0.0625
-0.024619017716445896 0.0026046048985063396 0.0625
0.016394447114396284 -0.018551067457514767 0.0625
0.0004423253728127896 0.024754077406854938 0.0625
-0.017047852215236588 -0.017954685595895383 0.0625
0.02469957733767153 0.0017236238976015394 0.0625
-0.019377622994676887 0.015413880986830334 0.0625
0.0038766555825996535 -0.024455910154682424 0.0625
0.013661650390862114 0.020652343900822906 0.0625
-0.024024917284514398 -0.006000279116194638 0.0625
0.021769066590323866 -0.011804564362400048 0.0625
-0.008078227001350352 0.023409875021337772 0.0625
-0.009856831616622899 -0.022719218086931232 0.0625
0.022615469622429787 0.01009457942447111 0.0625
-0.023495499975462353 0.00783335693703847 0.0625
0.012033886221806761 -0.021647761602544717 0.0625
0.005749627118816265 0.024091944462715592 0.0625
-0.02051413949914473 -0.013881285265047687 0.0625
0.024503960255648584 -0.003621592438361149 0.0625
-0.015622616360457938 0.01922326346003592 0.0625
-0.0014655445593533853 -0.02472836790296824 0.0625
0.017784999086368377 0.017244529784771635 0.0625
-0.02476342432901704 -0.0007020081915812817 0.0625
0.018734588630507837 -0.016210342033579874 0.0625
-0.0028644672265836246 0.024608836370454988 0.0625
-0.014511333948978392 -0.02008136417231726 0.0625
0.024265763210443526 0.005005270803331782 0.0625
-0.021274523524797244 0.012700970387842373 0.0625
0.007108020868888048 -0.023736807690324577 0.0625
0.010793101410694896 0.02230490892020086 0.0625
-0.02302599656393526 -0.009156608664655362 0.0625
0.023164607995776267 -0.00880232562463003 0.0625
-0.01113533813219981 0.02213874984459549 0.0625
-0.006743878478234165 -0.02384701455257681 0.0625
0.02108183947722538 0.01302904617600619 0.0625
-0.02434687931954963 0.004633515663002199 0.0625
0.014823218858645166 -0.019863337651782147 0.0625
0.002487392517814432 0.02466035033129742 0.0625
-0.018492555152293127 -0.016504102639628638 0.0625
0.024785002610614927 -0.0003219403544311161 0.0625
-0.01805880980656447 0.016979970211114356 0.0625
0.001846259344926406 -0.024719856925784826 0.0625
0.015337148413882033 0.01947541728771314 0.0625
-0.02446538747835986 -0.004000601896429175 0.0625
0.020743058089902223 -0.013576654266752988 0.0625
-0.006124586579343418 0.02402351846071109 0.0625
-0.011711955100460929 -0.02185200466146727 0.0625
0.023397609508357446 0.008201943019457113 0.0625
-0.022793743538008577 0.00975731804972515 0.0625
0.010216755824896213 -0.022592430157343617 0.0625
0.007727700891727616 0.02356104070129315 0.0625
-0.02161412349994733 -0.01215358652123004 0.0625
0.02414799714701261 -0.0056386375825965935 0.0625
-0.013997591847451724 0.020470159317214732 0.0625
-0.003506119366441421 -0.024550094235832667 0.0625
0.019169277043889467 0.01573463751138273 0.0625
-0.024764228479195155 0.0013464723651897723 0.0625
0.01735140652858135 -0.017721419003000425 0.0625
-0.0008237674106103209 0.024788735491210852 0.0625
-0.016137654419681614 -0.01883550131615643 0.0625
0.02462340292258537 0.0029879806746387415 0.0625
-0.02017553875979468 0.014430094793591017 0.0625
0.0051295921336951406 -0.02426947227571982 0.0625
0.012611801279103732 0.021361237522587437 0.0625
-0.023729629585865872 -0.007232197433532855 0.0625
0.022383496927467845 -0.0106966847807177 0.0625
-0.00927968881474215 0.023007985037841745 0.0625
-0.008699399526086775 -0.023234466808720215 0.0625
0.022110041673442094 0.011256378511699663 0.0625
-0.02390760779420616 0.006635230934821562 0.0625
0.013147118951121336 -0.021042653427860908 0.0625
0.0045199786363244445 0.024397741557922337 0.0625
-0.019813972814108273 -0.014937418830633976 0.0625
0.024701090654715405 -0.002369835535966869 0.0625
-0.016613554184871076 0.018433388656086888 0.0625
-0.0002012638537237754 -0.024815307631806303 0.0625
0.016911454345535315 0.01816267358950424 0.0625
-0.024739493192663907 -0.001969130917470011 0.0625
0.01957289669791718 -0.015259807169576645 0.0625
-0.004124727165388523 0.024474203272243738 0.0625
-0.013491079328615978 -0.020833405351717963 0.0625
0.024021444968545032 0.006249014452148651 0.0625
-0.02193452657019178 0.01161880132120138 0.0625
0.008325719974731288 -0.023384661359582705 0.0625
0.009657298438028943 0.022867806778938023 0.0625
-0.022568705321434804 -0.010338933219352973 0.0625
0.023626076709567033 -0.00762158115574808 0.0625
-0.012273227860052532 0.021579802545325346 0.0625
-0.005527230267536598 -0.02420350647260903 0.0625
0.020425504036633794 0.01411377996319401 0.0625
-0.024595650379182443 0.0033902776324399634 0.0625
0.015846481594014375 -0.01911462845808319 0.0625
0.001227083454831449 0.0247994811678567 0.0625
-0.017657194756168653 -0.01745804895578914 0.0625
0.02481341337315543 0.0009457889684868137 0.0625
-0.018936124229956434 0.016064345587282942 0.0625
0.00311170007014533 -0.02463731565478386 0.0625
0.014348262128196523 0.020269370338038658 0.0625
-0.02427251199222572 -0.005254061437331955 0.0625
0.021447557899676707 -0.012522070920579206 0.0625
-0.007356462859874256 0.0237217717338164 0.0625
-0.010599743465448829 -0.022461643716938325 0.0625
0.022989288575456464 0.00940279803007524 0.0625
-0.02330384018603093 0.008595989331306208 0.0625
0.011377387932980175 -0.02208064862775723 0.0625
0.00652614359738163 0.02396767510098455 0.0625
-0.02100278781559115 -0.013265100978630208 0.0625
0.024448041391379845 -0.004406049491934692 0.0625
-0.015051468957550546 0.019763938934835138 0.0625
-0.0022519371221019677 -0.024741236412073247 0.0625
0.018373568769176004 0.01672279793229471 0.0625
-0.024844990481668536 8.029922664602882e-05 0.0625
0.018266273211353566 -0.016842305749753712 0.0625
-0.0020922350987150674 0.02475848445062227 0.0625
-0.01518185870736106 -0.019670057605145067 0.0625
0.024482356162712278 0.004249027738448421 0.0625
-0.020923382207085527 0.013404927340952536 0.0625
0.0063735589772325315 -0.024018695759006954 0.0625
0.011525105086184703 0.02201662900519513 0.0625
-0.023371029858635626 -0.008449554032418628 0.0625
0.022941404691171986 -0.009556775125316705 0.0625
-0.010461107725261981 0.022544294736373195 0.0625
-0.007515000336663487 -0.023690605098645068 0.0625
0.021544798701184788 0.012392806337768151 0.0625
-0.024258469777140527 0.00541540802447605 0.0625
0.01422984572295946 -0.02038017396149435 0.0625
0.0032740703095002974 0.024640626282796643 0.0625
-0.019059318345700425 -0.01595814476050544 0.0625
0.024834123844004456 -0.0011073811000055266 0.0625
-0.017564453289892507 0.017592327322647917 0.0625
0.0010680694201483363 -0.024837456144173542 0.0625
0.015990416839987975 0.01903645369504071 0.0625
-0.024650573044673475 -0.003235621821106033 0.0625
0.02036285535814928 -0.01426583757313573 0.0625
-0.005378675003364933 0.024274881157447036 0.0625
-0.01243178123679896 -0.021533481262452046 0.0625
0.02371323326097129 0.007480813345537034 0.0625
-0.022539346076370953 0.010502279678697447 0.0625
0.009525932446449826 -0.022969906639463612 0.0625
0.008492097526233025 0.023372725121494648 0.0625
-0.02205057050999421 -0.01149836250010295 0.0625
0.02402721369547041 -0.006416619205796718 0.0625
-0.01338298835990957 0.02096224278455254 0.0625
-0.00429173120214942 -0.024497776292727 0.0625
0.01971323649862616 0.01516536536814176 0.0625
-0.02478078534584798 0.002133700457657098 0.0625
0.016831830067839854 -0.018313096312949438 0.0625
-4.0950159728360136e-05 0.024874049189555332 0.0625
-0.016772525575458306 -0.018369604944597943 0.0625
0.024776829031044365 0.002215568361932724 0.0625
-0.01976689639708368 0.015103304500239684 0.0625
0.0043734999564304594 -0.024489844795978245 0.0625
0.01331820008752083 0.021012985186040566 0.0625
-0.024015269803467947 -0.006498216391183095 0.0625
0.022098308665786173 -0.011430868475826316 0.0625
-0.008573441353875737 0.023356714309843613 0.0625
-0.00945575047222484 -0.023014534168803412 0.0625
0.022519198045099352 0.010583275457323862 0.0625
-0.02375462298084642 0.007407961058067418 0.0625
0.012512318052706068 -0.02150911195163403 0.0625
0.005303173719705738 0.024312884413385062 0.0625
-0.02033416941689437 -0.01434578523905324 0.0625
0.024685019560262162 -0.0031575004844773234 0.0625
-0.016069623166182708 0.01900334737084191 0.0625
-0.0009873685842955503 -0.02486815440033189 0.0625
0.017526817700377607 0.01767061575887299 0.0625
-0.024860861992181807 -0.0011906053106257289 0.0625
0.019136486041095507 -0.015915869501819776 0.0625
-0.003359742326742094 0.024663173589339588 0.0625
-0.014182822768222417 -0.020455990279749155 0.0625
0.024276578589134647 0.005503429113340997 0.0625
-0.021619004227672697 0.012340934170631902 0.0625
0.007605245083406626 -0.02370401331465453 0.0625
0.010404295652290375 0.022616600805154864 0.0625
-0.02294983871355258 -0.009649088196400911 0.0625
0.02344111862193097 -0.008387726614080899 0.0625
-0.011619298315075063 0.02201980714414397 0.0625
-0.0063066605149662315 -0.024086220815000548 0.0625
0.02092101850032686 0.013500777196479517 0.0625
-0.02454694375074287 0.0041770267533097795 0.0625
0.015279104193459977 -0.019661866011276594 0.0625
0.0020151287373628363 0.024819735215587103 0.0625
-0.018251972129399125 -0.01694064678185687 0.0625
0.02490248180299269 0.0001624809269365038 0.0625
-0.018472665067429405 0.016702114995011067 0.0625
0.0023391271709977367 -0.024794525284382845 0.0625
0.015024146041595606 0.019863409468689083 0.0625
-0.024496667838005897 -0.004498140152819556 0.0625
0.021102210828227184 -0.013230899370830817 0.0625
-0.006622982924307875 0.024011166093805738 0.0625
-0.011336093588704368 -0.022179562262320145 0.0625
0.023341714038630845 0.00869737809565525 0.0625
-0.0230871921182365 0.009354226857182719 0.0625
0.01070543252828249 -0.022493414911533362 0.0625
0.0073004659598591036 0.02381812748242268 0.0625
-0.02147274230203573 -0.012631759102768125 0.0625
0.02436674774950433 -0.00519053023418857 0.0625
-0.014461594624618788 0.020287490749552963 0.0625
-0.003040571257136975 -0.02472882784181799 0.0625
0.01894671621884465 0.0161809129693775 0.0625
-0.024901570747221116 0.0008670492034144502 0.0625
0.017776532595818045 -0.017460666907933922 0.0625
-0.0013133931740527082 0.02488362912379044 0.0625
-0.015840704916632965 -0.01923621760492848 0.0625
0.024675115805301285 0.0034840579781299226 0.0625
-0.020548771570876357 0.014099219372998767 0.0625
0.0056283200420393364 -0.024277603125192948 0.0625
0.012249531684174978 0.02170412342202268 0.0625
-0.023694111063072502 -0.007729754260698425 0.0625
0.02269340471470577 -0.010305793635357255 0.0625
-0.009772261408975854 0.02292908430257609 0.0625
-0.008282879114590703 -0.02350901770753251 0.0625
0.021988358375417523 0.011740191478600604 0.0625
-0.024144693711488897 0.006196270295781846 0.0625
0.01361846359072145 -0.020879115149550622 0.0625
0.004061939146058441 0.024595541270192003 0.0625
-0.019609827999925323 -0.01539268156668437 0.0625
0.02485808379804407 -0.0018962251684382897 0.0625
-0.01704924426841278 0.018190197081834877 0.0625
0.00028428968594199436 -0.02493028638773464 0.0625
0.016631075200883475 0.01857544986433865 0.0625
-0.024811571580241377 -0.002462907980124001 0.0625
0.019959593222732788 -0.014944384844584251 0.0625
-0.004622944652795033 0.02450282397474205 0.0625
-0.01314302701301481 -0.02119105568241382 0.0625
0.024006383642246804 0.006747854801436171 0.0625
-0.02226038651612656 0.01124078254182736 0.0625
0.008821360410292349 -0.02332602839129986 0.0625
0.00925220667568518 0.023159375458556883 0.0625
-0.022466945021049598 -0.010827575048049065 0.0625
0.023881115743855305 -0.007192517697481625 0.0625
-0.01275112558522428 0.021435689779193922 0.0625
-0.0050774804638368 -0.02442005716904356 0.0625
0.020240138327395202 0.014577269994340772 0.0625
-0.024772048774285665 0.002923285741150235 0.0625
0.016292010332085615 -0.018889425595798717 0.0625
0.0007464262643915021 0.024934370812832368 0.0625
-0.017393875984763735 -0.01788220003877206 0.0625
0.02490575576433022 0.0014364295344819614 0.0625
-0.019335644729876356 0.015764924448915217 0.0625
0.0036085651572229094 -0.024686398228702316 0.0625
0.014015029066097279 0.020641195708496356 0.0625
-0.02427795362379724 -0.005753344057220148 0.0625
0.021788835482571593 -0.012157575758078956 0.0625
-0.007854337059753014 0.02368352569512805 0.0625
-0.010206775895258504 -0.02276975462810195 0.0625
0.022907642932286514 0.0098954482105089 0.0625
-0.023576419411829037 0.008177557564305545 0.0625
0.011861038089868433 -0.021956224070424545 0.0625
0.006085451334356599 0.024202629651696478 0.0625
-0.02083653294050277 -0.013736043645072736 0.0625
0.02464356637201772 -0.003946471394544411 0.0625
-0.015506093623800581 0.019557123012599043 0.0625
-0.001776992970866073 -0.024895828887215078 0.0625
0.018127772054378752 0.01715761872593295 0.0625
-0.024957461027826904 -0.000406373036139797 0.0625
0.01867795562548973 -0.01655940740643326 0.0625
-0.002586907234682789 0.024827966307354815 0.0625
-0.014864022442385182 -0.02005544406968516 0.0625
0.024508311912068426 0.0047479097738652295 0.0625
-0.021279516306981727 0.013054584855172484 0.0625
0.00687282824097439 -0.02400092148168617 0.0625
0.011144937469933024 0.02234077815993174 0.0625
-0.023309656735181407 -0.008945384446071179 0.0625
0.02323108112148438 -0.009149692340566003 0.0625
-0.010949699124466002 0.022439788080186242 0.0625
-0.007084118942890797 -0.02394358491961836 0.0625
0.021397954430989154 0.012870413597445562 0.0625
-0.024472810071157564 0.0049640273187250925 0.0625
0.014692807464258389 -0.020192112539757525 0.0625
0.0028056470632925844 0.02481468002123416 0.0625
-0.018831476229237497 -0.016402911419246987 0.0625
0.02496655254312641 -0.0006255030865697739 0.0625
-0.017987614331349534 0.01732644599064185 0.0625
0.0015597109056173317 -0.024927240157925596 0.0625
0.015688529483341613 0.019434763766259702 0.0625
-0.024697019415262457 -0.0037332602376674885 0.0625
0.020733259177985516 -0.013930253546094534 0.0625
-0.00587849742043345 0.02427762896326487 0.0625
-0.012065068391813684 -0.021873137056692585 0.0625
0.023672256420560693 0.007978989657796478 0.0625
-0.022845647380481303 0.01010724471687056 0.0625
0.010018644723726976 -0.02288551414977906 0.0625
0.008071764515819051 0.023643320782012932 0.0625
-0.021923404116838918 -0.011981834247299972 0.0625
0.024260025917221036 -0.00597420643230242 0.0625
-0.013853513462745479 0.020793272102714616 0.0625
-0.0038306265274155784 -0.024691016593236092 0.0625
0.019503751618872533 0.015619336502852067 0.0625
-0.024932968294458152 0.0016574353765817203 0.0625
0.01726576635704333 -0.018064697952193686 0.0625
-0.0005287275659903934 0.024984003825667376 0.0625
-0.016487112845341025 -0.018780178647312996 0.0625
0.024843707873744517 0.002711121370216517 0.0625
-0.020150958428251105 0.01478306038758199 0.0625
0.004873031826503241 -0.02451313037573713 0.0625
0.012965574757632665 0.02136758926983198 0.0625
-0.023994778665530337 -0.006997899455708857 0.0625
0.022420733937460406 -0.011048560526403933 0.0625
-0.009069446347809781 0.023292598458398747 0.0625
-0.009046686281259868 -0.023302306051729397 0.0625
0.022411943816816233 0.011071800863087851 0.0625
-0.024005532178476903 0.006975272383793333 0.0625
0.012989619236076333 -0.02135953632693734 0.0625
0.004850173724078385 0.024525003870463705 0.0625
-0.020143413796956198 -0.014808203152462306 0.0625
0.024856719263006585 -0.0026876583637206403 0.0625
-0.016513612399269864 0.018772868867775128 0.0625
-0.0005042830007928028 -0.024998113901954912 0.0625
0.01725837800642568 0.01809277172208068 0.0625
-0.024948080567504645 -0.0016832337916335848 0.0625
0.019533571071827655 -0.015611521424315376 0.0625
-0.003858139584542855 0.024706977940375133 0.0625
-0.013844894530873354 -0.020824958473643906 0.0625
0.024276628042340806 0.006003776386061694 0.0625
-0.021957024802510768 0.01197201160298164 0.0625
0.008103708227734789 -0.023660302469743353 0.0625
0.010007202402857924 0.02292107981898398 0.0625
-0.022862697523228823 -0.010141847068524872 0.0625
0.02370971887866621 -0.0079655025387366 0.0625
-0.012102576047698585 0.021889898423923134 0.0625
-0.005862538405950652 -0.02431687980475196 0.0625
0.02074933288716863 0.013970869147532037 0.0625
-0.0247378894871031 0.003714407587203358 0.0625
0.01573240634462057 -0.01944971440941338 0.0625
0.001537555630473024 0.02496949984847916 0.0625
-0.01800097570096254 -0.017373683369204015 0.0625
0.025009912902050256 0.0006513498536578886 0.0625
-0.018882115232368896 0.016414192771852732 0.0625
0.002835546813257389 -0.024858794706699397 0.0625
0.014701500252998094 0.02024613272482172 0.0625
-0.024517278111616598 -0.004998307113178003 0.0625
0.0214552711488621 -0.01287599859928563 0.0625
-0.007123064652560684 0.023987954267828692 0.0625
-0.010951653882566527 -0.022500250603859184 0.0625
0.02327485297027859 0.009193542255948688 0.0625
-0.023373047206680292 0.008943190944752023 0.0625
0.011193876367941991 -0.022383411979839667 0.0625
0.0068659807239243 0.02406695470346633 0.0625
-0.021320435557920847 -0.01310873859761283 0.0625
0.02457663599726887 -0.004735922619484824 0.0625
-0.014923453178321028 0.02009404253092095 0.0625
-0.002569322795165107 -0.024898164196868914 0.0625
0.018713604280728772 0.01662410944454739 0.0625
-0.025029052871112543 0.0003827693496779486 0.0625
0.0181976684650255 -0.017189673133512943 0.0625
-0.0018069946861834353 0.024968275274918468 0.0625
-0.015533901696780714 -0.019632063011175198 0.0625
0.02471627239904151 0.003983199555179115 0.0625
-0.02091629009859254 0.013758953757881434 0.0625
0.00612917720212909 -0.0242749497800696 0.0625
0.011878407428219972 0.02204049538847094 0.0625
-0.023647663094055502 -0.008228488937225687 0.0625
0.022996048803135955 -0.009906651272947362 0.0625
-0.010265051361739662 0.022839192642053852 0.0625
-0.00785877421909659 -0.023775610776029767 0.0625
0.021855706922194483 0.012223259586998067 0.0625
-0.024373188625886895 0.005750450087335586 0.0625
0.014088106804518353 -0.02070471556589184 0.0625
0.003597817629700665 0.0247841826232663 0.0625
-0.019395011996198055 -0.015845299292450547 0.0625
0.025005421395451817 -0.0014173569895691964 0.0625
-0.017481365974026507 0.017936606247619655 0.0625
0.0007742364660123951 -0.02503518639624432 0.0625
0.016340648460201772 0.01898376168993136 0.0625
-0.024873225252864024 -0.0029601799810632305 0.0625
0.020340963394010887 -0.014619343631076915 0.0625
-0.005123731929168642 0.02452075388559695 0.0625
-0.012785858278466997 -0.021542558531496604 0.0625
0.023980447383099037 0.0072483200333883285 0.0625
-0.022579324925629106 0.0108542197279613 0.0625
0.009317668307167225 -0.023256419701183834 0.0625
0.008839208794840287 0.02344330155676069 0.0625
-0.022354192339677698 -0.011315921740657936 0.0625
0.024127849692175903 -0.006756246682276139 0.0625
-0.013227767778976808 0.021280652235903464 0.0625
-0.004621276959174291 -0.02462770389757447 0.0625
0.020043999194763944 0.0150385536631786 0.0625
-0.024939012536959373 0.0024506435239306673 0.0625
0.016734398730744806 -0.018653683258821743 0.0625
0.0002609654867980984 0.025059367450410642 0.0625
-0.01712033249407933 -0.018302300819628425 0.0625
0.024987822580952005 0.0019309900732176872 0.0625
-0.019730235956305152 0.015455671745625397 0.0625
0.004108436498178328 -0.0247249014060812 0.0625
0.013672432983480342 0.02100725056527481 0.0625
-0.024272593115917968 -0.006254696110051367 0.0625
0.02212354549370121 -0.011784257922675184 0.0625
-0.008353327949473648 0.023634337565680626 0.0625
-0.009805593664867142 -0.023070551204501324 0.0625
0.022814999116634933 0.010388253717923299 0.0625
-0.023840993562258366 0.007751582158782493 0.0625
0.012343880960052742 -0.021820829563608424 0.0625
0.005637944323414882 0.024428949707387626 0.0625
-0.0206594204325618 -0.014205222539286314 0.0625
0.024829893587672815 -0.0034808597249594026 0.0625
-0.015958011492922666 0.019339645012040635 0.0625
-0.0012968427233164474 -0.025040730799059784 0.0625
0.017871590559830314 0.017588810387908105 0.0625
-0.025059822466037603 -0.0008973839594494543 0.0625
0.019085114335374697 -0.01626648120540135 0.0625
-0.0030850172824388334 0.024886997978202468 0.0625
-0.014536592134137032 -0.02043544687854282 0.0625
0.024523556483702236 0.005249302562309221 0.0625
-0.021629448015164542 0.012695155712290209 0.0625
0.007373661794044847 -0.023972257126667142 0.0625
0.010756260269630287 0.022657953681036007 0.0625
-0.0232372981023296 -0.009441820634997742 0.0625
0.023513066085387134 -0.008734742312410674 0.0625
-0.011437933081228674 0.02232428468796559 0.0625
-0.006646072994076557 -0.02418821435652922 0.0625
0.021240186494503127 0.013346702876693066 0.0625
-0.024678205033287805 0.004506239711223615 0.0625
0.015153500730170893 -0.019993284262989665 0.0625
0.0023316237290887222 0.024979262014438106 0.0625
-0.018593106613689334 -0.01684447643745516 0.0625
0.025089055657719034 -0.00013887477768321062 0.0625
-0.018406665051323372 0.017050357230521323 0.0625
0.002055216426717527 -0.025006720805402505 0.0625
0.01537683303593115 0.019828086286505224 0.0625
-0.024732863596067273 -0.004233846754233108 0.0625
0.02109783639495412 -0.013585333983813185 0.0625
-0.006380329345445464 0.024269557009629315 0.0625
-0.01168956515946632 -0.02220617180836425 0.0625
0.02362032517775157 0.008478221422991686 0.0625
-0.02314458390706685 0.009704031933621328 0.0625
0.010511450248452937 -0.02279011657877815 0.0625
0.007643928976491339 0.02390586433916072 0.0625
-0.021785266321207808 -0.012464436261381774 0.0625
0.024484160391174806 -0.005525023976348598 0.0625
-0.014322212458627828 0.020613447802100594 0.0625
-0.003363536956489653 -0.024875019982752343 0.0625
0.0192836141112706 0.016070539095114553 0.0625
-0.025075425940600197 0.001176016112761573 0.0625
0.017696012831877696 -0.017805929626223394 0.0625
-0.001020788879619161 0.025083819287804756 0.0625
-0.016191692322666918 -0.0191861694907579 0.0625
0.024900111368173408 0.0032100551167482485 0.0625
-0.020529579629777688 0.014453247393738789 0.0625
0.005375015293804182 -0.024525684711978402 0.0625
0.012603892836911301 0.021715936207210962 0.0625
-0.023963382634492943 -0.007499086125180988 0.0625
0.02273613365972807 -0.010657777733044556 0.0625
-0.009565995368917045 0.023217487646208786 0.0625
-0.008629793994689142 -0.02358233778931231 0.0625
0.022293688837728552 0.011559906487793807 0.0625
-0.024248045923068697 0.006535462410017496 0.0625
0.013465539987620064 -0.02119903848861559 0.0625
0.004390813858551762 0.024728136882093438 0.0625
-0.019941898231047715 -0.015268290504916921 0.0625
0.025018910377519157 -0.0022122666027548214 0.0625
-0.01695433874803546 0.018531875178104982 0.0625
-1.6500599001720995e-05 -0.025118115529040638 0.0625
0.016979748506226914 0.01851075743089096 0.0625
-0.025024968287073235 -0.0021796702115179836 0.0625
0.01992561038889956 -0.015297387052362178 0.0625
-0.004359426655866947 0.0247401576234291 0.0625
-0.013497658554153805 -0.021188044118216263 0.0625
0.02426584044152915 0.006506073137173333 0.0625
-0.022288371033236547 0.011594331230596359 0.0625
0.008603165512395077 -0.023605625244130603 0.0625
0.009601968451764142 0.023218143807189374 0.0625
-0.022764544681512722 -0.010634637062138552 0.0625
0.023970220222515697 -0.0075358173069747115 0.0625
-0.012584921584324863 0.02174901718966616 0.0625
-0.005411691922711313 -0.024538818034568435 0.0625
0.020566798010878126 0.014439072670353164 0.0625
-0.024919559427437593 0.003245852421538351 0.0625
0.016182878251275096 -0.01922691996926204 0.0625
0.001054880451556095 0.025109504718988884 0.0625
-0.01773962445585557 -0.01780296953222161 0.0625
0.025107175056534772 0.0011444477622496018 0.0625
-0.019286923484692294 0.01611628314766233 0.0625
0.003335289874736544 -0.024912563927694795 0.0625
0.014369311061534478 0.020623358107176994 0.0625
-0.024527137396759085 -0.005500866397259799 0.0625
0.0218020197253623 -0.012512071606848859 0.0625
-0.007624589212001394 0.023953823063307286 0.0625
-0.010558774361557801 -0.022813861663070322 0.0625
0.02319698782634459 0.009690188635130943 0.0625
-0.023651113678329363 0.0085243663562016 0.0625
0.011681838057397321 -0.02226240462305776 0.0625
0.0064244176965342625 0.024307341632939985 0.0625
-0.0211572083946097 -0.013584275208749894 0.0625
0.024777496937665563 -0.004275002398124903 0.0625
-0.015382919114753962 0.01988984161598421 0.0625
-0.0020925753492752304 -0.025057955391603798 0.0625
0.018469989805470544 0.017063981850254477 0.0625
-0.025146545118568894 -0.00010615366116580144 0.0625
0.018614574235064397 -0.016908507505018794 0.0625
-0.0023043478823127606 0.02504256338391261 0.0625
-0.015217335299992994 -0.020022804657879156 0.0625
0.02474678216236994 0.004485172528254518 0.0625
-0.021277870274870964 0.013409408509168578 0.0625
0.006631923707975646 -0.024261442412428627 0.0625
0.011498558246257038 0.022370139880149038 0.0625
-0.02359023709980219 -0.008728156367476259 0.0625
0.023291227813966628 -0.009499405608663485 0.0625
-0.010757810265827523 0.022738283098872176 0.0625
-0.0074272498013171475 -0.02403405834204524 0.0625
0.021712082184937538 0.012705333021787269 0.0625
-0.024592920010122737 0.005297951054483673 0.0625
0.014555799283999199 -0.020519471416289663 0.0625
0.0031278092302816354 0.02496350955733118 0.0625
-0.019169563282654033 -0.01629502511665209 0.0625
0.0251429650508648 -0.0009334390451395889 0.0625
-0.017909676719811984 0.017672676078959428 0.0625
0.0012683571321462407 -0.025129887985928905 0.0625
0.016040255035907853 0.019387372652915937 0.0625
-0.024924354181237344 -0.003460717938266056 0.0625
0.020716778778726144 -0.014284784808785962 0.0625
-0.005626852139500109 0.024527913384554404 0.0625
-0.01241969399588101 -0.02188769519727185 0.0625
0.023943577590420626 0.007750167235067078 0.0625
-0.022891134504466025 0.01045925241584909 0.0625
0.009814396556343759 -0.023175798157449246 0.0625
0.008418461928025667 0.02371939077561611 0.0625
-0.02223043189962327 -0.011803723885122531 0.0625
0.024366098742161404 -0.00631294163502566 0.0625
-0.013702904637933739 0.021114696409934342 0.0625
-0.0041588083412361495 -0.02482628270967816 0.0625
0.019837114955995133 0.015497382689429661 0.0625
-0.02509639483924902 0.001972553186232328 0.0625
0.017173401935590374 -0.01840745137053636 0.0625
-0.00022908460414987474 0.025174342498745454 0.0625
-0.01683663543139586 -0.018718111746387926 0.0625
0.02505950447302644 0.0024292458842957473 0.0625
-0.02011966549565432 0.01513667930369726 0.0625
0.004611080688242381 -0.024752735907097586 0.0625
0.013320585682252669 0.021367311414442515 0.0625
-0.02425636194351114 -0.0067578772751052864 0.0625
0.02245147507191308 -0.011402248335098899 0.0625
-0.008853190133999144 0.023574160100653857 0.0625
-0.009396345811451141 -0.02336383284890612 0.0625
0.022711331526371368 0.01088096596351859 0.0625
-0.024097375841715868 0.007318229126167656 0.0625
0.01282566666603235 -0.02167446134444468 0.0625
0.005183804278264417 0.02464646370586757 0.0625
-0.02047146839737996 -0.014672388410039922 0.0625
0.025006868024632544 -0.003009410506828629 0.0625
-0.0164069758501592 0.019111544768863998 0.0625
-0.0008116952110157565 -0.025175804870637485 0.0625
0.017605085546539164 0.018016130630605393 0.0625
-0.025151956308429254 -0.0013925135040157056 0.0625
0.01948751333769307 -0.01596360936358801 0.0625
-0.003586335681140474 0.024935480672771855 0.0625
-0.014199670325869426 -0.020809838121345958 0.0625
0.02452801154216846 0.005752968780312562 0.0625
-0.021972959260986153 0.01232676199636559 0.0625
0.00787581636935498 -0.023932645414082417 0.0625
0.010359214174859117 0.02296794900898637 0.0625
-0.02315391817515918 -0.009938615252540634 0.0625
0.023787166117697572 -0.008312083258068386 0.0625
-0.01192556006485054 0.022197770544350667 0.0625
-0.006201037022840533 -0.02442431452142232 0.0625
0.021071502753709698 0.013821424373066786 0.0625
-0.024874491724001465 0.004042234712703205 0.0625
0.015611677360921394 -0.01978371881064059 0.0625
0.0018522033438138196 0.025134226520288325 0.0625
-0.01834426076889198 -0.017282595199879295 0.0625
0.025201505760321617 0.0003522888196868509 0.0625
-0.01882136625381331 0.016764133509961605 0.0625
0.0025543606538051904 -0.025075789950673378 0.0625
0.015055420608401647 0.020216189312135834 0.0625
-0.024758017571742733 -0.004737147445169745 0.0625
0.021456364095681912 -0.01323119192641132 0.0625
-0.006883930049372319 0.024250598076652644 0.0625
-0.011305403643524262 -0.022532373342748168 0.0625
0.02355739362362658 0.008978262953462532 0.0625
-0.02343595584629685 0.009292791484286342 0.0625
0.01100410025713344 -0.02268368968071455 0.0625
0.007208757964717619 0.0241601698794963 0.0625
-0.021636154726711956 -0.01294591860942204 0.0625
0.024699446525308377 -0.005069254515550794 0.0625
-0.01478883616044684 0.020422789354528927 0.0625
-0.0028906593884136023 -0.025049632498305767 0.0625
0.019052865166782826 0.016518726613646513 0.0625
-0.025208022130574728 0.0006896522779305216 0.0625
0.01812232750613272 -0.017536853929951794 0.0625
-0.0015169133821949074 0.0251733782752915 0.0625
-0.01588634752695995 -0.019587341888389384 0.0625
0.024945941965964225 0.0037121394681160773 0.0625
-0.02090253262036851 0.014113969323136223 0.0625
0.005879212573264668 -0.02452743075657062 0.0625
0.01223327761950776 0.022057808564860896 0.0625
-0.02392102575329063 -0.008001532785061025 0.0625
0.0230443020137725 -0.010258661935069349 0.0625
-0.010062840840083102 0.02313134743648013 0.0625
-0.008205232910307987 -0.023854436754775804 0.0625
0.022164420455601783 0.012047342689045639 0.0625
-0.02448198625630918 0.0060887066726759516 0.0625
0.013939830512814447 -0.021027627666334765 0.0625
0.0039252845518705295 0.02492212152259207 0.0625
-0.019729653760381962 -0.01572579926412155 0.0625
0.0251714482519364 -0.001731529064176487 0.0625
-0.01739155784315504 0.01828041891719641 0.0625
0.00047576288674244956 -0.025228033012416936 0.0625
0.016691002986210818 0.01892433405206909 0.0625
-0.025091418232418974 -0.0026796886173271633 0.0625
0.02031237252547667 -0.01497356077846083 0.0625
-0.004863369100609512 0.024762625890467207 0.0625
-0.013141229113596352 -0.021545024887058443 0.0625
0.024244149874264407 0.007010078235954652 0.0625
-0.022612831437876953 0.011208026336610905 0.0625
0.009103370963892785 -0.023539937066478188 0.0625
0.009188745068632398 0.023507593753161634 0.0625
-0.022655357299967135 -0.011127209246294673 0.0625
0.02422243762765997 -0.007098839015932284 0.0625
-0.013066084943579259 0.02159716241192744 0.0625
-0.004954304701942607 -0.024751865887651974 0.0625
0.020373434709121483 0.014905138649243225 0.0625
-0.025091800664105327 0.002771559025675559 0.0625
0.016630273572568306 -0.01899352523628872 0.0625
0.0005673135868805857 0.0252396148008273 0.0625
-0.017467982321667488 -0.018228263592836053 0.0625
0.02519415215659637 0.0016415532614784852 0.0625
-0.019686854661343692 0.015808470942603212 0.0625
0.0038381256557262523 -0.024955736644123653 0.0625
0.014027683530269884 0.020994858770055948 0.0625
-0.02452616993518129 -0.006005579764736238 0.0625
0.022142239768014774 -0.012139242894667904 0.0625
-0.008127312647357722 0.02390871784793361 0.0625
-0.010157598010776609 -0.023120190367976363 0.0625
0.023108085519522956 0.010187069432492035 0.0625
-0.023921199750451465 0.008097913465763936 0.0625
0.012169067849509833 -0.022130381552834245 0.0625
0.0059759534119672875 0.024539111247516617 0.0625
-0.02098307140968731 -0.014058119156415026 0.0625
0.024969169663690286 -0.0038079609118068397 0.0625
-0.01583974453608187 0.01967492040725107 0.0625
-0.0016105336024554529 -0.025208057868772078 0.0625
0.018215926752653402 0.017500286070289424 0.0625
-0.025253922382582002 -0.0005995033732379009 0.0625
0.019027011442257945 -0.01661724512595831 0.0625
-0.002805226192321948 0.025106387753117947 0.0625
-0.01489110139850006 -0.02040821156151586 0.0625
0.024766559617364903 0.004989741949190374 0.0625
-0.021633290366665624 0.013050699134970981 0.0625
0.00713631803414982 -0.024237016419424818 0.0625
0.011110118597405148 0.02269284611395389 0.0625
-0.02352178984819581 -0.009228510298922177 0.0625
0.023578743529614813 -0.009084209022509766 0.0625
-0.011250289029094127 0.022626334143246545 0.0625
-0.006988474994830968 -0.024284176272762935 0.0625
0.021557484501576456 0.013186161760129104 0.0625
-0.024803719227659907 0.004838957788141399 0.0625
0.01502129199172095 -0.02032340490418523 0.0625
0.0026521125818438924 0.02513337022472763 0.0625
-0.01893352575847179 -0.016741612895813995 0.0625
0.025270580869517594 -0.0004446824902912459 0.0625
-0.01833393514268945 0.01739847183472321 0.0625
0.0017664296261155955 -0.025214276241367337 0.0625
0.015729981046813838 0.019786048020432923 0.0625
-0.02496486331030145 -0.003964290592018261 0.0625
0.021086813073495483 -0.013940814696546972 0.0625
-0.006132066594736535 0.024524228005743963 0.0625
-0.012044659870271408 -0.022226249539890292 0.0625
0.023895720958582105 0.008253152117196197 0.0625
-0.023195610933149154 0.010056024733361162 0.0625
0.010311297140219035 -0.023084132023667485 0.0625
0.007990127521738714 0.02398745218205455 0.0625
-0.022095653777133475 -0.012290731636523809 0.0625
0.024595686810659465 -0.0058627800838810295 0.0625
-0.014176286404400417 0.02093783426671469 0.0625
-0.00369026685958595 -0.025015633721835663 0.0625
0.01961951937450394 0.015953509316556806 0.0625
-0.025244053222860895 0.0014892202259459387 0.0625
0.017608776090300662 -0.01815078523374831 0.0625
-0.0007235068368777531 0.025279172016840094 0.0625
-0.016542861215584244 -0.019129394731719 0.0625
0.02512069696700206 0.0029309697869567813 0.0625
-0.020503702854321126 0.014808044072790426 0.0625
0.005116262277617588 -0.02476981752671237 0.0625
0.012959603900233553 0.021721157122700698 0.0625
-0.02422919681570455 -0.007262645638185341 0.0625
0.022772414138995924 -0.01101168262719457 0.0625
-0.00935367708858219 0.023502951408759982 0.0625
-0.008979185821456905 -0.02364940214854801 0.0625
0.02259661999121847 0.0113733357012121 0.0625
-0.0243453830159314 0.006877668631709371 0.0625
0.013306145150493939 -0.021517121118634498 0.0625
0.004723216739335226 0.02485500399584083 0.0625
-0.020272700403956626 -0.015137292305145494 0.0625
0.025174338899757027 -0.002532323233748077 0.0625
-0.01685274075636825 0.018872867535132138 0.0625
-0.0003217623522928631 -0.025300918342792363 0.0625
0.017328323602962225 0.01843933841305111 0.0625
-0.025233748837582982 -0.0018915389506377178 0.0625
0.01988491833648452 -0.015650879296427465 0.0625
-0.00409063061737972 0.024973320587221792 0.0625
-0.013853364590180857 -0.021178392043106654 0.0625
0.024521603916448025 0.0062586692966509275 0.0625
-0.022309834560708567 0.011949530613116726 0.0625
0.008379047350368497 -0.023882034366868386 0.0625
0.009953944452234288 0.023270560582887432 0.0625
-0.02305948656928098 -0.010435520071426735 0.0625
0.024053191140612006 -0.007881877692097508 0.0625
-0.012412330139441645 0.022060237090963202 0.0625
-0.005749189546528335 -0.024651710276532325 0.0625
0.020891916542043604 0.014294328357788795 0.0625
-0.025061511288048274 0.003572205475477175 0.0625
0.016067089748539775 -0.019563451306259028 0.0625
0.001367592214381841 0.025279432183796417 0.0625
-0.0180849953397238 -0.017717024116994603 0.0625
0.025303780079768228 0.0008477698241413075 0.0625
-0.019231480234615402 0.016467852561448237 0.0625
0.003056915800934915 -0.025134344347645006 0.0625
0.014724390425506157 0.02059884284607421 0.0625
-0.024772398412870555 -0.005242926365495558 0.0625
0.02180862175299166 -0.01286794533851224 0.0625
-0.007389057236265625 0.024220690187506853 0.0625
-0.010912720644789525 -0.022851532292797884 0.0625
0.023483421209300196 0.00947886745906861 0.0625
-0.023719566595924273 0.008873677957955966 0.0625
0.011496345356686371 -0.02256621464578842 0.0625
0.006766422673126549 0.02440605507263718 0.0625
-0.021476072407183924 -0.013426031206629658 0.0625
0.02490571765862749 -0.004607084534576154 0.0625
-0.015253135708569414 0.02022132169409222 0.0625
-0.002412194171003119 -0.025214704425818257 0.0625
0.018811551389492198 0.016963653330591678 0.0625
-0.02533062524489454 0.00019855654789379754 0.0625
0.01854446966727496 -0.0172575387804727 0.0625
-0.0020168776995878753 0.025252568272255103 0.0625
-0.01557116716821378 -0.019983461987842382 0.0625
0.0249811071174967 0.004217142063549181 0.0625
-0.0212695922001315 0.013765334999196546 0.0625
0.006385384098058382 -0.024518296635783313 0.0625
0.011853857208645792 0.022392991521389818 0.0625
-0.023867657375340943 -0.00850499449813655 0.0625
0.023345036203222515 -0.009851359534106454 0.0625
-0.010559734331088937 0.0230341487981827 0.0625
-0.00777316660650027 -0.024118413731163774 0.0625
0.02202413147789945 0.01253385944728114 0.0625
-0.02470717899110304 0.005635184673246887 0.0625
0.01441224111880606 -0.020845318561571468 0.0625
0.0034537798539541033 0.0251067999697377 0.0625
-0.019506716868179647 -0.016180481977514632 0.0625
0.02531419263880613 -0.0012456528591119128 0.0625
-0.01782502636880791 0.018018558070814178 0.0625
0.0009722888711107534 -0.025327744754539718 0.0625
0.0163922204906918 0.019333264271316004 0.0625
-0.025147328388136443 -0.003183060624497608 0.0625
0.020693627987602443 -0.014640142100086217 0.0625
-0.005369730485069682 0.02477430109039836 0.0625
-0.012775725397848277 -0.02189568086538472 0.0625
0.024211495679893506 0.007515549011382871 0.0625
-0.022930197366543635 0.010813234887458775 0.0625
0.009604077533532821 -0.023463198731841533 0.0625
0.00876768794084869 0.02378923387105807 0.0625
-0.0225351179302784 -0.011619314087692316 0.0625
0.02446618967298618 -0.006654739881127177 0.0625
-0.01354581602019522 0.021434338532994732 0.0625
-0.004490564167784947 -0.02495585769824403 0.0625
0.02016926928121845 0.015368818323530854 0.0625
-0.025254464556607546 0.002291728596289959 0.0625
0.017074346798881732 -0.01874957816569528 0.0625
7.506846399298664e-05 0.025359699618207505 0.0625
-0.017186118542364293 -0.01864932517405931 0.0625
0.025270732891423762 0.0021424423283517386 0.0625
-0.02008167536024255 0.015490846159129828 0.0625
0.00434382125426125 -0.02498822156358928 0.0625
0.013676727730774711 0.021360410075142708 0.0625
-0.024514305152845795 -0.006512207219764907 0.0625
0.022475717123995393 -0.011757641760240032 0.0625
-0.008630989707859586 0.023852589307302087 0.0625
-0.009748272363264258 -0.023419034692566183 0.0625
0.023008118373363164 0.010683936021771586 0.0625
-0.024183117072501946 0.007663996911381487 0.0625
0.012655315647869581 -0.0219873369431768 0.0625
0.005520768351806135 0.024762090315756782 0.0625
-0.020798040672671006 -0.01453002079069134 0.0625
0.025151497390885316 -0.003334993102884829 0.0625
-0.016293682152137036 0.01944931674699991 0.0625
-0.0011234054641138616 -0.02534833249275382 0.0625
0.01795147444770572 0.017932779069440644 0.0625
-0.02535106424299234 -0.0010970605031972145 0.0625
0.01943474316886514 -0.016315966350794235 0.0625
-0.0033094006392535955 0.02515964760104775 0.0625
-0.014555300760091407 -0.020788054737836407 0.0625
0.024775524393936814 0.0054966709020498996 0.0625
-0.021982331078119543 0.012682946044667215 0.0625
0.00764211714107017 -0.024201612458721863 0.0625
0.010713227610211125 0.023008406163222393 0.0625
-0.023442283479736793 -0.009729303431163999 0.0625
0.02385840098631403 -0.008661218296305067 0.0625
-0.011742237985308275 0.0225033296891012 0.0625
-0.006542623033523471 -0.024525784061701437 0.0625
0.021391919683141865 0.013665495683289636 0.0625
-0.025005421612921613 0.004373658646949111 0.0625
0.015484336273279239 -0.020116543693587348 0.0625
0.002170929724534742 0.0252936170630286 0.0625
-0.018686948729034362 -0.017184817345507086 0.0625
0.02538813952332811 4.869850126269237e-05 0.0625
-0.018753901208059354 0.017114064084207178 0.0625
0.0022682292821522235 -0.025288241060294946 0.0625
0.015409917785700408 0.020179554847368518 0.0625
-0.024994662607759843 -0.00447066450589304 0.0625
0.021450842207943036 -0.013587544611515706 0.0625
-0.006639134876621557 0.024509628477192943 0.0625
-0.011660886390142696 -0.022558008081304183 0.0625
0.02383682950720198 0.008757029122058755 0.0625
-0.023492552962086136 0.009644685340827767 0.0625
0.010808121243406134 -0.022981394979152883 0.0625
0.007554371269182225 0.02424729829748779 0.0625
-0.021949853513336275 -0.012776694828596292 0.0625
0.024816441627126425 -0.005405943485408161 0.0625
-0.014647663478412511 0.020750083243765084 0.0625
-0.0032158483438138046 -0.025195601192065056 0.0625
0.019391251650746656 0.016406686424059406 0.0625
-0.025381849668246435 0.0010008533451702746 0.0625
0.018040278447175866 -0.017883745512290262 0.0625
-0.0012220812359728015 0.02537373676565364 0.0625
-0.016239091509114602 -0.019535913261442432 0.0625
0.025171300518525317 0.0034359322179122417 0.0625
-0.020882119564342414 0.01446986808856625 0.0625
0.005623743874631948 -0.024776067178479712 0.0625
0.012589609264683475 0.02206856901936771 0.0625
-0.024191039710453218 -0.007768757798211735 0.0625
0.023086155497564206 -0.010612701086070694 0.0625
-0.009854541267981019 0.023420674977413847 0.0625
-0.008554271567068759 -0.02392706496745556 0.0625
0.022470849788275946 0.011865113138640488 0.0625
-0.02458483549839637 0.006430074923108577 0.0625
0.013785066288249747 -0.021348816066202838 0.0625
0.004256370994405524 0.025054406916907516 0.0625
-0.020063145480626886 -0.015599685683474553 0.0625
0.02533215973315786 -0.0020498007839240503 0.0625
-0.017295061159260453 0.018623663965434956 0.0625
0.00017274093912527343 -0.025415943039123104 0.0625
0.0170413766222754 0.01885819404974309 0.0625
-0.02530509116323651 -0.0023942349968809735 0.0625
0.020277096850276958 -0.015328383584856182 0.0625
-0.004597668126474545 0.025000428952296004 0.0625
-0.013497787486770541 -0.021540885148061597 0.0625
0.02450426563897178 0.006766163277272215 0.0625
-0.022639861117255543 0.011563593238755008 0.0625
0.008883108879219191 -0.023820377340418794 0.0625
0.009540600885709159 0.023565587935368927 0.0625
-0.022953978320924225 -0.010932286094067467 0.0625
0.02431095455302439 -0.00744429235863173 0.0625
-0.012897993076202248 0.021911681236414494 0.0625
-0.0052907129918928295 -0.024870230317337563 0.0625
0.020701446664954704 0.014765165287867109 0.0625
-0.025239109030609396 0.0030963487111453063 0.0625
0.01651949094860488 -0.019332522308249424 0.0625
0.0008779998301477128 0.02541474210568072 0.0625
-0.017815372327125916 -0.01814752073551305 0.0625
0.02539576056184196 0.0013473475741591367 0.0625
-0.019636770889753987 0.016161597353705807 0.0625
0.003562651725115304 -0.02518228569223876 0.0625
0.01438384578829961 0.020975818943212102 0.0625
-0.024775928319258633 -0.005750945654321393 0.0625
0.022154391327704515 -0.012495717062215 0.0625
-0.007895467150092143 0.024179776642512973 0.0625
-0.010511657605347214 -0.02316344219644279 0.0625
0.02339837277053629 0.009979787156599376 0.0625
-0.02399522285360582 0.008446850312737461 0.0625
0.0119879356355891 -0.02243767811510302 0.0625
0.006317098358652262 0.024643341257368348 0.0625
-0.021305027911858208 -0.013904523928381828 0.0625
0.0251028111406648 -0.004138704246031041 0.0625
-0.015714862682003936 0.020009075213156657 0.0625
-0.001928345015083953 -0.02537009037238143 0.0625
0.018559724782184563 0.017405074432749898 0.0625
-0.025443108262788273 -0.00029705542923036485 0.0625
0.018962199985994285 -0.01696805739297101 0.0625
-0.0025204558988277817 0.025321281603861687 0.0625
-0.015246245113462597 -0.020374297777842994 0.0625
0.025005519319431704 0.004724828416517134 0.0625
-0.02163053545425868 0.013407458221529478 0.0625
0.006893288624971528 -0.024498215688756562 0.0625
0.011465764464909324 0.022721272966874515 0.0625
-0.023803232193409653 -0.009009225113550349 0.0625
0.02363813654879639 -0.009436021433870127 0.0625
-0.01105642666907906 0.022925868125575472 0.0625
-0.0073337628739700384 -0.024374083000358777 0.0625
0.021872820181574524 0.013019206477527967 0.0625
-0.024923453794007226 0.005175079804021062 0.0625
0.01488252232659863 -0.020652131347594454 0.0625
0.002976497353158442 0.025282018580537448 0.0625
-0.01927312946984036 -0.01663209188402863 0.0625
0.025447007763333227 -0.0007548482581674039 0.0625
-0.01825450217301495 0.017746355975675473 0.0625
0.0014728560122748155 -0.02541713388970334 0.0625
0.01608348529271851 0.01973731240161404 0.0625
-0.025192601693575095 -0.003689555516437885 0.0625
0.021069149359583497 -0.014297235581173113 0.0625
-0.005878272485676408 0.0247751067118618 0.0625
-0.012401271460453264 -0.022239794652022922 0.0625
0.02416782248309985 0.008022241359207136 0.0625
-0.02324026309850299 0.010410099476583315 0.0625
0.010105037207020662 -0.0233753764257333 0.0625
0.008338957108998285 0.02406287169758188 0.0625
-0.022403814578345723 -0.01211070156263062 0.0625
0.02470129862787287 -0.006203696164114246 0.0625
-0.014023864697138733 0.021260555471491003 0.0625
-0.004020661452254203 -0.02515063183075839 0.0625
0.01995433348292195 0.015829863399674047 0.0625
-0.025407406803431544 0.0018065656713611255 0.0625
0.017514853362917904 -0.018495132107543416 0.0625
-0.0004216385404281732 0.02546963330990899 0.0625
-0.01689410765361675 -0.019065915309473293 0.0625
0.025336810805007607 0.002646888405515006 0.0625
-0.02047115404719472 0.015163503947835517 0.0625
0.0048521416687514795 -0.025009932451455476 0.0625
0.013316558699753234 0.02171978969502298 0.0625
-0.02449147769787458 -0.007020507116620013 0.0625
0.022802240376701585 -0.01136740224515346 0.0625
-0.00913537395578635 0.02378539347347318 0.0625
-0.009330949438601101 -0.02371019575149623 0.0625
0.022897064141233336 0.01118053906179155 0.0625
-0.024436680814838848 0.007222785525937139 0.0625
0.013140331118666106 -0.021833270439671086 0.0625
0.005059046868671966 0.024976109480473144 0.0625
-0.020602137724501587 -0.01499973070360493 0.0625
0.02532432753270109 -0.002856297431374682 0.0625
-0.01674448539219268 0.01921307390686472 0.0625
-0.0006314019806237818 -0.02547864461738231 0.0625
0.017676697561751907 0.018361219003932016 0.0625
-0.025437855026231554 -0.0015986030352861309 0.0625
0.019837534151814173 -0.01600475675465286 0.0625
-0.0038166399392206146 0.02520224711358783 0.0625
-0.014210039209032509 -0.021162107307112845 0.0625
0.02477360127210143 0.006005720607132379 0.0625
-0.022324775651992722 0.012306274500765577 0.0625
0.00814907658301813 -0.024155176481328092 0.0625
0.010308029025824969 0.023316615054564633 0.0625
-0.023351685531051422 -0.010230287525719091 0.0625
0.024130008565610758 -0.008230594548606538 0.0625
-0.012233407005579911 0.02236925910788796 0.0625
-0.0060898711789277365 -0.024758704914111834 0.0625
0.02121539901789071 0.014143084688697932 0.0625
-0.02519786655005573 0.0039022456772456996 0.0625
0.015944683969446066 -0.019898920903267336 0.0625
0.0016844660179960607 0.025444106866506763 0.0625
-0.018429886890340263 -0.017624394151552113 0.0625
0.025495516314522498 0.0005464868305065878 0.0625
-0.01916933631922085 0.01681952868188049 0.0625
0.0027735289246903863 -0.02535167720889302 0.0625
0.015080161684590422 0.020567662083149144 0.0625
-0.025013667110611804 -0.0049796041689573484 0.0625
0.021808644448475474 -0.013225090824640108 0.0625
-0.007147814943582526 0.02448405075824461 0.0625
-0.011268508774685295 -0.02288276010438515 0.0625
0.02376686060916337 0.009261551532254112 0.0625
-0.023781762505704303 0.009225387369768119 0.0625
0.01130461936335823 -0.022867566137426746 0.0625
0.007111363041173811 0.024498745186164683 0.0625
-0.021793032122882 -0.013261363085710054 0.0625
0.025028194815642724 -0.00494261714785141 0.0625
-0.015116786530048254 0.020551466249514944 0.0625
-0.0027357521199193337 -0.02536603359491501 0.0625
0.01915235641190702 0.01685666763839413 0.0625
-0.02550965066199899 0.0005076643603549072 0.0625
0.01846766747753358 -0.01760639821028846 0.0625
-0.0017245851175936853 0.025457922267384164 0.0625
-0.01592541318774805 -0.019937432502694537 0.0625
0.025211220563095632 0.003943901332303323 0.0625
-0.021254689288496605 0.014122258433036402 0.0625
0.006133286250024084 -0.024771410936304486 0.0625
0.01221072824361255 0.022409330997614427 0.0625
-0.024141837907018966 -0.00827596897476194 0.0625
0.02339249492756274 -0.010205448596899187 0.0625
-0.010355534216261881 0.023327299695760532 0.0625
-0.008121765240621104 -0.024196630537664514 0.0625
0.022334011655269017 0.012356048048721226 0.0625
-0.024815557435492196 0.005975626257204172 0.0625
0.01426217999853382 -0.021169558844941056 0.0625
0.003783459999202129 0.025244512877741123 0.0625
-0.019842838108671264 -0.016059320527128898 0.0625
0.02548018841925676 -0.0015620493331434504 0.0625
-0.017733693004584813 0.01836399010071449 0.0625
0.0006715968470264702 -0.025520755429161265 0.0625
0.0167443217760225 0.019272459320517944 0.0625
-0.025365879277097686 -0.00290037385516185 0.0625
0.020663818318760907 -0.014996219940012923 0.0625
-0.005107212194974069 0.02501672207935141 0.0625
-0.013133056517944353 -0.02189709630285439 0.0625
0.024475933982510297 0.00727520829143728 0.0625
-0.022962828919030932 0.011169086266804316 0.0625
0.009387753965674322 -0.023747633050052928 0.0625
0.009119337714782178 0.02385283378644457 0.0625
-0.02283737390477201 -0.011428663663510205 0.0625
0.02456027331862505 -0.006999498161613769 0.0625
-0.013382298464546135 0.02175210536490218 0.0625
-0.004825793617889047 -0.025079707254223312 0.0625
0.02050011739814115 0.015233685918464725 0.0625
-0.025407134491899304 0.0026148646065409734 0.0625
0.016968634792032138 -0.019090977798285672 0.0625
0.0003836387719219769 0.02554002390939911 0.0625
-0.017535459066784585 -0.018573843848733153 0.0625
0.025477333928096355 0.0018507987238677512 0.0625
-0.020037003823548158 0.015845456060811777 0.0625
0.004071336026859162 -0.025219520672613877 0.0625
0.014033895033920064 0.02134689181536539 0.0625
-0.024768534661226405 -0.006260965639230588 0.0625
0.022493457369679424 -0.012114634767850598 0.0625
-0.008402914682502807 0.02412780605108096 0.0625
-0.010102360550673373 -0.02346789959293755 0.0625
0.023302218550142795 0.010480773379926747 0.0625
-0.024262734707426296 0.008012471810686844 0.0625
0.012478620775570928 -0.022298072193341956 0.0625
0.005860964268737304 0.024871853526437965 0.0625
-0.02112303526823333 -0.014381146722600768 0.0625
0.02529056840950015 -0.0036643075095293435 0.0625
-0.016173769211198896 0.019786085754966157 0.0625
-0.0014393189070451636 -0.02551564933690347 0.0625
0.01829744272958814 0.017842746132740953 0.0625
-0.025545348824932042 -0.0007969651263029923 0.0625
0.019375280625479725 -0.01666848825430519 0.0625
-0.0030274195865272473 0.025379415490651303 0.0625
-0.014911680350318144 -0.02075961919520529 0.0625
0.025019096160233484 0.005234962017530789 0.0625
-0.021985141856035097 0.013040457720878267 0.0625
0.007402683340793869 -0.02446712650386091 0.0625
0.011069136952352048 0.023042443601538322 0.0625
-0.023727710266889312 -0.009513977374923464 0.0625
0.023923406581892296 -0.00901280297784615 0.0625
-0.011552668049666972 0.02280648725547632 0.0625
-0.006887193645479633 -0.02462126243086786 0.0625
0.021710490320558086 0.01350313334159719 0.0625
-0.025130644266726145 0.0047085792697229185 0.0625
0.015350424983475176 -0.020448091667114105 0.0625
0.0024936380917897115 0.025447627965434726 0.0625
-0.01902893890077022 -0.017080383025879536 0.0625
0.025569762389917122 -0.00025932860077486195 0.0625
-0.018679744377939008 0.017463881297548264 0.0625
0.0019772403087744053 -0.025496088342358673 0.0625
0.01576488686261014 0.020136244491193042 0.0625
-0.02522714609256891 -0.0041989403453949045 0.0625
0.02143871140879417 -0.01394495081133091 0.0625
-0.006388754993820135 0.024764971423947544 0.0625
-0.012017996171004764 -0.022577151459688506 0.0625
0.024113080225301998 0.008529909849942707 0.0625
-0.023542825938278677 0.009998767266013984 0.0625
0.01060600111479192 -0.023276441745959206 0.0625
0.007902716900260223 0.0243283181826106 0.0625
-0.022261440716460093 -0.012601121268662278 0.0625
0.02492759053664981 -0.005745888098207861 0.0625
-0.014499980958061874 0.021075828624655377 0.0625
-0.003544791313860811 -0.02533603075742483 0.0625
0.01972866451885684 0.01628802616348584 0.0625
-0.02555048751228296 0.0013162780423119735 0.0625
0.01795154975137868 -0.01823024578890192 0.0625
-0.0009225881942412486 0.025569294691560163 0.0625
-0.01659202945580166 -0.019477796552428876 0.0625
0.025392284349995374 0.0031546625000117203 0.0625
-0.02085506116231573 0.014826544571007436 0.0625
0.0053628498999852255 -0.025020788176039307 0.0625
0.012947296393430794 0.022072777716016036 0.0625
-0.024457627476377218 -0.007530236266330447 0.0625
0.023121600944204984 -0.01096866308065569 0.0625
-0.009640217875832715 0.023707091751340472 0.0625
-0.008905785680236216 -0.02399347789332967 0.0625
0.02277490602302358 0.011676628607712257 0.0625
-0.024681709756192577 0.006774452266498618 0.0625
0.013623863802982372 -0.021668187166391812 0.0625
0.00459097710808877 0.02518100333968059 0.0625
-0.020395389574608593 -0.015466999841596536 0.0625
0.02548751177439285 -0.0023720757893005776 0.0625
-0.017191908516750648 0.01896624057507646 0.0625
-0.0001347372442746913 -0.025598864152047946 0.0625
0.01739166608912689 0.018785365331670124 0.0625
-0.02551418386321345 -0.002103906317814172 0.0625
0.02023515088984554 -0.015683707102122996 0.0625
-0.004326710602585525 0.025234095493230465 0.0625
-0.013855427584713875 -0.02153014459878869 0.0625
0.02476072022217909 0.006516650526073292 0.0625
-0.022660409970299066 0.01192081456855909 0.0625
0.008656950616177387 -0.02409765976249698 0.0625
0.009894671139217784 0.023617270863644062 0.0625
-0.023249968956167613 -0.0107312135165247 0.0625
0.02439337808469703 -0.0077925031675978714 0.0625
-0.012723545610303744 0.02222411724011823 0.0625
-0.005630400645468614 -0.024982765831098576 0.0625
0.02102793927259734 0.014618678803091562 0.0625
-0.025380897550198962 0.003424914531240795 0.0625
0.016402087528417562 -0.019670575098611857 0.0625
0.0011929300530910407 0.02558470085594968 0.0625
-0.01816240031107175 -0.018060100081128586 0.0625
0.02559259123745723 0.001048462566059228 0.0625
-0.019580003426490432 0.016514946739805823 0.0625
0.0032820989674591555 -0.025404484375161084 0.0625
0.0147408142777323 0.020950140678033736 0.0625
-0.025021796969656736 -0.005490872099154843 0.0625
0.022160000500827105 -0.012853574514637645 0.0625
-0.007657863237434426 0.024447436074908766 0.0625
-0.01086766691880395 -0.023200297751148246 0.0625
0.023685777016428534 0.009766471580259983 0.0625
-0.024063044735494515 0.008798288359538454 0.0625
0.011800541421771704 -0.022742630062353174 0.0625
0.006661276814187218 0.024741612542531898 0.0625
-0.021625196100276165 -0.013744485935261475 0.0625
0.02523078197550199 -0.004472990152535973 0.0625
-0.015583406611945943 0.02034201165978329 0.0625
-0.0022501809249656033 -0.025526783694874704 0.0625
0.01890288369809682 0.017303207445332952 0.0625
-0.025627327262521704 9.868110859103028e-06 0.0625
0.018890702981899325 -0.01731881464909363 0.0625
-0.0022307931863064408 0.025531618862890952 0.0625
-0.015601918307919661 -0.020333719411681706 0.0625
0.025240367564815704 0.0044546431050084614 0.0625
-0.021621187924696438 0.013765327192804433 0.0625
0.006644648442308635 -0.024755780074118557 0.0625
0.011823092094886732 0.02274322961489478 0.0625
-0.02408154401628226 -0.008784033116505208 0.0625
0.023691231281865104 -0.00979007458343278 0.0625
-0.010856406678151798 0.023222799875092175 0.0625
-0.0076818332869822235 -0.024457911549251542 0.0625
0.02218610180150655 0.012845889881716569 0.0625
-0.025037376790269204 0.005514504824740764 0.0625
0.014737236357598313 -0.020979367591523877 0.0625
0.0033046802944091524 0.025425166433117877 0.0625
-0.01961181821358245 -0.01651594945370673 0.0625
0.025618287296180934 -0.001069278266091054 0.0625
-0.01816839334720455 0.018093907349747692 0.0625
0.001174584747127336 -0.025615236689748074 0.0625
0.016437241486083373 0.019681897579455588 0.0625
-0.025416014105756838 -0.003409725351985033 0.0625
0.021044854208947274 -0.014654491165651377 0.0625
-0.005619024864327833 0.025022121404350704 0.0625
-0.012759294081887322 -0.022246806839003104 0.0625
0.024436551494933928 0.007785560418842212 0.0625
-0.02327853083823868 0.010766150751924806 0.0625
0.009892734596889406 -0.023663765596276247 0.0625
0.008690313570628673 0.02413210413627762 0.0625
-0.022709659249528454 -0.011924402574984914 0.0625
0.02480096805272879 -0.006547670093057984 0.0625
-0.013864995825229784 0.021581517341613416 0.0625
-0.004354621436616722 -0.02527997769270689 0.0625
0.020287958483445147 0.015699641415459348 0.0625
-0.02556544152017281 0.00212795673795882 0.0625
0.017414275996846685 -0.018838869167379698 0.0625
-0.00011527537967793809 0.025655149806361296 0.0625
-0.017245328205616948 -0.018995753606544607 0.0625
0.025548391732806656 0.0023578973402284802 0.0625
-0.020431946456255054 0.015519522029003554 0.0625
0.0045827341519797515 -0.025245961017403923 0.0625
0.013674651493109053 0.021711837935605785 0.0625
-0.024750150018577964 -0.00677274494262741 0.0625
0.022825607118033723 -0.011724830902540478 0.0625
-0.008911153481482385 0.02406473236147588 0.0625
-0.009684980029625197 -0.02376470411820356 0.0625
0.023194934218123898 0.010981576690844772 0.0625
-0.0245219157258976 0.007570709949005833 0.0625
0.01296815016379375 -0.022147394459152436 0.0625
0.005398203565626046 0.025091420809991258 0.0625
-0.020930113982606035 -0.014855649722416027 0.0625
0.025468835068257287 -0.0031840917489777323 0.0625
-0.016629608090173838 0.019552394604426968 0.0625
-0.000945326019936097 -0.02565124477907518 0.0625
0.018024767979270946 0.018276425780043782 0.0625
-0.025637229294369863 -0.0013009512319468097 0.0625
0.019783475350366276 -0.016358915094267408 0.0625
-0.0035375380086312127 0.025426872100938597 0.0625
-0.01456757694969323 -0.02113919823017814 0.0625
0.0250217603636486 0.005747304438094785 0.0625
-0.022333193369118903 0.012664457111836402 0.0625
0.007913323969678194 -0.02442497295292088 0.0625
0.010664116882449927 0.023356297033507827 0.0625
-0.023641057046268225 -0.010019003030995233 0.0625
0.024200653137072443 -0.008581863884909021 0.0625
-0.01204820814862187 0.02267599348225964 0.0625
-0.00643363492362427 -0.024859773564325206 0.0625
0.021537151130933425 0.013985389560656983 0.0625
-0.02532858802592229 0.004235874008171864 0.0625
0.015815700375449136 -0.020233230627707925 0.0625
0.0020054064799081323 0.025603483060910724 0.0625
-0.018774197901863944 -0.017525110360327188 0.0625
0.025682329886939928 0.0002406897970254195 0.0625
-0.01910051348995097 0.01717120800701573 0.0625
0.0024852151959417687 -0.025564500883644502 0.0625
0.015436519834188247 0.020529828431058862 0.0625
-0.025250874581171093 -0.0047109800345541105 0.0625
0.021802091189843532 -0.013583402362800975 0.0625
-0.006900936221739106 0.024743829114821526 0.0625
-0.011626033162528368 -0.022907539215371663 0.0625
0.02404722419387287 0.009038307837732436 0.0625
-0.023837686310732655 0.009579389925830828 0.0625
0.011106719643015133 -0.02316637172220678 0.0625
0.007459135859787521 0.024585387778622323 0.0625
-0.022107995293111908 -0.013090322536887388 0.0625
0.02514489530164543 -0.0052814998124859945 0.0625
-0.014973915000027496 0.020880178868294005 0.0625
-0.0030631520544550025 -0.025511901134397805 0.0625
0.01949230503261375 0.01674305959242637 0.0625
-0.025683571268633756 0.0008210766645146978 0.0625
0.018384193615151104 -0.017954983294913907 0.0625
-0.0014275585049895762 0.02565856731609994 0.0625
-0.01627996898468255 -0.019884733084901452 0.0625
0.02543705693960299 0.00366553328335664 0.0625
-0.021233169225908767 0.014480073363899816 0.0625
0.00587570705608835 -0.02502071275145921 0.0625
0.012569065639715746 0.02241915674026383 0.0625
-0.024412699686136425 -0.00804115004427317 0.0625
0.02343359317676938 -0.010561567631070105 0.0625
-0.010145272985238818 0.023617650942779712 0.0625
-0.008472941890591577 -0.024268688792735766 0.0625
0.022641632679661537 0.012171954222690901 0.0625
-0.02491802636984009 0.006319174141606958 0.0625
0.014105663229454578 -0.021492097730496502 0.0625
0.004116750928512712 0.025376610526084642 0.0625
-0.02017782869563507 -0.015931579618154824 0.0625
0.02564090614507867 -0.001882533415179428 0.0625
-0.017635706729285338 0.018708870841358652 0.0625
0.0003663716993290526 -0.02570886562604291 0.0625
0.017096455322557748 0.019204978922242714 0.0625
-0.025579944745336543 -0.002612743161033921 0.0625
0.02062736175140368 -0.01535291331235634 0.0625
-0.004839377036361519 0.025255107006305417 0.0625
-0.013491581698046266 -0.021891944255477698 0.0625
0.02473681644289177 0.007029218467986281 0.0625
-0.022989022654096893 0.011526701063592309 0.0625
0.009165492307703837 -0.02402901893039792 0.0625
0.009473306737436873 0.023910174810285963 0.0625
-0.02313711214553901 -0.011231831621100427 0.0625
0.024648324885528216 -0.007347113741970412 0.0625
-0.013212403081562815 0.022067904404594232 0.0625
-0.00516439652381365 -0.025197797692354418 0.0625
0.02082956269252756 0.015092028294369977 0.0625
-0.025554362327194775 0.0029418643834222794 0.0625
0.016856300118113506 -0.019431550281130087 0.0625
0.0006965335620082835 0.02571526474678019 0.0625
-0.01788455441232185 -0.018491693093729934 0.0625
0.025679249038629014 0.0015544030404212208 0.0625
-0.019985667135962556 0.016200404597740956 0.0625
0.0037937075138771165 -0.02544656722033745 0.0625
0.01439198216230474 0.021326763688846513 0.0625
-0.025018977491940292 -0.006004228947815456 0.0625
0.02250469361195467 -0.012473121719603584 0.0625
-0.008169034791915764 0.024399730952788596 0.0625
-0.010458505335999775 -0.023510416120027824 0.0625
0.02359354688363018 0.010271540558745058 0.0625
-0.024336208171922606 0.008363550191924921 0.0625
0.012295636876542415 -0.022606576781994448 0.0625
0.006204290598220794 0.02497572377675628 0.0625
-0.021446357423892216 -0.014225812920415599 0.0625
0.02542404276032678 -0.003997255273443937 0.0625
-0.01604727527196865 0.02012175331191752 0.0625
-0.0017593408200426014 -0.025677708618156176 0.0625
0.01864288894677773 0.01774606130154274 0.0625
-0.025734755163926124 -0.0004923176340308556 0.0625
0.019309146199933708 -0.01702107144188008 0.0625
-0.0027404776333013275 0.025594721767219414 0.0625
-0.015268704071821538 -0.020724542840968543 0.0625
0.025258657063116776 0.004967921433342216 0.0625
-0.021981393710219278 0.013399191414273193 0.0625
0.007157587864170675 -0.02472911110344803 0.0625
0.011426836813150565 0.023070054192516044 0.0625
-0.024010116008863016 -0.009292703010477639 0.0625
0.02398216658082418 -0.00936673294642267 0.0625
-0.011356908709336706 0.023107155267747526 0.0625
-0.007234646333938063 -0.02471072423914031 0.0625
0.022027121916534984 0.01333438787774318 0.0625
-0.02525012542482757 0.005046896673251435 0.0625
0.015209985711552288 -0.020778265920292176 0.0625
0.0028202319218194427 0.02559621635920338 0.0625
-0.01937013115398557 -0.01696932582860609 0.0625
0.025746323213453326 -0.000571700086054314 0.0625
-0.018598920462004762 0.017813482468288466 0.0625
0.001681481302944393 -0.02569927276457154 0.0625
0.016120223394196918 0.020086273863541403 0.0625
-0.025455401561518664 -0.003922057029395837 0.0625
0.021419978120751415 -0.014303305118277057 0.0625
-0.006132866335669217 0.025016553529789338 0.0625
-0.012376627423719318 -0.022589800654597175 0.0625
0.024386066031817654 0.008296974357669736 0.0625
-0.02358676272741695 0.01035493235325729 0.0625
0.010397801847900024 -0.023568744487812817 0.0625
0.008253691410184099 0.02440320835680123 0.0625
-0.022570825751201607 -0.01241925218799 0.0625
0.02503286310778288 -0.006088987159372484 0.0625
-0.014345834723012157 0.021399930516242775 0.0625
-0.003877390132630575 -0.025470882312149678 0.0625
0.020065005122405402 0.016162783468135832 0.0625
-0.025713888343093867 0.001635831983701736 0.0625
0.01785617027988364 -0.01857625319960406 0.0625
-0.0006185241375891322 0.025759996659379048 0.0625
-0.016945057675238153 -0.01941301162578472 0.0625
0.025608830418014896 0.0028684150015914718 0.0625
-0.02082136813123255 0.01518389374118818 0.0625
0.0050966094945844665 -0.02526152354193451 0.0625
0.013306233445485366 0.022070436141912706 0.0625
-0.0247207122179 -0.007286040587299093 0.0625
0.023150630600489937 -0.011326442636576547 0.0625
-0.00941993606082632 0.02399051488838753 0.0625
-0.009259671052337506 -0.02405365859910926 0.0625
0.023076500889571697 0.01148194699054114 0.0625
-0.02477258304638248 0.007121736390100622 0.0625
0.013456273005304387 -0.02198564797331924 0.0625
0.0049290032487813926 0.02530187595759458 0.0625
-0.020726289038269258 -0.015327783359054877 0.0625
0.025637460960031846 -0.002698257868114708 0.0625
-0.017082132888823022 0.019308048476440878 0.0625
-0.00044657962202883074 -0.025776744686658724 0.0625
0.017741768620197988 0.018705871971853062 0.0625
-0.025718636815584974 -0.0018087897467747081 0.0625
0.020186549635295058 -0.016039426854528468 0.0625
-0.004050578151445073 0.025463558601244954 0.0625
-0.01421404402478727 -0.02151280903232791 0.0625
0.02501343983011196 0.006261615435761647 0.0625
-0.02267447454903696 0.012279584843351798 0.0625
0.008424964881415796 -0.024371704223277262 0.0625
0.010250851055918329 0.023662629875594518 0.0625
-0.023543243395660912 -0.010524052946116769 0.0625
0.024469686443329784 -0.008143368183075268 0.0625
-0.012542796234080542 0.02253437957056584 0.0625
-0.005973266706673889 -0.025089441700662483 0.0625
0.021352817333784954 0.014465724728129353 0.0625
-0.025517126781578095 0.003757158608958349 0.0625
0.01627810034057153 -0.020007584794329507 0.0625
0.0015120102074608957 0.025749443200437053 0.0625
-0.018508964602641037 -0.017966029871348346 0.0625
0.025784588289765837 0.0007449877363222272 0.0625
-0.019516571509403644 0.016868415352911312 0.0625
0.0029965516455295596 -0.02562226918591861 0.0625
0.015098483968713678 0.02091783406202698 0.0625
-0.025263705253362294 -0.005225437481324851 0.0625
0.022159068148048553 -0.01321270974517113 0.0625
-0.007414572809409034 0.024711618928228322 0.0625
-0.011225520777477089 -0.02323074865936159 0.0625
0.023970215049226137 0.009547187569847614 0.0625
-0.024124647855072127 0.009152123571541406 0.0625
0.011606942545212598 -0.023045148833369108 0.0625
0.007008386680101784 0.024833898528869205 0.0625
-0.021943482740488286 -0.013578054544664812 0.0625
0.02535304676500821 -0.004810719253012652 0.0625
-0.0154454173464477 0.02067363255439287 0.0625
-0.0025759454343351517 -0.025678093876285443 0.0625
0.019245303094495153 0.017194717467903194 0.0625
-0.02580652720254458 0.00032117556620470664 0.0625
0.018812543880653235 -0.017669414046269236 0.0625
-0.0019363248164845082 0.02573733953238109 0.0625
-0.015958016479776963 -0.0202864908259454 0.0625
0.025471036997549754 0.004179267192876246 0.0625
-0.02160525294374073 0.014124200693737772 0.0625
0.006390472457664366 -0.02500963537854627 0.0625
0.012181996088318929 0.022758711986933317 0.0625
-0.024356644848126222 -0.00855300249866949 0.0625
0.023738014453380297 -0.010146263835082757 0.0625
-0.01065028994463012 0.023517043268559735 0.0625
-0.0080325831641311 -0.024535639541518325 0.0625
0.022497238244896967 0.012666265090876051 0.0625
-0.02514545690843454 0.005857132136640066 0.0625
0.014585479027240746 -0.02130501822449163 0.0625
0.0036365638195615516 0.025562773785062054 0.0625
-0.0199494930158166 -0.01639322202655368 0.0625
0.025784371088366828 -0.0013878788050088675 0.0625
-0.01807563628788593 0.018441024179477166 0.0625
0.0008717049453790597 -0.025808528251107264 0.0625
0.016791145826017293 0.019619822166610536 0.0625
-0.02563503657856291 -0.003124883936363382 0.0625
0.021013937081417088 -0.015012476422570791 0.0625
-0.0053544016476026616 0.02526520102821567 0.0625
-0.013118622285616924 -0.02224728633625492 0.0625
0.02470183039733103 0.00754318069659562 0.0625
-0.023310405162378478 0.01112407349695959 0.0625
0.009674453645595932 -0.02394921599257929 0.0625
0.009044093037489207 0.024195131351766604 0.0625
-0.02301309894279995 -0.011731891452314926 0.0625
0.024894667922675577 -0.006894599989825924 0.0625
-0.013699728575935372 0.02190062640532686 0.0625
-0.004692047702363949 -0.02540363533746187 0.0625
0.020620296998064686 0.015562883785198824 0.0625
-0.02571811287172057 0.0024532978452362795 0.0625
0.017307075738470727 -0.019181895875612448 0.0625
0.0001954913267841651 0.025835668815441033 0.0625
-0.017596419944982518 -0.018918932451907046 0.0625
0.02575537927480462 0.002064082946725933 0.0625
-0.02038609381773942 0.015875993791077354 0.0625
0.004308120458702039 -0.02547783542833482 0.0625
0.014033776956855256 0.021697306384093826 0.0625
-0.025005139181113318 -0.006519433605241457 0.0625
0.02284250967112012 -0.012083863286415635 0.0625
-0.008681083340334139 0.02434088724837641 0.0625
-0.010041173099128135 -0.023812913362151755 0.0625
0.02349014378941991 0.010776508931577859 0.0625
-0.02460106477515719 0.007921339023708058 0.0625
0.012789654834219287 -0.022459401800171152 0.0625
0.005740586360977144 0.025200906099427524 0.0625
-0.021256533557654275 -0.014705093713143 0.0625
0.02560782095566513 -0.0035156088949992756 0.0625
-0.016508144665958454 0.019890730496585268 0.0625
-0.0012634411015794488 -0.02581866992280663 0.0625
0.01837243297472478 0.01818498574619309 0.0625
-0.025831814758129967 -0.0009986722693952458 0.0625
0.019722759920038725 -0.016713250465918175 0.0625
-0.003253408235944589 0.02564713112319364 0.0625
-0.014925872790196281 -0.02110967364624281 0.0625
0.0252660097174422 0.0054834982409148894 0.0625
-0.022335087324203785 0.013023973058179726 0.0625
0.007671860409837752 -0.024691345808844932 0.0625
0.011022103074586563 0.023389596914294816 0.0625
-0.023927517241028484 -0.009801730392144268 0.0625
0.024265106105722536 -0.008935581999960996 0.0625
-0.011856789789051627 0.02298035108300657 0.0625
-0.0067803791206050385 -0.02495488847863006 0.0625
0.021857079176476113 0.013821291179671104 0.0625
-0.02545363918125322 0.004572991628088875 0.0625
0.015680178789385536 -0.020566282919694163 0.0625
0.002330318338588584 0.025757515727275367 0.0625
-0.01911782770833634 -0.017419203877168648 0.0625
0.02586416759793703 -6.953032305674922e-05 0.0625
-0.019025033954574177 0.017522787535871675 0.0625
0.002192060563077857 -0.025772754421826912 0.0625
0.015793360329174774 0.020485355000898778 0.0625
-0.025483952591474193 -0.004437134245827555 0.0625
0.02178896589194718 -0.013942774665021394 0.0625
-0.0066484950756627555 0.024999950264528288 0.0625
-0.011985188584351648 -0.022925864315168732 0.0625
0.024324430786866687 0.008809203533517222 0.0625
-0.023887323515787446 0.00993558127399239 0.0625
0.010902705992796184 -0.023462544662390016 0.0625
0.0078096384482057146 0.024665959282142404 0.0625
-0.022420870284087638 -0.012912961538861484 0.0625
0.025255786657506378 -0.005623632305772046 0.0625
-0.014824564879756343 0.0212073637240911 0.0625
-0.0033942969795431504 -0.025652265943083164 0.0625
0.019831297967461754 0.016622864401953933 0.0625
-0.02585233763742385 0.0011387004349864207 0.0625
0.01829407446835793 -0.018303192053469107 0.0625
-0.00112588620315274 0.025854446044298655 0.0625
-0.016634730664473237 -0.019825381098996155 0.0625
0.025658551366633968 0.0033821208975739567 0.0625
-0.021205040221564525 0.014838674779165112 0.0625
0.005612723501216964 -0.025266130192391687 0.0625
0.012928764072587732 0.022422467740089734 0.0625
-0.024680164367284534 -0.007800608104745352 0.0625
0.023468320731794716 -0.01091961180764291 0.0625
-0.009929013910391233 0.023905118338281815 0.0625
-0.008826593026050433 -0.024334569146637425 0.0625
0.022946905140280395 0.011981633631645283 0.0625
-0.025014557462296003 0.006665726889506618 0.0625
0.013942738436663103 -0.02181284128413347 0.0625
0.004453554075458292 0.025503055818802755 0.0625
-0.02051159089136702 -0.015797298474903538 0.0625
0.025796300241206986 -0.0022070101643409945 0.0625
-0.01753109806518425 0.019053099501889274 0.0625
5.670401431780791e-05 -0.025892021640937204 0.0625
0.017448518058951385 0.019130844663695523 0.0625
-0.025789463371685566 -0.0023202540810196995 0.0625
0.020584270773029555 -0.01571011765527558 0.0625
-0.004566304843893954 0.025489387204729555 0.0625
-0.013851195688542105 -0.02188022801521302 0.0625
0.02499406767605179 0.006777653060237238 0.0625
-0.023008772643841293 0.01188597414703653 0.0625
0.008937359200575439 -0.02430727484766422 0.0625
0.009829490802416454 0.023961241841048433 0.0625
-0.02343424561302808 -0.011028877211587516 0.0625
0.024730320214445302 -0.007697484140353785 0.0625
-0.013036181279228688 0.02238164376570871 0.0625
-0.005506272912513775 -0.025310095981898553 0.0625
0.021157509135712647 0.014943888622853013 0.0625
-0.02569610641381606 0.0032726312303467796 0.0625
0.016737377380820345 -0.019771196180605854 0.0625
0.001013660154783586 0.025885372183737366 0.0625
-0.01823330250203673 -0.018402898681164907 0.0625
0.025876420361913257 0.001253343230548208 0.0625
-0.01992768204005615 0.016555587833430245 0.0625
0.0035110182657284265 -0.02566929587537846 0.0625
0.014750884116539383 0.02130003328120466 0.0625
-0.025265561344702 -0.005742073661761964 0.0625
0.022509424222158132 -0.012832997357863082 0.0625
-0.007929419932384664 0.024668285297845507 0.0625
-0.010816602011416815 -0.02354657344342513 0.0625
0.023882018849335763 0.010056300297821834 0.0625
-0.02440351751773051 0.008717128699395246 0.0625
0.012106419054444036 -0.02291276102258727 0.0625
0.006550646128531705 0.025073672154248817 0.0625
-0.02176791297964843 -0.014064066428684614 0.0625
0.02555188278866185 -0.004333738104049033 0.0625
-0.01591423896017885 0.020456221506385916 0.0625
-0.0020833765856569137 -0.025834464229055276 0.0625
0.018987712186911976 0.017642754487522477 0.0625
-0.02591922905372136 -0.0001832082441561444 0.0625
0.019236360860245025 -0.017373612774965186 0.0625
-0.002448659906590969 0.025805504541896757 0.0625
-0.01562626735041885 -0.020682837539690583 0.0625
0.02549413800598414 0.004695628534268327 0.0625
-0.021971089311660388 0.013759041916465068 0.0625
0.006906903744154855 -0.024987490483619593 0.0625
0.011786222157857691 0.023091231393012033 0.0625
-0.0242894188358392 -0.009065546459931687 0.0625
0.024034665277233493 -0.009722904144922275 0.0625
-0.0111550186695127 0.0234052463879965 0.0625
-0.00758487881842192 -0.024794144738422712 0.0625
0.02234172233565207 0.013159310129206075 0.0625
-0.025363831487442444 0.005388511137283051 0.0625
0.015063061039241264 -0.021106970226162067 0.0625
0.003150614818479925 0.02573934005108862 0.0625
-0.01971042590901061 -0.01685167975263603 0.0625
0.02591777153116409 -0.0008883236225500384 0.0625
-0.018511454616607324 0.01816276542757978 0.0625
0.001381039825440244 -0.025897735982138438 0.0625
0.016475823405255722 0.02002965908643549 0.0625
-0.025679363235539144 -0.003640096676908545 0.0625
0.02139464930763386 -0.01466250254913403 0.0625
-0.005871544948837166 0.025264302086418 0.0625
-0.012736674961622759 -0.02259595341918486 0.0625
0.024655707846771444 0.008058292038307695 0.0625
-0.023624351890005186 0.010713076018455605 0.0625
0.01018358564931197 -0.023858218360202996 0.0625
0.008607191620463438 0.0244719482757018 0.0625
-0.022877918659235028 -0.01223114213070169 0.0625
0.02513222984986449 -0.006435139685630791 0.0625
-0.014185271237648808 0.021722294536128853 0.0625
-0.004213546786918895 -0.025600117645714945 0.0625
0.020400175379490005 0.016030996365979558 0.0625
-0.025872005523766735 0.0019594208782657036 0.0625
0.01775416933367309 -0.018921666714939837 0.0625
-0.0003099789137150883 0.025945787964003948 0.0625
-0.017298072964797732 -0.019341578831743127 0.0625
0.025820876369250356 0.002577274437053352 0.0625
-0.020781051714268618 0.015541811015737306 0.0625
0.004825101590887795 -0.025498203753159004 0.0625
0.013666315257486074 0.02206154634840911 0.0625
-0.024980217775675995 -0.007036243307319691 0.0625
0.023173237310107186 -0.01168593481795344 0.0625
-0.009193761425829634 0.024270862177617984 0.0625
-0.009615823779055514 -0.024107590776561452 0.0625
0.023375546755555265 0.011281126445477409 0.0625
-0.024857430034563463 0.00747182521722652 0.0625
0.01328234416289941 -0.022301106105713498 0.0625
0.005270349951041641 0.02541699060458487 0.0625
-0.021055747450491717 -0.01518207822734133 0.0625
0.025781964555023244 -0.003028250928097768 0.0625
-0.01696576767052307 0.019648987947215864 0.0625
-0.0007626942110450486 -0.02594953366710929 0.0625
0.018091581957645292 0.018619738512390644 0.0625
-0.025918391195076298 -0.001508972451369255 0.0625
0.020131308588586066 -0.016395438832526595 0.0625
-0.003769352458618797 0.02568875205304268 0.0625
-0.014573531842852146 -0.021488884792500853 0.0625
0.025262351349859442 0.006001133582603774 0.0625
-0.022682051990387246 0.012639798950353996 0.0625
0.00818722056337809 -0.024642431281158093 0.0625
0.010609036179532079 0.023701652924245167 0.0625
-0.023833716478367593 -0.010310866056194752 0.0625
0.02453985849107123 -0.008496784405773705 0.0625
-0.012355798932354717 0.02284237800105808 0.0625
-0.006319210424085102 -0.02519022785955169 0.0625
0.021675986248037453 0.014306348946355645 0.0625
-0.02564775796106244 0.004092983211638934 0.0625
0.01614756681612055 -0.020343453146379118 0.0625
0.0018351463298087443 0.025908921975801878 0.0625
-0.018854964058639085 -0.01786533879744318 0.0625
0.025971696517994462 0.00043701255953851727 0.0625
-0.019446494871603822 0.017221899930283138 0.0625
0.0027060940598632277 -0.0258355773099649 0.0625
0.015456750271814763 0.020878909718535458 0.0625
-0.02550158322432241 -0.0049547202799913835 0.0625
0.022151595702435363 -0.013573017639266787 0.0625
-0.007165667923365052 0.02497224866150538 0.0625
-0.011585114347163243 -0.023254787153684134 0.0625
0.024251604320139935 0.009322000209148786 0.0625
-0.024180015304119642 0.009508252199670565 0.0625
0.01140719661635514 -0.02334514650534059 0.0625
0.007358326087340523 0.02492017329779959 0.0625
-0.022259795209442896 -0.013405279453769813 0.0625
0.025469570779613416 -0.005151792338814001 0.0625
-0.015300936287754927 0.021003841284823698 0.0625
-0.002905542756729596 -0.025823977642664114 0.0625
0.019586883110808428 0.017079637291334014 0.0625
-0.025980656596988214 0.0006367753052474245 0.0625
0.01872774661124632 -0.018019753240956216 0.0625
-0.0016371375624082175 0.02593838430977828 0.0625
-0.016314435588186786 -0.0202326269040603 0.0625
0.02569746095357721 0.003898781930215457 0.0625
-0.021582736236092734 0.014483973783573679 0.0625
0.006130835776098611 -0.025259708087911652 0.0625
0.012542371408702726 0.022767716605890817 0.0625
-0.024628454889097658 -0.008316201643519797 0.0625
0.02377847341108043 -0.010504484863073534 0.0625
-0.010438137607065615 0.02380851283251356 0.0625
-0.00838590968889395 -0.024607245247888165 0.0625
0.02280613902006751 0.012480385530798077 0.0625
-0.025247663508968527 0.006202861221879713 0.0625
0.014427295638286559 -0.021628988431396365 0.0625
0.003972050479468309 0.025694801322223834 0.0625
-0.02028605546440041 -0.016263946436682275 0.0625
0.025945211453113824 -0.0017105562408793382 0.0625
-0.01797625907761566 0.01878760521126736 0.0625
0.0005643057071742723 -0.025996952880459865 0.0625
0.0171450949936176 0.019551105279748987 0.0625
-0.025849605839669464 -0.0028351151535214 0.0625
0.02097640798207165 -0.015371086759552196 0.0625
-0.005084480860965261 0.02550427521758809 0.0625
-0.013479151008707153 -0.022241233960472364 0.0625
0.024963582271119462 0.007295173760305515 0.0625
-0.02333587769387231 0.011483762983300934 0.0625
0.009450258916453255 -0.024231644731878933 0.0625
0.009400191918162657 0.02425193583823175 0.0625
-0.023314045448126503 -0.011533225257606475 0.0625
0.02498237173748112 -0.007244384195382292 0.0625
-0.013528112075395931 0.022217789801767564 0.0625
-0.005032841300716278 -0.025521569474501453 0.0625
0.02095125222700395 0.01541963132245587 0.0625
-0.0258653770481331 0.0027824935144415896 0.0625
0.01719328477547559 -0.01952411223665238 0.0625
0.0005105703015101359 0.026011138344317338 0.0625
-0.017947280446849703 -0.01883547516157016 0.0625
0.025957713654362655 0.0017655316021285292 0.0625
-0.020333610398092138 0.016232815164924398 0.0625
0.004028381402634161 -0.025705488582692046 0.0625
0.014393830176648732 0.02167620014776106 0.0625
-0.02525637127389418 -0.006260647736074352 0.0625
0.022852943946273283 -0.012444394440409361 0.0625
-0.00844523141054169 0.02461377797946508 0.0625
-0.010399424454580086 -0.023854810227991373 0.0625
0.0237826070726918 0.010565396387545051 0.0625
-0.024674105644071513 0.008274570119661711 0.0625
0.012604897995998088 -0.022769201709995975 0.0625
0.006086094972725796 0.02530453413882504 0.0625
-0.021581301423366638 -0.01454810739834544 0.0625
0.025741245333151207 -0.0038507517056441476 0.0625
-0.016380131356716295 0.020227983012073143 0.0625
-0.0015856539241814241 -0.025980871841274455 0.0625
0.01871959118743039 0.018086926377233872 0.0625
-0.026021555234767485 -0.0006918548720251887 0.0625
0.019655406362464184 -0.017067659497611333 0.0625
-0.0029643340872966208 0.02586296045349201 0.0625
-0.015284822139525523 -0.02107354294282455 0.0625
0.025506278551369742 0.005214379585332842 0.0625
-0.022330457719503406 0.013384717331250259 0.0625
0.007424756981188195 -0.02495421775512703 0.0625
0.01138188298243545 0.02341650571229931 0.0625
-0.024210982902400927 -0.009578533650807427 0.0625
0.024323349370130438 -0.00929164546345669 0.0625
-0.011659208442369694 0.02328224341633287 0.0625
-0.007130002323216179 -0.02504402257767174 0.0625
0.02217509005918949 0.013650838101260871 0.0625
-0.025572984167141467 0.0049134998511378624 0.0625
0.015538159435514958 -0.020897980796156297 0.0625
0.002659106424876942 0.025906160522570266 0.0625
-0.019460676182373134 -0.01730670628758733 0.0625
0.026040976950766466 -0.0003840826078459959 0.0625
-0.01894292041726773 0.01787416476552293 0.0625
0.0018941510044511172 -0.025976377576027353 0.0625
0.01615057907601753 0.020434255442988488 0.0625
-0.025712833605726584 -0.004158147179239554 0.0625
0.02176927304633604 -0.014303102846378028 0.0625
-0.00639056566273709 0.025252339901685267 0.0625
-0.012345870167597427 -0.02293773070303224 0.0625
0.024598399882305087 0.008574305991169956 0.0625
-0.023930660264635233 0.010293857357599648 0.0625
0.010692638481080808 -0.023755998870030916 0.0625
0.008162768364472455 0.02474043679137391 0.0625
-0.022731566085948413 -0.012729332397268917 0.0625
0.025360837105150233 -0.005968914585252113 0.0625
-0.014668780312024548 0.021532925582873338 0.0625
-0.003729090018549324 -0.02578708761441578 0.0625
0.02016923648931265 0.016496117708060254 0.0625
-0.026015901043514634 0.0014604427048173245 0.0625
0.0181973369042609 -0.018650923022542995 0.0625
-0.0008196565583096606 0.02604550178296475 0.0625
-0.016989594805086366 -0.01975939443300281 0.0625
0.025875639666023437 0.0030937472220778513 0.0625
-0.02117031104698779 0.015197958092249988 0.0625
0.0053444126976005 -0.025507592064280132 0.0625
0.0132897185918023 0.022419263586271165 0.0625
-0.02494415428508088 -0.007554413743109473 0.0625
0.023496668002518033 -0.01127947661815234 0.0625
-0.009706820511532292 0.0241896183425224 0.0625
-0.009182615381239411 -0.02439425290432616 0.0625
0.02324974026370834 0.01178514224225144 0.0625
-0.025105123056913783 0.0070151832689685275 0.0625
0.01377345360550911 -0.022131696179391404 0.0625
0.004793771019032051 0.025623812351347884 0.0625
-0.02084402753289876 -0.01565651673290578 0.0625
0.02594632583429079 -0.002535384724418462 0.0625
-0.017419897995797805 0.019396575827088654 0.0625
-0.00025731564307748605 -0.026070170476232554 0.0625
0.017800407407456108 0.019050078638383146 0.0625
-0.025994374441128194 -0.0020229921933664157 0.0625
0.020534558418711147 -0.01606772885471183 0.0625
-0.004288075554805101 0.025719494708028055 0.0625
-0.01421179363691228 -0.02186195145959801 0.0625
0.025247612985572435 0.006520585750586688 0.0625
-0.023022073578500852 0.012246800731051883 0.0625
0.008703421507694448 -0.02458231994868267 0.0625
0.010187785992975611 0.024006020423246538 0.0625
-0.023728687917212346 -0.010819859968019041 0.0625
0.02480623581570674 -0.008050507105490216 0.0625
-0.012853684803052054 0.022693232184591704 0.0625
-0.005851322983295705 -0.025416569779282878 0.0625
0.021483861290185632 0.014789310466146257 0.0625
-0.02583232580311031 0.003607068560751396 0.0625
0.016611901626035906 -0.02010981661693874 0.0625
0.0013349259194409438 0.02605029698083315 0.0625
-0.01858160177306949 -0.018307486871415764 0.0625
0.026068790745823026 0.000947707259912988 0.0625
-0.019863065810945983 0.016910902299700884 0.0625
0.003223350909345421 -0.025887642011493094 0.0625
0.015110496317524084 0.021266708749547756 0.0625
-0.025508214615245998 -0.005474576434990271 0.0625
0.0225076481776757 -0.013194156794201443 0.0625
-0.0076841401980486555 0.02493339105329905 0.0625
-0.011176546182516161 -0.023576361369602464 0.0625
0.02416755058405004 0.009835115595018833 0.0625
-0.024464643458560673 0.009073104234246652 0.0625
0.011911022727098357 -0.023216535865510736 0.0625
0.0068999298462281995 0.025165670428524838 0.0625
-0.022087608381831984 -0.013895954662088726 0.0625
0.025674051537074055 -0.004673657847089922 0.0625
-0.01577469932322268 0.02078939299888089 0.0625
-0.0024113316624781002 -0.025985870768814555 0.0625
0.019331812070893992 0.017532856072404103 0.0625
-0.02609871699888159 0.0001302728378801003 0.0625
0.01915694609042508 -0.017726009604210058 0.0625
-0.002152051583788638 0.026011702635173904 0.0625
-0.01598426605448071 -0.020634515712746347 0.0625
0.025725470594913508 0.004418162816176007 0.0625
-0.021954231924799877 0.01411990441157793 0.0625
0.006650704187419872 -0.0252421895605638 0.0625
0.012147188289495542 0.023105969286302243 0.0625
-0.024565537550515975 -0.008832574078613188 0.0625
0.024080887618578673 -0.01008121279913208 0.0625
-0.010947056926407166 0.023700673928181894 0.0625
-0.007937789041655955 -0.024871499856867634 0.0625
0.022654200063787926 0.012977951281688153 0.0625
-0.025471729548122525 0.0057333231050850485 0.0625
0.014909693948660633 -0.02143410894712613 0.0625
0.003484690488170214 0.025876957553036564 0.0625
-0.020049724137380348 -0.016727479248677846 0.0625
0.02608405759199537 -0.0012091069173024913 0.0625
-0.018417372496823736 0.01851162851596911 0.0625
0.0010760034601041831 -0.026091420362905574 0.0625
0.01683158338549274 0.019966416822685157 0.0625
-0.02589896604373366 -0.0033531414920236814 0.0625
0.021362732513721658 -0.015022438535310432 0.0625
-0.00560486702828634 0.025508145083389125 0.0625
-0.013098033960674434 -0.022595608121159724 0.0625
0.024921927273004005 0.007813932492612098 0.0625
-0.023655582630575833 0.01107309398533215 0.0625
0.009963414993780907 -0.024144779180222422 0.0625
0.008963114601485167 0.024534518064161022 0.0625
-0.023182630118172395 -0.012036845965783825 0.0625
0.02522566196057785 -0.006784244884337231 0.0625
-0.014018337345509044 0.022042826907352573 0.0625
-0.004553163392776688 -0.02572369925027655 0.0625
0.020734077777456346 0.01589270331688071 0.0625
-0.02602479312900606 0.0022869505006534187 0.0625
0.017645576693699018 -0.019266385835095958 0.0625
2.957634121986423e-06 0.026126614615223313 0.0625
-0.017650972607849633 -0.01926351904499647 0.0625
0.026028360562964148 0.0022813255805195355 0.0625
-0.020734123720675613 0.01590019224838859 0.0625
0.004548405242933298 -0.02573075999161426 0.0625
0.014027437053148612 0.022046110988561077 0.0625
-0.025236068682239446 -0.0067809171551710895 0.0625
0.023189414550909653 -0.012047035020537616 0.0625
-0.008961759817667331 0.024548052080978714 0.0625
-0.009974140231310625 -0.024155258778289893 0.0625
0.02367195663832186 0.011074225431758632 0.0625
-0.02493622606886651 0.007824616887898251 0.0625
0.013102127900536688 -0.02261446980315873 0.0625
0.005614917904270435 0.025526313813950954 0.0625
-0.021383668976633994 -0.0150299268493809 0.0625
0.02592098053472431 -0.003361958970368844 0.0625
-0.016842846717286877 0.019988959814306966 0.0625
-0.0010829890594014372 -0.026117180833643148 0.0625
0.018441004349469648 0.018526990003312503 0.0625
-0.02611338889259371 -0.001204541632391124 0.0625
0.02006944380189426 -0.016751639486408728 0.0625
-0.003483115304204944 0.025909610336275094 0.0625
-0.014933786485079958 -0.021458378811504922 0.0625
0.02550738236830144 0.00573528070082579 0.0625
-0.022683140054229778 0.013001352132766686 0.0625
0.007943786768865948 -0.024909762178125877 0.0625
0.010969122354429572 0.023734328614341577 0.0625
-0.024121303705450438 -0.010091714797269244 0.0625
0.024603873765729922 -0.008852649079231984 0.0625
-0.012162608025304524 0.023148022939827886 0.0625
-0.006668131227582462 -0.025285094936182063 0.0625
0.02199735201837926 0.01414059773063027 0.0625
-0.02577275303310081 0.004432290727692969 0.0625
0.01601052482683438 -0.02067808247322077 0.0625
0.002162244513773252 0.02606309073503481 0.0625
-0.01920029806168168 -0.01775805604064203 0.0625
0.026153861440169013 0.00012462651580054612 0.0625
-0.019369793779643773 0.017575297691193554 0.0625
0.0024108105791030335 -0.026044346648585466 0.0625
0.01581550902995212 0.02083337884558103 0.0625
-0.02573536164350908 -0.004678799106373543 0.0625
0.022137585207377714 -0.013934393463157682 0.0625
-0.006911220829651232 0.025229249426881394 0.0625
-0.011946343119950343 -0.023272406108101825 0.0625
0.02452986295427428 0.009090974834665554 0.0625
-0.02422913084259247 0.009866570762556476 0.0625
0.011201361557852441 -0.02364253580414473 0.0625
0.007710993375423503 0.02500041161989488 0.0625
-0.022574041503815555 -0.013226210726584272 0.0625
0.025580319994684166 -0.0054961103491070465 0.0625
-0.01515000525915793 0.021332541823408834 0.0625
-0.0032388771897144376 -0.025964392435602023 0.0625
0.019927524432244388 0.01695800017697556 0.0625
-0.026149664680340558 0.0009565757187747981 0.0625
0.018636335619063384 -0.018369730392513377 0.0625
-0.001333318239478281 0.026134694612186968 0.0625
-0.016671072047140887 -0.020172143088899547 0.0625
0.02591957348229157 0.003613268672004289 0.0625
-0.021553644123555076 0.014844541926079763 0.0625
0.0058658136693455635 -0.025505925389926923 0.0625
0.012904113370637934 0.022770240624941217 0.0625
-0.024896895023669794 -0.008073699163355447 0.0625
0.023812596162097507 -0.010864633634911903 0.0625
-0.010220011091629653 0.024097123755481002 0.0625
-0.00874171028043581 -0.024672707621437154 0.0625
0.023112714269980076 0.012288304971567863 0.0625
-0.0253439666532666 0.006551591736220341 0.0625
0.01426273189341549 -0.02195118399851244 0.0625
0.004311042936929102 0.02582121044405072 0.0625
-0.020621407712232715 -0.016128159968386634 0.0625
0.026100761424516145 -0.0020372169890539695 0.0625
-0.01787029029812655 0.019133549714067284 0.0625
0.00025247614791696195 -0.026180455607088527 0.0625
0.017498986147222652 0.019475766578476692 0.0625
-0.026059659335495065 -0.0025405029655454197 0.0625
0.020932277498616956 -0.015730218012503648 0.0625
-0.004809340670360364 0.025739274316041193 0.0625
-0.013840775562811583 -0.022228651147109167 0.0625
0.025221730891306887 0.007041611381388221 0.0625
-0.023354940704883476 0.01184511480195009 0.0625
0.009220215235235548 -0.02451096960578937 0.0625
0.009758506882955376 0.02430250076463969 0.0625
-0.023612411203788364 -0.011328461375809593 0.0625
0.025064053692636472 -0.007596921250917124 0.0625
-0.013350195827047882 0.02253291528807299 0.0625
-0.00537690342274711 -0.025633745523868542 0.0625
0.02128072795347443 0.015269925270616495 0.0625
-0.026007190959918977 0.0031154483424234306 0.0625
0.017072935775904696 -0.019865418797292783 0.0625
0.0008298702796449342 0.02618150712466649 0.0625
-0.01829780778500149 -0.018745405577451208 0.0625
0.026155335817930198 0.0014623297341222012 0.0625
-0.020274511031277417 0.01658988253251392 0.0625
0.003743597912529787 -0.025928854094797605 0.0625
0.014754706636663627 0.02164852493972729 0.0625
-0.02550377308868199 -0.005996462143716122 0.0625
0.02285690649180712 -0.012806319753339972 0.0625
-0.008203665807938233 0.024883325085519922 0.0625
-0.010759630190131122 -0.023890382126948474 0.0625
0.02407223894711955 0.01034829996051433 0.0625
-0.024741016703296176 0.008630300834108826 0.0625
0.012413932869165954 -0.023076704069685542 0.0625
0.00643462928566851 0.025402274424862377 0.0625
-0.02190432315314107 -0.014384735910080795 0.0625
0.02586906905786745 -0.004189423120106759 0.0625
-0.01624560485990041 0.020564054141534935 0.0625
-0.0019118712263897415 -0.026137803052546385 0.0625
0.019066141776567 0.01798227565565178 0.0625
-0.026206395267872648 -0.0003805877875365407 0.0625
0.019581433731506823 -0.017422039289893908 0.0625
-0.002670399117172777 0.026074297086498856 0.0625
-0.01564432082945515 -0.021030816098883933 0.0625
0.025742496794827586 0.004940026191053201 0.0625
-0.022319305383489165 0.013746585292302648 0.0625
0.007172084974631937 -0.02521351219320027 0.0625
0.011743352298461992 0.02343701509992703 0.0625
-0.024491371491850124 -0.009349477121646504 0.0625
0.024375365510472462 -0.009649951099921157 0.0625
-0.011455520954893269 0.023581582636710396 0.0625
-0.007482403277561398 -0.025127149484013078 0.0625
0.022491091300027695 0.0134740792684999 0.0625
-0.025686587850916587 0.005257300122414951 0.0625
0.015389682977955822 -0.021228227854392764 0.0625
0.0029916756377222405 0.02604937382891687 0.0625
-0.019802643736623764 -0.017187649665976894 0.0625
0.026212706177233425 -0.0007028761384686823 0.0625
-0.01885419611768612 0.01822523768722454 0.0625
0.0015915725588483197 -0.02617531082508709 0.0625
0.016508072427743693 0.020376543983717365 0.0625
-0.02593745080659595 -0.0038740993347377317 0.0625
0.02174301775852707 -0.01466428241518747 0.0625
-0.006127222327788784 0.025500924425319305 0.0625
-0.012707973378099837 -0.022943134324270212 0.0625
0.02486905166058405 0.008333682829529915 0.0625
-0.02396768337432146 0.010654114400938008 0.0625
0.010476577484139308 -0.024046648918691876 0.0625
0.008518423386333712 0.024808798096868038 0.0625
-0.023039992321203 -0.012539487782158678 0.0625
0.02546001557908751 -0.006317246766798125 0.0625
-0.014506605857688983 0.021856769809138397 0.0625
-0.004067434390547061 -0.02591632646573575 0.0625
0.020506022429845235 0.016362855622008173 0.0625
-0.02617421349182652 0.001786210537503018 0.0625
0.018094008307153464 -0.018998075254632023 0.0625
-0.0005089579489622302 0.026231678592994925 0.0625
-0.0173444584535491 -0.019686791535268238 0.0625
0.026088258383910108 0.0028004954015930666 0.0625
-0.021128991073988995 0.015557819133647663 0.0625
0.005070851917759935 -0.02574502788555783 0.0625
0.013651824611083717 0.022409544502024332 0.0625
-0.02520459247094717 -0.00730263776819535 0.0625
0.023518626063149327 -0.011641057860080992 0.0625
-0.00947875659184775 0.024471068090144796 0.0625
-0.009540905937421925 -0.024447722059391695 0.0625
0.02355004992386555 0.011582536362275768 0.0625
-0.02518969620544252 0.007367442234419943 0.0625
0.013597857117637465 -0.022448569705179798 0.0625
0.0051373034604451475 0.025738844440947584 0.0625
-0.021175042034810892 -0.015509274477679212 0.0625
0.026090938780854382 -0.0028675622981391303 0.0625
-0.017302138002657435 0.01973920009871214 0.0625
-0.000575596703084893 -0.02624325986678099 0.0625
0.018152021280652915 0.01896270348412176 0.0625
-0.026194617967949425 -0.0017210431468098857 0.0625
0.02047823830860901 -0.016425643237810157 0.0625
-0.004004769239157085 0.025945362270376977 0.0625
-0.01457327107934016 -0.021837119087646788 0.0625
0.02549737838122354 0.006258090418387578 0.0625
-0.023028920802239936 0.012609076361262978 0.0625
0.008463746350936073 -0.024854074066579433 0.0625
0.010548088665968076 0.024044496781901587 0.0625
-0.02402035332984464 -0.010604839739921651 0.0625
0.02487604890160574 -0.008406080599477974 0.0625
-0.012664965773176709 0.02300257902854074 0.0625
-0.0061994470851168115 -0.025517187459413244 0.0625
0.0218085243145411 0.014628337814737177 0.0625
-0.02596298027529631 0.003945079875563351 0.0625
0.01647990837832427 -0.02044731326707833 0.0625
0.0016602382469953307 0.026209990632642618 0.0625
-0.01892935117430377 -0.018205484451666885 0.0625
0.026256303771556338 0.0006375831363488587 0.0625
-0.019791836292670808 0.017266244993168568 0.0625
0.0029307881775539426 -0.026101541729528357 0.0625
0.015470714598227542 0.021226798859465112 0.0625
-0.025746866414248067 -0.005201814091916867 0.0625
0.022499365098492576 -0.013556495497167927 0.0625
-0.007433265915194481 0.0251949708837698 0.0625
-0.01153823375550835 -0.02359977037607035 0.0625
0.024450058899480747 0.009608049740291849 0.0625
-0.02451956740362497 0.009431373936977164 0.0625
0.011709503663834981 -0.02351781290738225 0.0625
0.007252040915813401 0.02525169108308132 0.0625
-0.022405350690631157 -0.013721525441066452 0.0625
0.025790512775024258 -0.005016916463457477 0.0625
-0.0156286958677775 0.021121171025123453 0.0625
-0.002743111558658497 -0.026131883571161765 0.0625
0.019675088752816802 0.017416396945659624 0.0625
-0.026273166240227245 0.00044803539300314647 0.0625
0.019070923926897927 -0.0180781597673677 0.0625
-0.0018507379207432686 0.026213255599957876 0.0625
-0.01634259648830923 -0.020579590375425425 0.0625
0.025952587158648534 0.004135603918746484 0.0625
-0.021930825443853955 0.014481674466414721 0.0625
0.0063890626059715915 -0.0254931339583225 0.0625
0.012509630837576648 0.023114262616565375 0.0625
-0.024838391642420746 -0.00859385248987456 0.0625
0.024120819240032877 -0.010441555400880646 0.0625
-0.010733082803113464 0.023993351861328383 0.0625
-0.008293275152484906 -0.024942766230816833 0.0625
0.022964464217105744 0.012790362904205264 0.0625
-0.025573787424466487 0.006081233161801963 0.0625
0.014749927860313204 -0.021759587039177845 0.0625
0.003822362715622216 0.026009028110835313 0.0625
-0.020387927364571304 -0.01659675925525717 0.0625
0.02624513238299048 -0.0015339576914975472 0.0625
-0.01831670029260553 0.01885997058297983 0.0625
0.0007664598426538038 -0.026280269011362864 0.0625
0.017187400283764927 0.01989656431361046 0.0625
-0.026114145644728796 -0.0030612737946632586 0.0625
0.021324235899220532 -0.01538300891615143 0.0625
-0.005332908947941805 0.02574801122714068 0.0625
-0.01346059994805583 -0.022588763778445233 0.0625
0.02518464661154298 0.0075639655638888754 0.0625
-0.023680444832158396 0.011434882270976943 0.0625
0.00973735265768783 -0.024428343439943278 0.0625
0.009321357656884 0.024590898548699888 0.0625
-0.023484871451077773 -0.01183641892323655 0.0625
0.025313131357584468 -0.0071362021323441984 0.0625
-0.013845080306065478 0.02236143446468938 0.0625
-0.0048961421726504495 -0.025841590350154413 0.0625
0.02106661537702013 0.015747943248459434 0.0625
-0.026172205972382883 0.0026183266677719443 0.0625
0.017530422658191998 -0.019610310589716535 0.0625
0.00032019563854648186 0.02630242336274466 0.0625
-0.018003654370309208 -0.019178853701784324 0.0625
0.026231222093726542 0.001980653293636372 0.0625
-0.020680596561311118 0.016258933724826077 0.0625
0.004266599657863956 -0.02595912416395274 0.0625
0.014389494432625655 0.022024133353515538 0.0625
-0.025488190178980547 -0.00652013507529712 0.0625
0.023199156468948857 -0.012409638960470542 0.0625
-0.008723997359808092 0.024822003748006756 0.0625
-0.010334517039344723 -0.02419664765134818 0.0625
0.023965644215474525 0.010861302745863059 0.0625
-0.025008947211992504 0.00818000974007809 0.0625
0.012915675236360545 -0.022925647933894105 0.0625
0.005962607932883631 0.025629812848296674 0.0625
-0.021709958374247038 -0.01487137207484437 0.0625
0.02605446761318293 -0.0036992860653917796 0.0625
-0.016713404382714184 0.020327865454588936 0.0625
-0.0014073722199607697 -0.02627963666861631 0.0625
0.01878993454900183 0.018427652038288205 0.0625
-0.026303572538971084 -0.0008955845504955143 0.0625
0.020000971914320827 -0.01710792572121324 0.0625
-0.0031919485942493073 0.026126068670423223 0.0625
-0.01529470379967783 -0.021421298645976646 0.0625
0.02574846119081916 0.005464132712963654 0.0625
-0.02267773715770643 0.013364139980035423 0.0625
0.007694732856688798 -0.025173618855146632 0.0625
0.011331005711221434 0.023760646236419315 0.0625
-0.024405921252634535 -0.009866661431821917 0.0625
0.024661712513395814 -0.009210859672507036 0.0625
-0.011963278202731015 0.023451225440135552 0.0625
-0.007019928710090795 -0.025374014284406065 0.0625
0.022316821257466066 0.013968517779718465 0.0625
-0.025892074679511153 0.004774983642968554 0.0625
0.015867012721955367 -0.021011375663704333 0.0625
0.0024932108868231046 0.02621190377431267 0.0625
-0.01954486652119145 -0.017644211307644497 0.0625
0.026331029317799313 -0.00019208088190453867 0.0625
-0.019286489070813435 0.01792850633269247 0.0625
0.002110785669399849 -0.026248515841050066 0.0625
0.0161746565131973 0.020781253250949143 0.0625
-0.02596497199879671 -0.004397752733124355 0.0625
0.022117039352065677 -0.014296732854018722 0.0625
-0.006651304004410641 0.02548254608630996 0.0625
-0.012309102901327905 -0.023283599072405476 0.0625
0.024804909764370272 0.008854177069691367 0.0625
-0.024271978931170973 0.010226976032278196 0.0625
0.010989495638025131 -0.023937230115905782 0.0625
0.008066287073778329 0.025074588986529703 0.0625
-0.022886130247122636 -0.01304089883066878 0.0625
0.025685261120366613 -0.005843574349538432 0.0625
-0.01499266653989214 0.021659638732527343 0.0625
-0.0035758530929025745 -0.026099296439903878 0.0625
0.02026712829103271 0.016829839893321073 0.0625
-0.026313501433123967 0.0012804851928011492 0.0625
0.018538335902457098 -0.018719244161228044 0.0625
-0.0010249537318672488 0.026326212599755615 0.0625
-0.01702782272164516 -0.02010505541798443 0.0625
0.026137309367239358 0.003322808908321649 0.0625
-0.02151798356069822 0.015205800981254526 0.0625
0.005595481607676271 -0.025748215192089655 0.0625
0.01326711762845987 0.02276628186227627 0.0625
-0.02516188683628258 -0.007825563930996244 0.0625
0.02384037140582956 -0.011226606398734405 0.0625
-0.00999597214660037 0.024382791900116555 0.0625
-0.00909988257549423 -0.024732006330102224 0.0625
0.023416874781287646 0.012090077562923025 0.0625
-0.02543433713377786 0.006903223490901093 0.0625
0.014091833929679404 -0.02227151132048152 0.0625
0.0046534439441478104 0.025941963292292935 0.0625
-0.020955452479423847 -0.01598590039324057 0.0625
0.026250974784117875 -0.002367767489346746 0.0625
-0.01775775906541286 0.019478757480259033 0.0625
-6.369457627601134e-05 -0.02635898220722782 0.0625
0.017852716918814435 0.01939382630160116 0.0625
-0.02626513525303995 -0.002241131441820874 0.0625
0.02088155683713788 -0.016089766438869783 0.0625
-0.004529059413124443 0.025970129395757522 0.0625
-0.014203391625788589 -0.022209539984530947 0.0625
0.02547620074402252 0.0067825655654970545 0.0625
-0.02336758715081643 0.012208024850441571 0.0625
0.008984387724801958 -0.0247871090934467 0.0625
0.010118934848136195 0.024346810007456317 0.0625
-0.023908109307708925 -0.011117657546922465 0.0625
0.02513968871006126 -0.007952109881108185 0.0625
-0.013166029747176101 0.022845911246795872 0.0625
-0.005724135377264123 -0.025740129645803134 0.0625
0.021608628547938363 0.015113807338894565 0.0625
-0.026143512265315246 0.0034520669798413744 0.0625
0.01694606192312762 -0.02020571664894676 0.0625
0.001153299982955435 0.026346724637975688 0.0625
-0.01864790052981225 -0.018648748103565232 0.0625
0.02634818745793691 0.001154563848999404 0.0625
-0.020208811154590063 0.01694709272170647 0.0625
0.0034538510604317494 -0.02614786631548269 0.0625
0.015116302212858188 0.021614287113146682 0.0625
-0.025747272138255662 -0.005726951845319088 0.0625
0.02285439452881722 -0.013169534947034753 0.0625
-0.00795645491894629 0.02514944979761536 0.0625
-0.011121686674052172 -0.02391961716926528 0.0625
0.024358954966150953 0.010125280882870853 0.0625
-0.024801777044503343 0.008988428974784591 0.0625
0.012216813063564369 -0.023381819402474288 0.0625
0.006786089331577708 0.02549409719099398 0.0625
-0.02222550492686786 -0.014215024823959062 0.0625
0.025991253733944755 -0.0045315261598829005 0.0625
-0.01610460236922815 0.020898846440151927 0.0625
-0.0022419997621239886 -0.026289416826294116 0.0625
0.01941198442063952 0.01787106210757628 0.0625
-0.026386280151294263 -6.495981384231639e-05 0.0625
0.019500861667980554 -0.01777628741346986 0.0625
-0.0023716869954250206 0.02628107876012193 0.0625
-0.01600426510776811 -0.02098150372018832 0.0625
0.025974595107394728 0.004660515959301716 0.0625
-0.022301631805423182 0.014109472662553245 0.0625
0.006913915924615277 -0.025469153236559537 0.0625
0.01210640701628526 0.02345111743938952 0.0625
-0.024768601158482468 -0.009114625425766052 0.0625
0.024421137821178093 -0.010010395972139404 0.0625
-0.011245784538152738 0.023878281557127286 0.0625
-0.0078374809058849 -0.02520424355242366 0.0625
0.02280499104433829 0.013291064045728256 0.0625
-0.02579441584521881 0.00560429399692102 0.0625
0.01523479055633131 -0.021556928276188107 0.0625
0.003327930920705303 0.02618711278066014 0.0625
-0.020143631324747738 -0.01706206661142319 0.0625
0.026379304262592763 -0.0010258199752174813 0.0625
-0.018758884865434103 0.01857590478564604 0.0625
0.0012844113533073322 -0.026369495396679384 0.0625
0.01686573717793646 0.020312235461533323 0.0625
-0.02615773811523146 -0.0035850713653939196 0.0625
0.02171020578176157 -0.015026209266264284 0.0625
-0.005858539632531439 0.025745630957000422 0.0625
-0.013071394008758681 -0.022942071804172084 0.0625
0.0251363070025708 0.008087401948247046 0.0625
-0.023998380367921197 0.011016248894999359 0.0625
0.01025458371817752 -0.024334410055863048 0.0625
0.008876501495824083 0.024871021715937466 0.0625
-0.023346059253378917 -0.012343480762642306 0.0625
0.025553291756189585 -0.006668529104911635 0.0625
-0.01433808653168398 0.022178802370956433 0.0625
-0.004409233388121969 -0.02603994356616524 0.0625
0.02084155818323655 0.01622311475934155 0.0625
-0.026327227742809305 0.0021159110043316733 0.0625
0.017984116614155648 -0.019344548317509272 0.0625
-0.00019387881351756386 0.026412921288749357 0.0625
-0.017699219122203874 -0.019607591449849537 0.0625
0.02629634481211935 0.0025024487051933516 0.0625
-0.02108109030850176 0.015918154145653736 0.0625
0.004792118624904051 -0.02597836790648804 0.0625
0.014014977897658414 0.022393311379252205 0.0625
-0.02546140266892523 -0.007045351242546202 0.0625
0.023534186684577584 -0.012004251625797055 0.0625
-0.009244886269389933 0.02474938540380438 0.0625
-0.009901361907271124 -0.024494959325976444 0.0625
0.023847746652057848 0.011373872674655009 0.0625
-0.025268250697971607 0.007722402907415379 0.0625
0.013415997785749664 -0.022763369772789796 0.0625
0.005484053204094578 0.025848117154923685 0.0625
-0.021504538394334298 -0.015355612278466855 0.0625
0.02623009569402599 -0.0032034481238564258 0.0625
-0.017177850101434293 0.020080873135714345 0.0625
-0.0008980485655699982 -0.026411238304439224 0.0625
0.01850325808060494 0.018868742417090967 0.0625
-0.026390134718120215 -0.0014144926862539999 0.0625
0.02041532468298161 -0.01678375756761405 0.0625
-0.0037164661301479925 0.026166923386280298 0.0625
-0.014935523932372918 -0.021805736054201795 0.0625
0.025743290596507318 0.005990241169083098 0.0625
-0.023029310345851355 0.012972696905210725 0.0625
0.008218401141189569 -0.02512245773570918 0.0625
0.010910295437671058 0.024076657854916955 0.0625
-0.024309156795463516 -0.010383876727579637 0.0625
0.024939737417353915 -0.008764102780857668 0.0625
-0.012470076717003693 0.023309594305179194 0.0625
-0.006550545698867479 -0.025611918144626513 0.0625
0.022131403968895246 0.014461015122237028 0.0625
-0.026088030367111166 0.004286568740226375 0.0625
0.016341433676079625 -0.020783588367033513 0.0625
0.0019895045278356164 0.026364405393137953 0.0625
-0.019276450166966646 -0.01809691876979205 0.0625
0.026438903776890243 0.00032305893632401803 0.0625
-0.019714011933794517 0.01762151337071273 0.0625
0.002633412937427091 -0.026310931878232507 0.0625
0.015831435198390843 0.02118031301844124 0.0625
-0.025981446585950706 -0.004923863655848985 0.0625
0.022484575280008925 -0.013919909284101369 0.0625
-0.007176867673787498 0.02545294816701877 0.0625
-0.011901560923638657 -0.023616791644525247 0.0625
0.024729461294974935 0.009375166348408799 0.0625
-0.024568271488474656 0.009791835173684411 0.0625
0.011501918017517192 -0.023816504401744466 0.0625
0.007606878661522714 0.02533170734531864 0.0625
-0.022721047586420382 -0.013540827027017983 0.0625
0.025901231027121045 -0.005363416008450404 0.0625
-0.015476268593148197 0.021451459400999618 0.0625
-0.0030786218106756856 -0.02627245873051915 0.0625
0.02001744292071436 0.017293408539554682 0.0625
-0.026442524779037795 0.0007699891622433883 0.0625
0.018978316993416962 -0.01842996158697519 0.0625
-0.0015448042790637195 0.02641010374344233 0.0625
-0.016701155388137493 -0.02051807517047557 0.0625
0.02617542076834048 0.0038480316527193374 0.0625
-0.021900874426790725 0.014844248022110934 0.0625
0.006122052648728952 -0.02574025002532398 0.0625
0.012873445746831204 0.02311610682194114 0.0625
-0.025107901302585403 -0.008349448615305705 0.0625
0.024154446495716988 -0.010803828695677541 0.0625
-0.010513155982699054 0.02428319483271176 0.0625
-0.008651235488135118 -0.025007921235657146 0.0625
0.023272424550280873 0.01259659698297457 0.0625
-0.02566997368667731 0.006432142016878571 0.0625
0.014583806666017178 -0.022083310058237035 0.0625
0.004163535342023266 0.026135511731277105 0.0625
-0.020724937671601384 -0.016459555234216935 0.0625
0.026400947654387226 -0.0018627836563341767 0.0625
-0.018209464763574792 0.019207690986272355 0.0625
0.00045249668520541903 -0.026464225791620624 0.0625
0.0175431715056674 0.019820119412423814 0.0625
-0.02632483844719576 -0.0027645760486997156 0.0625
0.021279168274897727 -0.015744109931291328 0.0625
-0.005055747290449539 0.025983829958940084 0.0625
-0.013824268793999816 -0.02257542009157843 0.0625
0.02544378887746852 0.0073084613674021135 0.0625
-0.023698929088638927 0.011798337173164008 0.0625
0.009505461752316114 -0.02470882831854346 0.0625
0.009681818308099027 0.024641071288581562 0.0625
-0.02378455463695585 -0.011629916625739931 0.0625
0.02539461070765271 -0.007490910959741173 0.0625
-0.01366554782878132 0.022678024661316742 0.0625
-0.00524238543478149 -0.025953754929743614 0.0625
0.021397691815916005 0.015596755590541302 0.0625
-0.026314199632288326 0.002953455215857705 0.0625
0.01740873807604373 -0.019953341539694688 0.0625
0.0006416451848562834 0.026473161720065676 0.0625
-0.018356016498249486 -0.019087604834446693 0.0625
0.0264294008128852 0.0016753425535882432 0.0625
-0.02062048328279064 0.016617932157285745 0.0625
0.003979764222891444 -0.026183228921013414 0.0625
0.014752383365758048 0.02199561740505834 0.0625
-0.025736508232657856 -0.006253970258190753 0.0625
0.02320245791157719 -0.012773642662196605 0.0625
-0.008480540484024328 0.025092637029591455 0.0625
-0.01069685108043266 -0.024231743168064628 0.0625
0.02425652383663827 0.010642417552539436 0.0625
-0.02507557027140955 0.008537902292928959 0.0625
0.012723037615453393 -0.02323455000286767 0.0625
0.006313320977023535 0.025727455728094737 0.0625
-0.022034520998147247 -0.014706457234229055 0.0625
0.026182385269700976 -0.004040136332965202 0.0625
-0.016577475551522922 0.020665606798220566 0.0625
-0.0017357517264186438 -0.026436852421274262 0.0625
0.019138271813299357 0.018321750789710888 0.0625
-0.026488885527513308 -0.0005821885521857169 0.0625
0.019925910184865125 -0.017464194894259752 0.0625
-0.002895934386721999 0.026338063027257743 0.0625
-0.01565618002999743 -0.021377652510701683 0.0625
0.02598551685875275 0.0051877657602745 0.0625
-0.02266584240814037 0.013728058418048257 0.0625
0.007440128466755106 -0.025433923967767544 0.0625
0.011694582655678718 0.023780595798034557 0.0625
-0.024687485982475152 -0.00963576856639329 0.0625
0.024713355719152317 -0.009571313864806728 0.0625
-0.011757864557040278 0.023751897209660873 0.0625
-0.007374502609611 -0.02545695801270923 0.0625
0.022634301194997618 0.013790156250533555 0.0625
-0.026005686346693643 0.005120964522176646 0.0625
0.01571706936230523 -0.021343236180590947 0.0625
0.002827951586558284 0.02635531615868196 0.0625
-0.019888569873915674 -0.01752383486484547 0.0625
0.026503147179405086 -0.000513020064707287 0.0625
-0.019196602186017264 0.01828142402855416 0.0625
0.001806103921252152 -0.02644802428586373 0.0625
0.016534089412583577 0.020722545386527493 0.0625
-0.026190346523746473 -0.0041116601228799515 0.0625
0.022089961503627284 -0.01465993181322017 0.0625
-0.006385990178012289 0.025732064228241206 0.0625
-0.01267328979897337 -0.023288360304479096 0.0625
0.025076664264345093 0.008611672855683598 0.0625
-0.024308544762387526 0.010589365020387294 0.0625
0.010771657503243373 -0.024229143497714087 0.0625
0.008424105886740326 0.025142681639176576 0.0625
-0.023195970698548788 -0.012849394668701946 0.0625
0.02578436162980955 -0.006194085513068489 0.0625
-0.014828962899636542 0.021985037168974788 0.0625
-0.003916374866426117 -0.02622864860997657 0.0625
0.020605596469620083 0.016695190748571294 0.0625
-0.026472117606253266 0.0016084120867165916 0.0625
0.018433773046794912 -0.01906819370730373 0.0625
-0.0007121310192354402 0.026512881197852542 0.0625
-0.01738458492373411 -0.020031380557252582 0.0625
0.026350604146270412 0.003027484290059418 0.0625
-0.021475762167190174 0.015567647199827055 0.0625
0.005319915289118441 -0.025986506139083106 0.0625
0.013631280166452204 0.02275583883366392 0.0625
-0.025423352626089486 -0.007571865110361446 0.0625
0.023861788565460933 -0.011590299670726289 0.0625
-0.00976608287253963 0.024665433815902936 0.0625
-0.009460324414891695 -0.024785121786366198 0.0625
0.023718531993545774 0.011885757866923996 0.0625
-0.025518746503070837 0.007257656433864182 0.0625
0.01391464835179603 -0.022589877406614233 0.0625
0.004999156324316892 0.026057022777843258 0.0625
-0.021288093057852366 -0.01583720600232939 0.0625
0.02639580608618672 -0.0027021141834549147 0.0625
-0.017638695064278627 0.01982312882542493 0.0625
-0.0003841172439106958 -0.026532479227221312 0.0625
0.01820618541289946 0.019305305299609405 0.0625
-0.02646597254098002 -0.0019370847839192968 0.0625
0.020824257855490753 -0.01644962871216343 0.0625
-0.00424371562629232 0.026196772276048864 0.0625
-0.014566895233341957 -0.022183903246742655 0.0625
0.025726917042457005 0.006518108582290984 0.0625
-0.023373810701425274 0.012572389323193 0.0625
0.008742841834370851 -0.025059982375476148 0.0625
0.010481372962023151 0.02438484818142139 0.0625
-0.024201053527555107 -0.010900871898908475 0.0625
0.025209252467488903 -0.008309848977593076 0.0625
-0.012975664196118803 0.02315668669455025 0.0625
-0.006074438573643576 -0.02584068876820103 0.0625
0.021934858972888688 0.014951319735711784 0.0625
-0.026274299396442158 0.0037922541088538883 0.0625
0.016812696949451495 -0.020544907429480046 0.0625
0.0014807680981857713 0.026506741139555336 0.0625
-0.018997457748375 -0.018545527738479346 0.0625
0.026536211034714405 0.0008423205572117833 0.0625
-0.020136526842070093 0.01730434300222319 0.0625
0.003159222088999614 -0.026362460351651115 0.0625
0.015478513166043185 0.021573493694082745 0.0625
-0.025986796673958982 -0.005452192093673375 0.0625
0.02284540598241248 -0.013533936068223179 0.0625
-0.007703667430883128 0.025412074061641456 0.0625
-0.011485490535335766 -0.023942504195733422 0.0625
0.024642671369288223 0.009896400749022972 0.0625
-0.024856366509676573 0.009348852546522964 0.0625
0.012013592609489887 -0.023684458883690165 0.0625
0.007140375271460173 0.025579973435926787 0.0625
-0.022544753536548164 -0.014039020192887363 0.0625
0.026107761739257933 -0.004876963908636156 0.0625
-0.015957161606534345 0.02123226303206858 0.0625
-0.0025759462798940996 -0.026435667208585825 0.0625
0.019757019317802146 0.017753314836277557 0.0625
-0.02656115595199928 0.00025494017645936513 0.0625
0.01941371043298662 -0.01813030190659126 0.0625
-0.002068281533606639 0.026483243976101984 0.0625
-0.016364551634283166 -0.02092561707116137 0.0625
0.026202504897423227 0.00437592699899254 0.0625
-0.022277439167732314 0.01447327551482338 0.0625
0.006650321639533033 -0.025721065726185585 0.0625
0.012470943419535804 0.023458805814165744 0.0625
-0.025042590752776817 -0.008874043519666629 0.0625
0.024460650340616386 -0.010372877369086327 0.0625
-0.011030056800639915 0.024172253659405805 0.0625
-0.008195134289229817 -0.02527527989917203 0.0625
0.0231166980693447 0.013101842251025429 0.0625
-0.02589643453508639 0.00595438312253965 0.0625
0.015073523817389554 -0.021883986833449474 0.0625
0.0036677772408295556 0.026319335290080046 0.0625
-0.020483540443144876 -0.01692999028097914 0.0625
0.02654072096929807 -0.0013528231332520144 0.0625
-0.018657011073306348 0.01892606503768082 0.0625
0.0009727536265320427 -0.02655887328901715 0.0625
0.017223470558138197 0.02024134535876869 0.0625
-0.026373630210560578 -0.00329114410450323 0.0625
0.0216708435500366 -0.015388779673185178 0.0625
-0.005584592384200856 0.02598638735765951 0.0625
-0.013436028171458727 -0.02293454047884473 0.0625
0.025400087504480782 0.0078355315559775 0.0625
-0.024022739505320932 0.011380157585002638 0.0625
0.010026718271307161 -0.02461919821415464 0.0625
0.00923690086416441 0.024927086922173613 0.0625
-0.023649677796750226 -0.012141364837195998 0.0625
0.025640636083373712 -0.007022661976771642 0.0625
-0.014163267834048376 0.022498929847017405 0.0625
-0.0047543903573759455 -0.026157900763052272 0.0625
0.021175746708676314 0.016076932273601963 0.0625
-0.02647489733698812 0.0024494511621870035 0.0625
0.017867690346939875 -0.01969024229576344 0.0625
0.00012549232736015924 0.026589175460622578 0.0625
-0.01805377478604364 -0.019521813849507297 0.0625
0.02649983700835698 0.0021996905533537498 0.0625
-0.02102661942315765 0.016278859776829864 0.0625
0.004508290498823095 -0.026207543127470406 0.0625
0.014379074565532567 0.02237056580953764 0.0625
-0.02571450935112111 -0.0067826255116367 0.0625
0.023543342365883478 -0.012368954290593695 0.0625
-0.009005274007482843 0.025024488806969742 0.0625
-0.010263880722878196 -0.024535948168076353 0.0625
0.02414274364784426 0.011159208267367177 0.0625
-0.025340761091067594 0.008079964562139778 0.0625
0.013227924885766348 -0.023076004923221084 0.0625
0.005833922137876466 0.025951596337974954 0.0625
-0.021832421195822006 -0.015195571220859783 0.0625
0.02636375396868031 -0.0035429474564115655 0.0625
-0.017047066873408324 0.020421496297126335 0.0625
-0.0012245805768743886 -0.02657405506148322 0.0625
0.01885401669690149 0.01876821926536878 0.0625
-0.026580866230554036 -0.0011034266778504863 0.0625
0.020345832433621345 -0.017141969040428282 0.0625
-0.0034232466490717733 0.02638411230986593 0.0625
-0.015298448485966402 -0.021767808202072907 0.0625
0.025985277104989404 0.005717112363502546 0.0625
-0.023023238958106255 0.013337558542624599 0.0625
0.0079674536080355 -0.025387392205655984 0.0625
0.01127430317293661 0.024102491322780546 0.0625
-0.024595013943537528 -0.010157031511086033 0.0625
0.02499728007026314 -0.00912447198959071 0.0625
-0.012269070601659776 0.02361418867061682 0.0625
-0.00690451941988106 -0.02570073173239403 0.0625
0.02245240662177885 0.014287387336049279 0.0625
-0.026207437397614494 0.004631438766745964 0.0625
0.016196514104159013 -0.02111854471486561 0.0625
0.002322632128750688 0.02651349429996912 0.0625
-0.019622798724750045 -0.01798181776706538 0.0625
0.026616535878429624 4.22282707397689e-06 0.0625
-0.01962961181876475 0.01797660534819106 0.0625
0.002331308216166205 -0.02651575007427163 0.0625
0.01619255475819338 0.021127261308624665 0.0625
-0.026211885725802728 -0.004640802376471036 0.0625
0.02246327972460415 -0.014284294312782423 0.0625
-0.006915016354747976 0.025707247009619058 0.0625
-0.012266424157836884 -0.02362741709074515 0.0625
0.025005675970117363 0.0091365293890785 0.0625
-0.024610738604950447 0.010154385521477986 0.0625
0.011288322355603259 -0.0241125232689569 0.0625
0.007964342552939714 0.025405693214306 0.0625
-0.023034607377915118 -0.013353908152495974 0.0625
0.026006171599885247 -0.005713058613153035 0.0625
-0.01531745802431541 0.02178016252632968 0.0625
-0.0034177679624736845 -0.026407553126987903 0.0625
0.020358775799334823 0.01716392286024436 0.0625
-0.026606741400107277 0.0010960438256828644 0.0625
0.018879148533591992 -0.018781313869018094 0.0625
-0.0012343361509963317 0.02660218814808931 0.0625
-0.017059839917955778 -0.020449984400329566 0.0625
0.026393905256235334 0.0035555260264654386 0.0625
-0.021864384126132966 0.015207521388605866 0.0625
0.005849748227781823 -0.02598346485116185 0.0625
0.013238529267502503 0.02311149806554045 0.0625
-0.025373987437005162 -0.00809942970502889 0.0625
0.024181756488685938 -0.01116792967035053 0.0625
-0.010287336536932768 0.024570118171793314 0.0625
-0.009011568561097373 -0.02506694301403028 0.0625
0.023577991464952753 0.012396705952736602 0.0625
-0.02576025768514064 0.00678595048575751 0.0625
0.01441137476079096 -0.02240518416581389 0.0625
0.004508112247221758 0.026256369207612255 0.0625
-0.021060657699108472 -0.016315903201508126 0.0625
0.02655145594352969 -0.0021954924911741338 0.0625
-0.018095693271405474 0.019554689591686457 0.0625
0.00013420180009302034 -0.026643235349274902 0.0625
0.017898794910742668 0.01973710061643231 0.0625
-0.026530981629766304 -0.0024631308858854414 0.0625
0.021227539132817767 -0.016105638216621233 0.0625
-0.004773458874427609 0.026215531472280864 0.0625
-0.014188936702630165 -0.02255557747539962 0.0625
0.025699277814827698 0.007047490318993359 0.0625
-0.023711026734274953 0.012163355261049412 0.0625
0.009267805751898457 -0.024986151695390747 0.0625
0.010044394280747888 0.024685018605074605 0.0625
-0.0240815923200255 -0.01141739512025789 0.0625
0.025470073454563643 -0.007848271033745748 0.0625
-0.013479788102954655 0.022992505576805725 0.0625
-0.0055917955564157495 -0.02606015775960018 0.0625
0.021727211313110114 0.015439180307110214 0.0625
-0.026450730476617224 0.0032922419797689227 0.0625
0.01728055437894801 -0.020295379778565884 0.0625
0.0009672162882727429 0.026638777987206923 0.0625
-0.01870795771774752 -0.018989795102395686 0.0625
0.026622837349388744 0.0013654784758434925 0.0625
-0.020553797599380204 0.01697708468034817 0.0625
0.0036879785325729993 -0.026403007676082675 0.0625
0.015116000185101106 0.02196056780695853 0.0625
-0.02598094955191888 -0.005982496166371203 0.0625
0.023199314457181097 -0.013138942450472492 0.0625
-0.008231455959510126 0.02535987249152971 0.0625
-0.011061039465696644 -0.024260531856047624 0.0625
0.024544510534391325 0.01041762941494625 0.0625
-0.025136072827194746 0.008898193233795388 0.0625
0.012524266939320664 -0.023541086160851616 0.0625
0.006666958075301288 0.025819211258715377 0.0625
-0.022357262805949043 -0.014535226170436 0.0625
0.026304693774200315 -0.004384413922697906 0.0625
-0.016435095671431827 0.021002086331383438 0.0625
-0.0020680355733592765 -0.02658878013123808 0.0625
0.01948591590444303 0.018209313039348144 0.0625
-0.026669272035586167 -0.0002644410934433923 0.0625
0.019844276524893133 -0.017820344811579136 0.0625
-0.0025951549169028294 0.026545530150239513 0.0625
-0.016018111810486423 -0.021327449308971652 0.0625
0.02621847916692798 0.004906256227854764 0.0625
-0.022647455633889896 0.01409300370080803 0.0625
0.007180043549335045 -0.02569060090051714 0.0625
0.012059749857753137 0.02379416805371483 0.0625
-0.024965915457225325 -0.009399099179319133 0.0625
0.02475878513536418 -0.009933909533555742 0.0625
-0.01154642261369559 0.024049950620031204 0.0625
-0.007731752793208418 -0.025533899011798294 0.0625
0.022949699684527803 0.013605560789250279 0.0625
-0.026113552271661893 0.005470135990556549 0.0625
0.015560734150507466 -0.02167356806567001 0.0625
0.0031663727420767887 0.02649328374622959 0.0625
-0.020231309085231613 -0.017396957570156482 0.0625
0.026670162842951897 -0.0008381013843372273 0.0625
-0.01910015520152956 0.01863394942779129 0.0625
0.0014968500720212389 -0.02664281216129202 0.0625
0.016893704837373756 0.020657268378652942 0.0625
-0.026411418215766647 -0.003820600454361836 0.0625
0.02205635573863579 -0.015023886698546023 0.0625
-0.0061153523625942655 0.025977730183395796 0.0625
-0.013038800214796059 -0.02328668479965824 0.0625
0.025345046683193515 0.008363528479460175 0.0625
-0.0243388142899173 0.010953634965659462 0.0625
0.010547906207788593 -0.024518190688378596 0.0625
0.008784348678811105 0.025204666597459083 0.0625
-0.023503472761026104 -0.012651749609113513 0.0625
0.025877589785454663 -0.006547545104520678 0.0625
-0.01465893762817539 0.022308642890441894 0.0625
-0.004260346931549776 -0.02635240869489608 0.0625
0.02094283130268734 0.01655408762291596 0.0625
-0.026625464744264585 0.001940264711817398 0.0625
0.018322673254743287 -0.0194164786920779 0.0625
-0.0003949371982372505 0.026694644118426616 0.0625
-0.017741256409581897 -0.01995113583256525 0.0625
0.026559394130544194 0.002727376655032218 0.0625
-0.021426988258872313 0.015929977217628025 0.0625
0.005039190664307879 -0.026220727630040172 0.0625
0.013996497292023052 0.022738910782057954 0.0625
-0.02568121542141682 -0.007312672184556273 0.0625
0.023876837817587784 -0.011955610224183866 0.0625
-0.009530405751485128 0.024944966751071433 0.0625
-0.00982293383006831 -0.024832035175758337 0.0625
0.024017598009427158 0.011675400886374778 0.0625
-0.025597167100568592 0.007614790635701598 0.0625
0.013731222262965838 -0.022906189887561646 0.0625
0.005348082952473031 0.026166352606610408 0.0625
-0.0216192333151027 -0.015682115637475496 0.0625
0.026535210681555607 -0.0030401634965010107 0.0625
-0.017513128578388493 0.0201665645908477 0.0625
-0.00070870254573694 -0.026700894005663296 0.0625
0.0185592902042549 0.019210225066725487 0.0625
-0.02666211092972517 -0.0016284473497873793 0.0625
0.020760393093279327 -0.016809701919204872 0.0625
-0.003953388070748228 0.026419135541536284 0.0625
-0.014931182772043231 -0.022151744424036668 0.0625
0.025973805742416527 0.0062483129927373635 0.0625
-0.023373605770677278 0.012938104701885892 0.0625
0.00849564336802821 -0.02532950934706945 0.0625
0.010845718594569813 0.024416600667730194 0.0625
-0.02449115831210139 -0.010678162975511616 0.0625
0.02527272142620593 -0.008670037584312519 0.0625
-0.012779150009420391 0.023465151289449013 0.0625
-0.0064277145048302195 -0.025935390612913372 0.0625
0.022259324789190134 0.014782505198015168 0.0625
-0.026399511583788258 0.004135914425786579 0.0625
0.016672875167343258 -0.02088289332573886 0.0625
0.001812183254804429 0.026661507681506057 0.0625
-0.019346379004283494 -0.018435770106578646 0.0625
0.02671934979755673 0.0005256865946601992 0.0625
-0.020057674834532243 0.017661531084030405 0.0625
0.0028597924364517544 -0.0265725720851485 0.0625
0.015841236136240094 0.021526152412260788 0.0625
-0.026222275702082208 -0.005172258404603271 0.0625
0.0228299395117992 -0.01389941948023693 0.0625
-0.007445372357930257 0.02567112055309951 0.0625
-0.011850938654545479 -0.023959032806150582 0.0625
0.024923305093824358 0.009661721544328877 0.0625
-0.024904765719597672 0.009711469736963232 0.0625
0.01180432598748296 -0.02398453434989378 0.0625
0.007497387381619994 0.02565987495000561 0.0625
-0.022861976393846455 -0.01385676857594177 0.0625
0.02621855625082023 -0.0052256394941265875 0.0625
-0.015803320853429424 0.021564207613625937 0.0625
-0.002913617502610336 -0.0265765090455553 0.0625
0.020101147188269212 0.017629063551860513 0.0625
-0.02673096953190735 0.0005790232156322389 0.0625
0.019320000938991617 -0.01848398127345305 0.0625
-0.0017602667089638034 0.026680732019817483 0.0625
-0.016725077475778834 -0.02086316810623917 0.0625
0.02642615833963133 0.004086337652315738 0.0625
-0.02224673037525579 0.014837890268184068 0.0625
0.006381374226912059 -0.025969175246358955 0.0625
0.012836858072266944 0.02346007405854626 0.0625
-0.025313259839120156 -0.008627796724377948 0.0625
0.0244938878796331 -0.010737292793808069 0.0625
-0.010808395775310847 0.02446341310537519 0.0625
-0.008555262654709203 -0.0253402344288473 0.0625
0.02342612179191048 0.012906464186235405 0.0625
-0.02599261110413422 0.006307469222218889 0.0625
0.014905924945536938 -0.02220930889330012 0.0625
0.004011119571350216 0.02644600007154827 0.0625
-0.020822273134490844 -0.016791454419217557 0.0625
0.026696906859565047 -0.001683794563392077 0.0625
-0.018548599788240853 0.01927561791216228 0.0625
0.0006566857528446687 -0.026743387291478446 0.0625
0.01758117023486042 0.020163889832392413 0.0625
-0.02658506254813483 -0.002992398588383384 0.0625
0.021624938207406023 -0.0157518902842126 0.0625
-0.005305455661778179 0.02622312224394544 0.0625
-0.013801772287952702 -0.022920538425427555 0.0625
0.02566031549184755 0.007578140197888185 0.0625
-0.02404074981131512 0.011745737461298549 0.0625
0.009793042630407877 -0.024900930023575702 0.0625
0.009599519838445137 0.02497697377328363 0.0625
-0.023950759524857947 -0.011933193963999174 0.0625
0.025722019804116387 -0.007379545866558766 0.0625
-0.01398219578005471 0.022817059432981728 0.0625
-0.005102808681702417 -0.026270160706739924 0.0625
0.021508491535256472 0.01592434588539827 0.0625
-0.026617176618353004 0.002786738033508406 0.0625
0.01774475864318331 -0.020035057791161253 0.0625
0.0004490668487780706 0.026760387496546616 0.0625
-0.018408023882470783 -0.019429479065131556 0.0625
0.0266986738159148 0.0018923045398100016 0.0625
-0.020965589787731217 0.016639833077665794 0.0625
0.004219445462187149 -0.026432485316209453 0.0625
0.014744011068515557 0.022341310114035184 0.0625
-0.025963837733280877 -0.0065145322287836 0.0625
0.023546086362656007 -0.012735062504846411 0.0625
-0.008759984642690717 0.02529629753659264 0.0625
-0.010628360022805813 -0.024570672828101863 0.0625
0.024434954789188005 0.010938600662348825 0.0625
-0.02540720273478511 0.008440026610949041 0.0625
0.01303368818503853 -0.023386384335659652 0.0625
0.006186812218303162 0.02604924863744547 0.0625
-0.022158595615726785 -0.01502919293703736 0.0625
0.026491871805621785 -0.0038859655472612636 0.0625
-0.016909821495971228 0.020760971484359528 0.0625
-0.0015551020107974082 -0.026731660212863956 0.0625
0.01920419650767374 0.018661158498192228 0.0625
-0.02676675483751327 -0.0007879311318002453 0.0625
0.0202697771348789 -0.01750017528204619 0.0625
-0.003125191429774411 0.02659686407318097 0.0625
-0.015661941399402825 -0.021723342090978356 0.0625
0.02622326613684446 0.00543877864195875 0.0625
-0.023010704135167134 0.013703557757159354 0.0625
0.007710971827006311 -0.02564879945500598 0.0625
0.011640008974402595 0.02412198563708691 0.0625
-0.024877841099774485 -0.009924365078652214 0.0625
0.025048656356657196 -0.009487086735457687 0.0625
-0.01206200086150549 0.02391627343916775 0.0625
-0.0072612689423578805 -0.02578359892153826 0.0625
0.02277143925582314 0.014107499927994222 0.0625
-0.026321163492892586 0.00497959359590909 0.0625
0.01604518682261139 -0.021452085675465162 0.0625
0.002659528374974374 0.02665721119739847 0.0625
-0.019968297334748364 -0.017860210008594005 0.0625
0.026789145992815937 -0.0003188369106515518 0.0625
-0.019538655698253533 0.018331419298709652 0.0625
0.002024557222733835 -0.026715934721657716 0.0625
0.016553970315430003 0.02106765451577044 0.0625
-0.02643811519756634 -0.0043527077549741205 0.0625
0.02243548017121707 -0.014649547074463627 0.0625
-0.0066477831564332795 0.02595779226176683 0.0625
-0.01263272019719979 -0.023631639393390816 0.0625
0.025278621837799886 0.008892203213012328 0.0625
-0.02464695242835245 0.010518922758273834 0.0625
0.011068773688797724 -0.024405783106185696 0.0625
0.00832433218970831 0.02547362348774485 0.0625
-0.023345939009598162 -0.01316081805056672 0.0625
0.026105300606687195 -0.006065746469685092 0.0625
-0.015152305240289465 0.022107185390842873 0.0625
-0.0037604555466874 -0.026537124450124357 0.0625
0.020698989151720165 0.01702797251868146 0.0625
-0.02676576569374195 0.0014261089817073766 0.0625
0.018773442439799858 -0.019132115903880618 0.0625
-0.0009194191802873572 0.02678945069184734 0.0625
-0.01741854766644604 -0.020375333057198044 0.0625
0.02660797523373673 0.003258167270238419 0.0625
-0.021821360518610434 0.01557139123896223 0.0625
0.005572223544083615 -0.026222706282433176 0.0625
0.013604777948618738 0.023100433263659306 0.0625
-0.025636571680799258 -0.007843863362861537 0.0625
0.024202737099145583 -0.0115337555423046 0.0625
-0.01005568495519922 0.024854037902960154 0.0625
-0.009374173045979158 -0.025119810502948422 0.0625
0.02388107601927637 0.012190742723950142 0.0625
-0.02584460957584344 0.007142559476281718 0.0625
0.014232677072378184 -0.022725116135091594 0.0625
0.0048559973311308605 0.026371562144098522 0.0625
-0.0213949906508156 -0.016165839757077673 0.0625
0.026696610597494896 -0.002531991825761499 0.0625
-0.017975413808653456 0.019900866775285707 0.0625
-0.0001883368785254324 -0.026817243132361453 0.0625
0.018254168810705646 0.019647527097074104 0.0625
-0.026732513159976608 -0.0021570211291681127 0.0625
0.02116935867605139 -0.016467490799896865 0.0625
-0.004486120777649559 0.026443046730063865 0.0625
-0.014554500206641266 -0.02252923708728015 0.0625
0.02595103791124452 0.006781123161331738 0.0625
-0.023716729872594808 0.012529833364828488 0.0625
0.009024448520994429 -0.025260232162272807 0.0625
0.010408983494495514 0.024722723608278274 0.0625
-0.02437589782037605 -0.011198910904663295 0.0625
0.02553949384549143 -0.008208182144427926 0.0625
-0.013287849827605936 0.02330478592390398 0.0625
-0.005944274967302447 -0.026160764421421283 0.0625
0.02205507867465281 0.015275257924332236 0.0625
-0.026581755686033985 0.0036345927760892557 0.0625
0.017145903611274233 -0.02063632693462898 0.0625
0.0012968188733535155 0.02679922127244958 0.0625
-0.019059377234380018 -0.01888544782200297 0.0625
0.026811473129599018 0.0010511463365248804 0.0625
