0.0 0.0 0.06
-0.07373688780783198 0.06754902942615239 0.06
0.01236386455950214 -0.14087985964343624 0.06
0.10538470205147268 0.13745568221620497 0.06
-0.19694269706308576 -0.03483639007586233 0.06
0.1886694195575896 -0.12001604111035423 0.06
-0.06358980820385529 0.23655091691345628 0.06
-0.12194453649142763 -0.2347967845177844 0.06
0.265680183337489 0.09702597684001062 0.06
-0.2773036668413415 0.11446692254248089 0.06
0.13403187214918458 -0.2864183256151475 0.06
0.09926122841712307 0.3164604375480824 0.06
-0.29971795491414543 -0.17369268119895634 0.06
0.3521454581319849 -0.07741819112466067 0.06
-0.21519372768917858 0.306090933487478 0.06
-0.04977197614011282 -0.3840869047378575 0.06
0.30585959818241726 0.25777879315352975 0.06
-0.41195847160911137 0.0170357761632691 0.06
0.30073085133506017 -0.29926736383256014 0.06
-0.020134384491006577 0.43542462787624725 0.06
-0.2865338403889169 -0.34336330367699275 0.06
0.45416506028051445 0.061107266510593214 0.06
-0.38501668802872424 0.267884583243217 0.06
0.10525956694116372 -0.4678893283324152 0.06
0.24356789070709128 0.4250584461182937 0.06
-0.4763463885983453 -0.1519674901724516 0.06
0.4628844704413332 -0.21386436595245725 0.06
-0.20060322276094034 0.4793311454703571 0.06
-0.17909211243064768 -0.497921695917268 0.06
0.4766891005951 0.25053443151358373 0.06
-0.5296312842870198 0.13960910681070224 0.06
0.30112570857032295 -0.46831966394549457 0.06
0.09581363211912816 0.5575121056086052 0.06
-0.45417843582634504 -0.3517413089620475 0.06
0.5811043126965286 -0.04814330447211802 0.06
-0.4017487592669849 0.43427863685361984 0.06
0.0029269662980670494 -0.5999928606811001 0.06
0.40869179180944704 0.45052305080604216 0.06
-0.6138108603063231 -0.05688785256987186 0.06
0.4974512119299716 -0.37754773439844996 0.06
-0.11319915728731862 0.6222426783735113 0.06
-0.3410339787841157 -0.5419371045745764 0.06
0.6250267164954253 0.17129391018640278 0.06
-0.5834063230160405 0.2993944927097081 0.06
0.23058291171073653 -0.6219578127389339 0.06
0.2529279018100841 0.62131109477133 0.06
-0.6128892214086734 -0.2904596396766168 0.06
0.6551350990159325 -0.20198515301225584 0.06
-0.3503054434163048 0.5977341351411228 0.06
-0.14696666530084998 -0.6843981292276798 0.06
0.5764667212478689 0.409494956371543 0.06
-0.7086605355446327 0.08831899773884733 0.06
0.4674016622598717 -0.5491226512508012 0.06
0.026531066949857945 0.7275273895094961 0.06
-0.5157991090299893 -0.5234035528384091 0.06
0.7406523200751739 0.037870051059673 0.06
-0.5768888174883491 0.4766542691059154 0.06
0.10432369706108961 -0.7477409753594529 0.06
0.4319062423897526 0.6272615066977762 0.06
-0.7485540699153151 -0.17224054230412075 0.06
0.6739471132676983 -0.3818314923079766 0.06
-0.24100779669432557 0.7429099823885439 0.06
-0.3267627295640393 -0.7163980168648281 0.06
0.7306868734670486 0.30999466599112546 0.06
-0.7540987395007019 0.267086298943717 0.06
0.37855801046705173 -0.711824299045226 0.06
0.20323907649727602 0.7865709616967401 0.06
-0.686324298562459 -0.44604815569930206 0.06
0.813378251542539 -0.13570490012376957 0.06
-0.5118148047664101 0.6542519435369846 0.06
-0.06501056102210902 -0.8341304615919446 0.06
0.6157353364008793 0.5752130001202129 0.06
-0.8484877515776739 -0.00827861236340914 0.06
0.6356090828162586 -0.5709650548338965 0.06
-0.08356354241304724 0.8561641982583615 0.06
-0.5201930418721218 -0.6923865966263567 0.06
0.8569309573315455 0.16021652338894835 0.06
-0.7449520848340098 0.4637309471034498 0.06
0.23758663326403615 -0.8506189462351874 0.06
0.40194792922708866 0.7927407282271142 0.06
-0.8371210207962407 -0.3150053912888796 0.06
0.8352217739526046 -0.33526793511378994 0.06
-0.39179261383870423 0.8163936230406482 0.06
-0.264166475224289 -0.8719037064765669 0.06
0.7884578820243295 0.4672624190684592 0.06
-0.9023391138907101 0.1891669197902432 0.06
0.5407293293162175 -0.7534001542455601 0.06
0.11083634450004225 0.9261292052072799 0.06
-0.7113719950202413 -0.6115144190457997 0.06
0.942927937071088 -0.02978095852826337 0.06
-0.6789514554197386 0.6625895571041087 0.06
0.05335884843254843 -0.952445711468088 0.06
0.6073324177924158 0.742392978346656 0.06
-0.9544526094990953 -0.1379137999634835 0.06
0.8012162670581947 -0.5459418406765797 0.06
-0.2231913241807743 0.9487811300876681 0.06
-0.4788184831492389 -0.85482914093675 0.06
0.935328406571534 0.30848139629539256 0.06
-0.9026755434325708 0.4064195655830475 0.06
0.39306258386646403 -0.9140578784542142 0.06
0.3292555228250726 0.9442408594681698 0.06
-0.8850004001324625 -0.47620824411740426 0.06
0.9790569187186158 -0.24788616320644008 0.06
-0.5571928210825297 0.848254773127798 0.06
-0.16291636463043352 -1.0067066395607032 0.06
0.8039876931987967 0.6352981891874694 0.06
-1.0268282712850647 0.07499134143170147 0.06
0.7098199891532853 -0.7524331086538062 0.06
-0.015208480438728429 1.0391191953393726 0.06
-0.6938909911808031 -0.7800739018568194 0.06
1.0433392498929654 0.10697293878726583 0.06
-0.8454018059829594 0.6287255255202785 0.06
0.19956791676637142 -1.0393135458549219 0.06
0.55736272928638 0.9051777659677891 0.06
-1.0269347466076888 -0.2922413834654528 0.06
0.9588137978510091 -0.48028751914923257 0.06
-0.3842296438084863 1.006164788103223 0.06
-0.39804024438600877 -1.0057653622237777 0.06
0.9770360205721733 0.4747637459879303 0.06
-1.0455365354629214 0.31121271344884277 0.06
0.5630759930146174 -0.9396517578819309 0.06
0.22044374364663538 1.0776848128683343 0.06
-0.8941862255052826 -0.6484065037587269 0.06
1.1018255001506359 -0.12641426825244662 0.06
-0.730009768102188 0.8408839030897131 0.06
-0.029842039299380597 -1.11763565292561 0.06
0.7800582627040549 0.8071611405333707 0.06
-1.1248575274384602 -0.0685240320255129 0.06
0.8791632166901295 -0.7120899089434317 0.06
-0.16790985216483806 1.1233015096339818 0.06
-0.6374241321520479 -0.9453520379997119 0.06
1.1128484938781604 0.26752239097524183 0.06
-1.0051030706698492 0.5565678910340051 0.06
0.3665561457720665 -1.0934516870885187 0.06
0.47008624582283154 1.0578369068472684 0.06
-1.0651378187087273 -0.46419977074144997 0.06
1.1030246377668997 -0.3785982679294768 0.06
-0.5596428171060223 1.0280077418296205 0.06
-0.2827724565459048 -1.1401928511523804 0.06
0.9822364157740463 0.6520825281567931 0.06
-1.1689282079777132 0.18332169700832443 0.06
0.7407306324502838 -0.9280722655859309 0.06
0.08099779978357015 1.1888815569392188 0.06
-0.8658359190520242 -0.8248200781257309 0.06
1.1997715485911216 0.023414337301373846 0.06
-0.9036116514253355 0.7959183270966803 0.06
0.12910289754338777 -1.2013877150386971 0.06
0.7187782785791268 0.9764004231066409 0.06
-1.193592985329267 -0.2352355954628647 0.06
1.0425219675105388 -0.6349393256508492 0.06
-0.34096635675382003 1.1763256111987135 0.06
-0.5449861408501956 -1.101358300591234 0.06
1.1496004825844006 0.4454421740716896 0.06
-1.1523434852105185 0.4495603319832344 0.06
0.5478100828330607 -1.113509817265405 0.06
0.34935574552187393 1.1949688544354853 0.06
-1.0682232140980792 -0.6472241998426583 0.06
1.2287878064377464 -0.2451132937029563 0.06
-0.7428527666708351 1.0139870645375544 0.06
-0.13761534469754644 -1.2534201278517014 0.06
0.9511233224312281 0.8338851392892085 0.06
-1.2685558060843958 0.02767971910206798 0.06
0.9195386655386875 -0.8800276373951731 0.06
-0.08384666045120143 1.2739582950517576 0.06
-0.8011668623948857 -0.9990653925546288 0.06
1.2694672031143115 0.1960944165883562 0.06
-1.0717585473060776 0.7150759514040214 0.06
0.30817860863384605 -1.2550003765658826 0.06
0.6223542681651661 1.1369587349137174 0.06
-1.230555356854815 -0.41920581307505606 0.06
1.19405980138447 -0.5236613320817951 0.06
-0.5282813360078891 1.1962101947507886 0.06
-0.4197120320907058 -1.2425143098243538 0.06
1.15212360986974 0.6345164990610722 0.06
-1.2818385820505507 0.3112713439535253 0.06
0.7370359393071715 -1.0985344892945308 0.06
0.19914859073341376 1.3116172607925285 0.06
-1.0357607244349343 -0.8349848631670039 0.06
1.3315073513304512 -0.08419129024410463 0.06
-0.9275361943017381 0.9641973907142918 0.06
0.03272136305639125 -1.341241705435576 0.06
0.8843142801069014 1.013897555968557 0.06
-1.3406319148220918 -0.15068533093984798 0.06
1.0933180292891713 -0.7966528019352238 0.06
-0.2687788253452634 1.3295705859584968 0.06
-0.7018222726249566 -1.1650946303401888 0.06
1.3080329729826001 0.3860696071828248 0.06
-1.2285784509108433 0.6004956202650549 0.06
0.501622431761978 -1.2760779505787254 0.06
0.4934045347860293 1.2831804101733248 0.06
-1.2338483139678598 -0.6145065810214485 0.06
1.3283765673566006 -0.3813340993117393 0.06
-0.7238034216403645 1.1815703985889714 0.06
-0.26511694271759106 -1.3637129487850725 0.06
1.1195530175683994 0.828613927503932 0.06
-1.388809846314215 0.14562695760293465 0.06
0.9280661048893915 -1.0481857206408765 0.06
0.023772631724648885 1.4033655482378367 0.06
-0.9679363837518664 -1.0213222591373203 0.06
1.4071594681261517 0.09950995559704781 0.06
-1.1075860424703787 0.8793481440958437 0.06
0.2232644175211364 -1.40005464174401 0.06
0.7830357007788971 1.1861092240201583 0.06
-1.3819995671601264 -0.3465215669611676 0.06
1.2561981250082028 -0.6796810065949146 0.06
-0.4683070876914013 1.3530293683501473 0.06
-0.5700283815274357 -1.3172196643890541 0.06
1.3132662679785474 0.5876493081674637 0.06
-1.3686069630838955 0.45487908349173056 0.06
0.703587015719084 -1.2629193605735536 0.06
0.33508537647271913 1.4098644581923954 0.06
-1.2022836829412866 -0.8151772480467888 0.06
1.440572482243389 -0.2115441405549227 0.06
-0.9215029987376706 1.1317385843548329 0.06
-0.08519007234390316 -1.4603912666042758 0.06
1.05174540475501 1.0216807738118203 0.06
-1.4690643325833912 -0.043011472089611015 0.06
1.1148679371208976 -0.9628444748659017 0.06
-0.172071936382876 1.466421238495081 0.06
-0.8656514577136274 -1.2002697837395861 0.06
1.4523796559768882 0.3009872670138322 0.06
-1.2771462823112358 0.7608530564955294 0.06
0.4287457998939363 -1.4269467541128886 0.06
0.6492021190340858 1.3448184296185315 0.06
-1.390219875385287 -0.5543362680573208 0.06
1.402674163432293 -0.5315121741216442 0.06
-0.6767558667128897 1.3423864931046072 0.06
-0.4086514398763641 -1.4501737829263686 0.06
1.2837234457124087 0.7950183110647582 0.06
-1.4868548296100188 0.2815363487462365 0.06
0.9081618219631535 -1.2145954491634512 0.06
0.15112463797884754 1.51233638579377 0.06
-1.1354528944300986 -1.01525697462776 0.06
1.5263227520396678 -0.01840805818260958 0.06
-1.1154143463908632 1.0468289429823021 0.06
0.11559524398600303 -1.5286064698174664 0.06
0.9493359388387557 1.2077919006307083 0.06
-1.5190706606595215 -0.24984861000903205 0.06
1.2916020458100923 -0.8436611614026005 0.06
-0.38330495904941486 1.4976906584365568 0.06
-0.7305619487563103 -1.3661183107730395 0.06
1.4645349169254753 0.5149150193052162 0.06
-1.4306815801848256 0.610860226336476 0.06
0.6436356361022104 -1.419765180563076 0.06
0.4854364809057857 1.4847058371966504 0.06
-1.3636359121315895 -0.7684380906390889 0.06
1.5276833640573577 -0.35522322444118837 0.06
-0.8883163628138894 1.2964929770566067 0.06
-0.2211979969255977 -1.5591893554524106 0.06
1.21877158996779 1.0022952716078157 0.06
-1.57888590379435 0.08437596102859367 0.06
1.1094384270857078 -1.1309935351298834 0.06
-0.054197854744649714 1.5865253204853298 0.06
-1.0337636782478818 -1.2088559291890042 0.06
1.5819527622841794 0.19345660469845868 0.06
-1.2997117501407713 0.9277657929380737 0.06
0.33231990395233846 -1.5651081372982216 0.06
0.8137577307889015 1.381230739442653 0.06
-1.5360272707418057 -0.46970227116491464 0.06
1.4527051931055783 -0.6925659693661568 0.06
-0.6045216696319015 1.4948423164151656 0.06
-0.5650795777012979 -1.5135009319009098 0.06
1.4417814058130334 0.7357080792350957 0.06
-1.5630628370234358 0.43224364369675705 0.06
0.8622120310758278 -1.3771675328252904 0.06
0.29505221244729934 1.60091979559563 0.06
-1.3014166780937073 -0.983013036525732 0.06
1.626689012883584 -0.15454078867351204 0.06
-1.097127842873608 1.2150351831908013 0.06
-0.011778460256867346 -1.6400796529053028 0.06
1.1186163908400557 1.2036184487386226 0.06
-1.6408957742549402 -0.13214029677687814 0.06
1.3015998139519054 -1.0128365733524662 0.06
-0.2761040685869626 1.629038533402364 0.06
-0.8984501772643431 -1.3902472006710427 0.06
1.6045076334141066 0.4189931435189172 0.06
-1.4688030850711724 0.776284417778308 0.06
0.5596882742477121 -1.5674020019349273 0.06
0.647233261987513 1.5365835820341835 0.06
-1.5179196883227564 -0.6970794931728708 0.06
1.5929843288117154 -0.5122508449581017 0.06
-0.8300749113591942 1.4563569759959356 0.06
-0.3723443675148478 -1.6374857776420435 0.06
1.3831067122819016 0.9576094310525297 0.06
-1.669657851726149 0.22856652897837473 0.06
1.0786533020942581 -1.2986558643001442 0.06
0.08200755210904975 1.6891639237791818 0.06
-1.2035823156234913 -1.1922204534054912 0.06
1.695764081537715 0.06621313892687497 0.06
-1.2973765321217279 1.0985509245819238 0.06
0.21495552364641782 -1.6893176500746967 0.06
0.9843088710658473 1.393246584901997 0.06
-1.669784946517228 -0.36306780686871376 0.06
1.4790223184208757 -0.861680324489853 0.06
-0.5093953882463307 1.6372282487281273 0.06
-0.7315604711545917 -1.5539688790461899 0.06
1.5918119656561434 0.6527899095374606 0.06
-1.6174310951941826 0.5949089445444129 0.06
0.7921183084435952 -1.5338020033330435 0.06
0.452742707079105 1.668839129810505 0.06
-1.4635643268491714 -0.926271807394856 0.06
1.7077134948203951 -0.30612843645815113 0.06
-1.0541747657902867 1.3815627250222824 0.06
-0.1561744739568212 -1.7336693841918969 0.06
1.288355790836761 1.1747933248948026 0.06
-1.7464202874256443 0.004022395819658111 0.06
1.2871437758552757 -1.1845931370209029 0.06
-0.14916172778371986 1.7457808507841344 0.06
-1.0710108722984544 -1.3903005831180915 0.06
1.7316689593603152 0.3021963189517116 0.06
-1.483403997897508 0.9484263698472803 0.06
0.4538934538003602 -1.7041070191150496 0.06
0.8177323652744521 1.5656671992421156 0.06
-1.663222424238702 -0.6030681284146387 0.06
1.6363829036549464 -0.6798904269261381 0.06
-0.7485475564416038 1.609247201565162 0.06
-0.5359238465474927 -1.694929388116726 0.06
1.5425168302371184 0.8891804251304873 0.06
-1.7407758757125866 0.386910003149411 0.06
1.0238460365671365 -1.4634682413382827 0.06
0.23397225738551458 1.7734872378379065 0.06
-1.3726370087200503 -1.1514632613731421 0.06
1.7927279721227862 -0.07827143775684332 0.06
-1.2709992332420854 1.2706537487049852 0.06
0.0790030164903779 -1.7982654207278248 0.06
1.158239752696048 1.381477714360459 0.06
-1.7899721994841604 -0.23664218785719188 0.06
1.4819870639983508 -1.0362018829077413 0.06
-0.39342701802956964 1.767827814433397 0.06
-0.9054267674135439 -1.5716877453397224 0.06
1.7319194486210368 0.54813777783346 0.06
-1.6498193089345088 0.7668743364247242 0.06
0.6995635958603075 -1.6824419084613282 0.06
0.62157074713257 1.7157067949708245 0.06
-1.619696725571734 -0.8465119710743636 0.06
1.7687665008580677 -0.4706007495131166 0.06
-0.9878181944596613 1.544090416618941 0.06
-0.31509955017587027 -1.8085110653460115 0.06
1.4561319103765147 1.1223546050973559 0.06
-1.8345538255520837 0.1562442355807557 0.06
1.249039606998944 -1.3564291578066006 0.06
-0.00475518026082666 1.846612408780112 0.06
-1.245684947503178 -1.3668463745293415 0.06
1.8445115268569654 0.16666501520051302 0.06
-1.4748111763502882 1.1246919552091943 0.06
0.3282374143177922 -1.8281849468371547 0.06
0.9943270623005185 1.5720412504692176 0.06
-1.797676618285287 -0.48822000785544867 0.06
1.6577221661798902 -0.8555449840632885 0.06
-0.6453656567003432 1.7531409438923429 0.06
-0.7093712542305318 -1.7311246124041455 0.06
1.6948421868631736 0.7984422093231641 0.06
-1.7916105561621467 0.5568946175429991 0.06
0.9462421936252218 -1.6231530152771576 0.06
0.3992588870145075 1.8386387195803138 0.06
-1.538552190418519 -1.0875923672766272 0.06
1.8717693289567954 -0.23765432707322556 0.06
-1.2213630508698672 1.4416214128438336 0.06
-0.07330862777989305 -1.8906680949053511 0.06
1.3330413466481141 1.3464771695526747 0.06
-1.8951093884481296 -0.09252246114191422 0.06
1.4619189307362332 -1.2135868489543833 0.06
-0.25856476471976775 1.884978584081371 0.06
-1.084121438032384 -1.566742067986494 0.06
1.8602735472482843 0.42353551138987805 0.06
-1.660077584280394 0.9455910395989227 0.06
0.5861532798136827 -1.8211052502707423 0.06
0.7990170567156748 1.7411409314232495 0.06
-1.7676975075647188 -0.745147986476163 0.06
1.8092385665523614 -0.6454888142327155 0.06
-0.8992708359990319 1.7003858278407291 0.06
-0.4861554338824001 -1.8637738312645706 0.06
1.6196153879162027 1.047304156023955 0.06
-1.9042521039678262 0.3222172008662908 0.06
1.1880710390577418 -1.5259381396872738 0.06
0.15491648705841712 1.9302851815308224 0.06
-1.4200090686683329 -1.3204447148213718 0.06
1.9415948521489896 0.014471700264424955 0.06
-1.443357578401358 1.3025816292545234 0.06
0.18464947199233278 -1.9380156275151532 0.06
1.1745023884415375 1.5558098018540452 0.06
-1.9194966088317265 -0.35430603816969086 0.06
1.6568774598449845 -1.036704916096009 0.06
-0.5221278393855978 1.8861024678788072 0.06
-0.8902029659576817 -1.7457201033957723 0.06
1.8380135312074155 0.686808750015932 0.06
-1.821587719835527 0.7360829973205505 0.06
0.8470602738412435 -1.7755249625054552 0.06
0.5754960927445332 1.8838270215802129 0.06
-1.6990450452340495 -1.001621652254796 0.06
1.9318870113658644 -0.4096493321316034 0.06
-1.1492698056025197 1.6090925746924407 0.06
-0.23979668804408483 -1.9653237769902159 0.06
1.5062933756939707 1.2888290291347657 0.06
-1.9838044744444134 0.06722951118612003 0.06
1.419180366620529 -1.3913759689597995 0.06
-0.10673332150558577 1.987110464488672 0.06
-1.265166416111618 -1.5392705868505654 0.06
1.975139574199985 0.2807555207455446 0.06
-1.6481206910297046 1.1285823797134922 0.06
0.4534936829503909 -1.9479074617455754 0.06
0.9826264411241905 1.744833882409328 0.06
-1.9055480695609759 -0.6236076928586095 0.06
1.8286029334147487 -0.8283787249241601 0.06
-0.789771149946708 1.848313158182848 0.06
-0.6669888843273049 -1.8987168899506368 0.06
1.7765709201488977 0.9506817373239581 0.06
-1.954567057488057 0.4996675072310395 0.06
1.105071451877769 -1.6908036805746434 0.06
0.32767700735592686 1.9956522189124697 0.06
-1.5916046981929395 -1.2517166151690096 0.06
2.0215830399028216 -0.15232206923905578 0.06
-1.3894475859380326 1.4796740877405992 0.06
0.025060280362660014 -2.032085623773798 0.06
1.3558138915411588 1.5171580970696559 0.06
-2.0270041841996194 -0.20311089886373956 0.06
1.6338141424658503 -1.2209223349085636 0.06
-0.38045897358144914 2.0063028109987164 0.06
-1.0759873065293684 -1.7384623424704013 0.06
1.970066311142366 0.5557326062972289 0.06
-1.8302377202576936 0.9220791112187289 0.06
0.727569454704946 -1.918500114302928 0.06
0.7603425483378576 1.9083708259107015 0.06
-1.8519292395232778 -0.8946273480051539 0.06
1.972194149739632 -0.5919883746601543 0.06
-1.0555947937516204 1.770796326911843 0.06
-0.41828421553518513 -2.021147771696596 0.06
1.6756587455901057 1.2092012935518195 0.06
-2.0547841994835343 0.24054499278266617 0.06
1.3542273863655538 -1.567184796384116 0.06
0.06012294181475446 2.0727723540870424 0.06
-1.4461490349012904 -1.4895143399289807 0.06
2.074900667958246 0.12160270599960614 0.06
-1.6139734132435983 1.313426747612066 0.06
0.3032362967795541 -2.061079267838921 0.06
1.1699876203074329 1.7265946160947419 0.06
-2.031341221264776 -0.4833765021083745 0.06
1.8264548951805901 -1.0168886447742747 0.06
-0.6606271585597792 1.985842832998934 0.06
-0.8552663156689169 -1.9127256806144775 0.06
1.924862985007512 0.8336081147325591 0.06
-1.9846797312799924 0.6863281753260438 0.06
1.0009660013437909 -1.848801521027561 0.06
0.5113437695685316 2.0416972227349097 0.06
-1.7581766842376112 -1.1613848401814268 0.06
2.083271027037694 -0.33163508244049184 0.06
-1.31359640862692 1.6536216239643389 0.06
-0.14856652213098154 -2.1090111399662885 0.06
1.535879994687153 1.456390278022959 0.06
-2.1186482175671824 -0.03646546584648187 0.06
1.5886234463706694 -1.4058006777781042 0.06
-0.22204307893512795 2.112036190764024 0.06
-1.2643316633806556 -1.7092294886799446 0.06
2.0891539338174967 0.40673804938176006 0.06
-1.8172271517460687 1.1125131365322707 0.06
0.5891226637719419 -2.0501059697074813 0.06
0.9514698180189937 1.9117283241608634 0.06
-1.9951222029486417 -0.767780825041469 0.06
1.991945316957799 -0.7824026164641151 0.06
-0.9413190710774763 1.9245566778938565 0.06
-0.6065796537491782 -2.057197395404128 0.06
1.8388853681680362 1.108377464015534 0.06
-2.1069165080509435 0.42532673099914614 0.06
1.2676402650060117 -1.738703010446433 0.06
0.2400173069883539 2.1406521651931354 0.06
-1.6247190032960466 -1.417846310545928 0.06
2.158075425326087 -0.052062064918995295 0.06
-1.5577990084792661 1.497752399157156 0.06
0.1371018529845835 -2.1589819549751206 0.06
1.3587260247259347 1.686375874392319 0.06
-2.143294134350882 -0.32602186070431316 0.06
1.8025375324069945 -1.2086597719226464 0.06
-0.513241108857827 2.1110621886098926 0.06
-1.0486631082570166 -1.905336108244615 0.06
2.062464332007661 0.6973097440852174 0.06
-1.9939229468832627 0.8799268616722453 0.06
0.8767961601978451 -1.997805919868673 0.06
0.7037143408133183 2.067555592126528 0.06
-1.9175176110028382 -1.0502981536182805 0.06
2.1256039709040344 -0.5213518570763918 0.06
-1.2164538960458975 1.8221525509119039 0.06
-0.33421871971010025 -2.1675557310932843 0.06
1.7123825937915693 1.373952638368462 0.06
-2.193020688043202 0.14373677961649595 0.06
1.5215450616002717 -1.5889935888856903 0.06
-0.04864039869714651 2.2017343417439315 0.06
-1.4528797641285944 -1.6580531930507052 0.06
2.193560433673515 0.24143865436599182 0.06
-1.7823798089969092 1.3050372471619889 0.06
0.4331745513989334 -2.168492519705875 0.06
1.1465567706775117 1.8935172488291612 0.06
-2.1266545430296153 -0.6223668167660434 0.06
1.9905555699306163 -0.9786156155601646 0.06
-0.8075478069749087 2.068300398745312 0.06
-0.8024688514394374 -2.072689977413282 0.06
1.9938124896204206 0.9872749142126629 0.06
-2.139227468223345 0.6194399399447359 0.06
1.160141823265278 -1.903699280325209 0.06
0.4309107711637389 2.18959263501115 0.06
-1.7985918652890036 -1.324789531252502 0.06
2.223332581490123 -0.2383112084742701 0.06
-1.4799170437317415 1.6792395730426026 0.06
-0.043108221023834624 -2.2401209077369373 0.06
1.546504637489271 1.624291662917771 0.06
-2.2397607309612027 -0.1532053133678462 0.06
1.7567587866227399 -1.4013559739137658 0.06
-0.34912204923859913 2.222186714642908 0.06
-1.2448621046381185 -1.8762511400225592 0.06
2.187466086543458 0.5431317705881771 0.06
-1.9817973664763546 1.0781832860081748 0.06
0.73373305466253 -2.13579863388279 0.06
0.9025628947921883 2.072529908335304 0.06
-2.067515671880816 -0.9194449121764825 0.06
2.1476921139412175 -0.7193181380409537 0.06
-1.0988183135858514 1.9830779898249962 0.06
-0.5298301559499807 -2.206644512794487 0.06
1.8830727867854393 1.2704475115753977 0.06
-2.248870207122403 0.33553359223368473 0.06
1.4329810711853268 -1.7682096169924406 0.06
0.13790571092892853 2.273979334755087 0.06
-1.6393153726571488 -1.585132520948944 0.06
2.281712565267011 0.0615448576457382 0.06
-1.725690541044745 1.4973283395931225 0.06
0.26128965586988045 -2.2719435987135332 0.06
1.3432913683252425 1.8535286077595075 0.06
-2.2446806439277833 -0.4597921343128335 0.06
1.967614017491463 -1.1783442103948687 0.06
-0.6555194934669895 2.200066861185083 0.06
-1.003715076230528 -2.0670162180659215 0.06
2.138379762029364 0.8469545403049922 0.06
-2.1509143802565185 0.8207114771987273 0.06
1.032607467802458 -2.0600295671272777 0.06
0.6307104202296189 2.2186041480655754 0.06
-1.965556531108065 -1.2110274658398263 0.06
2.2695035124747625 -0.43514802868072067 0.06
-1.3808140728818898 1.8556272513981158 0.06
-0.23550866781588425 -2.3031577599859694 0.06
1.7310299860054303 1.5406281795261436 0.06
-2.3192434542821903 0.03331365739773135 0.06
1.6892025974005815 -1.5926690129889292 0.06
-0.16989034261424735 2.317571416696024 0.06
-1.4415580718994951 -1.8253521099616399 0.06
2.298088678823053 0.372543184430096 0.06
-1.9479829254720549 1.2788129347443025 0.06
0.573083231873413 -2.2608793885003076 0.06
1.1056431609459239 2.0561014567996168 0.06
-2.2061646584256684 -0.7699594144586811 0.06
2.148822357639353 -0.9233430972879223 0.06
-0.9616432429134693 2.1343013548603835 0.06
-0.7332821899070597 -2.225375750286928 0.06
2.0457798320706466 1.1466406929343638 0.06
-2.285113586138902 0.5368946809602501 0.06
1.3235038646667567 -1.9412206263617124 0.06
0.335668767616963 2.3275150866206022 0.06
-1.8213701316754878 -1.4908423268207864 0.06
2.3521912191955896 -0.13113530546411234 0.06
-1.6473340564700998 1.6870952866965656 0.06
0.07514385777587017 -2.35888817043932 0.06
1.53937731117978 1.7917358884123828 0.06
-2.347489785807913 -0.28158782915374597 0.06
1.922893391481086 -1.3793045367134724 0.06
-0.4866088064906464 2.3180189536424733 0.06
-1.208064384307636 -2.0397500933612953 0.06
2.270637919059529 0.6886243101496007 0.06
-2.141355980248859 1.0269345479885508 0.06
0.8860694162095772 -2.2056475216267035 0.06
0.837273449933093 2.2268752030675483 0.06
-2.1234853590442544 -1.0774088963456234 0.06
2.295592927875642 -0.6405100385531344 0.06
-1.2611491701139186 2.0247228873900185 0.06
-0.4381330062558734 -2.3469212745273738 0.06
1.9100614767572963 1.4358499764974535 0.06
-2.380404294526116 0.2316795083766031 0.06
1.6001356734159122 -1.780327449280555 0.06
0.02272346890764199 2.3957219462952715 0.06
-1.636466134516609 -1.7527060764943645 0.06
2.3926930337224177 0.18713643786343548 0.06
-1.892346751658752 1.479534984880915 0.06
0.3962890378876306 -2.371277081753648 0.06
1.3106958012630618 2.017938680077118 0.06
-2.3315751309652333 -0.6031230460399075 0.06
2.1284672185608957 -1.1312061260051791 0.06
-0.8060394975564081 2.273829441356368 0.06
-0.9424098670657519 -2.2230302837471902 0.06
2.1984221040258496 1.0034641261801827 0.06
-2.3008456941623283 0.7457272233562829 0.06
1.193859593071468 -2.1058725678519177 0.06
0.5426439868800823 2.3612576105759597 0.06
-1.996834096722704 -1.3757374713823942 0.06
2.403742021846276 -0.3347003023756875 0.06
-1.5476698929800874 1.8720891811991767 0.06
-0.1234789696309185 -2.4279112306793444 0.06
1.732543936668207 1.7083007661165037 0.06
-2.433517301324225 -0.0894066225492479 0.06
1.8563564758722346 -1.579221527996379 0.06
-0.3023248385985273 2.4204544391428597 0.06
-1.4132546683630733 -1.9906559829237145 0.06
2.3887602801689733 0.5136383201115825 0.06
-2.1101202405719044 1.2358772472736799 0.06
0.7217165951659552 -2.3386160771409363 0.06
1.0484151496727407 2.213780854993711 0.06
-2.2703457769952355 -0.9249486758085012 0.06
2.300787919297982 -0.8522763345373748 0.06
-1.1217555462534474 2.18441399337434 0.06
-0.6489402472819966 -2.3704169581441956 0.06
2.0814228862690287 1.3106024448762137 0.06
-2.422074926367631 0.43994664569835806 0.06
1.4900108443770166 -1.962107969414245 0.06
0.22688392394679216 2.4553052121995966 0.06
-1.8273328744230237 -1.658570036523297 0.06
2.4697916032211302 -0.011377023266197647 0.06
-1.8149482306466196 1.6780831088097827 0.06
0.20492497845236138 -2.4653611810861102 0.06
1.515458852958257 1.9579030785486915 0.06
-2.4419861192347763 -0.4203615033095657 0.06
2.0862915426376065 -1.3406668486685265 0.06
-0.6332732392933614 2.3997843662285354 0.06
-1.155011439112121 -2.1990790289391944 0.06
2.3390192059071433 0.8420149371581948 0.06
-2.2953477120739016 0.9598848267772059 0.06
1.0449681394754307 -2.2600976942338704 0.06
0.756756622243567 2.374303985316646 0.06
-2.163567981386199 -1.2405537432616331 0.06
2.435284975420512 -0.5471627623396133 0.06
-1.4272442985750162 2.050115536301579 0.06
-0.3326938813549127 -2.4777640689357416 0.06
1.9205582994326813 1.603575947213055 0.06
-2.501355404239939 0.1149832234704367 0.06
1.7681599081347428 -1.7758407978377286 0.06
-0.1043058116119626 2.505817291357048 0.06
-1.617027264863563 -1.9196934194521438 0.06
2.4910545298216205 0.3234923947408733 0.06
-2.0569700507649684 1.445293814508304 0.06
0.5408911675961668 -2.457119603278696 0.06
1.2619197280151628 2.178889304220418 0.06
-2.4042127381336167 -0.7548252180445867 0.06
2.2844654279348875 -1.0682779172903798 0.06
-0.9636390305545439 2.3326808223140816 0.06
-0.8658246363003701 -2.3728353712753303 0.06
2.243015189011128 1.1657113115456055 0.06
-2.4432658179225917 0.6560885176339033 0.06
1.3594675902140638 -2.135848279058596 0.06
0.44065901686608727 2.4951592395786313 0.06
-2.0119492043236846 -1.5433924968138513 0.06
2.528058920581977 -0.221174352188243 0.06
-1.7160416225729902 1.8722182430467502 0.06
0.0006909690678167562 -2.5416529115049813 0.06
1.717680306419749 1.8760528683749178 0.06
-2.535776877963158 -0.22323894191520588 0.06
2.022157193010674 -1.5494774237642803 0.06
-0.44476107536973397 2.5104158193088173 0.06
-1.3688603013988077 -2.1531886761857093 0.06
2.465704640543848 0.6635515244504642 0.06
-2.2680938165120557 1.1771790176093764 0.06
0.8779202414681165 -2.401927569603331 0.06
0.9758729230011594 2.3659399903956086 0.06
-2.3195164210648143 -1.0862060450994908 0.06
2.445923003997077 -0.7664598218549473 0.06
-1.2867895060833863 2.2190477162588627 0.06
-0.5505245158926315 -2.507373677256979 0.06
2.101238678625842 1.478105549494598 0.06
-2.549763406278553 0.32970679702243355 0.06
1.6586556754509931 -1.9669421319129372 0.06
0.10568898014635494 2.5727086581025116 0.06
-1.8171403373661386 -1.8270197027719424 0.06
2.5759743600254996 0.11981692906771897 0.06
-1.9818669435155996 1.6529378143778237 0.06
0.34508233344959305 -2.559476154048126 0.06
1.4755531970327302 2.1219667204568715 0.06
-2.5232814957234995 -0.5683753102830741 0.06
2.24619814438352 -1.286310186606649 0.06
-0.7879739420220436 2.467609585549189 0.06
-1.0866276672162816 -2.3535590735819873 0.06
2.3928301300310517 1.002179609059963 0.06
-2.443174183967068 0.8780090584936203 0.06
1.2093301418244382 -2.2994609385842772 0.06
0.6620309852565517 2.514302084985064 0.06
-2.1881643714491097 -1.4078127302737118 0.06
2.5663414236047917 -0.44033134965629356 0.06
-1.5960764904513396 2.0597426627199176 0.06
-0.21459689614219746 -2.5988359263651364 0.06
1.9151321513459163 1.7726445901198482 0.06
-2.611478337510194 -0.013449636240231258 0.06
1.9361258386224809 -1.7553964614919317 0.06
-0.24206267624616365 2.60411321965243 0.06
-1.5817186818814375 -2.085225649992645 0.06
2.5767385920966923 0.46948719684306445 0.06
-2.218756292915478 1.3953926016171814 0.06
0.6939722030198666 -2.529506390866754 0.06
1.197813067425118 2.335646346411552 0.06
-2.462721743533051 -0.9137842272273763 0.06
2.4349492860201667 -0.9904655342362402 0.06
-1.1272207283335745 2.37684106107563 0.06
-0.7749148874530666 -2.5158511317650736 0.06
2.272468958159733 1.3326232904314783 0.06
-2.5776770962400066 0.5527936210917135 0.06
1.5283905190938534 -2.1503540222819177 0.06
0.3257894611998803 2.619897178702075 0.06
-2.0113834611920502 -1.7129905347208105 0.06
2.642130659050726 -0.09563252848366662 0.06
-1.8849729654594352 1.8565766667409842 0.06
0.13591786210496942 -2.644149453938036 0.06
1.6870777417773468 2.042980345769251 0.06
-2.625880305938818 -0.3670866639945686 0.06
2.185758831037793 -1.5041470448530956 0.06
-0.5960967207060095 2.587405785640038 0.06
-1.309151815232677 -2.31216814368527 0.06
2.528964095620039 0.8211824420095195 0.06
-2.4211906718992213 1.1035559479737302 0.06
1.0406034291791852 -2.450947674508887 0.06
0.8889089956008838 2.5119396484668637 0.06
-2.3539006085809366 -1.2526579441021783 0.06
2.5836663440772005 -0.6668344790746458 0.06
-1.4556961179183585 2.238514867557824 0.06
-0.439017596315395 -2.63576621689509 0.06
2.105625390423114 1.6481327965930141 0.06
-2.6677839681092204 0.2071924214333692 0.06
1.8284599233500003 -1.9562040559979705 0.06
-0.026871308000212542 2.6794174614655253 0.06
-1.791352581730737 -1.9952583611970218 0.06
2.6705204734537364 0.26138171486244594 0.06
-2.147209062835792 1.6122944025443493 0.06
0.49453851411614264 -2.641104249751569 0.06
1.4203655895982932 2.283103500037853 0.06
-2.591337852680017 -0.7245468468413347 0.06
2.4018532700468302 -1.217004876393414 0.06
-0.9496311102539674 2.521547293714282 0.06
-1.0037428667186588 -2.502498802699296 0.06
2.432213454456472 1.168048677051139 0.06
-2.5842170986934616 0.7821905054526999 0.06
1.378103397991806 -2.3239688088361765 0.06
0.5540268991386603 2.6463284367271576 0.06
-2.1975929685910267 -1.5781587830124317 0.06
2.688301995019008 -0.32098657849950957 0.06
-1.7666507583800073 2.0540070832193704 0.06
-0.08484629961292083 -2.7097603409604316 0.06
1.894267134520209 1.9420999003853012 0.06
-2.7104827512586205 -0.1525885157195596 0.06
2.1031230498558875 -1.719556174472027 0.06
-0.38949759682463914 2.6904073338563124 0.06
-1.5311755634845916 -2.2484442162943794 0.06
2.6496319320848323 0.624059792388838 0.06
-2.376904685689174 1.3305352739213072 0.06
0.854467082781694 -2.5884138008522797 0.06
1.1191433311723868 2.4874722519643058 0.06
-2.507168054117061 -1.0789385285616933 0.06
2.57924949858762 -0.8985944714027077 0.06
-1.2957340474665753 2.4064648923755128 0.06
-0.670558101348474 -2.6514810639934674 0.06
2.28702562832788 1.5031679132324067 0.06
-2.7035598321436978 0.4367656511438874 0.06
1.6996218714548037 -2.1497175382064664 0.06
0.19899741607799998 2.73503199769112 0.06
-1.9955475753809728 -1.88355777038856 0.06
2.745600963761 0.04093101262697629 0.06
-2.0535296080600043 1.82565499172788 0.06
0.2811826244956249 -2.7351300392635363 0.06
1.6413029207940615 2.2081949013148465 0.06
-2.7036439118258313 -0.519913067778754 0.06
2.3463252874121077 -1.4438689849326674 0.06
-0.7552848207478774 2.651328881815277 0.06
-1.2348349962779102 -2.466816274465396 0.06
2.578531852445702 0.9854813473237006 0.06
-2.5686960633839266 1.0157758285940455 0.06
1.208721127899729 -2.4857580805397794 0.06
0.7883475436259335 2.6511333709300553 0.06
-2.373667702092197 -1.4232714569063587 0.06
2.7134441910352365 -0.5542748615417551 0.06
-1.6274619001834743 2.243071056264423 0.06
-0.3153380703456871 -2.755097439545589 0.06
2.0949228407666913 1.8196973075855272 0.06
-2.7757194360414448 0.07335947370151413 0.06
1.9984702793976452 -1.9303151406866959 0.06
-0.1698105195673081 2.7750971852251016 0.06
-1.7504693816066799 -2.1623729891157835 0.06
2.7531804295375335 0.4123075580334699 0.06
-2.3101082698435875 1.5567272662866372 0.06
0.6522676537767973 -2.710082454066022 0.06
1.3505407621717105 2.4404998770154966 0.06
-2.6460796343812607 -0.8878415221832877 0.06
2.552501846284676 -1.1334612144724323 0.06
-1.1172088450257676 2.5616097276119545 0.06
-0.9071276664960152 -2.645206872189299 0.06
2.4572689167568837 1.338592346736097 0.06
-2.7178536405758402 0.6732544752236362 0.06
1.5502715749448812 -2.33380762787294 0.06
0.4336183157819159 2.7698330556584914 0.06
-2.192125149288413 -1.7505962783741011 0.06
2.8006933109699435 -0.19004467340132217 0.06
-1.9379992780074196 2.0332630912999723 0.06
0.055606074349866766 -2.810143762246942 0.06
1.8583977338470212 2.111008731112275 0.06
-2.798057569427482 -0.3014528788543434 0.06
2.268259692121021 -1.6688313183479784 0.06
-0.5456084364536122 2.7644730843454863 0.06
-1.46598234816162 -2.4085048795629507 0.06
2.709593970321353 0.7861936886023495 0.06
-2.530624564136836 1.2513749699379684 0.06
1.0213522946766596 -2.6337880495891697 0.06
1.0266275153860063 2.6336354995808278 0.06
-2.5375848842986986 -1.249264965881442 0.06
2.716698825184056 -0.7934402896523288 0.06
-1.4681635495003844 2.4216721066070104 0.06
-0.5535826985228488 -2.779126876538054 0.06
2.2868905230553023 1.6763447543867125 0.06
-2.8203888493877374 0.30887981198083225 0.06
1.8721834110930915 -2.1342280279360586 0.06
0.061198466236133384 2.84011527014844 0.06
-1.9648123696204396 -2.0541451633676027 0.06
2.8381012357414037 0.187566989854606 0.06
-2.2207984918758865 1.779902822763588 0.06
0.43550919506003727 -2.8143083947958085 0.06
1.5808808278665416 2.370825975917253 0.06
-2.768865651899164 -0.6807224116576572 0.06
2.5030347045488375 -1.3692396677806682 0.06
-0.9213171845355871 2.7020685863758938 0.06
-1.146573258330383 -2.616365754874813 0.06
2.61437758696091 1.155434910670632 0.06
-2.709902662250038 0.9145641372425215 0.06
1.3812622065612197 -2.5064147136349226 0.06
0.674970741950683 2.7828788147367374 0.06
-2.378959307724645 -1.5970449624823588 0.06
2.834683712281866 -0.42961407253941325 0.06
-1.8011019745784411 2.232942381068003 0.06
-0.1803638410606932 -2.8648680396901063 0.06
2.0694398245267047 1.9918380488038885 0.06
-2.8731475114877165 -0.0708757873461952 0.06
2.1677564745402322 -1.8896644853224356 0.06
-0.32218075270490315 2.8594054561370803 0.06
-1.6949571715068552 -2.327470770333643 0.06
2.823694116699276 0.5716218464316223 0.06
-2.469715609575407 1.4867766502805908 0.06
0.8172795324420672 -2.7662346548785908 0.06
1.2666887147865427 2.593356840049671 0.06
-2.687415855343214 -1.057258729190684 0.06
2.697400518052517 -1.0363544013560302 0.06
-1.2897034387304005 2.587791537223773 0.06
-0.7975174459244824 -2.7810008851933308 0.06
2.4680766896688304 1.512811109793073 0.06
-2.8434672239678167 0.5519910744031646 0.06
1.7248466236759885 -2.329142358206888 0.06
0.30164422714646294 2.8842695366815523 0.06
-2.17200931835147 -1.9241557943665535 0.06
2.903043001239511 -0.04838732224759057 0.06
-2.109178277827208 1.997840582314278 0.06
0.20584233380795114 -2.899591166632375 0.06
1.8079327937879837 2.2784597896706402 0.06
-2.873887860573881 -0.45909537663330835 0.06
2.430663535550163 -1.6037065744539374 0.06
-0.709425341961991 2.826077791601306 0.06
-1.3866958940930032 -2.564580764434142 0.06
2.7564758379679053 0.9549036363419791 0.06
-2.679140361483233 1.1585365438653594 0.06
1.1936344052816272 -2.665565025754948 0.06
0.9209537994169394 2.7734174044560085 0.06
-2.5539932087339983 -1.4237691841519169 0.06
2.846640615378155 -0.6757493669101591 0.06
-1.6435212185600614 2.4225684725396 0.06
-0.4247877108135786 -2.8981986475639934 0.06
2.272253295590799 1.8511793431963186 0.06
-2.9276451569133637 0.169981867273326 0.06
2.0451213113034696 -2.1041575088506033 0.06
-0.08672114891167079 2.934702615654854 0.06
-1.9195301058605148 -2.223826470904401 0.06
2.919264836297597 0.3433552323124887 0.06
-2.385887688718726 1.7197499634599256 0.06
0.5979502559677676 -2.881398183415142 0.06
1.5063155421274355 2.53002242826923 0.06
-2.821341460940803 -0.8485472059799694 0.06
2.655082894981854 -1.2808336428962108 0.06
-1.093213265268544 2.7395044728273192 0.06
-1.0450073052355136 -2.760065168072017 0.06
2.6364652651363434 1.3300567302673783 0.06
-2.8441172466328815 0.8006229370967327 0.06
1.5572416453789506 -2.51296606779667 0.06
0.5495367744408386 2.906545945540369 0.06
-2.369907964325535 -1.7730020419126424 0.06
2.9468225855033245 -0.2936607729464456 0.06
-1.975655671026813 2.208344327667131 0.06
-0.03494803920044578 -2.9645874307491837 0.06
2.0294730698900914 2.163617123843978 0.06
-2.9596528373761797 -0.22462208754067234 0.06
2.3354102363894396 -1.8346277627266578 0.06
-0.48305918899221295 2.9320050852497146 0.06
-1.6252676947585483 -2.4896796822832923 0.06
2.881804876397888 0.7383770407924097 0.06
-2.6252016621549057 1.4029669393892072 0.06
0.9886088874939788 -2.809386493092027 0.06
1.1694025155238763 2.7408936055028534 0.06
-2.715255619103913 -1.2318226020513783 0.06
2.8358228081412977 -0.9263417300465345 0.06
-1.46613561288875 2.600085837932919 0.06
-0.6756287976796708 -2.9092139364003335 0.06
2.4647138320141018 1.689729483165386 0.06
-2.9604553378221277 0.4191708395874806 0.06
1.9008640292797496 -2.3101333169733635 0.06
0.15892336708940116 2.989104107152002 0.06
-2.1374877548103988 -2.097890868952816 0.06
2.9948898658950958 0.10312463895138906 0.06
-2.2792662933832624 1.9480618993879337 0.06
0.364965939144831 -2.9777172235227662 0.06
1.743272236713005 2.4435633629406133 0.06
-2.937666898493581 -0.6245904205918522 0.06
2.5894831316212996 -1.5246563911415418 0.06
-0.8800005379055748 2.8749954875244415 0.06
-1.2938615767537882 -2.7158649119940046 0.06
2.7901338819293278 1.129226691550452 0.06
-2.821695499556084 1.0526321806713592 0.06
1.3703424250389693 -2.6836843402565655 0.06
0.8027965719577583 2.906117283258346 0.06
-2.556416236820205 -1.6014793236636007 0.06
2.9684351773719655 -0.5462532359086506 0.06
-1.8208414994859474 2.4092605159570786 0.06
-0.28495633894703193 -3.0081223188051887 0.06
2.2433028918691873 2.0267195502415576 0.06
-3.02482448336102 0.02090083394841918 0.06
2.217503883627104 -2.0597758436535547 0.06
-0.2438927804049364 3.0183631841887997 0.06
-1.860049464502872 -2.391697303088871 0.06
2.988737425748236 0.5073939297348828 0.06
-2.547926756693793 1.645621233007113 0.06
0.767577545021573 -2.9361240968969033 0.06
1.4181047829300977 2.684954156895566 0.06
-2.8608769971532455 -1.022439634970901 0.06
2.8016861859681272 -1.179217755698824 0.06
-1.2700127298860513 2.7635245006924367 0.06
-0.9307688271087362 -2.8971830094908793 0.06
2.6447658731370507 1.5083810779407225 0.06
-2.9706658285343184 0.6746440062570145 0.06
1.7356954764506856 -2.505466266591636 0.06
0.41279231056707083 3.0215232099616083 0.06
-2.34665042861178 -1.950187623254786 0.06
3.049316143553419 -0.14721092576470618 0.06
-2.150183876795193 2.1694951707643866 0.06
0.12007003613131612 -3.0537817843492725 0.06
1.9753206520818785 2.334118317793428 0.06
-3.0348358486311775 -0.3870030644104555 0.06
2.500545010569904 -1.7655805419504262 0.06
-0.6515389440266611 2.992573642271252 0.06
-1.5418511357322748 -2.6481493680004338 0.06
2.92726971064618 0.9116424963402218 0.06
-2.775758530800569 1.3058195046360233 0.06
1.165308245266591 -2.839376109907544 0.06
1.059270768951864 2.8823506792276556 0.06
-2.7295193100067863 -1.4105758881747832 0.06
2.967063203335626 -0.8040745907014688 0.06
-1.6455454521288937 2.598495750425218 0.06
-0.5421709879596817 -3.029199666548051 0.06
2.447266079971651 1.868392018239264 0.06
-3.068235506465656 0.2755555785380476 0.06
2.0773798999699524 -2.276948122202355 0.06
0.006264365335136198 3.083822426425839 0.06
-2.0888086179112335 -2.2708761652145992 0.06
3.0757914413107343 0.2636418205817039 0.06
-2.447363396774742 1.8842538056554903 0.06
0.5320931002247423 -3.0441545513809283 0.06
1.6648189103495656 2.605451591517771 0.06
-2.9891050284154175 -0.7970264293620798 0.06
2.7438891049141607 -1.432156618506986 0.06
-1.056401461682253 2.9110163090844408 0.06
-1.1880246266691201 -2.861572554807531 0.06
2.8104395011886147 1.308216270407417 0.06
-2.957555606102817 0.9342723568691316 0.06
1.5505228071542638 -2.6880995190830386 0.06
0.6728269395810919 3.0310565665084415 0.06
-2.5448898751863775 -1.7814419786156 0.06
3.0814647324739783 -0.4056785704459586 0.06
-1.999178224332299 2.3818661648706367 0.06
-0.13486535210141684 -3.108345433957198 0.06
2.200238292156982 2.202033482426216 0.06
-3.1114437365614287 -0.1375422633689545 0.06
2.3884204346437192 -2.0013614934279884 0.06
-0.4094573125440921 3.0906867698303193 0.06
-1.7867262257310352 -2.556874927383999 0.06
3.0461846609942396 0.6787923181087205 0.06
-2.7060674715169095 1.5579469951182812 0.06
0.9434753229375057 -2.978230064150177 0.06
1.316750208776403 2.834813730686251 0.06
-2.8872962856431803 -1.2014658375963478 0.06
2.942083915394459 -1.0649611423790122 0.06
-1.450770578454784 2.7740340172193227 0.06
-0.8044901210859272 -3.0270110084165784 0.06
2.639266699254586 1.6894588749673085 0.06
-3.0888977559328774 0.5373180188611143 0.06
1.9156776269827704 -2.483984546948242 0.06
0.2654811862355176 3.127222368133578 0.06
-2.309337282721409 -2.1276656961639677 0.06
3.141642882864866 0.008944078741414712 0.06
-2.323767619721178 2.116625628101335 0.06
0.2838573978740978 -3.1320001560779254 0.06
1.907291618021619 2.50244653965364 0.06
-3.0983194533343896 -0.5571503971906414 0.06
2.6622962465151803 -1.6829078096530365 0.06
-0.8267228850728717 3.0408106273322564 0.06
-1.4451654665271594 -2.8020522433311874 0.06
2.9598668772637304 1.0904989999431705 0.06
-2.9206017426444033 1.1958618067579856 0.06
1.3464432032926668 -2.8560620967176082 0.06
0.9368864115421721 3.0169925177016323 0.06
-2.73014682770964 -1.5925759947792097 0.06
3.0904405374516566 -0.670206896768094 0.06
-1.8269892280179942 2.5830428491812167 0.06
-0.3978539564352604 -3.1403363242412126 0.06
2.4158364388665867 2.0478609085200126 0.06
-3.1662499828007027 0.12190589163183083 0.06
2.2534693589836357 -2.2297703577099335 0.06
-0.15552725700131073 3.167934859230797 0.06
-2.0262346159363647 -2.4422066417855013 0.06
3.1453297991580245 0.4323198521101545 0.06
-2.6125911340145316 1.8067560893680874 0.06
0.7063469542061367 -3.0985599849419914 0.06
1.572987063554844 2.763279156706595 0.06
-3.0279363427070867 -0.9755006430103642 0.06
2.893075567020049 -1.3266927916860112 0.06
-1.2377062401405192 2.9339535209538035 0.06
-1.0697381600048186 -3.0009432298911465 0.06
2.8172864534949196 1.4909383082321086 0.06
-3.086011294164295 0.8040735614919922 0.06
1.7332363030625164 -2.6787855303749457 0.06
0.5317200848711949 3.147582207241706 0.06
-2.5194704111835136 -1.9627197576757551 0.06
3.185137411871428 -0.2547541314620412 0.06
-2.1776028808710164 2.340522525681445 0.06
0.024708422975446495 -3.1983416787194687 0.06
2.143276316840976 2.376208456694947 0.06
-3.1870460387743527 -0.3045284005354948 0.06
2.556980936734877 -1.9292092911797905 0.06
-0.5825597039282221 3.151289290331668 0.06
-1.699930950566265 -2.7184986230099284 0.06
3.0912980662200558 0.8566657841796583 0.06
-2.859484846054485 1.45717068841806 0.06
1.1247360668473663 -3.0074854579752697 0.06
1.2027647413396232 2.9788180503330897 0.06
-2.900448204760351 -1.38470221040571 0.06
3.0755407073607666 -0.9386422946825049 0.06
-1.6345540715039009 2.7709624658825716 0.06
-0.6668108472071683 -3.148866985765969 0.06
2.619978206686327 1.8723552538150177 0.06
-3.198189116957847 0.389340945923222 0.06
2.096258120161609 -2.448612238321233 0.06
0.1083504072398097 3.223082404973687 0.06
-2.258139962313519 -2.3045181515021094 0.06
3.2233088394109983 0.1740118552711958 0.06
-2.4955075411639904 2.0499858809254414 0.06
0.455582272943316 -3.1988192810128866 0.06
1.8257129438939033 2.6677279183789078 0.06
-3.149754200393806 -0.734199208050223 0.06
2.8198221016702485 -1.5870108112208896 0.06
-1.0077195565975994 3.0764429614817725 0.06
-1.335683120173854 -2.9505847899158293 0.06
2.979401652427788 1.2740352402938342 0.06
-3.0589721069036218 1.0736338524774713 0.06
1.531089460733311 -2.8593294779076057 0.06
0.8028529047776419 3.144109923856051 0.06
-2.7171037378291154 -1.7768925904159343 0.06
3.205300893653242 -0.5254009717784398 0.06
-2.009537577783891 2.5537734283750497 0.06
-0.24339385694266055 -3.24203014026745 0.06
2.3705515119710427 2.227214746963526 0.06
-3.2539695571554916 -0.04101366973697971 0.06
2.4282258773314607 -2.1688059130908557 0.06
-0.3256443436832745 3.24098067896541 0.06
-1.950049306713688 -2.610997453347182 0.06
3.203116101816798 0.6083150814191255 0.06
-2.7740929812701314 1.715927775656014 0.06
0.8868537322130287 -3.1406194385279833 0.06
1.4682084218389677 2.916224276361667 0.06
-3.0539238064022736 -1.1591157770859013 0.06
3.0362616319090656 -1.2087660247528875 0.06
-1.4230008467461086 2.9436488564636685 0.06
-0.9395688478789929 -3.1332427898417543 0.06
2.8105963642628975 1.6764689311741459 0.06
-3.206380641775576 0.6626637005652614 0.06
1.9175561557141367 -2.6557444134710746 0.06
0.3801603687762117 3.2550695989505263 0.06
-2.480240214354828 -2.1443900016314936 0.06
3.2788905796479897 -0.0942155331974168 0.06
-2.3552038531426116 2.2853916097995537 0.06
0.19298370266536133 -3.2776145732080164 0.06
2.0726573317344013 2.5483507578839366 0.06
-3.251204750635355 -0.4792365485291159 0.06
2.722316293627624 -1.8436360805347554 0.06
-0.7623453993940895 3.1998171029017684 0.06
-1.6000545091596285 -2.8757304407259627 0.06
3.1237995993364898 1.0401327142173684 0.06
-3.0073783672268966 1.3437542023508933 0.06
1.3104577715081314 -3.0236898698599934 0.06
1.076677749111673 3.116210041792405 0.06
-2.900211426171328 -1.5712331728630453 0.06
3.2013485984084253 -0.8008540138304937 0.06
-1.8204409671634818 2.754268448258609 0.06
-0.5183827177696458 -3.2620973863325653 0.06
2.586939173679217 2.056148270841354 0.06
-3.297945648712287 0.23141844814036527 0.06
2.2765222632685433 -2.3994679378651154 0.06
-0.05784578340003529 3.3085727837457104 0.06
-2.1932559241659755 -2.479844440909722 0.06
3.293851153070198 0.3471953073100671 0.06
-2.6645240193663406 1.9698506923672774 0.06
0.6344107595407841 -3.253847413167816 0.06
1.7309345639344493 2.829110378789958 0.06
-3.1888223568868677 -0.9172851117392465 0.06
2.9723044553086906 -1.4783119511632543 0.06
-1.193640637543304 3.0992292636081658 0.06
-1.2138957256912988 -3.09296898903762 0.06
2.985710768045951 1.4613456844889439 0.06
-3.190137547872911 0.9396927293809462 0.06
1.7183311223119557 -2.849094269078181 0.06
0.6577885373606398 3.2630222555350357 0.06
-2.6903859112615343 -1.9626063406820649 0.06
3.3110201621586692 -0.3703315889561467 0.06
-2.192274672644413 2.510763182715931 0.06
-0.07951680730839793 -3.333718206050937 0.06
2.311566183776552 2.405548124237116 0.06
-3.3308967259771802 -0.2124311673801749 0.06
2.6007612958740465 -2.0942876311250926 0.06
-0.5032750028370685 3.3025314944023396 0.06
-1.8605616719464455 -2.7763843870912126 0.06
3.248794253432021 0.7907818276029592 0.06
-2.931035183108455 1.6121515919355673 0.06
1.0727403802470048 -3.1700517466734692 0.06
1.3509365096296413 3.0634899293044335 0.06
-3.066863251785257 -1.346978023150029 0.06
3.1726930080845923 -1.078897157495162 0.06
-1.6113774898998359 2.939976630016658 0.06
-0.798100857395852 -3.257765341675795 0.06
2.7903229204646967 1.8638932371596195 0.06
-3.318011454038865 0.5106858044501535 0.06
2.102567274682101 -2.619009518011701 0.06
0.21884477879244082 3.3529251352804295 0.06
-2.4273119848534823 -2.3255443509395057 0.06
3.362193662581258 0.07519159060976262 0.06
-2.531086376551784 2.216664556136982 0.06
0.36917188232256914 -3.345700542681968 0.06
1.9886494103367776 2.717585973390205 0.06
-3.3035267522577656 -0.6608411285000815 0.06
2.8835790437139766 -1.7449847846481614 0.06
-0.9479581184756349 3.235950464023845 0.06
-1.48751202467251 -3.027756261071008 0.06
3.1434452580272123 1.228312627056416 0.06
-3.148973392800691 1.218181666022482 0.06
1.499742435037097 -3.0266768292219437 0.06
0.9390386530832718 3.2462603728006103 0.06
-2.8864982140005053 -1.7601500108149561 0.06
3.3188290526824606 -0.6522068069798428 0.06
-2.0075187243661805 2.7239435697751126 0.06
-0.3598726607639993 -3.3660795694746493 0.06
2.540220552881957 2.239928468214127 0.06
-3.3876052785540423 0.06426878490210614 0.06
2.4555705643610226 -2.3367013509311985 0.06
-0.23234326972631494 3.3831962114268346 0.06
-2.114912436162807 -2.6527618414331693 0.06
3.3528410292452793 0.5276902809503473 0.06
-2.8299577724672176 1.876523116311757 0.06
0.8195047840193145 -3.2967274544568377 0.06
1.6233329688583524 2.985764570795482 0.06
-3.215241174647172 -1.1055424862272254 0.06
3.1189501493190006 -1.3572582532675883 0.06
-1.3835995336520814 3.1089632243688157 0.06
-1.080317403837182 -3.228453857029165 0.06
2.978665862453197 1.6515294971195504 0.06
-3.313394915887715 0.7946157130144371 0.06
1.9072599464310886 -2.825306973894992 0.06
0.5023293214503806 3.3730794910305932 0.06
-2.650023036785112 -2.1488084848371702 0.06
3.4070063376489035 -0.205688636585021 0.06
-2.3742981196659096 2.454120705864104 0.06
0.09303869384392532 -3.4148709787410443 0.06
2.2390670749856336 2.5819718499076005 0.06
-3.396568379141268 -0.3915651233417789 0.06
2.7702063573703777 -2.006478691036799 0.06
-0.6876007305787085 3.35219409272608 0.06
-1.7581094015788319 -2.9375246947183475 0.06
3.2820438713928586 0.9788707913982199 0.06
-3.082607871231029 1.4958371275725526 0.06
1.2631332640214785 -3.186611736205471 0.06
1.2216496609667107 3.2043052454252736 0.06
-3.0665865229188247 -1.5381960529960517 0.06
3.3016436426955624 -0.9376295945883837 0.06
-1.8019339189112589 2.9228469258373964 0.06
-0.6459384986225297 -3.373835125787458 0.06
2.756455075541421 2.052304903400549 0.06
-3.4202833561488863 0.3488004639488138 0.06
2.287366142456643 -2.5686486973393263 0.06
0.04848513767034773 3.440588494927153 0.06
-2.360831908288547 -2.5052889455722784 0.06
3.4345506035144235 0.25270961971936823 0.06
-2.7043730236555095 2.1345647211842422 0.06
0.5524753229614795 -3.402171515006057 0.06
1.891551333964529 2.883059755013241 0.06
-3.3436551596368522 -0.8485105617691839 0.06
3.0399443859029476 -1.633627292443766 0.06
-1.1385386759197749 3.259406339110674 0.06
-1.3627456230882793 -3.1737870701661346 0.06
3.150027956647902 1.420325269907089 0.06
-3.2835226612179835 1.0809620406230613 0.06
1.6916954323672713 -3.0163167214514646 0.06
0.7904193425400378 3.3682691791094395 0.06
-2.8592573580443768 -1.9505505275355195 0.06
3.4273348854294534 -0.49333110901125965 0.06
-2.194884429059794 2.6800153624691907 0.06
-0.19196483224293323 -3.460223909399787 0.06
2.4799283585735337 2.4227990705675078 0.06
-3.4666403795522784 -0.11137539610539986 0.06
2.6325191924232296 -2.2604961184490784 0.06
-0.4143665072048547 3.4464910267846123 0.06
-2.023369321459837 -2.822406170092313 0.06
3.3998862362783493 0.7146842522156477 0.06
-2.9909708163926747 1.7703371361092033 0.06
1.010021037926195 -3.3271395376428825 0.06
1.5033137181771723 3.136885057623299 0.06
-3.2287655346300017 -1.2981036639596377 0.06
3.2589923920456227 -1.224323727038218 0.06
-1.5767108251665174 3.1054762877540574 0.06
-0.9354869697799216 -3.356317048398733 0.06
2.958176175059974 1.8436902444032024 0.06
-3.4280717719816765 0.6390022896222 0.06
2.096975303515122 -2.787955268014117 0.06
0.33713082113261084 3.4736641762614955 0.06
-2.5960812709605445 -2.334601043983294 0.06
3.4927016088845986 -0.0321787397972084 0.06
-2.5547194133258753 2.3839900836991528 0.06
0.2735203624016645 -3.4849944922986125 0.06
2.153275057416377 2.7556136389393378 0.06
-3.450558110845547 -0.5776233406624173 0.06
2.935711617575045 -1.9056750243509284 0.06
-0.8777954635014654 3.3896128280758333 0.06
-1.6430611911274682 -3.0935982160278646 0.06
3.3025827300655584 1.1717283435475663 0.06
-3.2280263868086068 1.3674229945658258 0.06
1.4571576952389396 -3.1900927026037884 0.06
1.08085302690313 3.3379270115199255 0.06
-3.0529639621603857 -1.7318807827763327 0.06
3.422417394288198 -0.7855311446872008 0.06
-1.9937734238444875 2.892208072454579 0.06
-0.48370788205433557 -3.480808337848913 0.06
2.70901949012896 2.240806417810658 0.06
-3.512609745662442 0.17768729464212124 0.06
2.471061271318988 -2.5047666944023725 0.06
-0.13019063503587952 3.517534704668734 0.06
-2.2809819665404856 -2.682745099392989 0.06
3.4955020148878706 0.4375678963484786 0.06
-2.8742045862966212 2.039349895459694 0.06
0.7420865164819974 -3.4466371439499714 0.06
1.7816946956871687 3.043938897441965 0.06
-3.3712715967017326 -1.0414066550930785 0.06
3.190611441515469 -1.5099664331602152 0.06
-1.3332245887787257 3.2699407021956532 0.06
-1.22622626288952 -3.3130603906660085 0.06
3.1433798325282036 1.6152904470883753 0.06
-3.410307875991106 0.9326307902664543 0.06
1.8854255634914996 -2.9925190800616064 0.06
0.6314156747036241 3.481567785601562 0.06
-2.8184764314474333 -2.1415393074551177 0.06
3.526252103163264 -0.324878600305806 0.06
-2.3816452675591826 2.6225494884773766 0.06
-0.015361743327722492 -3.5439757359273685 0.06
2.4062057970275843 2.6038766603567938 0.06
-3.534559792781768 -0.2947661297545988 0.06
2.8065008454353313 -2.17107185615096 0.06
-0.6031277966836844 3.4980332846997735 0.06
-1.9189208896231718 -2.987932833811332 0.06
3.4346332320358814 0.9073558074949198 0.06
-3.146747684346292 1.6516594718831272 0.06
1.205110666410848 -3.34480317533077 0.06
1.3713131092524038 3.2816916912459195 0.06
-3.2291900985447333 -1.494098827876074 0.06
3.3916922748386167 -1.0800108855007198 0.06
-1.772090368261865 3.0886397858464383 0.06
-0.7799692881819237 -3.475866497651051 0.06
2.924190645148329 2.0369361970437367 0.06
-3.5335281382352606 0.47347533863935726 0.06
2.2865846745795255 -2.737066043408168 0.06
0.1628691541196753 3.5641932661734748 0.06
-2.528665210216949 -2.519097507965596 0.06
3.567584273110304 0.14947392500374057 0.06
-2.732664801793237 2.3005527772777414 0.06
0.46116150634933417 -3.543632326450024 0.06
2.0544470319621917 2.925619146926295 0.06
-3.4924782244193384 -0.7698024759357089 0.06
3.096448637627798 -1.7922069731292074 0.06
-1.0730253473882514 3.414471643440947 0.06
-1.5158182667261948 -3.243808715423768 0.06
3.310168781096723 1.368496489090358 0.06
-3.3665327469459227 1.227378207294206 0.06
1.6539380891449376 -3.1803284102865215 0.06
0.9290797992973393 3.4636412525747544 0.06
-3.0259063724150725 -1.9271457198089248 0.06
3.5343497129380093 -0.6231950791325404 0.06
-2.1860053659261145 2.848048549470713 0.06
-0.312057804693946 -3.57807489112925 0.06
2.6480823666033273 2.4285097857913858 0.06
-3.594439619814786 -0.0019543555815533663 0.06
2.6527740778038336 -2.4275068881739594 0.06
-0.31643799821407065 3.583276014108636 0.06
-2.1879815811473415 -2.857050332171273 0.06
3.5446270831250883 0.6289823857439328 0.06
-3.039741253769996 1.931313830046483 0.06
0.9371879324311664 -3.4787467253747284 0.06
1.659445297405206 3.19941264999058 0.06
-3.3860981055588284 -1.2386846327984027 0.06
3.3348046859547336 -1.374437232664463 0.06
-1.531150291446612 3.2673504227436267 0.06
-1.0784548406910457 -3.444841818805336 0.06
3.1233740922648985 1.8123284138832079 0.06
-3.5286413327813895 0.7737508284885887 0.06
2.08004562049166 -2.9552343759291695 0.06
0.46264825516238917 3.585520407415805 0.06
-2.7641835070468734 -2.3322284492240564 0.06
3.6150016623559162 -0.14752281574034604 0.06
-2.5669194170881693 2.5516513684623408 0.06
0.16921530600176818 -3.616817133919647 0.06
2.319234792945869 2.7822922159955326 0.06
-3.5909106504754433 -0.48513987704787614 0.06
2.976665924996168 -2.0686855659975767 0.06
-0.7978272058644149 3.537438585980339 0.06
-1.8018972211983422 -3.1485181283006285 0.06
3.456768983433801 1.1048747418463538 0.06
-3.296496836725825 1.5208907276516046 0.06
1.4039195407123772 -3.3494790525103975 0.06
1.2277991777176915 3.4194311192354436 0.06
-3.216351058125686 -1.6926564538895008 0.06
3.5163403610106903 -0.9248515910821644 0.06
-1.9688559018333545 3.05836662907114 0.06
-0.6143559581598332 -3.5864420749084345 0.06
2.8766995280300742 2.230381094214966 0.06
-3.6291582041626476 0.298681651861888 0.06
2.475204563946825 -2.6727069361635616 0.06
-0.01975865820270596 3.644119865677586 0.06
-2.4479193169415296 -2.701423887090754 0.06
3.6311704951599473 0.338527450998981 0.06
-2.9072764667503064 2.2040289349007773 0.06
0.6551810177500123 -3.590367367551691 0.06
1.9428771154546598 3.091153266055014 0.06
-3.521981478659443 -0.9672882010961584 0.06
3.251611383248506 -1.666440341665053 0.06
-1.2724490659654877 3.4264957864447405 0.06
-1.3768152929896935 -3.387385370605138 0.06
3.304601823024531 1.5683133587593225 0.06
-3.4973972084321363 1.0762029392503536 0.06
1.8525986128117102 -3.1571947009660533 0.06
0.7668918105376077 3.580764855576299 0.06
-2.985366549820665 -2.1231077606216457 0.06
3.636809308688577 -0.4512405702462052 0.06
-2.3777461169259557 2.790398430949161 0.06
-0.13166002398362325 -3.6650601138432415 0.06
2.5737507904464603 2.614537601312366 0.06
-3.665259285909512 -0.18940529837915385 0.06
2.8316400747174986 -2.3370525212869913 0.06
-0.5094958467653917 3.6373636032336414 0.06
-2.0820887165959454 -3.0273596707731727 0.06
3.581545257616621 0.8261558979054101 0.06
-3.2001640105070117 1.8107872061221548 0.06
1.1369524008426362 -3.4981908521717573 0.06
1.5252039774666701 3.348694197313312 0.06
-3.3878987523208965 -1.4394936762704147 0.06
3.471775498324167 -1.2275075923333363 0.06
-1.7314478259471402 3.2514748078407316 0.06
-0.9199627159457489 -3.5684266282592554 0.06
3.089926476404217 2.010560710452739 0.06
-3.6378675624402237 0.6049128847571578 0.06
2.2746733566564785 -2.904455391380138 0.06
0.2847626436112699 3.679525816841556 0.06
-2.6964484286614465 -2.5217386604422787 0.06
3.693041144729344 0.03804081145525317 0.06
-2.7498372554525816 2.467467338897319 0.06
0.36102634458360805 -3.678268611523171 0.06
2.2192370226153737 2.957192424826841 0.06
-3.6352800219124215 -0.6817178025285998 0.06
3.1421839400795593 -1.9536325362529405 0.06
-0.9976530032224155 3.5643636858717564 0.06
-1.6726649269880183 -3.303360719331779 0.06
3.4660225229547676 1.3064026448114179 0.06
-3.439452206018386 1.3784660033948102 0.06
1.6055889899104419 -3.3409705170022628 0.06
1.0732721572741823 3.5493783788742532 0.06
-3.1901275460842835 -1.8929041813346683 0.06
3.632258314381894 -0.75940735946105 0.06
-2.166128048190813 3.0146126250052516 0.06
-0.43926545892994706 -3.687417233863164 0.06
2.8157356099433017 2.4231452649185563 0.06
-3.71439197893409 0.11529192005554847 0.06
2.661961730642878 -2.59498742667335 0.06
-0.21003486260728377 3.7129348710271692 0.06
-2.3540288952471706 -2.8807200419932144 0.06
3.6830159230281305 0.5342225292153532 0.06
-3.077713939322948 2.0946782348841135 0.06
0.8547838540400574 -3.6248233836798764 0.06
1.8188973430789122 3.251401613972115 0.06
-3.5387626081785837 -1.1692558329797231 0.06
3.400417772799459 -1.5287769524785375 0.06
-1.4752186126613303 3.4254532612280064 0.06
-1.2265207778439888 -3.5235843656023023 0.06
3.285724871629198 1.7703141156182685 0.06
-3.619919891173286 0.914428773326817 0.06
2.052264218156313 -3.1206107701658756 0.06
0.5948796272920561 3.6886472085349755 0.06
-2.931340455002681 -2.3188883407496523 0.06
3.729199791264686 -0.270312627954045 0.06
-2.5681203151193723 2.71933044094887 0.06
0.05679096188840453 -3.7412263746862195 0.06
2.4861736606596216 2.79802439750663 0.06
-3.7245939579719454 -0.38392687876584325 0.06
3.006810304022235 -2.233627497060715 0.06
-0.7085870359709527 3.679389135774293 0.06
-1.9636005369029033 -3.192847151285923 0.06
3.6059177467939665 1.0282787576121213 0.06
-3.3546761938073217 1.6781381452974669 0.06
1.340543921747184 -3.504702839595203 0.06
1.3794069702768863 3.491022258644528 0.06
-3.3764809688972335 -1.6429778655462157 0.06
3.6008037877365933 -1.0696784947926206 0.06
-1.9332479070516502 3.2221968484064436 0.06
-0.7513117610402075 -3.6831414088686114 0.06
3.04299639890707 2.2091113408424223 0.06
-3.737364967412207 0.4267353985316322 0.06
2.468432768746779 -2.8402182427019773 0.06
0.09842909286465142 3.7630189627050568 0.06
-2.615383707493804 -2.709200631657974 0.06
3.7598663451014347 0.23109536337533598 0.06
-2.929542814452002 2.3701854143278847 0.06
0.559313292739143 -3.7278906422486835 0.06
2.1064745351925596 3.1277412029426754 0.06
-3.667296395926408 -0.8837064809229259 0.06
3.3022450796847256 -1.8262468162047591 0.06
-1.2017825023500397 3.5785079037282115 0.06
-1.53162747191887 -3.4516832541911215 0.06
3.4621662728707245 1.5110938749781364 0.06
-3.5748748327003685 1.2248550651099563 0.06
1.8092568970881306 -3.3191248063818017 0.06
0.9082644943297646 3.6708385429408223 0.06
-3.1504427547493656 -2.0939700210478733 0.06
3.738800540313862 -0.5842692185532091 0.06
-2.363031622396111 2.9573774787057543 0.06
-0.25534285426912434 -3.778200633472724 0.06
2.741375081082569 2.6143570270373435 0.06
-3.7886968793210154 -0.07599971462576155 0.06
2.8459946648428947 -2.504059577503256 0.06
-0.407221569836321 3.770168509902448 0.06
-2.2472206869935407 -3.0561412244770825 0.06
3.722717166406274 0.7357831874567705 0.06
-3.2431556917610793 1.9728003342958245 0.06
1.0591619137052923 -3.646666428473565 0.06
1.6828779656895725 3.405572162294689 0.06
-3.5425596400587347 -1.3748713382083901 0.06
3.5421113283145593 -1.3796547893678581 0.06
-1.680480416018356 3.4111560461783004 0.06
-1.06543705982837 -3.6516905498062506 0.06
3.2534252678643516 1.9736321912711523 0.06
-3.733432430631216 0.7426185332397047 0.06
2.252061978247662 -3.0705401554337683 0.06
0.41366222728174784 3.7866718317964003 0.06
-2.863868072687298 -2.5136148595682553 0.06
3.810961265897561 -0.08108162448090572 0.06
-2.75626236630001 2.6349606767688716 0.06
0.2525785374769239 -3.8060746291167256 0.06
2.3855422700512787 2.978118210850367 0.06
-3.7720092398552953 -0.5847617416061704 0.06
3.1774529506152147 -2.1174968114796937 0.06
-0.9129192845610107 3.708986166040069 0.06
-1.8328536852136528 -3.352707468390097 0.06
3.617448836250791 1.2345298364591264 0.06
-3.5025051644801652 1.5337723340801839 0.06
1.5471188174440995 -3.498059942984164 0.06
1.2225258742105942 3.6256627651900586 0.06
-3.35169665948972 -1.8482774420431196 0.06
3.7211996628656236 -0.9014838152117688 0.06
-2.1356812847242126 3.179444204586509 0.06
-0.5730940172573059 -3.788345713815449 0.06
2.982587802596596 2.407108223533377 0.06
-3.8265474321770756 0.2398640225190712 0.06
2.6604556232716847 -2.7626030979136456 0.06
-0.0956580966518386 3.835472530020903 0.06
-2.5211450956669883 -2.893756625321883 0.06
3.815012766611106 0.43090322648394763 0.06
-3.1051954179113688 2.260035711351093 0.06
0.763300888389504 -3.7652850826708724 0.06
1.9812500230790882 3.293121368253699 0.06
-3.686631008630072 -1.0902989526763844 0.06
3.456061906586579 -1.6869013302031455 0.06
-1.4093832381424944 3.579614349066527 0.06
-1.3792251313457746 -3.5927340615559387 0.06
3.445017158785891 1.7180968469998377 0.06
-3.7020545566119245 1.0605621433319625 0.06
2.0140590864046044 -3.2838340391181546 0.06
0.7333404900365753 3.7831483880060683 0.06
-3.09726479593996 -2.29498383084304 0.06
3.835355816526559 -0.400057196705537 0.06
-2.5586971837191523 2.8867055135617283 0.06
-0.06325913082145719 -3.8582377171926194 0.06
2.653738110849575 2.8031543016795433 0.06
-3.851579243657408 -0.2744764649791062 0.06
3.02645525145448 -2.400118457689871 0.06
-0.6105616991041921 3.81539177694598 0.06
-2.1277631410580358 -3.226859776246071 0.06
3.749913141282276 0.9424178653009997 0.06
-3.4028008568999155 1.8387349804366044 0.06
1.2674952329959037 -3.6556060830363903 0.06
1.5352274020591379 3.5528969621939153 0.06
-3.5331550221486894 -1.5832926417644648 0.06
3.6759628924985748 -1.2195477903606373 0.06
-1.887376749317488 3.3834610986585547 0.06
-0.8940999430221773 -3.7710191317318635 0.06
3.207635550080548 2.1774007848486368 0.06
-3.837299633867678 0.5613657630449015 0.06
2.45112266318913 -3.0069914682287724 0.06
0.22388632732091474 3.874257982173974 0.06
-2.7830339965920685 -2.7064223199295374 0.06
3.8815718717639918 0.11575752386166964 0.06
-2.941318133462862 2.537449041411974 0.06
0.4549649280747972 -3.8591458788470145 0.06
2.2720905811189436 3.153982306733914 0.06
-3.8071124931660676 -0.7911349217288104 0.06
3.342755089296339 -1.988966669651209 0.06
-1.1216863881559622 3.725831403408591 0.06
-1.690224239330472 -3.50615772902186 0.06
3.615887038770655 1.4440778797732434 0.06
-3.6429040524103464 1.3781328183205983 0.06
1.7558271620640364 -3.478084383242902 0.06
1.055067286176673 3.7519105828417327 0.06
-3.313443092464413 -2.054530329053301 0.06
3.8323051172126563 -0.7234897985360205 0.06
-2.337880343042655 3.123189956056909 0.06
-0.3859310185508678 -3.8834336931278086 0.06
2.9087497611055664 2.6036848555976038 0.06
-3.904865891079053 0.04497079816272634 0.06
2.849883172108354 -2.671734624795963 0.06
-0.2967815432723597 3.8963984287509503 0.06
-2.4139318760538586 -3.0745622286385914 0.06
3.858057017642481 0.6367071922160213 0.06
-3.275971457185619 2.1372905772742117 0.06
0.9721979131162704 -3.7900964654916596 0.06
1.8439067877809614 3.452536423844837 0.06
-3.6929990214306985 -1.300676065633524 0.06
3.6028711336385273 -1.5360076804476719 0.06
-1.6196144132664863 3.5674709742812847 0.06
-1.2159346318567656 -3.725788905862938 0.06
3.414437527819934 1.9265555711203606 0.06
-3.8203117346572864 0.8861254143967653 0.06
2.2191309431428214 -3.235035990091309 0.06
0.5490956257904671 3.8856780610001356 0.06
-3.030607326851361 -2.4950790028443692 0.06
3.9213488944558677 -0.20741949751589056 0.06
-2.7522627764246805 2.802686141812371 0.06
0.13628977141070547 -3.927012235556291 0.06
2.5529891585437605 2.988686393109525 0.06
-3.902585762694164 -0.47940000502379293 0.06
3.2025105745205935 -2.283402290461272 0.06
-0.8192802124091647 3.8482177606724384 0.06
-1.9959663962888752 -3.392066942866194 0.06
3.764286281518056 1.153320766645154 0.06
-3.5558710366522948 1.692861828590077 0.06
1.4789534458849618 -3.651396541722769 0.06
1.3763918923655094 3.692633932388979 0.06
-3.5103765736125077 -1.793671182639815 0.06
3.801272381334754 -1.0489653392279499 0.06
-2.0950473693646012 3.342271161967333 0.06
-0.713078030227654 -3.880917381600213 0.06
3.1483341102127675 2.3807545716580663 0.06
-3.9309211178375416 0.37129390695089187 0.06
2.648582504745469 -2.930018893378713 0.06
0.02622541600123391 3.9508622131827837 0.06
-2.688967767474986 -2.8964551343807465 0.06
3.940549250998691 0.31948646364699074 0.06
-3.1224467698472185 2.426999416866571 0.06
0.6631924376956061 -3.9000225371891584 0.06
2.1460952325547322 3.3247970243017617 0.06
-3.8295540873205645 -1.0022552031725074 0.06
3.501924526240442 -1.8483843248944887 0.06
-1.3340696890028116 3.729645836387678 0.06
-1.536127384122095 -3.652439275299483 0.06
3.6010260826980613 1.656083075128859 0.06
-3.7751535458729593 1.2116995110516555 0.06
1.9658144363089791 -3.444644190914239 0.06
0.8775721483576662 3.869091253049857 0.06
-3.261663592683329 -2.2608738594101347 0.06
3.9334957070645276 -0.5362942499271571 0.06
-2.5389808868585195 3.0534531363960915 0.06
-0.19047283178569074 -3.9678356947272326 0.06
2.821576850350621 2.797982143896825 0.06
-3.971809839061791 -0.15724694697179545 0.06
3.0358680133803855 -2.567782195851867 0.06
-0.5042020210205842 3.9453492015281437 0.06
-2.2939868984621308 -3.2507882289814107 0.06
3.8886181046483146 0.8477318185613596 0.06
-3.441066265807574 2.002264456639312 0.06
1.185198667691186 -3.802013166482073 0.06
1.6948284372734352 3.605212416517131 0.06
-3.6861605521091234 -1.5140080528433675 0.06
3.74193545095896 -1.3740156770781642 0.06
-1.8316285657033091 3.5419114609628 0.06
-1.042268517338995 -3.8501527681072574 0.06
3.3703358824208385 2.1356113971569246 0.06
-3.9289989605154942 0.7021162070969195 0.06
2.4236092201578683 -3.1727146653876352 0.06
0.35615561639620935 3.977832723595782 0.06
-2.950529960596887 -2.693394317885915 0.06
3.9962420546458244 -0.0070314066959924525 0.06
-2.942875817178044 2.7054541069233946 0.06
0.34258419010580976 -3.984047699600188 0.06
2.4393370450212393 3.170115893904677 0.06
-3.941304818875856 -0.6900118293956665 0.06
3.373344824685947 -2.154192353009484 0.06
-1.0325855916651259 3.868302857311664 0.06
-1.8521820096176558 -3.5509747680388695 0.06
3.765563616962869 1.3676734429700375 0.06
-3.7016121676503366 1.535600000098652 0.06
1.6926974609674417 -3.633837545300337 0.06
1.2068548892393909 3.8240686809102917 0.06
-3.474098265072765 -2.005153671073219 0.06
3.9173705470352203 -0.8684514938791777 0.06
-2.3026313400826237 3.287535385614777 0.06
-0.5229717944191994 -3.9807663209791615 0.06
3.0755456486194745 2.582831578569887 0.06
-4.013732911777569 0.17305523081825672 0.06
2.843585108503112 -2.8397224742392253 0.06
-0.1786214665276549 4.015979876903706 0.06
-2.5818439857340185 -3.082869058738804 0.06
3.987451937539055 0.5293647568700021 0.06
-3.298822658350158 2.303859602657158 0.06
0.8764849234287886 -3.9283296932668517 0.06
2.007875303662345 3.4897617060399475 0.06
-3.839028528487067 -1.2173167038459727 0.06
3.6541917031301527 -1.6961376703483584 0.06
-1.5492397585025461 3.72019571671639 0.06
-1.371016833047284 -3.7908195477364774 0.06
3.5727057427716646 1.8696988194803927 0.06
-3.898563698650125 1.034988448035755 0.06
2.1762233652076852 -3.397653876533651 0.06
0.6906148432389673 3.976562729078722 0.06
-3.196348045444433 -2.4664466692761784 0.06
4.02418220265489 -0.34052547604494704 0.06
-2.7381240765353123 2.9702990660028905 0.06
0.012603147699982588 -4.041019816911079 0.06
2.7212093071871863 2.9891503653175158 0.06
-4.026908772645699 -0.36606794012739047 0.06
3.217576061488754 -2.450959870853564 0.06
-0.7171599266831675 3.981919341166995 0.06
-2.1615963856430818 -3.4216225778970366 0.06
3.9063586151941023 1.0631850118858985 0.06
-3.599696061650007 1.8553135216834455 0.06
1.4014846562958188 -3.8007684431134967 0.06
1.534438343318337 3.750399841424175 0.06
-3.6659215602270727 -1.7294563059708412 0.06
3.872545377618845 -1.2014126261542772 0.06
-2.0445734173926224 3.502815944478307 0.06
-0.8587742728145006 -3.965161629536925 0.06
3.3126674377990173 2.344404923759139 0.06
-4.02750276581627 0.5091379688672738 0.06
2.6266339926398183 -3.0969006875760496 0.06
0.15517522639695563 4.059054156957339 0.06
-2.85713847569194 -2.889075930244954 0.06
4.059536601899616 0.20040603243745556 0.06
-3.129695093933888 2.5951895150462825 0.06
0.5548821957982814 -4.028908754090377 0.06
2.313034805319031 3.3466206820287763 0.06
-3.96736772626196 -0.9055348279414792 0.06
3.538161278456759 -2.0128126509015276 0.06
-1.249671520480874 3.8753478670822603 0.06
-1.6968024543092033 -3.702818039149408 0.06
3.7535177168610048 1.5846465691789282 0.06
-3.839296417413326 1.3674074079209906 0.06
1.90788131744518 -3.6027751634737974 0.06
1.0271362154902557 3.9465163365718317 0.06
-3.4242408334997374 -2.216884010090069 0.06
4.023620729980694 -0.6785839824735245 0.06
-2.509269004451874 3.219249767150275 0.06
-0.32441242076676835 -4.069982380951083 0.06
2.989341438792174 2.782775190761902 0.06
-4.0852090080757115 -0.03267048112682448 0.06
3.035283479502884 -2.7362481976342843 0.06
-0.3899311671919773 4.069146554850575 0.06
-2.461882215357611 -3.264833220503905 0.06
4.021880656212585 0.7446314438586572 0.06
-3.4696374265497476 2.168321039026566 0.06
1.0940494705376675 -3.943736268567696 0.06
1.8577918584368573 3.6480966833029154 0.06
-3.8352754639579847 -1.4355006497950005 0.06
3.798811637274702 -1.532654607048273 0.06
-1.7663582568040832 3.6972934031017943 0.06
-1.1953840247409782 -3.920593964362296 0.06
3.5308125160302732 2.084073649524886 0.06
-4.012475733010345 0.8485508187510595 0.06
2.386195904087468 -3.3370749328290774 0.06
0.49480206622146433 4.073717088269996 0.06
-3.1175332204694977 -2.670390724083104 0.06
4.103812195823087 -0.13684100779259886 0.06
-2.9344584778576412 2.8738394947751376 0.06
0.22259361349450385 -4.102493398316621 0.06
2.60783298911773 3.1763512244191907 0.06
-4.069733550011288 -0.5807485100389972 0.06
3.3941885961669462 -2.3215261733717876 0.06
-0.9348769438586145 4.005746509683505 0.06
-2.0170895278903407 -3.5862724152628345 0.06
3.9109857858263806 1.282259795464244 0.06
-3.7510999300379 1.6968350877058318 0.06
1.6202264457931488 -3.7861413423632913 0.06
1.3631988817304086 3.887375568278548 0.06
-3.6321345872095225 -1.9461753108074087 0.06
3.994021115494691 -1.01872240035377 0.06
-2.257593870840503 3.4501115799845365 0.06
-0.6660332324472193 -4.070184238247196 0.06
3.241434508882145 2.5520780404658425 0.06
-4.11524528521456 0.3078250193199628 0.06
2.827350729539727 -3.007671500043044 0.06
-0.05316312141339397 4.128822311812605 0.06
-2.7505848356408333 -3.0812794521014624 0.06
4.110774287746141 0.41416754484774665 0.06
-3.3118928469503817 2.472117669189494 0.06
0.7724212404472137 -4.0612024607628205 0.06
2.1743793382124785 3.5173959819097234 0.06
-3.98044986399615 -1.1251750442544635 0.06
3.6961843229691533 -1.859629385290808 0.06
-1.4697187390432946 3.869098968507395 0.06
-1.5302604085456797 -3.846856259601808 0.06
3.7279674968705785 1.8034018804128247 0.06
-3.968224088501659 1.1887798717320146 0.06
2.1236541887751286 -3.558102427769309 0.06
0.8377910122520223 4.059323369699651 0.06
-3.360772235487036 -2.428005350319367 0.06
4.119420581403529 -0.4799729924787526 0.06
-2.7141040743893288 3.137457421764198 0.06
-0.1180604457530852 -4.148019012872118 0.06
2.889839410662394 2.9797362602388864 0.06
-4.1448628480814325 -0.2451774267633248 0.06
3.2228421327920587 -2.619787889715565 0.06
-0.6069580485703908 4.109939406764488 0.06
-2.329346692663624 -3.4415322147812355 0.06
4.043479523503658 0.9645067874341993 0.06
-3.634102011410578 2.0207183303621488 0.06
1.3150782387384188 -3.945956059815753 0.06
1.6962472869549843 3.799045293425423 0.06
-3.818080558486694 -1.655977309296821 0.06
3.935065875089108 -1.3584022080036506 0.06
-1.9845799396839165 3.6607980636746653 0.06
-1.0097571159133711 -4.041087794995589 0.06
3.475280144398665 2.298353305727471 0.06
-4.116263819792643 0.6529717956130124 0.06
2.5948753436190684 -3.2629161728548626 0.06
0.2907714999755858 4.159982203664091 0.06
-3.0253029224499053 -2.8718534481090883 0.06
4.171871649722924 0.07407387014416594 0.06
-3.127142199423345 2.764232563404484 0.06
0.43877095217081097 -4.15180443319903 0.06
2.4816791461621728 3.3587599818242135 0.06
-4.099897660360563 -0.8005243122916254 0.06
3.5649043650846846 -2.1797836745420778 0.06
-1.1565578763341846 4.016512651379224 0.06
-1.860837881508543 -3.743966129486591 0.06
3.902252449727803 1.5041362367130724 0.06
-3.8945418252236994 1.5272668305123562 0.06
1.8405856718839042 -3.757957475072819 0.06
1.181610474507192 4.015444768208733 0.06
-3.5846993508858236 -2.16331471676193 0.06
4.105714386166222 -0.8265043128911748 0.06
-2.469834125823228 3.383772952034313 0.06
-0.4646592937028084 -4.164623841450222 0.06
3.156686731319221 2.7577760750853533 0.06
-4.191685870161618 0.09884111435753815 0.06
3.024912454828267 -2.9051513971951333 0.06
-0.26815092100106086 4.186656790753965 0.06
-2.631067027639328 -3.2691721117232646 0.06
4.149538649305517 0.6335053258811204 0.06
-3.4886569069366056 2.3365087172282313 0.06
0.9944199735548365 -4.080579482891517 0.06
2.0237108658413607 3.681656465706111 0.06
-3.9802716969056795 -1.3481235918162646 0.06
3.846661503785922 -1.6950502279553337 0.06
-1.6918970454742488 3.849348566642869 0.06
-1.3530278511321845 -3.9823756269418666 0.06
3.688778887855116 2.0230942431123604 0.06
-4.087725511275842 1.0002500409720858 0.06
2.3391625073456774 -3.4997598152199356 0.06
0.6394084974230435 4.161869384474146 0.06
-3.2837079416039554 -2.637662251738671 0.06
4.20420374101806 -0.2732597738595135 0.06
-2.9162858126905413 3.0422486845588192 0.06
0.09539578429303558 -4.214368237866634 0.06
2.777204059545843 3.17287529090604 0.06
-4.192248731018755 -0.46373546044230385 0.06
3.4054392645038822 -2.4905789318500355 0.06
-0.828935783338596 4.137978427577991 0.06
-2.1845458509167957 -3.6121682443156238 0.06
4.051937142370738 1.1881941736418578 0.06
-3.7914487514312536 1.8614285818344967 0.06
1.538750454562844 -3.9347486626953243 0.06
1.5236844588082588 3.941875907481891 0.06
-3.7872762392956387 -1.877908061452074 0.06
4.062264439435968 -1.173885694645769 0.06
-2.2030547873351494 3.6106162360460967 0.06
-0.8146997884336011 -4.15165801273735 0.06
3.406089984994834 2.5116829047708027 0.06
-4.209336819340439 0.4488691806583756 0.06
2.8014085090142204 -3.1752339072299423 0.06
0.07919031096581831 4.23482336050149 0.06
-2.919787973402993 -3.069989933268714 0.06
4.227886377965762 0.29150776149453145 0.06
-3.315345093760572 2.6416825905618757 0.06
0.6603850116583261 -4.188542901341353 0.06
2.3430240141122636 3.5355676304227663 0.06
-4.117058393864742 -1.0246122103058688 0.06
3.7289417180626607 -2.0260783951495775 0.06
-1.3813926272153096 4.013944993329528 0.06
-1.6932545839928552 -3.8939554329482493 0.06
3.8799578595573245 1.727983509197743 0.06
-4.029312570700729 1.3470858204261082 0.06
2.0617171680449617 -3.716089654325991 0.06
0.9902104498364898 4.1339428231453095 0.06
-3.5235631940238914 -2.380021516230506 0.06
4.207010234257608 -0.6253518120640099 0.06
-2.6804398922616453 3.30382232935919 0.06
-0.2552974562851371 -4.247919868454952 0.06
3.058521120112288 2.960650022854285 0.06
-4.256322638120305 -0.11712215940890941 0.06
3.2184819755553873 -2.7895113860719576 0.06
-0.4890553209511828 4.232118251307416 0.06
-2.4988287278402157 -3.451934963020082 0.06
4.175456254951656 0.8576508980844659 0.06
-3.659192868806312 2.188677123030492 0.06
1.2200802037071883 -4.086735163491982 0.06
1.861412214426605 3.838638374213368 0.06
-3.9665996774837646 -1.5735587051602804 0.06
3.988865576288911 -1.5195234168308625 0.06
-1.9153674207874347 3.8159360114375738 0.06
-1.1656149785293506 -4.108690998581912 0.06
3.6358653646426373 2.242873837332822 0.06
-4.197162908439192 0.8023861414694711 0.06
2.5535521872358227 -3.4277355830144107 0.06
0.4326105513153214 4.253568867538253 0.06
-3.1931110739332382 -2.8450029296162294 0.06
4.277441455820405 -0.05911507446509133 0.06
-3.1149712846808146 2.933761049508626 0.06
0.31524181616537406 -4.2685621229332895 0.06
2.651646186607029 3.3613646783787683 0.06
-4.226963135604134 -0.6875919213048277 0.06
3.582268962336154 -2.348903804220824 0.06
-1.0550792939269993 4.1529276039351455 0.06
-2.0278316702377044 -3.77596328334651 0.06
4.0469875843288 1.4148821478443145 0.06
-3.940933486916161 1.6908705603040215 0.06
1.7642345282042484 -3.909920271500678 0.06
1.3405857011802578 4.075883950481298 0.06
-3.7427423067077537 -2.1004475774415146 0.06
4.179747753845315 -0.9796472396863307 0.06
-2.4209302331586153 3.5467022438003695 0.06
-0.6108098859609032 -4.251695107038183 0.06
3.3232712288654653 2.7232091986101654 0.06
-4.291139969079032 0.2368918862527895 0.06
3.004948031804465 -3.0741319630351716 0.06
-0.13924651422731807 4.297744804926828 0.06
-2.8011660312053204 -3.2639652059452837 0.06
4.2714234421272295 0.514724953782083 0.06
-3.498251001551187 2.5064396921023477 0.06
0.8866650145909021 -4.212342003197333 0.06
2.1921882369992987 3.705983099470626 0.06
-4.12091790452315 -1.252212291977891 0.06
3.8855407538105466 -1.8607990354891548 0.06
-1.6085583033508486 3.997816927364364 0.06
-1.514793396919228 -4.03551743456151 0.06
3.843948381353534 1.9529620686253866 0.06
-4.154731841321081 1.156807385312151 0.06
2.2827711962875354 -3.6604583955291696 0.06
0.7895717337735241 4.242237201904895 0.06
-3.4487213863410324 -2.595442312861911 0.06
4.297328782696937 -0.41589101144947155 0.06
-2.8885606784147253 3.210329766101337 0.06
-0.03862220199406598 -4.319549551227898 0.06
2.9470819689187584 3.1598588367953933 0.06
-4.30869394557873 -0.33934714280984085 0.06
3.407234156562136 -2.6609688841390664 0.06
-0.7151210071995349 4.264809719678232 0.06
-2.3541587996262847 -3.628765126891258 0.06
4.188197848287831 1.0858171041189146 0.06
-3.822726282173977 2.028980968756565 0.06
1.4485889863508539 -4.079410490331048 0.06
1.687907925673999 3.9876016393876283 0.06
-3.9392470241156494 -1.800647906448121 0.06
4.122096543611243 -1.3335366830905888 0.06
-2.1392842575616697 3.768748182798742 0.06
-0.968568955625882 -4.225147829153174 0.06
3.5691883330457435 2.4618884303010455 0.06
-4.29593221657886 0.5957905593074149 0.06
2.765970925065424 -3.3420659541207036 0.06
0.21805014433146724 4.333872879372102 0.06
-3.089092388508127 -3.0491815648237734 0.06
4.338644127931255 0.1617625765362357 0.06
-3.309327660057576 2.8121789484984507 0.06
0.5407389375000755 -4.310174172985506 0.06
2.513422475867647 3.5443909854590467 0.06
-4.248645945206317 -0.9159735980266667 0.06
3.752543436942675 -2.1950894637482223 0.06
-1.2845868192288574 4.154495962672667 0.06
-1.8595988609313734 -3.9321612475104257 0.06
4.028411252811874 1.643746567515402 0.06
-4.08183765143569 1.5095036890719968 0.06
1.9906902758247667 -3.871324350365998 0.06
1.1474716125101896 4.200393898015193 0.06
-3.684406407712319 -2.3227460952089456 0.06
4.286888528691963 -0.7762646086027969 0.06
-2.637353473265944 3.4690584683818835 0.06
-0.39871789351271125 -4.34062484458088 0.06
3.2269009687607197 2.9320829009103964 0.06
-4.361156505230124 0.017718264276588243 0.06
3.2046546751837277 -2.9597615466153817 0.06
-0.3638179773827658 4.348291213722135 0.06
-2.6696612481525865 -3.4529565331918635 0.06
4.302092457847152 0.7429673506518639 0.06
-3.6750600207644277 2.358799237701031 0.06
1.11682159969276 -4.222879291959422 0.06
2.029536125696346 3.869235468990414 0.06
-4.111224159136704 -1.4825100044622648 0.06
4.033965462329362 -1.684376041367799 0.06
-1.837221427102083 3.9679487682928807 0.06
-1.3259475862846586 -4.16795669344415 0.06
3.7941180558258845 2.1782259245670574 0.06
-4.270150112164802 0.9569838136452102 0.06
2.502895761308758 -3.5910322761042757 0.06
0.5803013858143091 4.339729288978978 0.06
-3.360217279492369 -2.808725660259633 0.06
4.376126927055149 -0.198779069076352 0.06
-3.0933521360362604 3.10341305057511 0.06
0.18466427018101875 -4.3790294709351425 0.06
2.8225605926623794 3.3545717611566155 0.06
-4.348379774575932 -0.5670919996428904 0.06
3.590358224094244 -2.519787257424489 0.06
-0.9455722146849412 4.284377806264968 0.06
-2.1973906305378175 -3.79887804711136 0.06
4.18747938296566 1.317200219115356 0.06
-3.978504841954412 1.8578210954086236 0.06
1.6791208206432038 -4.0583929417544695 0.06
1.5036632073074936 4.127831992582758 0.06
-3.8980743710728487 -2.0285502699181546 0.06
4.245683666049721 -1.1376160195068479 0.06
-2.362797674542976 3.707719939420223 0.06
-0.7624725111974735 -4.33112406537474 0.06
3.488757373744025 2.6792857233125953 0.06
-4.383464851638692 0.38109827400315355 0.06
2.9755705610534817 -3.242835154026777 0.06
-0.003590380239944498 4.402270676499769 0.06
-2.9718101043188936 -3.2493606607866927 0.06
4.387362780758051 0.3886487231665513 0.06
-3.4985345474696548 2.6777333736130826 0.06
0.7711261544280251 -4.3388206293827185 0.06
2.362834912400664 3.7211572362291476 0.06
-4.2569815684439 -1.148088814477747 0.06
3.9154952577156514 -2.0295065623954605 0.06
-1.5166420922727968 4.142438504546132 0.06
-1.6802838876671375 -4.080030153913842 0.06
3.996035622526474 1.8739528551965925 0.06
-4.213470339354394 1.3178268852094233 0.06
2.2172712304604674 -3.8188621722408786 0.06
0.9448997217036039 4.314761235100322 0.06
-3.6122443701020828 -2.5439517705070216 0.06
4.38309359603224 -0.5643496508558974 0.06
-2.8514738394908425 3.3777354755367326 0.06
-0.17908527212922937 -4.417909965731127 0.06
3.117104116587379 3.137461063719201 0.06
-4.418909207549337 -0.20794570309504964 0.06
3.399699695953337 -2.832320952387774 0.06
-0.5937790079431292 4.386049075161617 0.06
-2.525543773083693 -3.636155751647361 0.06
4.319546800885422 0.9754565264328902 0.06
-3.844990784475042 2.199101149856915 0.06
1.3500489758609837 -4.219877695239129 0.06
1.8554747589436715 4.024576178794846 0.06
-4.087771766451564 -1.7146783912446855 0.06
4.173505847952532 -1.4972805138336727 0.06
-2.066540239211622 3.9242083838296833 0.06
-1.1272486491119347 -4.2906072394330526 0.06
3.730409023916798 2.4029249913969686 0.06
-4.374950560757541 0.7482029075907707 0.06
2.721238991380281 -3.5078281531157747 0.06
0.3630389894096701 4.4258561535784695 0.06
-3.2581423147970368 -3.019024454443689 0.06
4.442899957553706 0.025297572398798495 0.06
-3.293978445920672 2.983237502749325 0.06
0.4138339408142482 -4.425917020169962 0.06
2.685194916055497 3.5439706915816487 0.06
-4.375003023626923 -0.7995927358695053 0.06
3.767060082311294 -2.366275202983971 0.06
-1.1796148535378757 4.290513815070733 0.06
-2.0289013131822906 -3.961509745206639 0.06
4.1730629417632645 1.5509821675577486 0.06
-4.125800564089724 1.6756400882519247 0.06
1.9108399400071547 -4.023517208074728 0.06
1.309182730589287 4.258643044201612 0.06
-3.842990286374026 -2.2564187684990764 0.06
4.358987428436653 -0.9323242991208663 0.06
-2.5850559012487295 3.6328344288474157 0.06
-0.5479423881720298 -4.426031985790922 0.06
3.3946303418865154 2.89421575594209 0.06
-4.459229406635769 0.15897515213014426 0.06
3.181509484276001 -3.130175298839004 0.06
-0.23160115625739414 4.458291253879701 0.06
-2.8414695805005485 -3.444713431200053 0.06
4.423190433939341 0.6207949622117608 0.06
-3.6817863462152265 2.5307013456398084 0.06
1.0056222855548569 -4.354161666589268 0.06
2.2002300459900246 3.8908852135115395 0.06
-4.251699948085209 -1.3831296220717126 0.06
4.070379578185171 -1.8525685114168136 0.06
-1.7504166141249276 4.116557017338084 0.06
-1.4903638412950595 -4.218864257185841 0.06
3.949735850239693 2.1046583364839373 0.06
-4.335170335920763 1.1163772474180291 0.06
2.443127026109106 -3.752483222386914 0.06
0.7334630019467557 4.41837436448919 0.06
-3.526280395303788 -2.763213088724097 0.06
4.4678056812419005 -0.3445466509235002 0.06
-3.0624452203895323 3.272831995705449 0.06
0.047397340335308374 -4.483051805648596 0.06
2.9940531712735416 3.3385094889166997 0.06
-4.463961857203826 -0.4393683391294443 0.06
3.58926722778234 -2.692055119712016 0.06
-0.8283625204952834 4.410647972196228 0.06
-2.369129100422486 -3.812771604165577 0.06
4.323484705491077 1.2113958896185564 0.06
-4.007282732758251 2.0277290498825433 0.06
1.5855271750648614 -4.203106419915018 0.06
1.670452932637551 4.171281218024338 0.06
-4.050402681266181 -1.9478804171693207 0.06
4.303480019519256 -1.300022969642669 0.06
-2.29566707809073 3.8665116922841927 0.06
-0.9192648944407245 -4.4028345476350665 0.06
3.6528118139853607 2.6262075035322296 0.06
-4.46855091061571 0.5310863952649398 0.06
2.9369515709344056 -3.410911237482724 0.06
0.13845490755398326 4.500092247784951 0.06
-3.14263588365544 -3.2254983650222466 0.06
4.497183098541048 0.25562507348993774 0.06
-3.4896147288892045 2.8500156216974535 0.06
0.6481349868218297 -4.459811771684705 0.06
2.535268910556202 3.7272525472748916 0.06
-4.3882306949459595 -1.0360653299546836 0.06
3.9365646282739135 -2.200785979467941 0.06
-1.4164387366680005 4.282954740044116 0.06
-1.849110675112871 -4.115919060329493 0.06
4.144757534134289 1.7863328310359883 0.06
-4.263911932936585 1.482921113262939 0.06
2.1429026823290505 -3.974665783945483 0.06
1.1050092820976647 4.379378321917165 0.06
-3.773951654179933 -2.4834026882309175 0.06
4.461401453340904 -0.7182597525461581 0.06
-2.805207718028691 3.544123256704296 0.06
-0.3256276580129088 -4.509319974046755 0.06
3.2869133216052373 3.1058333529431406 0.06
-4.522733271169431 -0.06988388839399927 0.06
3.3829550675307853 -3.0042661351930495 0.06
-0.46524676653620256 4.501504797978963 0.06
-2.698322843412452 -3.6344262040545745 0.06
4.445763378587667 0.8574310360657441 0.06
-3.8582946008486663 2.3714052317269685 0.06
1.2434281598256627 -4.355902479550313 0.06
2.0259981044019977 4.052817745835545 0.06
-4.2325774519615775 -1.6202740858096936 0.06
4.216476337627689 -1.6647303968588412 0.06
-1.9850720105717699 4.076700763220739 0.06
-1.2903551647278795 -4.3479861486509 0.06
3.889435253067418 2.3350146492466353 0.06
-4.446308097699847 0.9057286019160329 0.06
2.667405840956505 -3.672185463675701 0.06
0.5137882476186506 4.5106564529577025 0.06
-3.4265871084103128 -2.979681323308962 0.06
4.54050510077361 -0.11753054857705891 0.06
-3.2694285159016263 3.1544947581838354 0.06
0.28001205201205803 -4.535591830260743 0.06
2.857967838097658 3.534405160193071 0.06
-4.495920598944011 -0.675794323733878 0.06
3.7725566717212966 -2.539255040095645 0.06
-1.066781578682237 4.421761760134103 0.06
-2.2007772696074923 -3.9820320703855447 0.06
4.313650248315171 1.4499729429235775 0.06
-4.161198365280995 1.8451092555138215 0.06
1.8224243912199953 -4.17238173448768 0.06
1.4749599631392434 4.308653282307162 0.06
-3.999006778985586 -2.1812713681766716 0.06
4.423236235370566 -1.093151959292407 0.06
-2.523750821980016 3.794823024668633 0.06
-0.7025998865509682 -4.504037455374741 0.06
3.561365488457941 2.847222481229862 0.06
-4.550405205233966 0.306288210970693 0.06
3.14918921101004 -3.3003950238203252 0.06
-0.09275158687317357 4.561951023754256 0.06
-3.0138850409013593 -3.427316291244654 0.06
4.5385529562846125 0.491464203172722 0.06
-3.6794494685005823 2.704006584450338 0.06
0.8867939070641132 -4.480356745438242 0.06
2.373111882368332 3.9036316416591146 0.06
-4.387774970799639 -1.2757079625150247 0.06
4.098118052221257 -2.0237164895454733 0.06
-1.6552198963750528 4.261484142249524 0.06
-1.6584801625437668 -4.2613898613537815 0.06
4.102419767235274 2.0224124340493166 0.06
-4.392166008040561 1.2801866105427957 0.06
2.3744599266336173 -3.9117694278690665 0.06
0.8917222767209655 4.48941325578294 0.06
-3.690963919030379 -2.708650097080815 0.06
4.552354349094384 -0.4960543118262845 0.06
-3.0224049380252436 3.4416665135658655 0.06
-0.09620790803878936 -4.580474215453112 0.06
3.1657604351034134 3.31330060023745 0.06
-4.573524163302097 -0.3047568337082131 0.06
3.5790861182679268 -2.8653346328172256 0.06
-0.7037683260390062 4.53152404200444 0.06
-2.542667965590488 -3.8177008286087495 0.06
4.454762345256808 1.0977670277805118 0.06
-4.027290345589978 2.200211915320377 0.06
1.4837289066274768 -4.343794255214907 0.06
1.8405719605017277 4.206220971158651 0.06
-4.1994376403721985 -1.8586886518793795 0.06
4.353092426579223 -1.4664877516224317 0.06
-2.219762459046572 4.0227670359352805 0.06
-1.080812239224863 -4.466748806855131 0.06
3.815105650935943 2.5641702112372804 0.06
-4.54628767220487 0.686489913660813 0.06
2.8892568866968076 -3.5780154614918973 0.06
0.28653432252886596 4.591067205129209 0.06
-3.3132854643588847 -3.192513027642665 0.06
4.600711376371004 0.11599496252176528 0.06
-3.4715941125813776 3.0229181790928976 0.06
0.5180157535529851 -4.575113078282429 0.06
2.7091145006533597 3.7243386825515348 0.06
-4.5144351996604 -0.9164468495592974 0.06
3.948785081151116 -2.3742570170220345 0.06
-1.3082316543758854 4.41910963187031 0.06
-2.0208919182897787 -4.143186678704095 0.06
4.289834211930548 1.69036162821753 0.06
-4.306025462422277 1.651709634582004 0.06
2.0598993928981293 -4.127567624053896 0.06
1.2695243500693667 4.436023886836155 0.06
-3.9335222968155374 -2.4140013132670446 0.06
4.532154892008587 -0.8772525490659091 0.06
-2.749939381248167 3.709155348520799 0.06
-0.4778907577845641 -4.593650011006944 0.06
3.4561576483602408 3.0651222340521773 0.06
-4.620005502686289 0.0744926516403498 0.06
3.357115144613486 -3.17644107545013 0.06
-0.32985429698483365 4.610986460917083 0.06
-2.8721240717506156 -3.6236588300322468 0.06
4.5666288668606905 0.7320524519149251 0.06
-3.862686932720605 2.5455155980251782 0.06
1.129017746368201 -4.487239566636227 0.06
2.199097614351322 4.072342038993573 0.06
-4.373394172612626 -1.5177033343041493 0.06
4.250990110932741 -1.8355062181185995 0.06
-1.895122978529294 4.225932902478488 0.06
-1.457511582867487 -4.39723321940139 0.06
4.045954386067255 2.2583739960119864 0.06
-4.50992047901078 1.0679968506504027 0.06
2.6046595840841205 -3.8348074855250216 0.06
0.6699361387618711 4.588157099531449 0.06
-3.5940811896830693 -2.9313103557907922 0.06
4.63131148260567 -0.2663718286246987 0.06
-3.2358049185531113 3.3255926583193407 0.06
0.13960868972129342 -4.639020307538469 0.06
3.031373506248719 3.515789337490707 0.06
-4.611191565310745 -0.5448966397465188 0.06
3.769095333155045 -2.7136544307610113 0.06
-0.9463856664177189 4.548005515651789 0.06
-2.374848298723458 -3.9937570729890797 0.06
4.449913557909564 1.3409956476934022 0.06
-4.188026426480927 2.0175318215823514 0.06
1.7256963269835746 -4.317635022444047 0.06
1.6444259574437843 4.350386565638173 0.06
-4.1521519052189335 -2.097530585232735 0.06
4.479563804986975 -1.258375189301909 0.06
-2.453637173880792 3.9547015840579274 0.06
-0.8623258372374305 -4.574537588700388 0.06
3.7267675705422643 2.7912727339252466 0.06
-4.634548546581512 0.45930356996129845 0.06
3.10783293162054 -3.470068366637014 0.06
0.052390287369668526 4.659104555361398 0.06
-3.186544509728684 -3.4008725479673565 0.06
4.647984757006785 0.3552994492432791 0.06
-3.668124367016306 2.8783439037233243 0.06
0.7606422590374866 -4.601241501352255 0.06
2.5478055470851695 3.9075167170777454 0.06
-4.519200196255844 -1.1605298730153988 0.06
4.117189529123803 -2.1974417810884823 0.06
-1.5518929715638576 4.402457064505081 0.06
-1.8299191930140495 -4.295508787913116 0.06
4.251874822748829 1.9317247453181856 0.06
-4.441079263577868 1.4480383194579676 0.06
2.2971039984709694 -4.068576313676405 0.06
1.0547123042528932 4.552755424493782 0.06
-3.853936138386614 -2.6452176169906445 0.06
4.629650446107263 -0.6529446736583628 0.06
-2.9733822289219254 3.6095703512649933 0.06
-0.24580639839338939 -4.671143244914341 0.06
3.337324294599299 3.2790648899766057 0.06
-4.67688348186264 -0.16358758229279394 0.06
3.559902634944183 -3.0392586644965687 0.06
-0.5721021950315703 4.646794494965327 0.06
-2.717633913309139 -3.813720744002116 0.06
4.581074136756105 0.9766062428350074 0.06
-4.038549582720957 2.3748931066269865 0.06
1.3739964077766378 -4.480193508255742 0.06
2.0136433648499685 4.232639885366543 0.06
-4.344893597240502 -1.7612210618370672 0.06
4.394476362918081 -1.6366360303238692 0.06
-2.1353037032020517 4.1761798446776215 0.06
-1.246745710923279 -4.522789529957636 0.06
3.9753146790993283 2.4933658380064085 0.06
-4.616565658146229 0.8469483597155608 0.06
2.83264913160554 -3.7438080743027387 0.06
0.44029855787526856 4.67505477828153 0.06
-3.4834062009682136 -3.150536658897369 0.06
4.697776667822772 -0.02990617427846035 0.06
-3.444573089970617 3.1960782574665276 0.06
0.381087419857668 -4.684524776156726 0.06
2.8840015791623417 3.7124836553699634 0.06
-4.63536805564652 -0.7895333993516679 0.06
3.9521917444844243 -2.549545138809894 0.06
-1.1922996123321372 4.550650682532405 0.06
-2.1952515630738496 -4.161835000912677 0.06
4.430989667917432 1.5862946015192045 0.06
-4.339779790059674 1.823817801697751 0.06
1.968491335268825 -4.277270375247696 0.06
1.4380745962956276 4.484633926586335 0.06
-4.090639976762178 -2.3359504661946766 0.06
4.595257562574311 -1.0409649050777885 0.06
-2.685842938640402 3.8724988972181125 0.06
-0.6355214479672361 -4.670772151280089 0.06
3.624490308672447 3.0154717711063905 0.06
-4.710567416030333 0.22484354345480326 0.06
3.322292845904522 -3.3484877550995518 0.06
-0.18792658587481292 4.714306269041229 0.06
-3.046581000034214 -3.60393454577501 0.06
4.681927640612622 0.5996278579815462 0.06
-3.8582160858958603 2.721060204136328 0.06
1.007104542161301 -4.613647195132943 0.06
2.374398552473591 4.083164399581691 0.06
-4.50995592651123 -1.4072304505397226 0.06
4.277029446930333 -2.0092334633115216 0.06
-1.7969329247999177 4.371616641903773 0.06
-1.628346521193223 -4.438297827649462 0.06
4.1996583588008845 2.173216434079648 0.06
-4.565704592190834 1.2346422869995715 0.06
2.533185602790117 -3.995368656559351 0.06
0.8311261464267393 4.658243159038163 0.06
-3.76028403918551 -2.874067491317263 0.06
4.715173260432059 -0.4208813658342468 0.06
-3.1932329581365066 3.4961783814717995 0.06
-0.007045530644229027 -4.736026853861572 0.06
3.2050495453481873 3.4882169387616035 0.06
-4.720611952191853 -0.4072134536375468 0.06
3.756737485106007 -2.889104267415662 0.06
-0.8187216141948659 4.669014341212732 0.06
-2.550741431973073 -3.996713418199503 0.06
4.581597169561621 1.2243232317753938 0.06
-4.206280457703103 2.1925338563281005 0.06
1.620905043286001 -4.458998412272649 0.06
1.8172087267015316 4.38380570322178 0.06
-4.302126225507116 -2.0054201404702927 0.06
4.5279003549385735 -1.4276268335062727 0.06
-2.3749113811949414 4.112152226203542 0.06
-1.026760764090482 -4.637430574501825 0.06
3.890502746324281 2.7265341334454685 0.06
-4.7115264012380855 0.6176722192526553 0.06
3.0575781770887445 -3.638848126947684 0.06
0.2034886265591462 4.749588653647921 0.06
-3.3590901325401554 -3.3654885947617417 0.06
4.7512937614733985 0.21262077081969388 0.06
-3.6478854908470244 3.0533475802253114 0.06
0.6274691669442948 -4.716596489475672 0.06
2.7239402926359926 3.902582386337814 0.06
-4.6457305301789775 -1.0378766019922407 0.06
4.127603147412542 -2.3733714958830356 0.06
-1.4406943402208452 4.539206959156591 0.06
-2.004308796202424 -4.32119731665491 0.06
4.397810562815565 1.8328290301028762 0.06
-4.4818537279861745 1.6195638798566825 0.06
2.2112664612378268 -4.222594064956368 0.06
1.2220710907817787 4.608312299429742 0.06
-4.0148702945157595 -2.5730947355693963 0.06
4.69957391170469 -0.8148650492104046 0.06
-2.9155266747697213 3.7762023527224033 0.06
-0.40105748199823277 -4.754908295239062 0.06
3.5083918532833547 3.235921291350423 0.06
-4.773859863394221 -0.016186558426958635 0.06
3.531804158087191 -3.2134653240571986 0.06
-0.433672904731163 4.756251445382386 0.06
-2.893658872842052 -3.800886518645678 0.06
4.702185888420572 0.8482027297400293 0.06
-4.041082991809466 2.5514012333046043 0.06
1.256597058653964 -4.612045514972961 0.06
2.1892953195964253 4.250527732363735 0.06
-4.486489437365147 -1.6557211505597673 0.06
4.427588923400567 -1.8100984297492253 0.06
-2.0425085622240156 4.326448748482014 0.06
-1.416701248422094 -4.570881487494429 0.06
4.133119623560155 2.413984709425883 0.06
-4.679277917753014 1.0121058089098331 0.06
2.767289744778033 -3.9079543841306963 0.06
0.5994025824396151 4.751917144076138 0.06
-3.6526505908357985 -3.0997005760664846 0.06
4.788211364944459 -0.18174686962013498 0.06
-3.408651855576235 3.3691382470116435 0.06
0.23766532559044204 -4.7878507905961305 0.06
3.0595652094855046 3.691755778610758 0.06
-4.75080625941452 -0.6556217549073692 0.06
3.9468205384019623 -2.726280916862466 0.06
-1.0689185305295663 4.677329705621629 0.06
-2.3718185585718468 -4.171867294775106 0.06
4.5679524728254535 1.4743846872535777 0.06
-4.365145525203412 1.998875820003991 0.06
1.8689065135714316 -4.423481484479197 0.06
1.6102943501015632 4.525146639174358 0.06
-4.2449932987494154 -2.249451465040435 0.06
4.6506157500004806 -1.2090381076903562 0.06
-2.613091476253708 4.03382609153273 0.06
-0.7981707515657593 -4.7405615122414515 0.06
3.79156962728203 2.9570254921918426 0.06
-4.794263947654376 0.38083224682461053 0.06
3.278601045565652 -3.520053292780639 0.06
-0.039785133910360655 4.811280197943136 0.06
-3.2213322839178047 -3.5753347139238456 0.06
4.791448158418031 0.4604612309331463 0.06
-3.8449312987441293 2.8976720497561117 0.06
0.8779726527329583 -4.7348879628828655 0.06
2.5515311116313932 4.085301578387704 0.06
-4.642001306514046 -1.2891174773161254 0.06
4.294578497602708 -2.1855423875844813 0.06
-1.6907398102633633 4.513468610059298 0.06
-1.8024931639947763 -4.471131668129681 0.06
4.3502440452354145 2.079754011149832 0.06
-4.613580067801751 1.405303866778425 0.06
2.4531684023358777 -4.1535484576179975 0.06
0.9970057938475947 4.72080283924613 0.06
-3.924860239465548 -2.80810827794486 0.06
4.791948103777492 -0.5807179786292992 0.06
-3.141838036053041 3.6659042206814916 0.06
-0.15962336124934043 -4.826439721217231 0.06
3.3786386613694175 3.45178226368638 0.06
-4.823981942060174 -0.26305555055418745 0.06
3.7355456121010544 -3.065240444061862 0.06
-0.6840813446556634 4.784561914521966 0.06
-2.728088577588432 -3.990931308959293 0.06
4.708450025413166 1.100226503128681 0.06
-4.21595816433068 2.3697461375880504 0.06
1.5082981462194003 -4.5961980703741565 0.06
1.9929407807617883 4.4088759388733765 0.06
-4.44863526564167 -1.9051625319875674 0.06
4.56817895499301 -1.6005439810136348 0.06
-2.287769123607435 4.266862130075036 0.06
-1.195549145551113 -4.692617845144863 0.06
4.052242282521678 2.6531740394748913 0.06
-4.781209345635575 0.7810487777386494 0.06
2.998562705841067 -3.8063922156208627 0.06
0.36021086094634175 4.833244059185952 0.06
-3.5311691227095934 -3.3212715376527653 0.06
4.848292125022732 0.06374535624310204 0.06
-3.618808480581598 3.2286568694846944 0.06
0.48757398836391125 -4.826206751256199 0.06
2.9011502163754916 3.888872255812016 0.06
-4.767125580649842 -0.9080273665005413 0.06
4.129370158968595 -2.5511374110815113 0.06
-1.3218809265063884 4.6714698774731085 0.06
-2.1812812833253785 -4.338434275520881 0.06
4.539941539821426 1.725957941261565 0.06
-4.5144359870267445 1.7943989854650118 0.06
2.1171539072573697 -4.373517958461456 0.06
1.3934405331117714 4.655998655571239 0.06
-4.173444759785837 -2.4924603982844222 0.06
4.7620083876285815 -0.9814663092307583 0.06
-2.8489882029282594 3.941226486713952 0.06
-0.5616237032836263 -4.83162279321451 0.06
3.678615287228336 3.1839895679116146 0.06
-4.864277671493254 0.13712306374993313 0.06
3.494879376026872 -3.3875976955686493 0.06
-0.2887868522228125 4.859691569840955 0.06
-3.0703796057984833 -3.7792550954251234 0.06
4.817868179624724 0.7128437442802978 0.06
-4.034915346309346 2.7293695514014464 0.06
1.1317967590998093 -4.739096548509131 0.06
2.36716041764466 4.259876941548472 0.06
-4.623949105823317 -1.5424314139551745 0.06
4.452390269307158 -1.9865097255686748 0.06
-1.9415942625075961 4.47327751428386 0.06
-1.5903186375294112 -4.610952898385171 0.06
4.288206378042773 2.326217113537188 0.06
-4.734321300484548 1.181609844144125 0.06
2.69334061659817 -4.070124853488232 0.06
0.7635045012026462 4.8215205979694105 0.06
-3.8206762253419853 -3.040137033277697 0.06
4.87185226074288 -0.33919839252935063 0.06
-3.3639320188293556 3.5417455262475674 0.06
0.08806249913741168 -4.884899691523427 0.06
3.2354452931072673 3.662225246391875 0.06
-4.86053165493935 -0.51500682649121 0.06
3.9327097147358123 -2.9040995677873327 0.06
-0.9383629272088769 4.798903522351745 0.06
-2.5502262633592503 -4.173289590439743 0.06
4.700456321037179 1.3548838968788586 0.06
-4.382096446507812 2.176518029675751 0.06
1.7613724931386971 -4.565913593183119 0.06
1.7858217636957179 4.557503771617826 0.06
-4.396276086943399 -2.154705679987323 0.06
4.698139637341214 -1.3811169204826121 0.06
-2.5318586238368894 4.192814318438484 0.06
-0.9654927901247664 -4.802897424702832 0.06
3.9570590599386573 2.889927956914739 0.06
-4.870944526243255 0.5421249138905821 0.06
3.2261541290889384 -3.690789825411682 0.06
0.1142508196742981 4.901728955195683 0.06
-3.3960214400274524 -3.537942676029937 0.06
4.894983809376403 0.3148547378441158 0.06
-3.8228842397849876 3.0749887949720347 0.06
0.7419048429506078 -4.850729553789455 0.06
2.7301299029187 4.078773187269566 0.06
-4.769274102637431 -1.1636255986836694 0.06
4.303624682799854 -2.3640673826259393 0.06
-1.5767812277460682 4.6512106982835775 0.06
-1.9795885132808888 -4.495690082521967 0.06
4.497413601596252 1.9781989020765935 0.06
-4.653470531348062 1.5796240102870016 0.06
2.3647931105373714 -4.30903162489613 0.06
1.167225684121423 4.775728656689708 0.06
-4.087479555290346 -2.7335893775553486 0.06
4.861498267780856 -0.7455431525832266 0.06
-3.081747150377199 3.834427532388899 0.06
-0.31779978415084276 -4.910091984595979 0.06
3.5517884601326424 3.4065816788194865 0.06
-4.921106736177222 -0.11273194379219577 0.06
3.7055847189737543 -3.2417035475978064 0.06
-0.5427554834670404 4.894427084467238 0.06
-2.906526088062882 -3.976443901202416 0.06
4.830226346377084 0.9689754603521666 0.06
-4.217060612868877 2.548803599218658 0.06
1.3881229286558376 -4.728965503674133 0.06
2.1712584600662304 4.425566257507713 0.06
-4.591389907224109 -1.7969804450356723 0.06
4.6003367644726065 -1.7767671916831727 0.06
-2.192406768226683 4.4185237990344515 0.06
-1.3683385395546215 -4.740005236407396 0.06
4.2116626922933955 2.571360994948773 0.06
-4.843472636067838 0.9490905244822923 0.06
2.9309259466303037 -3.972363666051896 0.06
0.5222266371279589 4.909916428970459 0.06
-3.7024336472275516 -3.2683306270751267 0.06
4.938797113946168 -0.09101135795601566 0.06
-3.5809715781748905 3.4039157680976233 0.06
0.3412548103401406 -4.929862589811172 0.06
3.0790739022729134 3.866432969073931 0.06
-4.883150322912719 -0.7712606069529341 0.06
4.122505263768214 -2.730375496191572 0.06
-1.1957093802123195 4.798987297135956 0.06
-2.3604728263333614 -4.3472023228901815 0.06
4.677987744941789 1.6113443636213947 0.06
-4.538776807316345 1.972182824529016 0.06
2.0149736668634644 -4.521048675014107 0.06
1.5684656248318558 4.695733764143876 0.06
-4.3293432289976215 -2.403494789994863 0.06
4.816842289418181 -1.1524019953439062 0.06
-2.7739184725365456 4.104311916475224 0.06
-0.7271698270693181 -4.901145176650043 0.06
3.8476517936381867 3.1233916941224082 0.06
-4.947966475526858 0.2960198592363742 0.06
3.4492196497168632 -3.5613036669184894 0.06
-0.13774917346729246 4.956916901180519 0.06
-3.247437418058259 -3.7488865301306626 0.06
4.927897050802084 0.57081578175111 0.06
-4.020074947584432 2.9084355615698327 0.06
0.9998611574505769 -4.861098401166304 0.06
2.5468751591796432 4.26068385632561 0.06
-4.757002077619546 -1.4215946094169505 0.06
4.46884482971891 -2.1655082285446454 0.06
-1.8327788045388598 4.6163754021562315 0.06
-1.76724079518344 -4.642936567716537 0.06
4.440266245242731 2.230254620297427 0.06
-4.781597522077124 1.3551107470852393 0.06
2.610965418045968 -4.2299952229013265 0.06
0.9322646607668778 4.883736541039578 0.06
-3.9871457971177993 -2.9719805504958927 0.06
4.948541450260186 -0.5019337755688575 0.06
-3.310517922609795 3.713552353755005 0.06
-0.06740929965335916 -4.975485502573618 0.06
3.41128634771801 3.6239654322127195 0.06
-4.96433164542029 -0.3679827635619363 0.06
3.9099011250798585 -3.0826406200041 0.06
-0.800907075972069 4.915134571469827 0.06
-2.7301120053685453 -4.166111908979707 0.06
4.82824053493518 1.2280445174377232 0.06
-4.390610682072605 2.3563823625358298 0.06
1.6461176347426496 -4.704284933184773 0.06
1.9642981710839968 4.581651743102706 0.06
-4.54418767038951 -2.051915791712699 0.06
4.737744363885521 -1.5568488502327338 0.06
-2.442319827487368 4.349146336956493 0.06
-1.137143964687634 -4.857664418583739 0.06
4.120627255271161 2.814326033549855 0.06
-4.940463979074758 0.7083894913568443 0.06
3.1650692651915553 -3.860354458665653 0.06
0.2738633280945138 4.985478801231132 0.06
-3.570296686427337 -3.4918450095738756 0.06
4.992333643041724 0.16310976841914476 0.06
-3.7921302404057604 3.252652492935596 0.06
0.5991836240256132 -4.960945372073708 0.06
2.9098335835492977 4.063602898420152 0.06
-4.891523836686857 -1.031016272967746 0.06
4.3041598472375755 -2.5444465035499992 0.06
-1.4552955720352323 4.784570492532704 0.06
-2.1592728191713038 -4.51193316577141 0.06
4.640874793070728 1.8687646066427765 0.06
-4.685304650969327 1.757247941414414 0.06
2.268246693946013 -4.461508369980156 0.06
1.3414387538737123 4.822918418302942 0.06
-4.24781704630774 -2.6506697910334656 0.06
4.9236915019091425 -0.9150202150923743 0.06
-3.0130901206400313 4.001410741838614 0.06
-0.481251113964454 -4.986822371541619 0.06
3.724151346381445 3.352714832675944 0.06
-5.011797299393259 0.04344916333415988 0.06
3.666923527111199 -3.418138652295774 0.06
-0.39503437783671647 4.99839452627813 0.06
-3.085694452538484 -3.953288472344667 0.06
4.946686193489973 0.8308403595972474 0.06
-4.20959336305463 2.7293449246525103 0.06
1.2606274770159296 -4.85703802375403 0.06
2.3518014343552163 4.433850472598817 0.06
-4.7301067519294735 -1.6810978898776863 0.06
4.624316067223092 -1.9559399046040133 0.06
-2.0890225296127665 4.566835323368939 0.06
-1.5447789071283984 -4.779503962556281 0.06
4.368445894967152 2.4812658992426897 0.06
-4.89819711701365 1.1214566433345365 0.06
2.854810175860683 -4.136430690801225 0.06
0.6892069901337989 4.979457171695597 0.06
-3.872540780751191 -3.206778430359503 0.06
5.022631862037036 -0.2513347935531 0.06
-3.534456785739454 3.5787728664641922 0.06
0.18880940110471342 -5.027360242717293 0.06
3.257354174366364 3.8353153433241998 0.06
-4.993575684055801 -0.6278549893141261 0.06
4.107027715521376 -2.9107255700150207 0.06
-1.0624371213673203 4.921506615167831 0.06
-2.5415230218075546 -4.3474890143187475 0.06
4.8116750064063964 1.48922249268671 0.06
-4.554832156424766 2.152557554816809 0.06
1.9049349127207829 -4.664892600939218 0.06
1.7467938472069318 4.727442358755948 0.06
-4.482254922570613 -2.3063804562759187 0.06
4.863969711745313 -1.327327632208497 0.06
-2.690472004183202 4.265133103984732 0.06
-0.8973620779153739 -4.963339732591293 0.06
4.015163596328122 3.05425298472825 0.06
-5.024761815973619 0.4601833251362956 0.06
3.394920133250185 -3.734235837337078 0.06
0.019135370129192295 5.047735515814 0.06
-3.4244779709238293 -3.709845094698351 0.06
5.032054608232503 0.42240551578552715 0.06
-3.996594702666801 3.0882407261442015 0.06
0.8610566340361813 -4.977808902818818 0.06
2.728079577662424 4.252949778440984 0.06
-4.885383786571068 -1.2934547761358104 0.06
4.476922304812725 -2.346735323096816 0.06
-1.7162820119554338 4.755457502221865 0.06
-1.9471132248707157 -4.666770841763452 0.06
4.58899618003866 2.126291151180993 0.06
-4.821014064487831 1.5322608753115552 0.06
2.520330682550894 -4.387246659420069 0.06
1.1053449536513618 4.938442318528938 0.06
-4.15172715357948 -2.8953689993213008 0.06
5.01812710191285 -0.6696270522072267 0.06
-3.2485177247279333 3.884215827181653 0.06
-0.2284387562933069 -5.059428399989782 0.06
3.5867373728496976 3.577053957966423 0.06
-5.061999815090065 -0.21484383172005517 0.06
3.878441269347717 -3.2615476878654515 0.06
-0.6568259293756099 5.025791449960879 0.06
-2.911116767027163 -4.150349282739144 0.06
4.9510505211349916 1.0941200743834902 0.06
-4.390671694104282 2.5381099413917125 0.06
1.5233720890117781 -4.838319695764212 0.06
2.145367605408231 4.597542586824504 0.06
-4.68843316289485 -1.9412868095847657 0.06
4.769350917431991 -1.7358835866470517 0.06
-2.3446533837062407 4.502510467536403 0.06
-1.3127823228521172 -4.904753059309612 0.06
4.281948153044781 2.7303699409853577 0.06
-5.002683306711525 0.879295020314481 0.06
3.0954674476941664 -4.0284092741758215 0.06
0.43873497550750884 5.0623622570166225 0.06
-3.743810859534327 -3.4371325618941215 0.06
5.083303005326666 0.0055277515211871265 0.06
-3.752729313088254 3.4303094179225524 0.06
0.4500921183914745 -5.0653151022381495 0.06
3.0902845981584783 4.039819439329498 0.06
-5.008506242723991 -0.8915521390220617 0.06
4.296181224877033 -2.7263211261724254 0.06
-1.3265229802822245 4.9132816714272725 0.06
-2.3411891564906346 -4.519826692864525 0.06
4.7803413071613114 1.7516669166960035 0.06
-4.709017019940445 1.9378231874738243 0.06
2.1637189441647506 -4.610674606894589 0.06
1.5192997008025324 4.862276053366504 0.06
-4.405553206841235 -2.559511856134078 0.06
4.978401825512565 -1.0888136956032322 0.06
-2.936000589600159 4.166521395344986 0.06
-0.6496542962127942 -5.056475975955217 0.06
3.895384488905607 3.29028565379871 0.06
-5.0958710073560285 0.20517961981702085 0.06
3.619635461307143 -3.59419519882377 0.06
-0.24120890398491182 5.096255317842544 0.06
-3.2652380914091657 -3.9215073895647112 0.06
5.057595969613824 0.6860925652898573 0.06
-4.193567410414578 2.9110122593882664 0.06
1.1260615584274285 -4.980159170812916 0.06
2.534212335949195 4.433708136122959 0.06
-4.864508465218427 -1.557741118356408 0.06
4.640065142351813 -2.13770799566537 0.06
-1.9778174085684692 4.711500641872344 0.06
-1.7245220982478544 -4.8110314416614255 0.06
4.5222793942468416 2.3830629618980743 0.06
-4.945269995198378 1.297807641598186 0.06
2.7703614789123328 -4.298266775824725 0.06
0.8608236998872569 5.0417241651752835 0.06
-4.0411525158941055 -3.1367317933292846 0.06
5.099626026457748 -0.41691053029969327 0.06
-3.47935082015203 3.752881275807616 0.06
0.03053596140458585 -5.118502471920972 0.06
3.4356379418036376 3.7955753098626923 0.06
-5.098179063098965 -0.47809020130029517 0.06
4.082962241036704 -3.091831065609593 0.06
-0.9223231748997586 5.038781594894031 0.06
-2.724074578329001 -4.339287694046304 0.06
4.940735360611667 1.3598287011243386 0.06
-4.5625640600444015 2.3351679164443713 0.06
1.7872495513114286 -4.804762121201954 0.06
1.9280747110444683 4.751055452068603 0.06
-4.63187480018812 -2.2013032129586945 0.06
4.903291198784213 -1.5059002025118642 0.06
-2.5988071004779734 4.4233699432113145 0.06
-1.0718675527990238 -5.018077315990323 0.06
4.180817998283808 2.9767030193195585 0.06
-5.094505866433242 0.6292932360015322 0.06
3.3320806954032944 -3.906051489589033 0.06
0.1815616951387917 5.131962134589297 0.06
-3.6011511738675326 -3.6622001888144364 0.06
5.130129559770892 0.26790054118069906 0.06
-3.964513019136764 3.2684302839582045 0.06
0.7156510842458136 -5.088992388048718 0.06
2.9104169788048013 4.23668183953961 0.06
-5.008836020937531 -1.1582580521449808 0.06
4.47659850773555 -2.5298351330748523 0.06
-1.592326376112283 4.8902450564299045 0.06
-2.129583612365141 -4.682400414098076 0.06
4.734099035646364 2.014523844657138 0.06
-4.852484940481356 1.712714191685715 0.06
2.4216066856746936 -4.541565925966024 0.06
1.2824082854322385 4.985521937516146 0.06
-4.314093388874295 -2.8104444901244903 0.06
5.08046412325903 -0.8419526662929815 0.06
-3.1780442857634337 4.053397897779885 0.06
-0.39471435841995256 -5.136555321930946 0.06
3.7614517875818065 3.521573575789328 0.06
-5.153336477974724 -0.05588510333769839 0.06
3.838382165045354 -3.4404683336810047 0.06
-0.5063958513366194 5.1306493976639125 0.06
-3.0928849733083315 -4.126022605595312 0.06
5.068638187876727 0.9533660998786011 0.06
-4.382269103934975 2.7213447963639132 0.06
1.3933685945205787 -4.967748379276444 0.06
2.328676446322024 4.605134743777323 0.06
-4.82872373887974 -1.8230268932682465 0.06
4.79288689115021 -1.9178725840473578 0.06
-2.2390412781335276 4.6526007946968955 0.06
-1.4920670784979504 -4.944060662376889 0.06
4.440701112713386 2.6382140981251117 0.06
-5.057470350267467 1.0545110981708383 0.06
3.0174743491056537 -4.1946213836876165 0.06
0.60854828570212 5.1322187194203845 0.06
-3.916221394119766 -3.3739013014963324 0.06
5.167704097798694 -0.1575892051968742 0.06
-3.704746994059994 3.6076099719902435 0.06
0.2949147424195889 -5.163625208582009 0.06
3.271129013465774 4.007457420517707 0.06
-5.119983703572897 -0.745497736514316 0.06
4.279692245647444 -2.9093357115577327 0.06
-1.190706084111098 5.037084377024154 0.06
-2.5249831215889125 -4.519342898662495 0.06
4.9155330565160815 1.6271246941453723 0.06
-4.72454890399106 2.120999211173093 0.06
2.0514032756570293 -4.756232185314717 0.06
1.700464554137417 4.893712322983671 0.06
-4.560374128346455 -2.4602820589331458 0.06
5.025510194459685 -1.266588838329859 0.06
-2.8506168421193516 4.32943225139573 0.06
-0.8226863664715874 -5.11890487725859 0.06
4.0651498402365895 3.2194031708415203 0.06
-5.173152213969922 0.3721507370651112 0.06
3.563799464881405 -3.7695269430143368 0.06
-0.08157110120744052 5.187807451655063 0.06
-3.4448052351726304 -3.881148913881976 0.06
5.162728872518062 0.5350052232159852 0.06
-4.168999973360758 3.093451021451287 0.06
0.9846773274355487 -5.098079104999686 0.06
2.718136503843409 4.425125302912216 0.06
-4.994324103525448 -1.427139358627856 0.06
4.647539000302793 -2.3217194577865157 0.06
-1.8589959491341834 4.852229802998071 0.06
-1.9072214711677775 -4.834511998114869 0.06
4.672856471951201 2.2769304760013602 0.06
-4.984585503580277 1.4778049118531702 0.06
2.6777305339571695 -4.457550805937433 0.06
1.0367487993180808 5.096582377153588 0.06
-4.207935820074234 -3.0583126285807 0.06
5.169616361096527 -0.5874237644861622 0.06
-3.415745899845388 3.9258986165831415 0.06
-0.13326628900757947 -5.203099085757849 0.06
3.61357611950057 3.747274693503962 0.06
-5.196744798212234 -0.32224757912836305 0.06
4.050339806480437 -3.273338884387014 0.06
-0.775628832592407 5.1505727753378405 0.06
-2.907773105694968 -4.32259824246911 0.06
5.064907401131477 1.223402230651716 0.06
-4.561941325238171 2.519660958360113 0.06
1.6621329393072262 -4.940375905947838 0.06
2.1119594230480434 4.766511029610503 0.06
-4.7779037832673925 -2.088452881402677 0.06
4.934714403651632 -1.6877777562206249 0.06
-2.499086594548717 4.578707917409332 0.06
-1.2503537766911381 -5.06523597013152 0.06
4.344287473174757 2.890876398329214 0.06
-5.15704801073231 0.8030291495343923 0.06
3.260806677405015 -4.076412615596079 0.06
0.34922385603536893 5.209418652630617 0.06
-3.777111144649538 -3.606027093764586 0.06
5.221917693867502 0.10758995526311337 0.06
-3.9238745494414236 3.4486531458303933 0.06
0.5639145364667818 -5.194420121203276 0.06
3.093533772771456 4.211893730464054 0.06
-5.127107291806053 -1.0162533238859353 0.06
4.4678560735544455 -2.714454292487287 0.06
-1.461137732135092 5.0204657680071 0.06
-2.314301537237817 -4.689777009063297 0.06
4.875283812335905 1.8951537534394103 0.06
-4.875931346735015 1.8961259193225704 0.06
2.3149681581539214 -4.692645567985446 0.06
1.4631181762450711 5.024866685031683 0.06
-4.47392296761619 -2.7173540954090516 0.06
5.1354147398063095 -1.0185850235400562 0.06
-3.099215897246783 4.22076543084934 0.06
-0.5659239010575141 -5.206700503986363 0.06
3.9350874277920087 3.4576128955730834 0.06
-5.238149166487993 0.10859700558099741 0.06
3.789782068679346 -3.6190540023487503 0.06
-0.34989519173207423 5.229490735702931 0.06
-3.275064364778936 -4.09315934292267 0.06
5.180762330453136 0.8060407405074482 0.06
-4.365399385335124 2.9057336778369294 0.06
1.2563431137845407 -5.0923081191583615 0.06
2.513873174767327 4.604393734378635 0.06
-4.964776905972624 -1.6973480120237279 0.06
4.808287128688073 -2.102468760313128 0.06
-2.1256698629999176 4.799117380678859 0.06
-1.6746582576309847 -4.975491907354323 0.06
4.596571067048799 2.538017814273544 0.06
-5.104700369987726 1.2337074745040548 0.06
2.9312210186716756 -4.35866302203983 0.06
0.7829852714178226 5.194895000357829 0.06
-4.0871903554766424 -3.302253018485822 0.06
5.24535647370986 -0.32593782184654546 0.06
-3.6482550408599512 3.784208656620293 0.06
0.13393773857315253 -5.255669384786862 0.06
3.4520164301318776 3.9665580250513877 0.06
-5.225725651009867 -0.5931200724790106 0.06
4.254703211836785 -3.0931376592686184 0.06
-1.0480906060426247 5.155725563053682 0.06
-2.7103026285885945 -4.51046113623272 0.06
5.046176473066651 1.4953604925464035 0.06
-4.731848876823093 2.3064271518753925 0.06
1.9314973676364906 -4.8978891288812685 0.06
1.8845903633217884 4.917145428241334 0.06
-4.711971680610165 -2.353151691057724 0.06
5.064905077643691 -1.4480112411370134 0.06
-2.7570824726980563 4.489821403880245 0.06
-1.0000240425790023 -5.173968681221791 0.06
4.233114201489784 3.140182185342996 0.06
-5.243472752822249 0.544052837884958 0.06
3.499500672631561 -3.9437919623442697 0.06
0.08358533761465807 5.272856293446261 0.06
-3.6240478730057175 -3.832267868268442 0.06
5.26186530766511 0.37785378652378243 0.06
-4.135915151525562 3.276309792950187 0.06
0.8367298832702033 -5.2105549706766014 0.06
2.9032218195480683 4.408095174392224 0.06
-5.119289427707255 -1.289525399270882 0.06
4.6467000073283655 -2.507624182746404 0.06
-1.7327668449564393 4.988739225597958 0.06
-2.0925316223342922 -4.849877463352143 0.06
4.819876394557947 2.1630514421028195 0.06
-5.016045474053982 1.6611104124116993 0.06
2.5770732486304926 -4.61396721609431 0.06
1.2166542081679064 5.143904405969004 0.06
-4.37256273088337 -2.971648560057156 0.06
5.232447221445193 -0.7625588992271212 0.06
-3.343740392419501 4.097487057710162 0.06
-0.302296661564338 -5.280967404596155 0.06
3.7908236114292735 3.6904818583797874 0.06
-5.28906458999916 -0.16061059372598904 0.06
4.0091982565811755 -3.4548993240652424 0.06
-0.6226181717617065 5.256647849361046 0.06
-3.092266988549225 -4.297427704049098 0.06
5.183936609292143 1.0801857390470755 0.06
-4.552940152480734 2.7056858590621187 0.06
1.5298044545984368 -5.071459191464601 0.06
2.298100655411393 4.7737546415371765 0.06
-4.920048984647517 -1.9680238790901234 0.06
4.958154655660023 -1.8726191312055025 0.06
-2.391478455642514 4.730838276267505 0.06
-1.432488376710643 -5.104701465373751 0.06
4.505249789100529 2.7969133590101865 0.06
-5.212245349397612 0.9810700370936626 0.06
3.1812095146242303 -4.244985986321305 0.06
0.5218146351959414 5.279934610058663 0.06
-3.9520162252849094 -3.541407595163937 0.06
5.307222311347585 -0.05823519498034279 0.06
-3.874730810032774 3.628561856959691 0.06
0.4061196327077462 -5.2938706863626095 0.06
3.277079383744051 4.178606312233747 0.06
-5.2399531787109055 -0.8676927364669416 0.06
4.450685057611089 -2.9002418033600876 0.06
-1.3229457947712924 5.1458541005451135 0.06
-2.5009182805096595 -4.6888599631693655 0.06
5.012265908166608 1.7683864017320337 0.06
-4.891282224108402 2.082152300894716 0.06
2.200594860222756 -4.840184114386682 0.06
1.6471384739444082 5.056375663224806 0.06
-4.63089987496238 -2.616250436803292 0.06
5.182849001321326 -1.1991981610653555 0.06
-3.0121568768570954 4.3859903042759365 0.06
-0.7417541153576614 -5.269705953120153 0.06
4.107306592868829 3.3852669838841734 0.06
-5.316253069773964 0.27830432644662756 0.06
3.7327060739255726 -3.7969600163392756 0.06
-0.18760472969120745 5.322105266283024 0.06
-3.4573059413356457 -4.051794124582991 0.06
5.287188989825861 0.6524052313280464 0.06
-4.340066447974488 3.0909259498030863 0.06
1.1125353342947812 -5.2117430030600715 0.06
2.7006082171475394 4.595292728159458 0.06
-5.096316774710289 -1.564466468738315 0.06
4.815494275988507 -2.2893262934588274 0.06
-2.004730400119908 4.9417664880926 0.06
-1.8602164492782247 -4.9989593678919535 0.06
4.749248696488208 2.429945846907922 0.06
-5.14425654971145 1.4165537585107202 0.06
2.8368444506699744 -4.5202116723338275 0.06
0.9617271008818618 5.2502458021914915 0.06
-4.256384514903801 -3.222295899089209 0.06
5.316087481063091 -0.4992132747476568 0.06
-3.583332008781374 3.95976409838299 0.06
-0.032550418018030276 -5.341248961646222 0.06
3.6325999588380435 3.9171695826259363 0.06
-5.325508935440836 -0.43468905960446164 0.06
4.2212318655867085 -3.2773772344597996 0.06
-0.8989258259813909 5.268959324134481 0.06
-2.896797788449184 -4.493168433615183 0.06
5.17200479469021 1.3566010480983317 0.06
-4.730873362122799 2.4937596579375754 0.06
1.8042036757356583 -5.035359877552144 0.06
2.0713349852619554 4.932501533586164 0.06
-4.860043708376907 -2.23829737806799 0.06
5.096482958012658 -1.6327465996554889 0.06
-2.655546926523793 4.647372431926458 0.06
-1.1813434278745565 -5.221534995134821 0.06
4.398949324701729 3.052743821336178 0.06
-5.3066723832053375 0.7205749213827732 0.06
3.426830964867156 -4.116652710422343 0.06
0.25396469538029354 5.351214996007954 0.06
-3.802621759403214 -3.7749261919821966 0.06
5.354793267055763 0.21491641885686882 0.06
-4.094344476299 3.459240279223152 0.06
0.6824777022261906 -5.317351237784097 0.06
3.0891186194458933 4.382618641291152 0.06
-5.239147204724544 -1.1451360474751464 0.06
4.637518416430642 -2.6950738277951936 0.06
-1.5993434196841176 5.120751959030344 0.06
-2.280108208621417 -4.857067691208064 0.06
4.963044630170524 2.041614067088965 0.06
-5.039559833550461 1.8473864468661814 0.06
2.468551273543717 -4.7672061639796635 0.06
1.4002114718358987 5.183570953902256 0.06
-4.534710483401045 -2.8768734472918096 0.06
5.287971011896438 -0.9419992448738774 0.06
-3.2634393456583104 4.267313398053775 0.06
-0.4762526633952984 -5.351932679005678 0.06
3.9670393460530127 3.625272241758857 0.06
-5.374937887700824 0.006534780654736618 0.06
3.9595828472949304 -3.6361660681833237 0.06
-0.46355845400198514 5.3567820153263 0.06
-3.2772073304405365 -4.263790814909523 0.06
5.297575668993094 0.9304257258332734 0.06
-4.53554465434114 2.8928938259945727 0.06
1.3904879455555623 -5.197744056152119 0.06
2.486152401668865 4.772739908655838 0.06
-5.058023944002871 -1.840215688959761 0.06
4.9735354500652385 -2.0600837669726837 0.06
-2.276156274907789 4.879458229373206 0.06
-1.6179388554611598 -5.13636776915254 0.06
4.6633881590337145 2.694960273952874 0.06
-5.259963146619626 1.1630940186431067 0.06
3.093407244047622 -4.4114432584443035 0.06
0.6990252417280466 5.3433476128198 0.06
-4.125529044532562 -3.468430495587054 0.06
5.385854617229279 -0.22928157813057673 0.06
-3.817140695336609 3.807812615138138 0.06
0.2425419942269953 -5.387130347507512 0.06
3.460706224093864 4.136848127562577 0.06
-5.347136655767762 -0.7128320872019984 0.06
4.425083440848343 -3.086848966426735 0.06
-1.1779845767141761 5.266151567988101 0.06
-2.6890867127310356 -4.679616720567338 0.06
5.144767370998438 1.6344322250585468 0.06
-4.898474739705383 2.2704504452791467 0.06
2.0786720395358014 -4.983886290040341 0.06
1.8341331607889577 5.07995625458471 0.06
-4.784713788370389 -2.50729215756327 0.06
5.222645226933722 -1.38346551586457 0.06
-2.9169980519145855 4.54874953862339 0.06
-0.9218904008834117 -5.325421869557288 0.06
4.277776133528806 3.3046378548051742 0.06
-5.387471429471205 0.45293663644211574 0.06
3.667226606155815 -3.9738456209448936 0.06
-0.019808006669192725 5.408290639645006 0.06
-3.6392639649069825 -4.001969239478174 0.06
5.387691788317211 0.49272425767288625 0.06
-4.306282128373106 3.276573550350182 0.06
0.9621890561545033 -5.325804373070468 0.06
2.8885338642398515 4.5778130275426925 0.06
-5.223074325341247 -1.4246033103854148 0.06
4.814459254407468 -2.4781004999092135 0.06
-1.8764194909323877 5.080260809648363 0.06
-2.048402644353967 -5.014383970798773 0.06
4.89843062041407 2.3141688479862124 0.06
-5.176030438660738 1.6027192199688431 0.06
2.7344880435810928 -4.678950217678326 0.06
1.1444538626396756 5.298134139137016 0.06
-4.423475461129642 -3.1341449942183432 0.06
5.37973266071641 -0.6771089271462405 0.06
-3.510063725320001 4.133939119555667 0.06
-0.20425871841531426 -5.420173279144436 0.06
3.812536249917487 3.8593480463758527 0.06
-5.419118169444852 -0.27047784676877984 0.06
4.179303864555323 -3.46170755664209 0.06
-0.7434649384851273 5.376547208501318 0.06
-3.0841208572813916 -4.467459964866154 0.06
5.292758345086102 1.211077660813472 0.06
-4.721587096576994 2.682650795283954 0.06
1.6697298340913125 -5.168365532849375 0.06
2.2603569541544446 4.939715218492424 0.06
-5.004294240456003 -2.1159014993469993 0.06
5.120148769678896 -1.8204605396315783 0.06
-2.5461659339498475 4.801774571634252 0.06
-1.3663198076023162 -5.2614798472819 0.06
4.562332046239639 2.957215971121289 0.06
-5.362599189033736 0.9014044252025375 0.06
3.3458894211457033 -4.287776111396825 0.06
0.42926896085682276 5.422704874806013 0.06
-3.9801864692248587 -3.7091933988671117 0.06
5.441308678983418 0.04647429418222629 0.06
-4.044327370307616 3.6418973244423967 0.06
0.5221829649747959 -5.418240023392295 0.06
3.2754796711603764 4.348704740933226 0.06
-5.353647498872055 -0.9942124812237044 0.06
4.619972819149143 -2.883721753277026 0.06
-1.4589440012498518 5.247997942188724 0.06
-2.469607846977421 -4.85603100094589 0.06
5.1020730737158155 1.9128121576527195 0.06
-5.055047035146183 2.0362955267985536 0.06
2.352332411917757 -4.9169637200045715 0.06
1.5870915884508823 5.2154712433171815 0.06
-4.694061663890161 -2.774127808086126 0.06
5.336048584002605 -1.125426811997917 0.06
-3.1749549200664053 4.435049182990661 0.06
-0.6548297580058302 -5.4158284673750545 0.06
4.14188635521161 3.551728793209286 0.06
-5.454172243585584 0.17889979681541157 0.06
3.9015466883398684 -3.816796227034423 0.06
-0.2987204228998895 5.450758305863737 0.06
-3.462247956809854 -4.221710445490784 0.06
5.405584767661078 0.7743728556906753 0.06
-4.5097472950346855 3.0809380608716133 0.06
1.2444120775795369 -5.318969691695393 0.06
2.6757699049100085 4.763428955697553 0.06
-5.1915488674988755 -1.705233226386097 0.06
4.980788871955171 -2.2498315965884066 0.06
-2.1532996499684547 5.024271152858465 0.06
-1.8063724477418466 -5.160137457475249 0.06
4.818391413215884 2.5851700503153445 0.06
-5.300075226459118 1.3487781855717933 0.06
2.9975249151450227 -4.575461111525791 0.06
0.8805451019580633 5.399503710843958 0.06
-4.2973166191112355 -3.3871920339877972 0.06
5.457634078226437 -0.4052533382730686 0.06
-3.7511709026095517 3.9860653355678264 0.06
0.07346049015959151 -5.473993382932201 0.06
3.6440697226171777 4.086655828021827 0.06
-5.448428400748928 -0.5519311206232995 0.06
4.391057556156815 -3.2739293728665175 0.06
-1.026492707648483 5.381107016325218 0.06
-2.878461249571476 -4.6620232554884815 0.06
5.272517150971943 1.4935069108332597 0.06
-4.897454702369148 2.460678247606199 0.06
1.9493907906225645 -5.1234632374435884 0.06
2.023766238810272 5.095524527529205 0.06
-4.935060267080105 -2.3906442981521225 0.06
5.254690397952329 -1.5710597766054588 0.06
-2.8138771482322 4.70872545331076 0.06
-1.106016645166147 -5.373707024077087 0.06
4.446167573817625 3.2158348691331593 0.06
-5.451635898868128 0.6321914474052204 0.06
3.5934238290062863 -4.149374071487144 0.06
0.15320843353205257 5.487852692619824 0.06
-3.820596011506834 -3.9437350464829763 0.06
5.482052245269817 0.3272662221069588 0.06
-4.2640666021850615 3.4623310084580226 0.06
0.8055524838291162 -5.434251116372591 0.06
3.077304252887792 4.551944478479358 0.06
-5.344787671573518 -1.2779846422378225 0.06
4.805141666740139 -2.6684477814935414 0.06
-1.74093941074825 5.2143197032885835 0.06
-2.238878148608995 -5.021695394553634 0.06
5.043819602189878 2.1908637156530646 0.06
-5.199922339608644 1.7918726690362123 0.06
2.624301966571073 -4.834567114877112 0.06
1.3308444133290245 5.338431712358127 0.06
-4.5881397416367955 -3.0379225979627993 0.06
5.436136105791054 -0.8593161463133773 0.06
-3.428543677844825 4.306400846311254 0.06
-0.38089340785449166 -5.492260027698342 0.06
3.9914855678802192 3.793157386848577 0.06
-5.506346048520644 -0.10076305841466564 0.06
4.128953179296349 -3.645784640263131 0.06
-0.5819653175566069 5.4782585160944395 0.06
-3.271926242950601 -4.433339447943409 0.06
5.408184807226476 1.0590264826172784 0.06
-4.703963525384469 2.872756020244763 0.06
1.5282889644923614 -5.296634104883107 0.06
2.451315421013551 4.938729867759641 0.06
-5.144433708735651 -1.9861525159021296 0.06
5.1358162802230725 -2.010818523834422 0.06
-2.4291018544405265 4.952722905710918 0.06
-1.5546275241184213 -5.293688058551753 0.06
4.722944445911988 2.8537336527484682 0.06
-5.41110993715878 1.08622707017525 0.06
3.2567826885721116 -4.456833687655062 0.06
0.6091976441237418 5.487155750513565 0.06
-4.156405493272398 -3.6351469537688614 0.06
5.521215732433398 -0.12718819100035106 0.06
-3.9859115291700133 3.823938974621531 0.06
0.3561117946870415 -5.513001395762999 0.06
3.461960203784253 4.306371041539976 0.06
-5.4625479534633214 -0.8370005114178113 0.06
4.5940505296174905 -3.073223020107922 0.06
-1.3117922059263696 5.370214260946283 0.06
-2.6606880794158405 -4.846724558302695 0.06
5.236680278474403 1.7768454240696476 0.06
-5.062434433373569 2.227500304779697 0.06
2.2285909407428757 -5.062942071448061 0.06
1.7769649106005931 5.239503383575033 0.06
-4.850304385282641 -2.663559154610234 0.06
5.376549592413578 -1.3125221827905915 0.06
-3.0784067373783053 4.600370850188478 0.06
-0.8377212074984378 -5.472496978391798 0.06
4.315031889365365 3.469942332915632 0.06
-5.526583639605512 0.3561927490063386 0.06
3.835151108669455 -3.9964504217707306 0.06
-0.12837851592435562 5.538367896469958 0.06
-3.647045467580868 -4.1712179704970875 0.06
5.507731884704577 0.6122821949138908 0.06
-4.475549262145952 3.2694737806113117 0.06
1.0918105922438495 -5.434882669447809 0.06
2.8666096471351494 4.745792782133634 0.06
-5.320350870350564 -1.563287118977188 0.06
4.979855963500177 -2.4415230047639787 0.06
-2.023094483214897 5.16498680656451 0.06
-1.9974560478915944 -5.175922075991997 0.06
4.969954189552752 2.467702444328946 0.06
-5.3324643251891555 1.53779849804354 0.06
2.8936949182121214 -4.736721410460335 0.06
1.0660617277412712 5.448257739190144 0.06
-4.467050487245789 -3.297796225420419 0.06
5.522388750328891 -0.5858519354247367 0.06
-3.676896280516846 4.162983754751077 0.06
-0.10084257637347768 -5.554262397005598 0.06
3.826828398237661 4.028074528908545 0.06
-5.543607088902019 -0.38525373959935394 0.06
4.348622446941874 -3.461138947507491 0.06
-0.8687136686828913 5.49047689748746 0.06
-3.0686978644321847 -4.636064431910901 0.06
5.395251352661297 1.3458316542593485 0.06
-4.888176920860958 2.652494371410105 0.06
1.8129483302626122 -5.258632745476529 0.06
2.215701681846735 5.103005590537948 0.06
-5.081640956000204 -2.266478588979242 0.06
5.2788805054431736 -1.7616528061034142 0.06
-2.702939097997281 4.865605844344325 0.06
-1.2938151173880328 -5.414429096591643 0.06
4.612157261599274 3.1189750550905493 0.06
-5.508586870119822 0.815763871683168 0.06
3.511385975529671 -4.323212755677605 0.06
0.331154883947754 5.560605762220296 0.06
-4.000963064788729 -3.8771503135932686 0.06
5.5700600748636715 0.15630343057561247 0.06
-4.213448728858754 3.6478555082786044 0.06
0.6428784361157845 -5.536849945264666 0.06
3.266575400752063 4.517685818115454 0.06
-5.461202320918403 -1.1248418599943077 0.06
4.787510145385744 -2.8600256306244143 0.06
-1.5984983612145005 5.343669431130126 0.06
-2.431304558406002 -5.020832415473972 0.06
5.185124765140398 2.0602138650945285 0.06
-5.215841650590094 1.9836824029994335 0.06
2.5064434466728036 -4.986756586061823 0.06
1.5205762959838607 5.371019244807452 0.06
-4.750059028745478 -2.9337585489323375 0.06
5.485150787296243 -1.045524194183667 0.06
-3.338873326850782 4.4768208482409015 0.06
-0.5621578496901455 -5.557335562302473 0.06
4.169111903560051 3.718669914847766 0.06
-5.586993651586608 0.07417504385530037 0.06
4.070222423321559 -3.8292674788646432 0.06
-0.41468870245046946 5.5738705833612565 0.06
-3.459870560833847 -4.390819479581833 0.06
5.51803949053289 0.9006887258756661 0.06
-4.677985139521519 3.063732206707342 0.06
1.3800999059854822 -5.419900760115342 0.06
2.6438701522162087 4.929498008744932 0.06
-5.2801791748966895 -1.8492452192684787 0.06
5.14340842548739 -2.203485822197487 0.06
-2.3045239428669686 5.099918567658986 0.06
-1.7459399190326321 -5.318053572419926 0.06
4.880474027324905 2.7424392916903417 0.06
-5.452070400219033 1.274726775060238 0.06
3.1596252767745328 -4.62350171519028 0.06
0.7934476647039806 5.544406262475342 0.06
-4.3309463677528575 -3.552872578583186 0.06
5.594327178989326 -0.30578328015333756 0.06
-3.9191532363631834 4.005026580424154 0.06
0.18453441902566822 -5.601423662623178 0.06
3.6482179834767052 4.255643963613164 0.06
-5.5656140635074465 -0.6737507670408487 0.06
4.559747910130994 -3.2632344378018616 0.06
-1.1581171451917753 5.4871454033962745 0.06
-2.8530073933088325 -4.829114702895879 0.06
5.366591692181058 1.6339197071500322 0.06
-5.0616586111236215 2.4206635669663172 0.06
2.0975078560714784 -5.204849737861646 0.06
1.9695011104645401 5.255574695109846 0.06
-5.003132480489172 -2.545322255172078 0.06
5.409352813837202 -1.502964449157576 0.06
-2.973922156835356 4.7629598995880436 0.06
-1.0246179842432404 -5.5217893826517255 0.06
4.486147563190494 3.380011840405296 0.06
-5.5919967894858615 0.5381188589706005 0.06
3.7604659555156417 -4.17479290473286 0.06
0.0471889969648757 5.619410395990442 0.06
-3.8312593315288606 -4.11235357606481 0.06
5.603793068398125 0.4444133735309201 0.06
-4.432960779702553 3.458158285217572 0.06
0.9329224916234399 -5.545237201835745 0.06
3.0583293903541096 4.719811578876456 0.06
-5.444164220987819 -1.4145939116637327 0.06
4.970687042008394 -2.634818842047748 0.06
-1.8857332060662952 5.301321559341495 0.06
-2.190856197141863 -5.183642457138137 0.06
5.117777138566316 2.3427243030215865 0.06
-5.3570224052786495 1.729829745767645 0.06
2.782057241730044 -4.894911388752345 0.06
1.2552606510938242 5.489473626661805 0.06
-4.634406869100341 -3.2003551321119947 0.06
5.579955579892588 -0.770776054652439 0.06
-3.5944001119096387 4.338235567083003 0.06
-0.2800813526719339 -5.627748611646176 0.06
4.008643971935452 3.9611581016497643 0.06
-5.632459672800797 -0.21306814466911894 0.06
4.297802167022164 -3.6481360354487333 0.06
-0.7048959542922713 5.594025535660558 0.06
-3.2594541493008924 -4.6017343087802445 0.06
5.5127134860430855 1.1916333415940874 0.06
-4.870605512207058 2.8455582834407425 0.06
1.6695482006461677 -5.389119483340404 0.06
2.4096034442220833 5.102333901421297 0.06
-5.22416380106004 -2.1349736718971313 0.06
5.295120858223228 -1.9549156239616337 0.06
-2.584336277925887 5.019084179668256 0.06
-1.4849664252618495 -5.447464980690105 0.06
4.775426542640464 3.0141833613509577 0.06
-5.558173773206264 1.0033465537101542 0.06
3.4212096142127333 -4.495033345328861 0.06
0.5137383813590749 5.626372976929148 0.06
-4.180029644440676 -3.8022824949755063 0.06
5.651513467716723 -0.019887790639214867 0.06
-4.154466337692522 3.832806993442233 0.06
0.47442448599768094 -5.633375667136521 0.06
3.4560052859298644 4.475044967776842 0.06
-5.572071431199648 -0.9654118114093673 0.06
4.761542650148501 -3.0524926848097107 0.06
-1.4493106524503252 5.468043400769056 0.06
-2.625343789882968 -5.011743208198415 0.06
5.322061817032417 1.9224094297744199 0.06
-5.223707165925496 2.17781621002752 0.06
2.381076987590514 -5.135218824857115 0.06
1.7133257184961952 5.395786780659471 0.06
-4.908920306109316 -2.821790464982762 0.06
5.526638849863525 -1.235420180820758 0.06
-3.241162354856809 4.644875303973087 0.06
-0.7477524543344118 -5.6152351924952235 0.06
4.345083117803561 3.635966542664892 0.06
-5.660870723161908 0.25405246633005324 0.06
4.003163124751173 -4.011818165948256 0.06
-0.24190131570546733 5.663169055701937 0.06
-3.6476127311351902 -4.339921815385674 0.06
5.622085591715618 0.7363108035494594 0.06
-4.643643762251077 3.255237719323531 0.06
1.2253873760402954 -5.537908068814531 0.06
2.8376815782165212 4.911981602230468 0.06
-5.411254562808232 -1.7053809124319097 0.06
5.142857602723931 -2.398127535829707 0.06
-2.1726085488034506 5.243068957553979 0.06
-1.9399293324803488 -5.334479748296206 0.06
5.034613915608651 2.6234829370056367 0.06
-5.485355648115248 1.4665856312163144 0.06
3.0545397893005326 -4.787461401993739 0.06
0.9817133019445079 5.594304156263334 0.06
-4.503480832166905 -3.46246449719059 0.06
5.660464614461421 -0.4890197832707025 0.06
-3.844117619896068 4.184824933543169 0.06
0.007725266743554107 -5.683303644910568 0.06
3.8339134274848745 4.196559046475003 0.06
-5.662619439682643 -0.5047188141215323 0.06
4.517070645622213 -3.453414655447291 0.06
-0.9981535661020743 5.5985435122429585 0.06
-3.046225288796904 -4.803177228657529 0.06
5.491539896113596 1.4842471389201581 0.06
-5.0526656640313075 2.615448276590282 0.06
1.959271052770987 -5.342401795239073 0.06
2.1643691991990064 5.263601995740051 0.06
-5.152245710146107 -2.4195793316775203 0.06
5.434346433249574 -1.6964312079856472 0.06
-2.861636488871703 4.922503083346727 0.06
-1.2152087421818247 -5.563566096751694 0.06
4.654909526470431 3.2820446828729852 0.06
-5.650245418709384 0.7243802236074847 0.06
3.677569835670071 -4.3514917101804995 0.06
0.22769993782679362 5.693694120543681 0.06
-4.014552015889205 -4.045166512236539 0.06
5.693552701847001 0.2710306833011908 0.06
-4.382001369978987 3.6466510654986295 0.06
0.7679921579995664 -5.649795398530037 0.06
3.2505882617256656 4.685474997556951 0.06
-5.562730585677707 -1.2593762071620032 0.06
4.953241974744701 -2.8293804868958907 0.06
-1.7414149391022045 5.432998620455527 0.06
-2.3862391222931962 -5.1832289985333855 0.06
5.261567140021261 2.21040974279623 0.06
-5.37365093539498 1.9245455631209836 0.06
2.6627596680458803 -5.049723848907799 0.06
1.4478254157660064 5.523024675434829 0.06
-4.799066849602046 -3.094989074786967 0.06
5.630180680927117 -0.959721574267806 0.06
-3.5037743392331024 4.511492588903548 0.06
-0.46396638160585457 -5.694272139329097 0.06
4.189181510960928 3.885969411642753 0.06
-5.714781649171249 -0.03564691144460859 0.06
4.238630029171353 -3.834581525513164 0.06
-0.535293171624153 5.691525386081709 0.06
-3.4503894166707805 -4.559036397455747 0.06
5.624654715480278 1.0311446705605751 0.06
-4.844714166197939 3.039530333429988 0.06
1.5194004099485998 -5.514655238022413 0.06
2.6051355178983875 5.093453536981003 0.06
-5.362343273537435 -1.996315259859485 0.06
5.303326355763443 -2.1505184408102256 0.06
-2.45822868679681 5.168859808836881 0.06
-1.6791495262223355 -5.472701057849525 0.06
4.935661954218267 2.901592851122004 0.06
-5.600255349519604 1.194629658169034 0.06
3.3229998581710447 -4.6645119726071265 0.06
0.7006626716090147 5.684986527742499 0.06
-4.3574639639195185 -3.719207953737301 0.06
5.726219357490661 -0.20102703773185965 0.06
-4.087166462556939 4.016848305245021 0.06
0.30045303983560756 -5.723611444783227 0.06
3.645253964708064 4.424039277942743 0.06
-5.677156062772568 -0.7999368968391664 0.06
4.7272267216975665 -3.245508823230723 0.06
-1.293596824150771 5.5871824076673064 0.06
-2.820658153766695 -4.994385605816742 0.06
5.4543532809672 1.7776474021589164 0.06
-5.223447341165518 2.373941421785906 0.06
2.248374528975372 -5.279660214204583 0.06
1.9087675837526126 5.4126339531890775 0.06
-5.064416071994331 -2.702163919847483 0.06
5.560471880665506 -1.4286890719566023 0.06
-3.135528859082096 4.810245188539076 0.06
-0.9373746642375833 -5.665803450424792 0.06
4.519071111670312 3.545136991382258 0.06
-5.727795938700412 0.4385814458080272 0.06
3.927835946729356 -4.193102046883751 0.06
-0.06387392253766752 5.745948148218852 0.06
-3.834814111507608 -4.280677601756773 0.06
5.720094449125656 0.5661444100950339 0.06
-4.600940790889994 3.4469325259895296 0.06
1.0643820723054989 -5.650406251249077 0.06
3.0324108851719918 4.886152292294053 0.06
-5.537390894865597 -1.554767531645675 0.06
5.134105926783 -2.594408667224899 0.06
-2.0335392574725133 5.381887966905121 0.06
-2.1362671515037728 -5.342879622208043 0.06
5.185063069265896 2.497022420350873 0.06
-5.510850311341814 1.661483928897251 0.06
2.941657099515084 -4.948399085449002 0.06
1.1736861991238614 5.636706547797764 0.06
-4.6736850109197885 -3.3640256269392026 0.06
5.719458741940017 -0.6766030588505446 0.06
-3.760878857975919 4.363002431311465 0.06
-0.17403699236140585 -5.758446936917089 0.06
4.018709750660566 4.129161166622793 0.06
-5.753346063754021 -0.33016521725660825 0.06
4.4660339731255885 -3.6434242891664534 0.06
-0.8321419338727344 5.704168633717849 0.06
-3.240002386364004 -4.7688976227589075 0.06
5.611264845783425 1.3280462456086117 0.06
-5.035411447149627 2.811517660964358 0.06
1.8140754471206502 -5.4753201068206065 0.06
2.3612375928343567 5.2635118533338385 0.06
-5.297349981947728 -2.2865002009093307 0.06
5.451428300757676 -1.8925986055416737 0.06
-2.741693154019947 5.0786926121985525 0.06
-1.4091798394894637 -5.597697042532442 0.06
4.820998656079318 3.1761567905381205 0.06
-5.701172524311875 0.9146758158120094 0.06
3.5865503060074615 -4.526218830599974 0.06
0.4128681998226508 5.76103635204424 0.06
-4.196589145803438 -3.969715297263114 0.06
5.7768037584275715 0.09240312016968853 0.06
-4.322700070128152 3.8346139445469687 0.06
0.5972694174836521 -5.74832751702082 0.06
3.4430468761742232 4.642782377892263 0.06
-5.675799272490806 -1.0978627502528884 0.06
4.9274904154044314 -3.0248699486254726 0.06
-1.5903455963397508 5.5597482752551635 0.06
-2.5832708183441313 -5.174621906873163 0.06
5.401037528663593 2.070940272911672 0.06
-5.382261139978046 2.1216184909361586 0.06
2.5359579151309144 -5.200857376691354 0.06
1.643437617820094 5.548793814545088 0.06
-4.960716579747982 -2.9818267916519714 0.06
5.672919590705628 -1.1523815849744792 0.06
-3.4051197395699155 4.682430945480276 0.06
-0.6522045992622253 -5.753662239017964 0.06
4.368109600223603 3.8025805080805855 0.06
-5.790377313347762 0.1467329856152128 0.06
4.171148808349881 -4.02013900488545 0.06
-0.3601640854635145 5.782757286238308 0.06
-3.6411648363905353 -4.507983876882556 0.06
5.730834105909552 0.8646042161265902 0.06
-4.810486370956526 3.234071872244264 0.06
1.362721518402259 -5.634979153757665 0.06
2.8019620311545257 5.0763184273613495 0.06
-5.495900601133067 -1.8506962426247078 0.06
5.3034217296530395 -2.3481307368721978 0.06
-2.324784069990209 5.3146381841024475 0.06
-1.876041785358585 -5.490033444305105 0.06
5.092555434696332 2.7813448445931437 0.06
-5.634699902382601 1.3893009069634663 0.06
3.216870524457522 -4.831329426656434 0.06
0.8916282254108334 5.736287920567684 0.06
-4.532938112776901 -3.628012136933199 0.06
5.793993673390845 -0.38682982396251353 0.06
-4.011605531327721 4.199645349433788 0.06
0.12123136390403749 -5.807349047233683 0.06
3.8339837216759376 4.364695730738162 0.06
-5.776225425924055 -0.6286651166626518 0.06
4.6845596956636015 -3.438735299170924 0.06
-1.131583713507081 5.700834877395198 0.06
-3.016910469231865 -4.968727324037734 0.06
5.58172873077689 1.6261317216080078 0.06
-5.215000525730727 2.571725007971935 0.06
2.1085155536216695 -5.419793553276315 0.06
2.1065755642291597 5.421470224228165 0.06
-5.216244556136108 -2.575032568838774 0.06
5.586531153990838 -1.6250137431695157 0.06
-3.022099494725286 4.972616478674097 0.06
-1.1307189873168866 -5.7088943388121205 0.06
4.690752018762588 3.4462799506822877 0.06
-5.787597154191418 0.6274704620899749 0.06
3.8443108626025677 -4.372787896945827 0.06
0.11911816067649197 5.822010895197385 0.06
-4.021138659578069 -4.2131275651761 0.06
5.811845790362606 0.39044655081644003 0.06
-4.549887398832003 3.6384783437516504 0.06
0.8973207225775853 -5.7571534216861755 0.06
3.2277201432408793 4.851991619625603 0.06
-5.658326530672837 -1.397619716619619 0.06
5.1171054531992635 -2.791994230086868 0.06
-1.8875069796179715 5.51609621035506 0.06
-2.334623900671838 -5.343176138067302 0.06
5.331526503274326 2.3632234648639217 0.06
-5.528448818791054 1.859100228069432 0.06
2.821116477689772 -5.106006445286497 0.06
1.3690554140101174 5.671480166003367 0.06
-4.841239614650942 -3.257667723008963 0.06
5.771149617587569 -0.868235043878592 0.06
-3.669520339597684 4.539231265013813 0.06
-0.3604694566851053 -5.8266681534816405 0.06
4.2022731394554 4.053504713382193 0.06
-5.8375845354256715 -0.15035555114147803 0.06
4.406662871229968 -3.8329260805973364 0.06
-0.6603284640580648 5.803788962355086 0.06
-3.4340005687205375 -4.726271267503276 0.06
5.7255141119169375 1.1655420002042023 0.06
-5.0098617878391245 3.0085353357986975 0.06
1.662123049351166 -5.603333558589528 0.06
2.559774218177241 5.255240808179498 0.06
-5.438157579013366 -2.1462623664919205 0.06
5.460506161863962 -2.0911414242575055 0.06
-2.6142437936292775 5.231226375093206 0.06
-1.606215405655283 -5.6240618836065135 0.06
4.984100765366518 3.0624727852950615 0.06
-5.7446306159946 1.1087015314220103 0.06
3.4875040191408027 -4.6986504143718495 0.06
0.6024037737227476 5.821263582196274 0.06
-4.377039688903779 -3.8860678792014314 0.06
5.853348046937804 -0.09119562165695726 0.06
-4.255095608550836 4.021711247975344 0.06
0.4210095546954854 -5.840612207196701 0.06
3.6353674910897653 4.591742937570407 0.06
-5.783127473587773 -0.9302884629158323 0.06
4.893412006161102 -3.220950005504336 0.06
-1.4327379405547689 5.6813081234602025 0.06
-2.7816171690321343 -5.15777141069141 0.06
5.53590832684116 1.9245048705604024 0.06
-5.382774221207944 2.3207200786607607 0.06
2.4018157308670576 -5.348016566444008 0.06
1.8417769887243425 5.566673829478919 0.06
-5.119047493046548 -2.8610055511889283 0.06
5.7080375053521735 -1.348446453328028 0.06
-3.298546055128138 4.850731277054894 0.06
-0.8444993783608888 -5.80575755607725 0.06
4.545100536511131 3.7110727711817018 0.06
-5.859060001814523 0.33379019628683365 0.06
4.095410904623703 -4.204474940142856 0.06
-0.1797726156093019 5.867510699323606 0.06
-3.831443602254755 -4.4485997710224625 0.06
5.831018865492354 0.6922564483428634 0.06
-4.767915603617647 3.42884540286951 0.06
1.1997346764344516 -5.749837972165888 0.06
2.999747382928333 5.0508925586092825 0.06
-5.624564003899144 -1.6983167449101018 0.06
5.295341756601905 -2.5474213787256024 0.06
-2.1841779972136046 5.456131090478671 0.06
-2.0753190738519933 -5.4993682129592045 0.06
5.245804546102022 2.6535890156720505 0.06
-5.661385526310735 1.5870456585994384 0.06
3.102944249095319 -4.995171367131092 0.06
1.0863322981439845 5.780128211208573 0.06
-4.7061282596433385 -3.5287897080707937 0.06
5.854661579211039 -0.57700761945585 0.06
-3.927849514902109 4.380867287225587 0.06
-0.0629684351605574 -5.884389091160903 0.06
4.021859247435872 4.297051104398756 0.06
-5.8690571229404975 -0.45185007210512634 0.06
4.633548881367316 -3.631834903183197 0.06
-0.9635044763690686 5.8087571066465475 0.06
-3.213764211377283 -4.934746152911065 0.06
5.70392502928255 1.4680733157182821 0.06
-5.1983151662536144 2.7708337070812568 0.06
1.9616871486688632 -5.5553382912967075 0.06
2.306422215129047 5.422215097684638 0.06
-5.3641099474724205 -2.4405582294687083 0.06
5.604707853417173 -1.8240750746183314 0.06
-2.9010095744077424 5.131680372859812 0.06
-1.3274770726223972 -5.744371560202376 0.06
4.859806416022308 3.3395031964033826 0.06
-5.840111640859638 0.8204242940672541 0.06
3.752667290733005 -4.550548121387425 0.06
0.30679510251873376 5.891169388590903 0.06
-4.206253120882838 -4.1373221633157105 0.06
5.897127972853329 0.2094795259465362 0.06
-4.49050470186893 3.8295388132897976 0.06
0.7244460891903839 -5.857915829359173 0.06
3.4232724663887115 4.809491201870001 0.06
-5.7738074066936775 -1.234158835162328 0.06
5.091818371275848 -2.9905493933285525 0.06
-1.7347099962221302 5.645421262315773 0.06
-2.5346693692715947 -5.335302352114296 0.06
5.473715521036359 2.222259749616518 0.06
-5.5380556121063425 2.0591114678951805 0.06
2.6930656747318693 -5.259980729202436 0.06
1.567507509880904 5.698501575543081 0.06
-5.00583015793172 -3.143511480803164 0.06
5.815386880172364 -1.0636143257399044 0.06
-3.5701347848710294 4.7131876281189875 0.06
-0.5512850451316206 -5.8877911646910706 0.06
4.384272949222367 3.969653726298683 0.06
-5.915134310543015 0.03443963177524541 0.06
4.338992213559662 -4.021585081863695 0.06
-0.4829651103838022 5.89718108100404 0.06
-3.6278831521434642 -4.675303608793081 0.06
5.834043120568704 0.9969658305804616 0.06
-4.975992668025907 3.2061654616928963 0.06
1.5036229919323474 -5.726178297794474 0.06
2.759646653383139 5.238735567717772 0.06
-5.574387395108865 -1.9990510671944832 0.06
5.461497863314156 -2.2917332063342197 0.06
-2.4794483377743646 5.379808169471097 0.06
-1.8059974473060978 -5.642550240832939 0.06
5.143906827823706 2.9411260677959157 0.06
-5.78048193971031 1.3061502764547919 0.06
3.38053682899899 -4.868466981276699 0.06
0.7960128160044488 5.874211742587823 0.06
-4.555576161091284 -3.7943017592828348 0.06
5.922996446570146 -0.27948719812799244 0.06
-4.179236545128555 4.207609998545722 0.06
0.2394732843015234 -5.926436749523767 0.06
3.827214188384662 4.532375928387576 0.06
-5.884480504906487 -0.7568944360843802 0.06
4.850996548554833 -3.417284372994015 0.06
-1.2688115952460588 5.79742331866228 0.06
-2.9809441000157966 -5.132637944817559 0.06
5.665906482099177 1.7713000130148846 0.06
-5.375121555685661 2.5215210214478407 0.06
2.2605049450829795 -5.490912255104374 0.06
2.0425215153201752 5.576567569702189 0.06
-5.273756534273984 -2.732671223766675 0.06
5.735409496720691 -1.5476039237886794 0.06
-3.184172083860725 5.016078960738363 0.06
-1.040550611605937 -5.850406346971679 0.06
4.719830541908283 3.611537021223757 0.06
-5.920652323115461 0.5252390587032766 0.06
4.011478469785393 -4.387258880719059 0.06
0.0056122074967102815 5.945583949716547 0.06
-4.020891124019394 -4.38091709220593 0.06
5.924984583988772 0.5143517079736315 0.06
-4.717005489347644 3.6235147596586668 0.06
1.0306696205369945 -5.858986271813762 0.06
3.198156407966844 5.017150146266367 0.06
-5.748068933295681 -1.5393841424677155 0.06
5.279031445335196 -2.7480587692336926 0.06
-2.03659389873185 5.59305688256862 0.06
-2.2766559025091073 -5.500621592290314 0.06
5.395112707060585 2.5184834480523013 0.06
-5.680200316475632 1.7875470244751985 0.06
2.9813525626425936 -5.155728551545789 0.06
1.2844690280081632 5.816368223908092 0.06
-4.876714872405229 -3.421644641581246 0.06
5.908057699384777 -0.7712679305794253 0.06
-3.8359740399551794 4.560186746701273 0.06
-0.25186947032932505 -5.954541272836726 0.06
4.208547839745728 4.221152103463173 0.06
-5.955437384310029 -0.2697509250447863 0.06
4.574211708565657 -3.8244721524964547 0.06
-0.7895985671826781 5.910713501998136 0.06
-3.410883687591979 -4.8924301190429835 0.06
5.8206865679163045 1.3036901004758419 0.06
-5.173349983143898 2.9709341884170093 0.06
1.8080840260358386 -5.68602076629993 0.06
2.5079791209302327 5.414798309168867 0.06
-5.507722630350716 -2.298910921963398 0.06
5.614903273172577 -2.0255520810178815 0.06
-2.7724031285424324 5.287133523266472 0.06
-1.5273378228673709 -5.772108728605064 0.06
5.0259195497795695 3.224923670281752 0.06
-5.885186305588692 1.0171441139343607 0.06
3.6529941931025216 -4.726058973940048 0.06
0.4988726318073006 5.953245005644709 0.06
-4.3898272382945995 -4.05332170175608 0.06
5.975738217054095 0.023510874912257198 0.06
-4.422823892238961 4.019779697724766 0.06
0.5460069331658417 -5.952468095583112 0.06
3.6187321991537513 4.758652884042695 0.06
-5.883587275577155 -1.0646129675457578 0.06
5.0582171697725675 -3.189739654488748 0.06
-1.575353963141572 5.769597896804781 0.06
-2.73607277009175 -5.3192016127199455 0.06
5.611347952989878 2.0743129345584057 0.06
-5.539585338298549 2.2611931097780555 0.06
2.5576609672075428 -5.410024988558092 0.06
1.7687266817581897 5.717657380889194 0.06
-5.167147190333904 -3.021686600795067 0.06
5.852029965126414 -1.2624362507717153 0.06
-3.4628243291805347 4.884551941092999 0.06
-0.7461925871550509 -5.941649318402665 0.06
4.564381921120203 3.877681998069342 0.06
-5.9858039304850985 0.22394487220998457 0.06
4.263066889701562 -4.209068863053949 0.06
-0.3003095135140821 5.984130195449707 0.06
-3.8213150829892273 -4.61601029423885 0.06
5.936615391304121 0.8225555882315869 0.06
-4.933790378471261 3.4040729283175493 0.06
1.3387915186596995 -5.843597972958515 0.06
2.9605222983756634 5.213953175932872 0.06
-5.705765174801747 -1.845059286315646 0.06
5.4543315363259035 -2.4940464093197443 0.06
-2.3374750350217655 5.524147939786733 0.06
-2.0082059876576923 -5.653061888139542 0.06
5.300113212328082 2.8122588672640547 0.06
-5.808598684631488 1.5067120895835882 0.06
3.2657638604698223 -5.0353536526890785 0.06
0.9933977532958082 5.91972642135993 0.06
-4.731874850111151 -3.694504080778039 0.06
5.985569131710946 -0.47218870116625494 0.06
-4.095181378796722 4.391980131416418 0.06
0.05292668462332636 -6.005597286370007 0.06
4.018253079966982 4.4647107616659625 0.06
-5.979632042362619 -0.5779278830012152 0.06
4.800244145958887 -3.613537897848511 0.06
-1.0987930182556338 5.9078468076815165 0.06
-3.180917760318648 -5.099192308796503 0.06
5.790766108012794 1.6115296715513383 0.06
-5.359244867750111 2.723691327499154 0.06
2.112205484002529 -5.6292617627313835 0.06
2.2453475919864636 5.578388135578287 0.06
-5.424546398023593 -2.596978316368713 0.06
5.75492071162669 -1.7495392544582005 0.06
-3.062125734388789 5.178164345286263 0.06
-1.2400548301499497 -5.887466689351353 0.06
4.891979993198914 3.504073593140069 0.06
-5.97498637731083 0.7207896995310099 0.06
3.9194235012363414 -4.568163681169521 0.06
0.19571632407194242 6.016784450226862 0.06
-4.209175241040865 -4.304978953515172 0.06
6.012515466156456 0.33114614482041765 0.06
-4.657769931547365 3.817745311669344 0.06
0.8557626315284135 -5.962186706107044 0.06
3.3968545685255114 4.975075782366271 0.06
-5.8661583128349015 -1.374113040749557 0.06
5.254446199429368 -2.949711026067177 0.06
-1.8822230644635838 5.725140726270518 0.06
-2.4797255859859306 -5.493720143782967 0.06
5.540189433764985 2.3761946549049453 0.06
-5.691042559534274 1.9904860174262922 0.06
2.852235930221666 -5.312697073836654 0.06
1.4857295679672817 5.844878754163148 0.06
-5.04438295255492 -3.3066902830433493 0.06
5.954026332367002 -0.9693144141507171 0.06
-3.736064468822381 4.737280051337787 0.06
-0.44519016998042865 -6.01762459053012 0.06
4.393719624478319 4.137055457867843 0.06
-6.035161298543993 -0.08263232150189534 0.06
4.506575844958282 -4.016313502907681 0.06
-0.6101116821676488 6.00647681551195 0.06
-3.6079342387227764 -4.841777620776475 0.06
5.931765506381738 1.133206943722024 0.06
-5.140074122400068 3.171693241193602 0.06
1.6479085062918173 -5.81157444716069 0.06
2.710917070914607 5.399159993427105 0.06
-5.64679942712681 -2.1502688738388804 0.06
5.617028999936148 -2.2291220724483276 0.06
-2.6364329304451855 5.438678277234665 0.06
-1.7299875391973387 -5.791989564408929 0.06
5.188781574286984 3.102667525588247 0.06
-5.922677897518874 1.2173276149999326 0.06
3.5453901410229722 -4.899000790767144 0.06
0.6950621473588308 6.0080686257156675 0.06
-4.571533979589286 -3.961196419449628 0.06
6.047482831924615 -0.16718671471455668 0.06
-4.346886343121192 4.208869102263275 0.06
0.3622579427068015 -6.040593446255578 0.06
3.813765126729403 4.699488861370209 0.06
-5.9874279440264795 -0.8892168549295774 0.06
5.016284777244864 -3.389231038684358 0.06
-1.4096518800054922 5.888368328934339 0.06
-2.9385029258286015 -5.294827717206364 0.06
5.744148400015185 1.9195726499934829 0.06
-5.532963021945845 2.465019309818873 0.06
2.4150671676345805 -5.5558483218869 0.06
1.9723949136889636 5.728844412658971 0.06
-5.324886538339418 -2.892331819451505 0.06
5.880948303690594 -1.4643930651702535 0.06
-3.3477005746672 5.053009089876338 0.06
-0.9448969462937373 -5.988085650763921 0.06
4.742276415514643 3.777673146111716 0.06
-6.049411242546426 0.4178799092477576 0.06
4.178941896477482 -4.395047738747008 0.06
-0.11262491492104669 6.064430363071129 0.06
-4.013963155802134 -4.548417283392431 0.06
6.03300277246811 0.6425554819563102 0.06
-4.883251647280965 3.601923562393813 0.06
1.1678519385124104 -5.95534397408855 0.06
3.162068571349272 5.180861159120671 0.06
-5.832023756829787 -1.684487726216189 0.06
5.438945758695348 -2.697752589465884 0.06
-2.1885004477096586 5.663962022328066 0.06
-2.2125192356264294 -5.655506929708692 0.06
5.452421927568427 2.6760222577121815 0.06
-5.828863174230243 1.7100742954920252 0.06
3.143309546338233 -5.199000393912173 0.06
1.1942574191114148 5.957663066748349 0.06
-4.9056160539427935 -3.586771686530765 0.06
6.040895786516193 -0.6690127774944994 0.06
-4.002998625170568 4.574494726948819 0.06
-0.13835890267189355 -6.077899046056247 0.06
4.2081525331554515 4.388787105533529 0.06
-6.068364353745888 -0.39364205845699834 0.06
4.741165319738935 -3.8093767746056315 0.06
-0.9229154408910504 6.012339568667499 0.06
-3.3812047281859985 -5.057415801186674 0.06
5.9102287267074685 1.4454052711962189 0.06
-5.335096380891133 2.926900511907151 0.06
1.957105350668154 -5.762789137768801 0.06
2.449930200903564 5.572059045873494 0.06
-5.5711257748251395 -2.4540899741205466 0.06
5.766466554200394 -1.9539353825774888 0.06
-2.9325440484011076 5.336682996411465 0.06
-1.4427053529559577 -5.916806677976916 0.06
5.061233664433487 3.388792379890686 0.06
-6.021903964044518 0.9201481662346125 0.06
3.81932790581917 -4.746865739393833 0.06
0.39026075902585194 6.0809289208117345 0.06
-4.395966454222152 -4.22083865284537 0.06
6.0934045595422655 0.14290162262735714 0.06
-4.590233215367589 4.011204186841668 0.06
0.6752564592632531 -6.059210238490101 0.06
3.5955081689106 4.924664557845251 0.06
-5.978582779015036 -1.2027252198506746 0.06
5.221551957600517 -3.1520461852704846 0.06
-1.7212646097288153 5.85211484365226 0.06
-2.684200433624748 -5.478600919224609 0.06
5.680750587066476 2.2268975655705154 0.06
-5.6938209067015215 2.1955417286876306 0.06
2.715743759413239 -5.4657786117997915 0.06
1.6898022472590977 5.865540756414374 0.06
-5.208822281251418 -3.1840493781250907 0.06
5.992421651531433 -1.1708470225684036 0.06
-3.6282159494244106 4.911827462802651 0.06
-0.6426444052919096 -6.073467557198854 0.06
4.577047793472797 4.044827993409091 0.06
-6.108033035115063 0.10923571734134022 0.06
4.430679286801649 -4.207027579836723 0.06
-0.4252956698517169 6.0958283762918875 0.06
-3.804582461753348 -4.78279753823208 0.06
6.03692201118752 0.9568555956044973 0.06
-5.098467284380386 3.372777987075772 0.06
1.4813704698339825 -5.931740177309172 0.06
2.9149062601318607 5.375250830858416 0.06
-5.781063845373022 -1.994818491923738 0.06
5.611007076112134 -2.4344608421208096 0.06
-2.4932604896949155 5.5860229260652225 0.06
-1.935110094508493 -5.8039080731978645 0.06
5.348087800405675 2.9728701416563763 0.06
-5.9524532011516085 1.4206691691241733 0.06
3.42996335099171 -5.069058237074588 0.06
0.8950708585188325 6.055480836253251 0.06
-4.751049780346651 -3.861026545449803 0.06
6.112177432303576 -0.3623355296391208 0.06
-4.262743686058903 4.396477711414556 0.06
0.17345962965590156 -6.122083939058631 0.06
4.008038704873793 4.632021776744321 0.06
-6.085099508158938 -0.7082118156341802 0.06
4.966014678889587 -3.588690319469368 0.06
-1.2378240267982257 6.001482456750251 0.06
-3.141628479318112 -5.262145047215762 0.06
5.871848479946053 1.758236454108276 0.06
-5.518124218157073 2.6702631168086026 0.06
2.2654576031599345 -5.697166124336278 0.06
2.1781921630910595 5.731969897046625 0.06
-5.478749555820497 -2.7555949093792282 0.06
5.902021507623231 -1.6691740842562863 0.06
-3.2248846117475303 5.218248675649138 0.06
-1.1470991731577593 -6.026953084846504 0.06
4.917636659105557 3.6697206554479234 0.06
-6.10578361107484 0.6159598158401957 0.06
4.086682401799898 -4.57919501078727 0.06
0.0798199601718084 6.137884714945221 0.06
-4.205496249839934 -4.472560932238068 0.06
6.122985672650016 0.4572159801698227 0.06
-4.8243837443514375 3.799384356344802 0.06
0.9910345480632234 -6.061175671810307 0.06
3.3639531277069428 5.1394376496452105 0.06
-5.952903319168752 -1.517544751442165 0.06
5.415289696892439 -2.902522609512387 0.06
-2.032709416215575 5.798973394423236 0.06
-2.4186137806784744 -5.649805959492076 0.06
5.600540873570742 2.5325761436654712 0.06
-5.8411680419681735 1.9159216856358445 0.06
3.0133076345844416 -5.3591022661780885 0.06
1.3982872188739184 5.987887177755928 0.06
-5.076484331424888 -3.471211147826881 0.06
6.088815809142469 -0.8696677769911578 0.06
-3.902766866788421 4.754830258116319 0.06
-0.3341070028338011 -6.143156559184979 0.06
4.396583413046776 4.304654956221459 0.06
-6.1504685255841824 -0.20429614729195353 0.06
4.673781101095985 -4.004468781129153 0.06
-0.7414187763501813 6.1106708468117805 0.06
-3.5814722380545327 -5.007300331320726 0.06
6.024043511763845 1.273145619470108 0.06
-5.302638948621049 3.1308178133783295 0.06
1.7954005748591533 -5.891225405278211 0.06
2.655943116912707 5.557514386821146 0.06
-5.713209603004513 -2.3041779514909457 0.06
5.769952852061073 -2.160473116007762 0.06
-2.7955731936631776 5.491335950283124 0.06
-1.6481924634604423 -5.938304606821058 0.06
5.227280980370063 3.2658128470966306 0.06
-6.061256779245427 1.123016587611848 0.06
3.711283536254491 -4.923045247966583 0.06
0.5889617651478151 6.137843598463061 0.06
-4.580938173589805 -4.128559730674573 0.06
6.167453976021385 -0.050114405693539754 0.06
-4.514430086635164 4.203560513764876 0.06
0.4894002172323077 -6.149836374032481 0.06
3.7937845898934395 4.865922161881247 0.06
-6.0851009212578555 -1.0254495492742692 0.06
5.180325312929004 -3.354732426323599 0.06
-1.5539254108539857 5.973718759491635 0.06
-2.889751963768728 -5.455211598819498 0.06
5.816518623807822 2.0707754824936386 0.06
-5.6884545298893165 2.4023915295766685 0.06
2.57203437888786 -5.614680681376186 0.06
1.8963727592404993 5.878245516989791 0.06
-5.369727674686857 -3.0538540730856956 0.06
6.023107893742372 -1.375562176107766 0.06
-3.512533437687386 5.083513435521543 0.06
-0.8439416460049205 -6.121908403279039 0.06
4.7582088564276255 3.9445466759329535 0.06
-6.17386606000929 0.3055779328835276 0.06
4.346570424593589 -4.396285425680221 0.06
-0.23540841207703403 6.178558317239012 0.06
-4.000496450793029 -4.715509320019672 0.06
6.135924491913667 0.7748745895524033 0.06
-5.04851983095136 3.5738561130088677 0.06
1.3086872782843602 -6.046266418845326 0.06
3.1196165123487747 5.343032174325818 0.06
-5.910246327960433 -1.8327543050911719 0.06
5.59677014541377 -2.6412428777765093 0.06
-2.343056016364134 5.728881959351217 0.06
-2.142387131728807 -5.807768709048494 0.06
5.503538952174014 2.8356761101901884 0.06
-5.974389216196465 1.6268600103866961 0.06
3.30683169294465 -5.23592056419278 0.06
1.0986019528501128 6.095332127882279 0.06
-4.928054799459012 -3.752902329335125 0.06
6.1696471478216415 -0.5616529812760684 0.06
-4.170457863129915 4.582279041247693 0.06
-0.020121802557215705 -6.196740684671407 0.06
4.201222306860602 4.556284794472013 0.06
-6.176380585412008 -0.5218456324868869 0.06
4.907411011231267 -3.7877852588083862 0.06
-1.0600978714512244 6.1086981021281925 0.06
-3.3451181245756407 -5.221128683784336 0.06
5.9941870756962095 1.5905097615407846 0.06
-5.495015147112749 2.8765966927954034 0.06
2.1090140656494456 -5.833700341197927 0.06
2.385796569010244 5.726951608953838 0.06
-5.628443381111135 -2.611632651355518 0.06
5.915139539748536 -1.8764658870609652 0.06
-3.094507013309069 5.379965273547867 0.06
-1.3524966846805264 -6.058114617430755 0.06
5.090147003378249 3.5539278951604287 0.06
-6.1547581191030005 0.8178951615798372 0.06
3.98636378328414 -4.761187224560757 0.06
0.27675104764792496 6.2043056708729125 0.06
-4.395585581272497 -4.3884880537275395 0.06
6.206353287536924 0.2667936848570996 0.06
-4.757204563397959 3.996123714549593 0.06
0.8085765254037299 -6.160860654370137 0.06
3.5658440985365574 5.089671488901028 0.06
-6.0681516244813976 -1.344446303243004 0.06
5.383323229217622 -3.1080268676068386 0.06
-1.8702949949243817 5.928911926480339 0.06
-2.6261648105874573 -5.635890203653027 0.06
5.744184098543514 2.3820892179009254 0.06
-5.845416392069646 2.1239367230036508 0.06
2.87590116842176 -5.515359686318777 0.06
1.6051793203515348 6.010274482044542 0.06
-5.244168762935075 -3.3479387667423075 0.06
6.129178505499797 -1.0738579271576283 0.06
-3.7945747779497876 4.9326668501478315 0.06
-0.53403616542459 -6.2011938668306925 0.06
4.583219339327908 4.212374685092799 0.06
-6.225744684246733 -0.010155125481410714 0.06
4.598123100111843 -4.198483530540267 0.06
-0.5545495001312153 6.20261838677056 0.06
-3.781388425882722 -4.94884850976469 0.06
6.131967530212586 1.0949768072514345 0.06
-5.261846165823734 3.335112430969318 0.06
1.6272951349684623 -6.014308816789173 0.06
2.8630591340634215 5.5346989434707305 0.06
-5.850519324470217 -2.14742255599604 0.06
5.765296006806413 -2.368831347711784 0.06
-2.65136842980656 5.641829973459418 0.06
-1.8562036105673918 -5.9518491375468 0.06
5.3898162785190245 3.1352640213882044 0.06
-6.092906600423169 1.329093359595094 0.06
3.595392201996063 -5.096386456483251 0.06
0.7915309925109084 6.187364437940818 0.06
-4.763766978851593 -4.028216003543401 0.06
6.23447510651866 -0.24762904958655463 0.06
-4.430405807595562 4.394485678668611 0.06
0.2984492498594531 -6.233853386570647 0.06
3.9913525400527146 4.798864959656059 0.06
-6.185479519783825 -0.8425218752856624 0.06
5.130753611979527 -3.5574383161425356 0.06
-1.3804200132320568 6.089699548177103 0.06
-3.09605113840676 -5.423510611068278 0.06
5.947222850871836 1.9080200109191419 0.06
-5.674873261402607 2.6107112952254496 0.06
2.421274990085754 -5.759116896051446 0.06
2.1051243723219812 5.882894812679892 0.06
-5.526799246823873 -2.9162458890338923 0.06
6.045959535611219 -1.5831529596825988 0.06
-3.389131694414644 5.252026880920749 0.06
-1.0487871413140122 -6.162795269373662 0.06
4.936882904558258 3.8362986310609872 0.06
-6.232483343428907 0.5061139929711881 0.06
4.254308085373505 -4.583760761070065 0.06
-0.04071367861821846 6.254465796242983 0.06
-4.195346053831904 -4.639943047990684 0.06
6.228549834295004 0.5875091162728399 0.06
-4.990232872104884 3.774596121727971 0.06
1.1300836690450868 -6.15490949575683 0.06
3.3247175222565697 5.302476157155272 0.06
-6.0340845046825535 -1.6642788799807293 0.06
5.574261581365846 -2.849141593973304 0.06
-2.1859983587695524 5.866976323069391 0.06
-2.3514982842380547 -5.803486522705596 0.06
5.654841429556517 2.69123919534686 0.06
-5.988373324274926 1.8355884421929873 0.06
3.1761226731883423 -5.399281874921789 0.06
1.3053547881480811 6.127483078480012 0.06
-5.102233185234116 -3.6369240469792223 0.06
6.219726822974205 -0.7648517814421337 0.06
-4.0701011557103985 4.765949704128746 0.06
-0.21821461673041143 -6.264374061392344 0.06
4.392987485029334 4.472321651712414 0.06
-6.261058542144244 -0.3303724138644053 0.06
4.840488636007733 -3.9861848633348638 0.06
-0.8767079510286949 6.20978124965792 0.06
-3.5486408560113207 -5.171764503053792 0.06
6.110910583708781 1.4166057454055494 0.06
-5.46359281101837 3.083691553218057 0.06
1.9459267355297343 -5.96517972402765 0.06
2.594884681550886 5.71371800926967 0.06
-5.773681198982371 -2.46061078037903 0.06
5.920202870635356 -2.0859525331418456 0.06
-2.9567078036083605 5.5378586984575024 0.06
-1.5607834668778462 -6.08144349390182 0.06
5.2594961923542325 3.4304081102124484 0.06
-6.196181760216858 1.0233921996751483 0.06
3.8780716432698017 -4.940704436582568 0.06
0.4778891144682773 6.2635151468063635 0.06
-4.583904968759248 -4.29625595575779 0.06
6.282903821373265 0.0715511800967409 0.06
-4.681742682797772 4.1918117147683915 0.06
0.6207217981241037 -6.25417496152239 0.06
3.767410346103582 5.031562310462993 0.06
-6.177524264669467 -1.1654157882146445 0.06
5.343017050799574 -3.313935544766227 0.06
-1.7014583622079 6.053514635455407 0.06
-2.8348463491013502 -5.613701646595297 0.06
5.883072059313494 2.224738893651319 0.06
-5.8415219456864875 2.3337997682027383 0.06
2.7312424410886 -5.667478692328397 0.06
1.8146228664601156 6.024711101166601 0.06
-5.408363219003186 -3.2170805540634984 0.06
6.161843272359104 -1.281283531027714 0.06
-3.6785211258068027 5.107688550312465 0.06
-0.7378601458395007 -6.251844720175135 0.06
4.767736955090512 4.112017063080387 0.06
-6.294002210654971 0.18851040361303967 0.06
4.514233553252435 -4.391092737199923 0.06
-0.3625605053000032 6.287968660863109 0.06
-3.980622590157224 -4.882073718690655 0.06
6.233765982549208 0.9111320841745789 0.06
-5.212702461399187 3.539453778328355 0.06
1.4530008544862285 -6.131785100349024 0.06
3.070950311008197 5.5035683140412335 0.06
-5.982783142957014 -1.9840125665805148 0.06
5.752423129177505 -2.57868729063911 0.06
-2.5000940492430774 5.787877827402661 0.06
-2.0664236310667174 -5.957339454569384 0.06
5.54853907797289 2.9972844543365857 0.06
-6.116725460455705 1.538073353716571 0.06
3.471765656475714 -5.2665779426982535 0.06
0.9976756812100277 6.229337303046137 0.06
-4.944132890828316 -3.919891574754288 0.06
6.2942888283558265 -0.4493641565980141 0.06
-4.338216191012871 4.583653595117522 0.06
0.10266497534160628 -6.311058540596664 0.06
4.187882321719621 4.723520049648173 0.06
-6.279493780437474 -0.6541848832303301 0.06
5.072835034884096 -3.759833069280135 0.06
-1.200970514483192 6.199812079679671 0.06
-3.3027686156799634 -5.383467235089246 0.06
6.072599680562977 1.7388309635000285 0.06
-5.653017717757819 2.8201756474936417 0.06
2.26364159430963 -5.898807229644936 0.06
2.315738161458083 5.879401055172775 0.06
-5.679742677774685 -2.7713756718035993 0.06
6.0608614574897235 -1.7933093411666452 0.06
-3.2581352586234735 5.417061439241256 0.06
-1.2568821233663203 -6.195986388619827 0.06
5.112753884001659 3.7201811409696095 0.06
-6.283717559188058 0.7105586790348044 0.06
4.153961553241452 -4.769130257624745 0.06
0.1585190421632173 6.323359211152856 0.06
-4.388803143022124 -4.556139481161559 0.06
6.314583629173749 0.39501087348437436 0.06
-4.923618333191792 3.974667597303918 0.06
0.9457916252689603 -6.2574338351732575 0.06
3.5298791145466977 5.253565783036034 0.06
-6.152323444016742 -1.4896027122028135 0.06
5.543435599387577 -3.057829582472265 0.06
-2.022274916763545 6.000033679991222 0.06
-2.5621214159638828 -5.790987294914334 0.06
5.801707575562157 2.5397222697894906 0.06
-5.994303442640875 2.046540064973997 0.06
3.037973393735556 -5.558841395376816 0.06
1.5150251063246176 6.151804526088754 0.06
-5.273273349934866 -3.5132019834997705 0.06
6.262261208012573 -0.9716401404948801 0.06
-3.961756191210275 4.947169683910898 0.06
-0.4205417230881256 -6.324803922584642 0.06
4.583008244562982 4.380186688974311 0.06
-6.338929716104193 -0.1340524311276047 0.06
4.765273194248134 -4.183559654669716 0.06
-0.6878957287297022 6.30450628252486 0.06
-3.7518662332582937 -5.11404925355009 0.06
6.2217731614473015 1.2367452152703278 0.06
-5.423825094051703 3.291218824255696 0.06
1.7763940813832633 -6.091340087995951 0.06
2.8051317098083324 5.6922083667613395 0.06
-5.91418250582993 -2.3027039079602067 0.06
5.917122621563421 -2.297315799227967 0.06
-2.811636403590768 5.691634276198988 0.06
-1.77165029841769 -6.096823371241497 0.06
5.42537763759675 3.2992843905103304 0.06
-6.2299116203940486 1.2321530757496004 0.06
3.7619018016390218 -5.117430491450283 0.06
0.6829499511166374 6.315344754189575 0.06
-4.770131110074458 -4.195932458071724 0.06
6.352444702347756 -0.12824314256104585 0.06
-4.598037406264596 4.38612038259229 0.06
0.4277208878444579 -6.340903314363148 0.06
3.968321733823092 4.96512060446343 0.06
-6.280784903464147 -0.9806839431829608 0.06
5.294352761052235 -3.519918868601744 0.06
-1.5264087066968295 6.1725259383918445 0.06
-3.0443315112122042 -5.58319314101173 0.06
6.016931883939697 2.0607112131567322 0.06
-5.829409172659488 2.5451893245323505 0.06
2.5794929273902856 -5.815171213089387 0.06
2.026304208097296 6.031093703155937 0.06
-5.568766635146149 -3.078772184375297 0.06
6.186679769605325 -1.4916411861960022 0.06
-3.55471474936066 5.279583605804325 0.06
-0.9452881086666483 -6.2949527711980044 0.06
4.949816205693163 4.003663263794465 0.06
-6.355059947989222 0.3914243955903089 0.06
4.422165350588915 -4.5819704944544135 0.06
-0.1657109347826907 6.366517092264298 0.06
-4.178845466442023 -4.807000163053561 0.06
6.329212439778056 0.7218517106433466 0.06
-5.155203173036847 3.743511752981527 0.06
1.2727372750743209 -6.243407709627523 0.06
3.279288233001001 5.464089007776243 0.06
-6.10973628339232 -1.8141451285383465 0.06
5.731272159284647 -2.7897167304600483 0.06
-2.34192329494456 5.929198536108909 0.06
-2.2785349911947166 -5.954685406795333 0.06
5.703154353388943 2.8520221635570717 0.06
-6.132595809798782 1.7496481456676996 0.06
3.340525562183899 -5.433312890713728 0.06
1.207098875184757 6.263618148125546 0.06
-5.121719651884068 -3.8036808235582202 0.06
6.346725704706104 -0.655036509839572 0.06
-4.2379276137366535 4.770740984451823 0.06
-0.09768529405918054 -6.381258307209055 0.06
4.3830461094682045 4.639925301368077 0.06
-6.366927565516925 -0.46068793717735995 0.06
5.006578657130337 -3.961586822217455 0.06
-1.0158064244623508 6.303819263591004 0.06
-3.509575018076485 -5.33506168591268 0.06
6.192392885982181 1.5634162419641398 0.06
-5.62283940798051 3.0304582148680725 0.06
2.09931889676154 -6.03347828119899 0.06
2.5278932579738607 5.867687421488155 0.06
-5.828269486134019 -2.6194035193148655 0.06
6.067709095164241 -2.0057184090647295 0.06
-3.1196783986173817 5.578315757394887 0.06
-1.4679240311730206 -6.2213502584812534 0.06
5.285509876987766 3.596301619756716 0.06
-6.327411275379099 0.9186220943377378 0.06
4.04561056906983 -4.95207382047466 0.06
0.36201473452297095 6.385056407894003 0.06
-4.580541896278046 -4.464150079963881 0.06
6.393820396530012 0.19763789342332688 0.06
-4.848699003422071 4.173741483874369 0.06
0.7560502231942136 -6.353612205667575 0.06
3.734771517491006 5.196294998567532 0.06
-6.264715903892256 -1.3089440948793207 0.06
5.504257352766267 -3.266978878798957 0.06
-1.852081532289104 6.12778867110752 0.06
-2.7739328787082544 -5.7702076552253585 0.06
5.943855946300313 2.381297228325436 0.06
-5.992088164883239 2.2593980225418955 0.06
2.8925304895010284 -5.7143037517537465 0.06
1.7273052667099615 6.168177730545386 0.06
-5.440868251071558 -3.3818563947160025 0.06
6.2971051402795135 -1.1817219860294306 0.06
-3.845515928928503 5.1256226197757835 0.06
-0.6268208814857529 -6.377859796399842 0.06
4.770961327603065 4.27994486068641 0.06
-6.409799633069875 0.06684806577083686 0.06
4.681801141351001 -4.379581951835639 0.06
-0.4939094289415834 6.392656214438768 0.06
-3.954464659586691 -5.047990615688575 0.06
6.3265369729334955 1.05115647270304 0.06
-5.375690845749844 3.498849515329478 0.06
1.6006227373190616 -6.211924569147411 0.06
3.0162117862036175 5.662372864865612 0.06
-6.049673376817021 -2.138095422059396 0.06
5.90582069385122 -2.5102354335955583 0.06
-2.6594515543816666 5.84100311846321 0.06
-1.9847849928952987 -6.104148469031338 0.06
5.5874896989941565 3.1606896183640374 0.06
-6.2558150495167295 1.4438760563981936 0.06
3.637960267856593 -5.291053306242225 0.06
0.8916445844738691 6.359635990760668 0.06
-4.953943868132984 -4.087595888953264 0.06
6.414792791256047 -0.3323152798916497 0.06
-4.506138784414013 4.578723976786525 0.06
0.22983073322066133 -6.420839340309588 0.06
4.168249408947018 4.890367763758962 0.06
-6.377705516071559 -0.7904886781418187 0.06
5.237322934255776 -3.7256473910340038 0.06
-1.3453630915864676 6.285697904910552 0.06
-3.2542927739886776 -5.544328502277357 0.06
6.145497635224931 1.8902007341668208 0.06
-5.809013409129925 2.7577822997018333 0.06
2.420823193498596 -5.958155340860061 0.06
2.239907154955152 6.029329642437932 0.06
-5.725083291389977 -2.933158929660532 0.06
6.203568081474185 -1.7046240226263096 0.06
-3.423274517593011 5.448044748090671 0.06
-1.15602485088329 -6.330371754023635 0.06
5.129140625933537 3.8874048463464854 0.06
-6.408746401823254 0.5983055716918507 0.06
4.321982043653469 -4.770793562326607 0.06
0.03573400742611996 6.438068272448908 0.06
-4.375729513585954 -4.723662903291559 0.06
6.418089076533062 0.5273827885767527 0.06
-5.08935460469644 3.9469570187240635 0.06
1.086731507951682 -6.34893807101826 0.06
3.4877442885291594 5.416238526674415 0.06
-6.231121251081884 -1.6380256268800353 0.06
5.701791972120365 -3.001594294148323 0.06
-2.1770382565859534 6.065517655514754 0.06
-2.492218045342462 -5.943807636058674 0.06
5.853372812514118 2.6996345526238508 0.06
-6.140410666988174 1.9635062619553458 0.06
3.2018034348173923 -5.596289374647415 0.06
1.4194996551716876 6.290073189476214 0.06
-5.296215013490268 -3.679688374153481 0.06
6.391626175679746 -0.8643580452367532 0.06
-4.129617010665437 4.955427665219489 0.06
-0.3023285520187382 -6.444268573440608 0.06
4.576518239092355 4.548129374507175 0.06
-6.447573619802443 -0.2622868986961158 0.06
4.932004493657494 -4.162370919865539 0.06
-0.8251645042011542 6.40149229016223 0.06
-3.7161412141280312 -5.278285183339286 0.06
6.306353855289917 1.3819916974678286 0.06
-5.584300826642021 3.2412319074026845 0.06
1.9285001893825604 -6.162863540559002 0.06
2.7412671154819415 5.847687970606616 0.06
-5.9720973038987815 -2.4604986878201993 0.06
6.066408579163978 -2.220064627583099 0.06
-2.973905042368651 5.73549377115644 0.06
-1.681606752698911 -6.238765801765396 0.06
5.454843389194257 3.4647775685263995 0.06
-6.363417135882159 1.1300098914440124 0.06
3.9293453106522294 -5.132274878614291 0.06
0.5694930662429876 6.43938488114363 0.06
-4.770239088446717 -4.364037011650456 0.06
6.4660638038396465 -0.004345650098136984 0.06
-4.765508566510533 4.371490375434301 0.06
0.5611054588505267 -6.443225951652491 0.06
3.939065649169369 5.130668748957965 0.06
-6.371022580418198 -1.1225289661302496 0.06
5.456703013011008 -3.4762612427429262 0.06
-1.675622359075889 6.249983176758555 0.06
-2.9866077847980024 -5.741095186441694 0.06
6.081011582667331 2.21614488052243 0.06
-5.98164688869889 2.473843264824775 0.06
2.7399500449684404 -5.8653792504046525 0.06
1.941884496876947 6.176494523658948 0.06
-5.604715677923018 -3.243017448248458 0.06
6.324123715677075 -1.3947971998863413 0.06
-3.7214836263252753 5.300996096866407 0.06
-0.8367649227932208 -6.423381077281874 0.06
4.956526506011556 4.171671726682827 0.06
-6.473483216959929 0.27205705235876243 0.06
4.590119764108131 -4.573926163717985 0.06
-0.295003852045039 6.474022916802086 0.06
-4.1561076721007515 -4.973607244033779 0.06
6.424972431271227 0.8600751463707788 0.06
-5.319179948404376 3.7062548045827652 0.06
1.4188273596421235 -6.3266838804804335 0.06
3.2277982453631506 5.624172693581747 0.06
-6.179886733586251 -1.966977366429177 0.06
5.8862298847223515 -2.7243894259451045 0.06
-2.5003212202491243 5.985682400158894 0.06
-2.1998726579600874 -6.10332370833791 0.06
5.745535969655635 3.0147663958246067 0.06
-6.273769822342148 1.6582557752858815 0.06
3.5063631932710186 -5.461265160828054 0.06
1.1036795093293046 6.396240422364268 0.06
-5.135026564525549 -3.971335062874566 0.06
6.469774582839176 -0.5403858318351495 0.06
-4.406107617968281 4.769299283844733 0.06
0.02731449309972628 -6.493785792468574 0.06
4.36686609591097 4.8073361126910275 0.06
-6.46806662491232 -0.5950748992314683 0.06
5.171931173699397 -3.930792278220306 0.06
-1.1585462984835029 6.392790507616386 0.06
-3.4644022608881664 -5.49708258758707 0.06
6.26851057383574 1.713410396171776 0.06
-5.780280961118001 2.971254282375842 0.06
2.2554127863032654 -6.096155605246616 0.06
2.455113242200126 6.019337087086384 0.06
-5.8770230949044775 -2.78039557292832 0.06
6.212398866568353 -1.9199219574400017 0.06
-3.2843292677754334 5.612769482246146 0.06
-1.3697710428149972 -6.357965656581161 0.06
5.3053976337223565 3.7633437191005057 0.06
-6.454899932170948 0.8088676440923441 0.06
4.21375783469188 -4.9572416635234555 0.06
0.2415032641677921 6.502436172189336 0.06
-4.570949209604581 -4.632107870420901 0.06
6.50018689946762 0.3279790724871517 0.06
-5.015174067256637 4.149461299387733 0.06
0.8952180654005486 -6.448145827707413 0.06
3.6959899584817593 5.360005431601912 0.06
-6.346688089643502 -1.455867539571277 0.06
5.6639424685070505 -3.213993732638921 0.06
-2.0056297466453414 6.196567543355865 0.06
-2.7071513097683853 -5.924637692384177 0.06
5.998911175953397 2.5402883110035805 0.06
-6.140073757267887 2.179333442892627 0.06
3.0557405678237255 -5.755210646201957 0.06
1.634573388662404 6.308579066404472 0.06
-5.467311029440151 -3.54802904545074 0.06
6.4288407405680275 -1.0770360868665154 0.06
-4.013371850133702 5.1373968498213545 0.06
-0.510986316807523 -6.499914844368002 0.06
4.767975505449864 4.448191720174627 0.06
-6.521233791023853 -0.05924392634405854 0.06
4.849143525955173 -4.361858212354804 0.06
-0.6292885852867022 6.492610867472951 0.06
-3.9221386119041606 -5.213140004739035 0.06
6.414241843836324 1.1947809710483335 0.06
-5.537375531979832 3.4521692046930554 0.06
1.7513872138139182 -6.2867036535285425 0.06
2.955535790155746 5.819347746363717 0.06
-6.110950152726982 -2.2948394782393997 0.06
6.0568768616700615 -2.4360301070729458 0.06
-2.82096868830656 5.888304990368109 0.06
-1.8976208834196833 -6.248122516629256 0.06
5.6204516418520445 3.325736511150975 0.06
-6.391598032350574 1.3444235169217653 0.06
3.8052663541297793 -5.309420681593035 0.06
0.7806686176120067 6.486181967033902 0.06
-4.957574390477732 -4.255873137545261 0.06
6.531126878052471 -0.21066965320280795 0.06
-4.67409161402977 4.567588815081387 0.06
0.36121005564258074 -6.526065223065325 0.06
4.142433414685807 5.056703017272667 0.06
-6.471012353549656 -0.9305907372243416 0.06
5.400759834855162 -3.6853484511257886 0.06
-1.4931097125768744 6.366366576486828 0.06
-3.1998202933651227 -5.703608514806108 0.06
6.212906282361753 2.0444548238075306 0.06
-5.962909930706168 2.689554825298372 0.06
2.580397491231396 -6.011784160068183 0.06
2.1584491593111315 6.176657447735715 0.06
-5.764518541747278 -3.0968251455081925 0.06
6.3431924499427685 -1.610561871828912 0.06
-3.5897727863912197 5.472981942422707 0.06
-1.0500819878513132 -6.461217208761073 0.06
5.139386881052916 4.0554534255569 0.06
-6.529804992811321 0.48129695184611426 0.06
4.490287180112818 -4.766269090191455 0.06
-0.09144017045796964 6.548407340355869 0.06
-4.35646824185985 -4.8909287929458305 0.06
6.516858437292238 0.6637440081032542 0.06
-5.254293368650801 3.9131063359116904 0.06
1.2312304641440122 -6.435376565840085 0.06
3.4395639156106013 5.5775801267601235 0.06
-6.304562611446562 -1.789550300592338 0.06
5.858293989641168 -2.9394542913497026 0.06
-2.334422472156488 6.125395637956032 0.06
-2.416595969348514 -6.094264838430353 0.06
5.899225563631912 2.861666952912543 0.06
-6.283664288611739 1.8749834954008349 0.06
3.3672368045478036 -5.627762992708444 0.06
1.3187569366307392 6.425019855384753 0.06
-5.313066279125156 -3.847249239862576 0.06
6.517226399241445 -0.7521702340762988 0.06
-4.298015443211131 4.957525920246774 0.06
-0.17955866838254744 -6.559554762680825 0.06
4.563846398797513 4.7160689189390546 0.06
-6.551657530681749 -0.3946943129323406 0.06
5.098192149719319 -4.135025611110566 0.06
-0.9661906524261572 6.493571869407801 0.06
-3.674332037939591 -5.4414413600599145 0.06
6.38571942006729 1.5305513673756488 0.06
-5.743169194116789 3.1852798319375175 0.06
2.083450103738131 -6.228903247381001 0.06
2.671602011405629 6.001045133362472 0.06
-6.024301864629575 -2.620646302693407 0.06
6.213073496418237 -2.137221965099853 0.06
-3.1380177251278027 5.773460379770847 0.06
-1.5862234852878376 -6.37760888223175 0.06
5.4782788290173405 3.631592084959488 0.06
-6.4933689369373 1.0228195582886315 0.06
4.09757754819778 -5.140997786082531 0.06
0.45132015065993675 6.559444345492101 0.06
-4.76418135591446 -4.532391863901118 0.06
6.575305970151217 0.12390076228079994 0.06
-4.932689902905537 4.350697682185442 0.06
0.6984386737320281 -6.5408090798490255 0.06
3.90369711649489 5.295389392921872 0.06
-6.456194636698199 -1.2678922718706842 0.06
5.617694651727176 -3.4265882156973433 0.06
-1.8278971576207952 6.322087628399485 0.06
-2.923011749960803 -5.897118135970406 0.06
6.139492457996256 2.374159295036266 0.06
-6.131499639261388 2.396812920053936 0.06
2.9024879382894095 -5.9097854248766515 0.06
1.852011995560793 6.319022991594424 0.06
-5.634704353372261 -3.4088277824037547 0.06
6.45823013083721 -1.2927735985648845 0.06
-3.8892900914291633 5.316335446970115 0.06
-0.723374867145044 -6.548032437425985 0.06
4.957097467719453 4.3401825647695285 0.06
-6.5877192440481975 0.14817274242263875 0.06
4.75803771261176 -4.559723360617863 0.06
-0.4284293710021825 6.576963453909614 0.06
-4.127239462784075 -5.13963952207135 0.06
6.51582422315461 1.002015315727074 0.06
-5.482048209277339 3.662942455343669 0.06
1.5681900056331781 -6.404746685563154 0.06
3.1703742338206133 5.782622866617393 0.06
-6.24455872028032 -2.1226131039289773 0.06
6.039041830927179 -2.6532948883061818 0.06
-2.6610322974593905 6.036464785938704 0.06
-2.1156539998387567 -6.249320615312217 0.06
5.782036867135135 3.179315911810294 0.06
-6.41182726630576 1.5615604717903213 0.06
3.673484617410109 -5.4832026011858535 0.06
0.9952511270463908 6.52529502736182 0.06
-5.142230674962509 -4.139741982959159 0.06
6.588832210570291 -0.4210583106309839 0.06
-4.57450364193248 4.76171360225985 0.06
0.15662325412159792 -6.601929199580102 0.06
4.34454801263136 4.974424847752843 0.06
-6.564462528839212 -0.7333701026534251 0.06
5.336426206104708 -3.8939126013303005 0.06
-1.3047639016856685 6.476696006518909 0.06
-3.4132439084582837 -5.657717386134839 0.06
6.339278871172055 1.866425298133192 0.06
-5.935818628227597 2.9062101116034684 0.06
2.4140474847274183 -6.153240994913268 0.06
2.376683032127523 6.168579882338975 0.06
-5.919985168457183 -2.9434292254523458 0.06
6.354197429398916 -1.828708568422051 0.06
-3.450507087172421 5.641276525873634 0.06
-1.2664757822564274 -6.4912278571128565 0.06
5.3192291886428205 3.931386630527485 0.06
-6.578599282037804 0.694284874076688 0.06
4.382372320320529 -4.95629023021135 0.06
0.11651429244615787 6.615619730581238 0.06
-4.555221082484833 -4.7999959260072 0.06
6.601982613507855 0.4624127711687893 0.06
-5.1810431937080255 4.119076525743575 0.06
1.0380622454921622 -6.537769250630048 0.06
3.651181421592734 5.522578584919916 0.06
-6.423448425017052 -1.6060231415350015 0.06
5.8219678912495745 -3.155105366427402 0.06
-2.1619413531796607 6.259872968791916 0.06
-2.6346354583515 -6.076898551201673 0.06
6.0482734052742355 2.7015530376160335 0.06
-6.285397512105036 2.0937473856279367 0.06
3.2207173193408853 -5.790248694909197 0.06
1.5365750570542296 6.445846499416411 0.06
-5.487754154447873 -3.7154480672376673 0.06
6.556994575077013 -0.9673790066001234 0.06
-4.18194450051928 5.143086640780665 0.06
-0.39051381343914193 -6.6179678876157455 0.06
4.75886711151149 4.616620388874777 0.06
-6.6282765379213915 -0.18960521311615186 0.06
5.0161316221562355 -4.338020694879667 0.06
-0.7685358292636696 6.587818506845647 0.06
-3.883754420349408 -5.377401937963764 0.06
6.496880613172402 1.341842873880766 0.06
-5.697646608909672 3.3995327796595984 0.06
1.9051322470957441 -6.356136493269785 0.06
2.88905130429234 5.974393907432512 0.06
-6.166641616576555 -2.4540845895580072 0.06
6.2055041824750194 -2.3562083611779863 0.06
-2.984488404637274 5.929825373700785 0.06
-1.8050753815761083 -6.38918640100818 0.06
5.64748029650711 3.4922723691837048 0.06
-6.524012026346884 1.2398657508299993 0.06
3.9735365853148212 -5.321748491347992 0.06
0.664902596365725 6.6089261258805205 0.06
-4.955105388264542 -4.4245825329845205 0.06
6.6432556217471825 -0.08458572057068092 0.06
-4.841941493617691 4.5503409292473105 0.06
0.4966420688873444 -6.626714620036938 0.06
4.1105383387255054 5.222401226051841 0.06
-6.559406776319156 -1.0743289732564902 0.06
5.563030689930814 -3.639050637582265 0.06
-1.6440483013744196 6.44182467805108 0.06
-3.13947507986396 -5.861202625990095 0.06
6.274846247260194 2.2014323912499925 0.06
-6.1146138195300415 2.615625706788384 0.06
2.7422060949864204 -6.05972818966489 0.06
2.0715042277705447 6.32130289057001 0.06
-5.798096539161017 -3.262219569950655 0.06
6.479665473473321 -1.5112694504547377 0.06
-3.7574801250353294 5.49193436868691 0.06
-0.9392054936340413 -6.588466668408336 0.06
5.143566760473906 4.2241828772613506 0.06
-6.6468506681598845 0.35968902566313593 0.06
4.658739983671553 -4.755643149411022 0.06
-0.22284422072530108 6.654347485162564 0.06
-4.331117173804693 -5.05780822360576 0.06
6.610876725983027 0.8039334013809438 0.06
-5.418314719617181 3.8732241865375934 0.06
1.3791267211942981 -6.516748382965838 0.06
3.385456598110513 5.737480598861316 0.06
-6.372660635636807 -1.9440155408342539 0.06
6.0128424130256874 -2.871537239201233 0.06
-2.494268168072005 6.179694677388417 0.06
-2.3353909462147673 -6.242271151459066 0.06
5.939306605675557 3.025663075059532 0.06
-6.423988700969613 1.781114586379762 0.06
3.534121286460554 -5.653316436622525 0.06
1.2129457516597346 6.556581624866009 0.06
-5.3238943267754095 -4.015737690304063 0.06
6.6390121546267915 -0.6352303603557671 0.06
-4.466811030859262 4.9535441064548955 0.06
-0.05238941447285157 -6.670626308619844 0.06
4.545084249458452 4.883872353504411 0.06
-6.651159074470623 -0.5311148332395549 0.06
5.263711682666054 -4.101626423964634 0.06
-1.1108130432694094 6.580736614004739 0.06
-3.626551787624623 -5.603402727957063 0.06
6.459875472555267 1.682263023156267 0.06
-5.900325428084672 3.1234852076962705 0.06
2.2410837685260283 -6.289478797360651 0.06
2.5962676024900806 6.152186159103153 0.06
-6.0708295926331255 -2.782989050860591 0.06
6.357035450928353 -2.048926615484353 0.06
-3.303820294113386 5.8055810617202255 0.06
-1.4856458456886767 -6.513283075468774 0.06
5.4957441089262415 3.79957848835927 0.06
-6.619710389442371 0.9107328696762562 0.06
4.266454895206276 -5.143672095611307 0.06
0.3285862993585448 6.675479836227045 0.06
-4.752042965942184 -4.7008603095432875 0.06
6.680141532578387 0.2563378721946634 0.06
-5.099452652482552 4.323838878252597 0.06
0.8395603797704917 -6.6336368885189705 0.06
3.862323496703037 5.459162683673717 0.06
-6.536299231304306 -1.4166129883813532 0.06
5.777217634885507 -3.3710171164157434 0.06
-1.983072726675849 6.388851427347049 0.06
-2.853669811393454 -6.05116258313571 0.06
6.192400519006495 2.5345957887221564 0.06
-6.278879398387573 2.3142328103507928 0.06
3.0669508446821196 -5.948429415930194 0.06
1.7568283186250462 6.458603119783494 0.06
-5.658785703380587 -3.576051504552959 0.06
6.588935633632958 -1.1857180170014483 0.06
-4.057987686264436 5.325667651865465 0.06
-0.6052704778293103 -6.66885654731516 0.06
4.9516075341617425 4.509055646987813 0.06
-6.697731174424842 0.019927747931428815 0.06
4.925786447332479 -4.539452376143589 0.06
-0.565828646441256 6.675315568785228 0.06
-4.092342287954376 -5.304972629356381 0.06
6.601758567395994 1.1475120120563427 0.06
-5.64369290351681 3.6136865401960363 0.06
1.7206648562159923 -6.477600825350633 0.06
3.1071375676782447 5.939334654279259 0.06
-6.303770848792136 -2.2808930456990906 0.06
6.1896140912519115 -2.576563098659876 0.06
-2.823899495736694 6.081578054911247 0.06
-2.026016622575676 -6.39259389020193 0.06
5.812702910912517 3.345517130350576 0.06
-6.546698187887035 1.4597064214137827 0.06
3.8417408615987303 -5.49918422607596 0.06
0.8819634016986352 6.650724814489333 0.06
-5.143403693148068 -4.308758341948504 0.06
6.703854668846481 -0.2972079726138712 0.06
-4.74297925398922 4.748067796085884 0.06
0.29008377604640023 -6.705658163288275 0.06
4.3161872217918305 5.141062912126335 0.06
-6.656098687472301 -0.8754143376878817 0.06
5.49994396435817 -3.851053932226884 0.06
-1.4542992318118082 6.5555330633253295 0.06
-3.356216071699773 -5.816855996160139 0.06
6.404708986269993 2.0223013626045936 0.06
-6.089352854831996 2.8354509005358244 0.06
2.5750650295855517 -6.204759471035567 0.06
2.2927359614788183 6.315327529981467 0.06
-5.957194343206465 -3.1083493299931546 0.06
6.4930284442744055 -1.7322186991957704 0.06
-3.618060696378716 5.663888840480502 0.06
-1.1581847646009673 -6.621073028674899 0.06
5.327069409546362 4.100284320126517 0.06
-6.698458476827868 0.5750252465873805 0.06
4.551314219328263 -4.9492968063089915 0.06
-0.012796918650267884 6.72456959506503 0.06
-4.5334466275396235 -4.967681720405367 0.06
6.699183686528505 0.6007811033565824 0.06
-5.346182134269536 4.082687422178833 0.06
1.1844234479973426 -6.622472430734166 0.06
3.6004565486557385 5.683899422160988 0.06
-6.495000742831138 -1.7592513608415883 0.06
5.978228661043322 -3.0904339624525505 0.06
-2.3208577934572623 6.317722619943733 0.06
-2.5565141335083714 -6.226896135730221 0.06
6.091974005136416 2.8649350290612503 0.06
-6.4279769025535 2.002776308088035 0.06
3.387307725044268 -5.819462722267016 0.06
1.4334533418639255 6.5799096890990185 0.06
-5.502255557659521 -3.883964955841506 0.06
6.681509014528982 -0.8528993426940635 0.06
-4.351091010594853 5.142762586151598 0.06
-0.26555637008559874 -6.731974436545862 0.06
4.743718860556035 4.785094708781108 0.06
-6.730896852793449 -0.32407955359025614 0.06
5.182637008901085 -4.308163603435787 0.06
-0.9114928604396735 6.678261807189616 0.06
-3.8394170597359714 -5.5406566976675595 0.06
6.574449774510267 1.4921830190837555 0.06
-5.856393962334669 3.3410551863041773 0.06
2.061699016930394 -6.420233419712111 0.06
2.816882371531179 6.127411664394429 0.06
-6.216771851694013 -2.6156734780902986 0.06
6.351614150892572 -2.2709023929225234 0.06
-3.149856155792152 5.965601914125537 0.06
-1.707287834640933 -6.527263457965144 0.06
5.668626578860875 3.6601465420706925 0.06
-6.652992781496609 1.130348198279634 0.06
4.142625344891406 -5.328100529444182 0.06
0.5444969509469534 6.727817110356782 0.06
-4.946613044078926 -4.593584590725223 0.06
6.751140939626973 0.045782237741645374 0.06
-5.009556121698672 4.527068307807092 0.06
0.6359698110909899 -6.722763003362599 0.06
4.072663303817734 5.387338267988787 0.06
-6.6428779893762515 -1.2215449309217188 0.06
5.724020490629651 -3.5868634519384606 0.06
-1.7980201079686295 6.512075221566508 0.06
-3.073376180225432 -6.017005804785545 0.06
6.331334318537332 2.360975592188834 0.06
-6.264030810988134 2.53612263090556 0.06
2.906093259034575 -6.102017860494495 0.06
1.979207716926622 6.463183179614988 0.06
-5.825861119197774 -3.4291897322574103 0.06
6.612916453743019 -1.4068887574413433 0.06
-3.926248488794702 5.504958928478696 0.06
-0.8235429322320621 -6.712062055640622 0.06
5.141749794500946 4.393450699706267 0.06
-6.75983840382712 0.23363380351312324 0.06
4.827204570000712 -4.738997366465216 0.06
-0.35832283845306534 6.755857069494806 0.06
-4.299769408338817 -5.224172952258918 0.06
6.700125923901037 0.9477935449607552 0.06
-5.581299021453147 3.827414431849019 0.06
1.5302619286516894 -6.593049251273587 0.06
3.325536168459172 5.895829813713239 0.06
-6.4354248250350405 -2.101263267970656 0.06
6.165337447522793 -2.7979660752362845 0.06
-2.656418730752858 6.228437968456086 0.06
-2.248734084063419 -6.387737863999387 0.06
5.973652643849342 3.1914689549848 0.06
-6.561306941406287 1.6820378178428868 0.06
3.7023067288303673 -5.672999637375046 0.06
1.1022105084979477 6.684693859479033 0.06
-5.328761928566999 -4.185008519543885 0.06
6.7569316098422245 -0.5136878623395453 0.06
-4.635864608883055 4.943557355599869 0.06
0.07902587420102873 -6.777444570869375 0.06
4.520318707716131 5.0514076038933515 0.06
-6.746053087598065 -0.6713923884798082 0.06
5.428439103626691 -4.062271396425482 0.06
-1.2588740517180723 6.6629750203577185 0.06
-3.57290887522142 -5.764054317003269 0.06
6.52882424891459 1.8369686787707766 0.06
-6.05566444206227 3.055965995416616 0.06
2.4012440316972348 -6.344606142247005 0.06
2.515390501008781 6.301016634435653 0.06
-6.111710027391624 -2.9473718023148487 0.06
6.498211410804414 -1.9553128804596225 0.06
-3.4711608135614584 5.831898713660531 0.06
-1.3800148052868482 -6.645717353092073 0.06
5.507295151323638 3.968589184610465 0.06
-6.74238299941797 0.7938963969936783 0.06
4.435835213242386 -5.140366325560745 0.06
0.20144257221440107 6.7874458296254305 0.06
-4.733904508051477 -4.8693067379915504 0.06
6.780538275192339 0.392811276125955 0.06
-5.265668754802369 4.291006008466787 0.06
0.9843139994076698 -6.721690706256134 0.06
3.8150475877980274 5.621869075568771 0.06
-6.611331371531049 -1.5685335494688624 0.06
5.935161831431774 -3.3096607129304707 0.06
-2.1409917037441892 6.450283290251566 0.06
-2.778703849045401 -6.203128639589887 0.06
6.239758118671024 2.697298392925603 0.06
-6.423697270692726 2.226233000944608 0.06
3.2331853683858798 -5.981347036718022 0.06
1.6564707285456417 6.595157672525463 0.06
-5.6770087234419595 -3.744538950787386 0.06
6.716175226263909 -1.0737738728982635 0.06
-4.22743160896947 5.329054511964182 0.06
-0.4826002397686815 -6.785801132406934 0.06
4.940130836608824 4.6781521263407635 0.06
-6.803479845694206 -0.1125255048099726 0.06
5.093234123408444 -4.513199105307434 0.06
-0.7070464657148995 6.7690535006986075 0.06
-4.051513150585397 -5.469482716915157 0.06
6.682763292935166 1.296408411959106 0.06
-5.803999110849202 3.5585944305668873 0.06
1.8760946643811764 -6.545247803580892 0.06
3.0382051692853707 6.094202929779058 0.06
-6.357538279296131 -2.4416607109269686 0.06
6.337852122697583 -2.4943196408675727 0.06
-2.9887682838419107 6.12105090205111 0.06
-1.9310938170973406 -6.533060283631893 0.06
5.83757610678579 3.5132186378709287 0.06
-6.678311255408603 1.3528336098289315 0.06
4.010984773816631 -5.509265027588631 0.06
0.763961951286512 6.772470903369501 0.06
-5.138613174830744 -4.478242360508854 0.06
6.8147959677520475 -0.16898496356311415 0.06
-4.911399117397591 4.728441467294076 0.06
0.4275425235285171 -6.804939925566931 0.06
4.281874763243231 5.307122432345115 0.06
-6.742955815840823 -1.0210518427672708 0.06
5.662365001980447 -3.8023180540753017 0.06
-1.606995480643217 6.629296005247637 0.06
-3.293430501642503 -5.974388297629375 0.06
6.464808894600298 2.1808819216768414 0.06
-6.240783675860953 2.759097517505941 0.06
2.7383100785542074 -6.250732590160009 0.06
2.2034010968523456 6.4594909711516655 0.06
-5.9886855868645315 -3.2750030445300378 0.06
6.628814426949093 -1.6305886339207614 0.06
-3.786840908864939 5.680654533673648 0.06
-1.0450404568274174 -6.747435842125063 0.06
5.3289791733618985 4.269892383875165 0.06
-6.81442483076958 0.4512363303092794 0.06
4.72044500044856 -4.9363345710901925 0.06
-0.14627881782494473 6.829246115601322 0.06
-4.505710766529261 -5.135033640433361 0.06
6.791763797773083 0.7429296839263897 0.06
-5.510467186292986 4.040390004540189 0.06
1.3341456235406068 -6.702242569109794 0.06
3.5439217175413704 5.843853083363632 0.06
-6.561345856173553 -1.9153956655673388 0.06
6.132619625385674 -3.020095450533721 0.06
-2.482223237700142 6.370130909033301 0.06
-2.4729119350063913 -6.374535791859904 0.06
6.130040871114013 3.0302803366143802 0.06
-6.567728483995284 1.9065525328500719 0.06
3.5553608812846607 -5.842893889489246 0.06
1.3253472833126472 6.710697026286895 0.06
-5.510869347899757 -4.053432993202049 0.06
6.802324821304976 -0.7337417975406977 0.06
-4.520669956107271 5.136491326571972 0.06
-0.13626325344811385 -6.84188806732175 0.06
4.722609414548973 4.953479617159377 0.06
-6.829061470645283 -0.4625142485892528 0.06
5.348532003971272 -4.27237702017215 0.06
-1.0580047044800849 6.76392090767611 0.06
-3.7892273450474554 -5.70278494487953 0.06
6.64694301496619 1.6456453311063655 0.06
-6.013507495614269 3.2768472042789845 0.06
2.220931528318427 -6.479001709100036 0.06
2.739148892901092 6.278300991710952 0.06
-6.261361661791923 -2.779451409944471 0.06
6.495117564610268 -2.180240312876355 0.06
-3.3169196394900893 5.995668778807328 0.06
-1.6043935891011905 -6.6622759783163445 0.06
5.683937754480274 3.829210310650715 0.06
-6.778474664326983 1.0160124138401117 0.06
4.312388620713861 -5.328536795775891 0.06
0.41959836957688484 6.842801853645072 0.06
-4.932169631891539 -4.762741093346025 0.06
6.854742727127269 0.18028351254567146 0.06
-5.176804118959781 4.497854945851528 0.06
0.7790396947917283 -6.81418352804933 0.06
4.028903384799698 5.551390592991052 0.06
-6.721412604132493 -1.3720833083340331 0.06
5.883614447509117 -3.528892323812386 0.06
-1.9548692924297135 6.577118369735742 0.06
-3.0016385758877653 -6.170912887064804 0.06
6.382384202487841 2.5229292284631435 0.06
-6.411066157703517 2.4511692559977734 0.06
3.0719056014861814 -6.138680312213515 0.06
1.8816910218655987 6.602214696465906 0.06
-5.8478526430605005 -3.597585226933522 0.06
6.742873528981587 -1.2975579263213652 0.06
-4.095931585716414 5.512108892713445 0.06
-0.7032381267866264 -6.831943803708696 0.06
5.134001754410519 4.5631158198877335 0.06
-6.868721373165323 0.10327970672836022 0.06
4.995546150519379 -4.716409509153229 0.06
-0.49772412984162845 6.852902355248716 0.06
-4.262514115438423 -5.38989549209335 0.06
6.784585630701438 1.0951702240654504 0.06
-5.743127050792596 3.775776963547282 0.06
1.684480719295079 -6.664272256317499 0.06
3.259912478861776 6.0525177100245875 0.06
-6.492861797088731 -2.2611381390586676 0.06
6.31567902283478 -2.718859775811308 0.06
-2.820720017538222 6.271645604038798 0.06
-2.1567525784497525 -6.530575649615457 0.06
6.002297088028204 3.3589328166916577 0.06
-6.695541098582507 1.5778876376955873 0.06
3.871644870273248 -5.686859062653729 0.06
0.986691886183846 6.809290647471216 0.06
-5.327728252110351 -4.3549181016025065 0.06
6.870931346131146 -0.38768858217962604 0.06
-4.805038271941843 4.927637081317389 0.06
0.21453729889946918 -6.87996902226899 0.06
4.489632886867401 5.21854352680503 0.06
-6.836312235331596 -0.8153741601593244 0.06
5.592251021115207 -4.0170547067268 0.06
-1.4102190978521585 6.7402731469913775 0.06
-3.5135078257345276 -5.923281418141657 0.06
6.592565300259453 1.9945131641117262 0.06
-6.209081073914807 2.982836270658006 0.06
2.563776308043095 -6.394298322905877 0.06
2.4290934649569227 6.447441735952608 0.06
-6.146969594529048 -3.113641726971073 0.06
6.636517604564785 -1.8565112669471417 0.06
-3.639889364834314 5.852452939731004 0.06
-1.2694676282186632 -6.774839624736874 0.06
5.51298443289382 4.138478300374476 0.06
-6.861326898100127 0.672453119115152 0.06
4.605577776903851 -5.131145421919884 0.06
0.07003657760913062 6.895295126228958 0.06
-4.709842900007876 -5.037596635027997 0.06
6.876462019426524 0.5331698560351155 0.06
-5.431210922508946 4.252287374486762 0.06
1.1325460508218712 -6.804949628231482 0.06
3.761968401444416 5.783389468688214 0.06
-6.681283578512699 -1.7234992728448006 0.06
6.091417226984181 -3.2426279723089344 0.06
-2.3014993779125685 6.506389214723329 0.06
-2.698231955655559 -6.352916205450783 0.06
6.2815846795118295 2.8621135396979414 0.06
-6.565863824276468 2.1329398118694294 0.06
3.40104024678938 -6.00857098149958 0.06
1.5510728122839668 6.728608558312298 0.06
-5.689419125930646 -3.9141423082834597 0.06
6.839882743831121 -0.9570810052661443 0.06
-4.397478614292122 5.326554405696373 0.06
-0.3555091821535836 -6.898812450081861 0.06
4.922737971701974 4.84733440789508 0.06
-6.9049243388930375 -0.2490378970409181 0.06
5.260249835676016 -4.481045822826457 0.06
-0.8519307516861715 6.858149458442229 0.06
-4.0048453751024295 -5.633046557727061 0.06
6.758823940882471 1.4485506329272584 0.06
-5.962852212165779 3.4977697888611354 0.06
2.034324908520809 -6.607686597181483 0.06
2.9636902492795545 6.247122546126761 0.06
-6.405873426267709 -2.6047621094136804 0.06
6.483661042470817 -2.406686412133133 0.06
-3.1554863690548838 6.154909079321061 0.06
-1.8310152400525699 -6.670635891029823 0.06
5.856695343222059 3.6822709917496637 0.06
-6.8065941730813035 1.2410784676947946 0.06
4.18107089216445 -5.513496730269745 0.06
0.6413889441209856 6.890473149382369 0.06
-5.127923283182736 -4.6480536573701885 0.06
6.921608563958003 -0.03653611012732186 0.06
-5.079628992550149 4.702910726140139 0.06
0.5688491257606142 -6.89973989887455 0.06
4.24169811258012 5.472476324456255 0.06
-6.825012538416661 -1.170129843417121 0.06
5.823570350080751 -3.7478031401956504 0.06
-1.762698628294706 6.697976824818668 0.06
-3.224995320972806 -6.130204334253755 0.06
6.519584011502554 2.3420128771977917 0.06
-6.3900109764978525 2.6772672112131386 0.06
2.9036296224997686 -6.291179143478737 0.06
2.1088039207976794 6.600980686506236 0.06
-6.0144909182533235 -3.4432396074406877 0.06
6.761477126963532 -1.5239511348954051 0.06
-3.9567003515411976 5.6916186035357095 0.06
-0.9271818921047935 -6.870249903675483 0.06
5.325016110889288 4.440067952044149 0.06
-6.926444304468537 0.3230623733822441 0.06
4.889627377597958 -4.917473345961777 0.06
-0.28378303696626594 6.929608011130948 0.06
-4.472094977242252 -5.301921021151165 0.06
6.879694731648337 0.8887071504889098 0.06
-5.673775292922756 3.992276784670534 0.06
1.4870755634013417 -6.777064723664265 0.06
3.4816797685436773 6.002325048621881 0.06
-6.622482203862325 -2.0743021620600044 0.06
6.285035665156077 -2.9442022158330308 0.06
-2.6458842734700063 6.417109661787314 0.06
-2.3839499373662827 -6.519722593495165 0.06
6.162499120447242 3.1974371910151715 0.06
-6.70456823807431 1.8052049027756207 0.06
3.7247278110536644 -5.86058040927376 0.06
1.2123925131737263 6.838136032136264 0.06
-5.513646538172374 -4.2237071219604925 0.06
6.919381600179045 -0.6100477613299558 0.06
-4.690541296622061 5.124336283332998 0.06
-0.0027805384970733364 -6.947660920670041 0.06
4.69561411724587 5.121641149272494 0.06
-6.922735425339608 -0.6047596470896919 0.06
5.513689730668483 -4.230747635338335 0.06
-1.2079192696140362 6.84477399466886 0.06
-3.733282651375747 -5.863667849131367 0.06
6.714351833017185 1.8020764308038566 0.06
-6.168877321377492 3.207016151158966 0.06
2.3826762773396037 -6.5324462307318765 0.06
2.6559673111268407 6.426961773826391 0.06
-6.300429244363284 -2.945265919534586 0.06
6.635924834255074 -2.0843468027458343 0.06
-3.485528583195164 6.020057349870474 0.06
-1.4965246174685274 -6.79414557316155 0.06
5.693458146706051 3.9993167331066064 0.06
-6.900391075581457 0.8969966577617727 0.06
4.482683913606885 -5.323114213568038 0.06
0.29035035000066894 6.953826045728674 0.06
-4.911844238128728 -4.931915062160095 0.06
6.954019369761344 0.31877045814197846 0.06
-5.343555062743893 4.462781564386061 0.06
0.925701046807797 -6.900947585074021 0.06
3.9793503206637992 5.714435319909827 0.06
-6.794995228296836 -1.5257915478279578 0.06
6.041698148834057 -3.465239310404856 0.06
-2.1144425693697357 6.636952058048719 0.06
-2.924373864546929 -6.322818793888914 0.06
6.428007172394699 2.6871404488121398 0.06
-6.555624905840759 2.3608858705833997 0.06
3.2394918632480043 -6.169740064860916 0.06
1.7790822068098586 6.738313327637159 0.06
-5.864108686155591 -3.7672575326030677 0.06
6.869464058902776 -1.1834118232648365 0.06
-4.266384756439101 5.513434601954036 0.06
-0.5784317206107759 -6.9480512911600805 0.06
5.120385359079001 4.733038535077589 0.06
-6.97345142791438 -0.031227912496768238 0.06
5.163631035711281 -4.687954194213002 0.06
-0.6408991372270904 6.945448027010322 0.06
-4.2194372392578785 -5.55484917742722 0.06
6.86423362608221 1.2459120059467619 0.06
-5.903680122746354 3.71840839718953 0.06
1.8416303338780269 -6.730408435848475 0.06
3.188692079626793 6.207434479825411 0.06
-6.544975909992343 -2.423487226626112 0.06
6.463767036383438 -2.634334014388242 0.06
-2.9870200917168552 6.309335224227654 0.06
-2.0595703455406222 -6.670694865736978 0.06
6.025270720983535 3.527904865335595 0.06
-6.826612664964842 1.4687952622954712 0.06
4.041989192136148 -5.694938399197535 0.06
0.8665274037615214 6.930305206737314 0.06
-5.320849551655426 -4.525324303146489 0.06
6.9809568081033735 -0.25737529678498566 0.06
-4.974195347394178 4.905851673864807 0.06
0.3539979091468793 -6.978157742579315 0.06
4.453106789809184 5.385149943924993 0.06
-6.921907545098787 -0.9629101396830777 0.06
5.755024735082248 -3.9660673593109204 0.06
-1.5646962531851327 6.8126151832661455 0.06
-3.4484499508471202 -6.080969736522499 0.06
6.651096092320492 2.154743783079346 0.06
-6.360470296803647 2.9042068802822105 0.06
2.7285282915369913 -6.438566095201806 0.06
2.337496032266402 6.591366497103528 0.06
-6.176632253092403 -3.2816480631016285 0.06
6.771869841625186 -1.752649094396051 0.06
-3.809857872613821 5.8672807151594935 0.06
-1.1541384471866096 -6.900577109541324 0.06
5.5128616594891975 4.309101567999298 0.06
-6.976481261356839 0.5465429625719267 0.06
4.775543218201983 -5.116071439208512 0.06
-0.06548702713149718 6.9989793148199455 0.06
-4.679932069626746 -5.205596586720787 0.06
6.967877128894989 0.677265322175988 0.06
-5.595952704614846 4.207768212213428 0.06
1.2841057374208478 -6.883391057837908 0.06
3.7031818309659954 5.943605330672903 0.06
-6.7461464614398166 -1.8813579991067786 0.06
6.245874103131624 -3.1700247140723907 0.06
-2.4644433809841853 6.5571730815896 0.06
-2.612369070805803 -6.500425204392188 0.06
6.31789731923842 3.0288898071009425 0.06
-6.70528937964889 2.034476427773941 0.06
3.5703661517359238 -6.03013146975573 0.06
1.4407650624499673 6.858877170122202 0.06
-5.696059997773619 -4.084715473783112 0.06
6.959991243235396 -0.8357762224941608 0.06
-4.56798693019065 5.3182229556128435 0.06
-0.22413938952777357 -7.007835723963721 0.06
4.899496670958826 5.0164661238030295 0.06
-7.002022454754326 -0.38946314731461423 0.06
5.426703652153038 -4.443071850837986 0.06
-1.0003321366432818 6.942574134742725 0.06
-3.9524292683261453 -5.795541638093791 0.06
6.829924312997048 1.6037873545865784 0.06
-6.120138037919023 3.4313132175330012 0.06
2.195203463568039 -6.664914234522369 0.06
2.8837029389998095 6.3979885401275824 0.06
-6.4487865619576885 -2.770045465026511 0.06
6.626945885856747 -2.313782233903256 0.06
-3.3239034747167424 6.183176019713978 0.06
-1.7259074987536254 -6.805236462147808 0.06
5.870097031083065 3.8525265535320807 0.06
-6.93147403964279 1.1245744251751681 0.06
4.351855334686479 -5.511928441658223 0.06
0.5143836189442416 7.00467054846706 0.06
-5.111395445085107 -4.81805319646465 0.06
7.024243808431787 0.09999459839272462 0.06
-5.247535741502421 4.671548848257356 0.06
0.7138559364155173 -6.990022153186951 0.06
4.195741833952251 5.636998355758408 0.06
-6.9022459115955845 -1.3224981572244443 0.06
5.983441635592489 -3.6876043976351762 0.06
-1.9212570959104074 6.761565733719811 0.06
-3.151015653606008 -6.2841944870229725 0.06
6.5690377729878255 2.5055424037639358 0.06
-6.536934719526168 2.590074221456475 0.06
3.0708727407046226 -6.32611576011673 0.06
2.00906691924895 6.739706975379533 0.06
-6.034640028343999 -3.612910146724984 0.06
6.890937856321793 -1.4124360022001763 0.06
-4.12749332910246 5.696823572677558 0.06
-0.8047451976169753 -6.9894481303542415 0.06
5.315235248918022 4.610669609575099 0.06
-7.034461924126602 0.1906447953998958 0.06
5.058725286568041 -4.892780239806106 0.06
-0.4251639384523098 7.025612829172963 0.06
-4.43267793705182 -5.468214178904666 0.06
6.962946874038962 1.0379647534049796 0.06
-5.835984131929739 3.9384374073818047 0.06
1.6430625350652812 -6.846922338238172 0.06
3.413830629848683 6.15920128187957 0.06
-6.678406408181335 -2.2358192787348625 0.06
6.435371891989158 -2.862863708211742 0.06
-2.81168963980225 6.458668699463434 0.06
-2.2897462784232445 -6.662361591841657 0.06
6.1893716937891226 3.366255788873146 0.06
-6.838411871744479 1.698859344496823 0.06
3.895261303963581 -5.872558162661647 0.06
1.09472178887823 6.962153704490821 0.06
-5.510635672814632 -4.39464384011979 0.06
7.032618189150037 -0.48195581294974643 0.06
-4.8605663253448945 5.106358291084091 0.06
0.13474842763336606 -7.049244134036665 0.06
4.662805627531036 5.2894464436143895 0.06
-7.011882519618037 -0.7506687225900719 0.06
5.677984178110813 -4.183359376520655 0.06
-1.3610869664501795 6.920797805871766 0.06
-3.6716775341884333 -6.023187203211929 0.06
6.776666072818896 1.961325301296378 0.06
-6.322393929572621 3.131666489156098 0.06
2.5467819655314354 -6.580570007229149 0.06
2.5674511991214444 6.573294025078284 0.06
-6.33399077257339 -3.1129665743395245 0.06
6.773946253230131 -1.9833436813496252 0.06
-3.655534560955811 6.0387968233463205 0.06
-1.3838100574068626 -6.9227934914324605 0.06
5.697229748088543 4.170320514959847 0.06
-7.018674812839107 0.7734364043784808 0.06
4.653370161392883 -5.311887248526495 0.06
0.15689367329929896 7.060834538160391 0.06
-4.885703383871697 -5.100970735538939 0.06
7.048928186777297 0.4610980564441105 0.06
-5.509679519704738 4.421926230744488 0.06
1.0758057135835672 -6.983025280393947 0.06
3.9240931285645044 5.876350322977081 0.06
-6.863608976462605 -1.682519485242878 0.06
6.198157699993705 -3.3960036993514544 0.06
-2.2765889037774043 6.691572532910152 0.06
-2.8416908474164537 -6.472618722565818 0.06
6.4682126300226495 2.8534584932701383 0.06
-6.697612136152408 2.2653899606169294 0.06
3.4087027028425414 -6.195219599306707 0.06
1.67150654803615 6.871394753605142 0.06
-5.874664633054623 -3.938059858501036 0.06
6.992614959315983 -1.0645825617350484 0.06
-4.437464873422927 5.508984071236514 0.06
-0.4492616596572859 -7.060323219312412 0.06
5.100960885099691 4.9030804652466164 0.06
-7.07397951547821 -0.16974632424495004 0.06
5.331326640982008 -4.6537034979847505 0.06
-0.7877014312099502 7.033457645800521 0.06
-4.170622104776576 -5.718908222654828 0.06
6.939046356405952 1.3998698738273032 0.06
-6.062840202352274 3.6554026701228204 0.06
2.001560299624896 -6.7914472954566545 0.06
3.1119788039717706 6.360470731292648 0.06
-6.591769803339164 -2.5881597438693706 0.06
6.609501566125001 -2.5445017287066602 0.06
-3.1551689964482463 6.341522577729403 0.06
-1.9573085675179294 -6.808005814592179 0.06
6.042602276234052 3.698237111280328 0.06
-6.954442843737605 1.3548891959074763 0.06
4.213194793944682 -5.697279142562477 0.06
0.7418519100560579 7.047670235159005 0.06
-5.30817976531742 -4.6960864109463225 0.06
7.086952694680903 -0.12288817418728125 0.06
-5.143200375224842 4.878267100137821 0.06
0.4972632829934358 -7.0719678468858005 0.06
4.410817907369898 5.551097674156439 0.06
-7.00280886893603 -1.1138527484146603 0.06
5.916638321093256 -3.9093977768156036 0.06
-1.7221559031326128 6.8799839422273 0.06
-3.3778339302016813 -6.237005526691336 0.06
6.704412524797574 2.317510020978858 0.06
-6.509727404227736 2.820186008519017 0.06
2.895349709589637 -6.47741847182805 0.06
2.2407150675414256 6.732696041415566 0.06
-6.200720055600653 -3.4512419202472375 0.06
6.904183791784019 -1.643851017965691 0.06
-3.9809199576629157 5.876416960247212 0.06
-1.0341587593428894 -7.022856659542067 0.06
5.506974349562688 4.480316229158231 0.06
-7.087784674384992 0.41630326632544057 0.06
4.945593481508001 -5.095204128949653 0.06
-0.2049861053407773 7.098449175462005 0.06
-4.644243543705534 -5.373174285908607 0.06
7.054746947558071 0.8249518203629065 0.06
-5.759768544182795 4.157531276784628 0.06
1.4388445954637228 -6.956991176514804 0.06
3.6387812278701417 6.1023988050355955 0.06
-6.805909215316442 -2.041959782383268 0.06
6.39842319528075 -3.0919541739963208 0.06
-2.6296734231853285 6.602637176719069 0.06
-2.5212275276486995 -6.645555789685798 0.06
6.348711392522577 3.197477701947905 0.06
-6.84188426215613 1.9309634235946223 0.06
3.7410155206292046 -6.046056803769827 0.06
1.325675377886691 6.9858846821619505 0.06
-5.696972369457945 -4.25611393428709 0.06
7.076433341770463 -0.7099937742539153 0.06
-4.738816188701552 5.304113604524332 0.06
-0.08863044141270453 -7.112815521638038 0.06
4.870472379536144 5.185412114786589 0.06
-7.094731127507235 -0.5336574073128991 0.06
5.592466645971298 -4.399354135972523 0.06
-1.1521035964856945 7.022297152852814 0.06
-3.8943526903565964 -5.956846239673501 0.06
6.896046947534718 1.7619694938894677 0.06
-6.2757429993467575 3.3593228195798885 0.06
2.358580319503167 -6.71692629678578 0.06
2.798350836236769 6.546696311677591 0.06
-6.486286339359555 -2.937360979491219 0.06
6.767611831964421 -2.215723378911542 0.06
-3.493871150924575 6.2058733777557045 0.06
-1.6158946554368259 -6.936777671406999 0.06
5.877815657472652 4.023839347783326 0.06
-7.052877661024862 1.003452389810541 0.06
4.523195707263976 -5.504607215214246 0.06
0.3830827327332199 7.115001589590944 0.06
-5.089088918808517 -4.988103244366576 0.06
7.1226523358510665 0.24046559545048435 0.06
-5.414987335087039 4.6344268427548805 0.06
0.862417655436202 -7.07574983924615 0.06
4.144088144247252 5.800563201337382 0.06
-6.97463187743491 -1.4780088545975518 0.06
6.141861186569812 -3.6218146232113084 0.06
-2.0825214479687397 6.820051643407855 0.06
-3.071594168283184 -6.436249627334908 0.06
6.613172139524978 2.671320694527455 0.06
-6.681455144878173 2.4976303063065566 0.06
3.239890392079888 -6.355557430100718 0.06
1.9043100882075046 6.875580200095926 0.06
-6.049160818411596 -3.78386751789673 0.06
7.01711777649145 -1.2961705562338994 0.06
-4.299075709778633 5.696310037347979 0.06
-0.6778640492520491 -7.104963077365824 0.06
5.299689566151479 4.781557330245569 0.06
-7.138422146593454 0.054122611024605985 0.06
5.2276038680303145 -4.86232020736546 0.06
-0.5702782258376747 7.117217345643973 0.06
-4.3875360796032625 -5.633784442999186 0.06
7.041489643717728 1.1905560034773566 0.06
-5.996972195716914 3.8789592010999887 0.06
1.8019579695815227 -6.911797702180067 0.06
3.3404718580895327 6.314368358380105 0.06
-6.72911375903556 -2.399797495197943 0.06
6.583523822086549 -2.77618696849094 0.06
-2.979490000112231 6.494816343764557 0.06
-2.1904166674773236 -6.8023580340083205 0.06
6.210679876999809 3.5365881107968513 0.06
-6.969175078872889 1.5876393545188678 0.06
4.06681578091685 -5.878861233613674 0.06
0.9724654540993602 7.082676820283651 0.06
-5.501883370802047 -4.566101112994751 0.06
7.141973000205706 -0.34960215149898805 0.06
-5.030607628935442 5.082616145617978 0.06
0.2761826262255818 -7.146588217952056 0.06
4.624254467578824 5.4567637496117865 0.06
-7.096465734062248 -0.9000967088487601 0.06
5.841290256659354 -4.130293952911403 0.06
-1.5173603813578276 6.991968068654607 0.06
-3.6045042656765314 -6.1812255256316035 0.06
6.833874388421343 2.1232430014670527 0.06
-6.4739483360707 3.0509003493866254 0.06
2.7130992554071907 -6.623374701034884 0.06
2.4737117683398853 6.7171980830683236 0.06
-6.3620609002079265 -3.2824047742540086 0.06
6.909092234251779 -1.8773503931343682 0.06
-3.826790837830495 6.051914728703355 0.06
-1.2663766768881717 -7.048140897586659 0.06
5.69529275042607 4.342077899686309 0.06
-7.133258387115436 0.6454647803306394 0.06
4.824307676245717 -5.294908445376244 0.06
0.019366812073643817 7.163771696989659 0.06
-4.853811563704931 -5.269773553393381 0.06
7.139425817585826 0.6071235419492161 0.06
-5.675049077258285 4.375364895721258 0.06
1.2292077219144795 -7.060385851806247 0.06
3.8632186350571853 6.037014309884224 0.06
-6.927235914087415 -1.8421190489698247 0.06
6.3528798473563945 -3.3212825301459987 0.06
-2.4411592504048722 6.740974819279681 0.06
-2.7536960367968506 -6.620208315221608 0.06
6.503008593225791 3.021734474839167 0.06
-6.8369331757972125 2.164796699388524 0.06
3.5793905217465536 -6.215139861083653 0.06
1.5590870025598518 7.001374702045945 0.06
-5.879554193590744 -4.10984701474757 0.06
7.112252994725821 -0.9411999463523186 0.06
-4.609030256864811 5.498803514520655 0.06
-0.31586360840110644 -7.168697941808389 0.06
5.075786695483511 5.073104515181271 0.06
-7.1702560427926265 -0.3121350361555612 0.06
5.498501494991654 -4.613727485404243 0.06
-0.9379867597801108 7.116894044348083 0.06
-4.116149942961475 -5.88194777663473 0.06
7.0089993582352355 1.5568969125340517 0.06
-6.2204900043475435 3.5868515589319117 0.06
2.164122154500992 -6.847377257052367 0.06
3.0298742737390554 6.511517633035653 0.06
-6.63324486800379 -2.755006809628861 0.06
6.752783058017717 -2.449473611074201 0.06
-3.325018561956277 6.368222009528736 0.06
-1.850086163653351 -6.942418972307737 0.06
6.054318939653051 3.869783220925736 0.06
-7.078952817589814 1.2362956791711397 0.06
4.385118288721868 -5.693921108859606 0.06
0.612798006082998 7.161318216902576 0.06
-5.2897710329381935 -4.867065072411504 0.06
7.188863300410853 0.015634833097207753 0.06
-5.311919093975664 4.844947423765998 0.06
0.6441911657089454 -7.16135585919472 0.06
4.362841736582195 5.716258564965065 0.06
-7.078985286402144 -1.268056510926053 0.06
6.076970706589582 -3.847132312678123 0.06
-1.8824504572964502 6.942361289635133 0.06
-3.301756314352356 -6.391275713082197 0.06
6.752509383164944 2.482663293777347 0.06
-6.656748173594556 2.7308796665809982 0.06
3.0640921131561436 -6.510863193317329 0.06
2.1388652345464814 6.871335787781618 0.06
-6.219253634647833 -3.6222761114967104 0.06
7.033375230456999 -1.5302394804715873 0.06
-4.1529308125020945 5.87989503873757 0.06
-0.909657854211495 -7.141605042864758 0.06
5.495368340529287 4.651980954594332 0.06
-7.19517545052848 0.2818691826225198 0.06
5.115591787904059 -5.068601450057853 0.06
-0.34832067029417657 7.193655031390219 0.06
-4.6028469586219 -5.540198541163045 0.06
7.137034181873981 0.9760855939734001 0.06
-5.922533831741359 4.101657349399023 0.06
1.5966161913542396 -7.025725353122301 0.06
3.568857901152934 6.259652808373502 0.06
-6.860560054353061 -2.2051566249623007 0.06
6.548955832820748 -3.0085174920154825 0.06
-2.797041067125834 6.642782645007405 0.06
-2.4249175258535365 -6.788208526025726 0.06
6.374040962079738 3.3677294745465547 0.06
-6.975559023964232 1.822519218881159 0.06
3.9128424133241757 -6.056373853098193 0.06
1.205929496108262 7.109552310125869 0.06
-5.692195709209379 -4.4281946669109225 0.06
7.189141513551323 -0.5798657587174839 0.06
-4.909827369458725 5.284278115515308 0.06
0.05088020857231762 -7.213696084835819 0.06
4.835728758326858 5.354038417483627 0.06
-7.183006786180595 -0.6814789136015447 0.06
5.75741092656426 -4.349967749613607 0.06
-1.3071001360140178 7.097287456094204 0.06
-3.8307015492874945 -6.116839514020813 0.06
6.9571735339710425 1.9229499260804699 0.06
-6.429554205700111 3.281894683862362 0.06
2.5243073401050493 -6.763717354583334 0.06
2.707739477605819 6.693141782557349 0.06
-6.518380247349145 -3.106560630499346 0.06
6.905564402768206 -2.1126240269438803 0.06
-3.665242613496194 6.2230214995781274 0.06
-1.5010986631301708 -7.065175355470579 0.06
5.879884267164361 4.196064942866475 0.06
-7.170731824531375 0.8778411591244449 0.06
4.694951027058447 -5.49157853932026 0.06
0.2476209471150452 7.221404563279214 0.06
-5.061061286911771 -5.158067336718567 0.06
7.216784405012676 0.3847373799955311 0.06
-5.581852862503831 4.591613945156737 0.06
1.0143910034181232 -7.156885558131021 0.06
4.086817402409737 5.963046496494969 0.06
-7.042145659446879 -1.6365159672711664 0.06
6.2987121269724105 -3.5505246853853447 0.06
-2.2463441368750567 6.873422584035341 0.06
-2.98683154948556 -6.586261253169183 0.06
6.651988034774917 2.8391997438030576 0.06
-6.82347294606846 2.4000451983810245 0.06
3.410535237177231 -6.379517959530521 0.06
1.7946513720996071 7.0085110011057985 0.06
-6.058079868059589 -3.9559661667171913 0.06
7.13993815049773 -1.175280054738891 0.06
-4.471304829568943 5.690117144758396 0.06
-0.5466700643487982 -7.216727225047715 0.06
5.278430476087799 4.952592423075771 0.06
-7.238269178883222 -0.08636720459303146 0.06
5.396129456263909 -4.826156534059062 0.06
-0.7189846082875018 7.204377914368851 0.06
-4.336744077777668 -5.798504186758887 0.06
7.115291869063717 1.3463363688305268 0.06
-6.156618864229088 3.813927655399161 0.06
1.9636151929215306 -6.9716723513177055 0.06
3.2616991067311862 6.467713578781065 0.06
-6.774598635992683 -2.5660891101452603 0.06
6.729387530444632 -2.684277084262409 0.06
-3.1491377481172322 6.525559856700659 0.06
-2.0860748249928456 -6.939617556071162 0.06
6.226443755349347 3.708287766809786 0.06
-7.096773770475506 1.471666419638254 0.06
4.23924717990686 -5.879522374109289 0.06
0.8457518366398532 7.199632201079463 0.06
-5.487434798075368 -4.7379383002389925 0.06
7.2473843179900275 -0.21312096882343554 0.06
-5.200529056037397 5.0531670798926465 0.06
0.42138302265960903 -7.239643385430961 0.06
4.580029498825891 5.623462437847759 0.06
-7.176447584597892 -1.0529007861707977 0.06
6.003483849494722 -4.07163132771817 0.06
-1.676593995756511 7.058259882817663 0.06
-3.5318532998939016 -6.3376661530904705 0.06
6.885964648783016 2.287682420204034 0.06
-6.62343221508256 2.9648179863537214 0.06
2.8814805613857124 -6.660861038511184 0.06
2.3748583090478332 6.858574779933982 0.06
-6.384653201543132 -3.4534335806592606 0.06
7.04127351796421 -1.7664844310709154 0.06
-3.999152238253191 6.059437381083701 0.06
-1.1443492764155634 -7.170109115875934 0.06
5.687686005868179 4.514446577228631 0.06
-7.244074300754435 0.5132129432790423 0.06
4.9953580938920865 -5.272228894290045 0.06
-0.12209371729691719 7.262581712049554 0.06
-4.816231713889705 -5.438190147293771 0.06
7.225468559959701 0.7567060783645752 0.06
-5.839536374540288 4.323171859921932 0.06
1.3857629869633632 -7.132998033363137 0.06
3.79681193707319 6.196306893182304 0.06
-6.985857445268207 -2.004444001310779 0.06
6.50575208941462 -3.241171046254318 0.06
-2.608006330460629 6.7851531287272575 0.06
-2.660494095911614 -6.765483808687997 0.06
6.5324021211437 3.1918211929363003 0.06
-6.973493785659488 2.059219371841793 0.06
3.7514093160128645 -6.2295206993581695 0.06
1.4419446136399408 7.128169171056111 0.06
-5.8788098522786285 -4.282475302993787 0.06
7.228305035585157 -0.813391856692862 0.06
-4.780940605178867 5.4829378010106895 0.06
-0.17837130896469638 -7.273113753829113 0.06
5.044919699471294 5.242974845055664 0.06
-7.262231195164294 -0.45825546148691265 0.06
5.665025250499459 -4.568094669684895 0.06
-1.0916127461194507 7.195719673007665 0.06
-4.056100346930669 -6.043843973468285 0.06
7.07406762860401 1.7168480381026245 0.06
-6.376513083431872 3.512845128499427 0.06
2.3291692106822617 -6.898186050550518 0.06
2.9424783380878052 6.660467042924545 0.06
-6.669401656208799 -2.92388124727379 0.06
6.893512492354036 -2.3493585332509057 0.06
-3.496422241344763 6.389446886095045 0.06
-1.7380201983421573 -7.073845191277137 0.06
6.060446786574004 4.04239839044902 0.06
-7.200063985482962 1.1131390770928962 0.06
4.557617715580712 -5.684902880315975 0.06
0.4794964102689155 7.271181691619267 0.06
-5.265674146751056 -5.038122247448699 0.06
7.286632814940061 0.15805764846627537 0.06
-5.480218432181486 4.805955257342529 0.06
0.7946411581378557 -7.246278039779687 0.06
4.309252231118484 5.880505523218252 0.06
-7.1504054571862365 -1.4253777737292317 0.06
6.235901740824592 -3.7793556962504637 0.06
-2.045434100448868 6.9997285190727885 0.06
-3.220311961295082 -6.543667998297272 0.06
6.795380733298641 2.6500567332632032 0.06
-6.801429011932359 2.6363921172019973 0.06
3.234608697432222 -6.538907139155275 0.06
2.032059405681448 7.007191632300458 0.06
-6.232252627245363 -3.7946050110905194 0.06
7.1593602551615305 -1.4119351036125691 0.06
-4.325747096729964 5.877747192175952 0.06
-0.7807631838804473 -7.256749193040702 0.06
5.478088229718997 4.823955777928959 0.06
-7.298591911420112 0.14337402328501356 0.06
5.285402607737217 -5.036320013077468 0.06
-0.49535256524187765 7.284547057718022 0.06
-4.555810504372854 -5.706539288241689 0.06
7.214701235604932 1.130524692769106 0.06
-6.084124955316477 4.040225677866928 0.06
1.757275861231646 -7.089568502210313 0.06
3.4935015509162697 6.415251118525729 0.06
-6.910086590852357 -2.37080224964514 0.06
6.697364064522147 -2.9198141357366194 0.06
-2.966399534402375 6.677609886950373 0.06
-2.3235475417124976 -6.928284551128209 0.06
6.393899209791912 3.5394989610144494 0.06
-7.106224640442586 1.709260471539273 0.06
4.085702391105293 -6.061108477111797 0.06
1.0816513676196218 7.229801540770439 0.06
-5.681768353621131 -4.600816055417717 0.06
7.2980483503775595 -0.44552247479940005 0.06
-5.08088275417076 5.258767007423905 0.06
0.19425690527228465 -7.310421619493232 0.06
4.79532812086788 5.52221225716775 0.06
-7.2668056715257014 -0.8327876873981206 0.06
5.921409670451163 -4.294986322991896 0.06
-1.4651785179615988 7.167513649132721 0.06
-3.7615602310761527 -6.275401551134902 0.06
7.0132852759166875 2.086583245070802 0.06
-6.581459569818924 3.199123306601186 0.06
2.692238056252097 -6.805281349692159 0.06
2.611972748377054 6.837221538149516 0.06
-6.545075008220542 -3.277497999506162 0.06
7.040709639699308 -2.004596660040431 0.06
-3.837872607329644 6.234639833214807 0.06
-1.381639743148445 -7.190345723270385 0.06
5.87633488242082 4.369060350881445 0.06
-7.284963540542765 0.7478677777272021 0.06
4.8669816595473625 -5.472886763457619 0.06
0.10813116230761706 7.323817833052513 0.06
-5.027368885424466 -5.3278102528023625 0.06
7.306590197814439 0.5326722080247532 0.06
-5.748002543384604 4.543178046394849 0.06
1.1696344410350765 -7.233391685395211 0.06
4.024008534880603 6.124324886157498 0.06
-7.1047621093420315 -1.7978752375117057 0.06
6.4538784628234644 -3.473823943020638 0.06
-2.412579283870876 6.921666071043669 0.06
-2.896826906236831 -6.734121611264706 0.06
6.685485729201414 3.0090331611074435 0.06
-6.962889427266061 2.2974270007263558 0.06
3.582661486769709 -6.398010368170488 0.06
1.6802070436510013 7.138410487669196 0.06
-6.061422843766814 -4.129062013225501 0.06
7.259320565601304 -1.0498880539552675 0.06
-4.644039412580618 5.678283009361006 0.06
-0.41129314132428124 -7.3246732317489505 0.06
5.25150824790449 5.123637489342031 0.06
-7.333947259197068 -0.2306894000942069 0.06
5.564169573128094 -4.7843512581619185 0.06
-0.8711435112081852 7.287050774001776 0.06
-4.280375264036428 -5.9622468582762576 0.06
7.184322118451727 1.5051630138710157 0.06
-6.314804472184724 3.7434268362124845 0.06
2.1278891952773686 -7.026527419189499 0.06
3.1776065331106857 6.619125072147549 0.06
-6.814854877629916 -2.7345480425188664 0.06
6.872859788749019 -2.5872375855720726 0.06
-3.3204868423660883 6.5509058251263 0.06
-1.976832864070772 -7.074046354635355 0.06
6.236682610307847 3.8812098652718725 0.06
-7.221124278551027 1.3510603812268795 0.06
4.412412860312078 -5.8745734100573275 0.06
0.7147075929418688 7.312946947475501 0.06
-5.46733407951338 -4.910016096001275 0.06
7.348790562886063 -0.07264477157190496 0.06
-5.3701956937170445 5.018067178823229 0.06
0.5702122690516479 -7.328359841616879 0.06
4.530198336497261 5.789413012732592 0.06
-7.251790436386962 -1.2089398110437903 0.06
6.164441861370786 -4.0074501291693565 0.06
-1.8386439445799785 7.119648056263693 0.06
-3.4538136772248804 -6.492393324731207 0.06
6.932924292592196 2.454498065427024 0.06
-6.7707380182006665 2.8735181727095642 0.06
3.051779870996981 -6.693029181094137 0.06
2.270998572519632 6.9973255950837245 0.06
-6.401780555992082 -3.6259075709292032 0.06
7.170401358122651 -1.650861703303113 0.06
-4.172475034938768 6.061390276398042 0.06
-1.0178510375088161 -7.28861984640729 0.06
5.674447429476819 4.687285607908261 0.06
-7.351055292628538 0.3768104095138218 0.06
5.1663843330812655 -5.243898637740099 0.06
-0.26735305021409905 7.3572088693023545 0.06
-4.77302562047547 -5.6060883355763105 0.06
7.307012667348904 0.9097064796969712 0.06
-6.003015133139933 4.265420179922836 0.06
1.5453290607822534 -7.200830375304076 0.06
3.7249568031411853 6.354108656194999 0.06
-7.039454652746378 -2.169349716372945 0.06
6.656662777312138 -3.155763088247761 0.06
-2.7769844403347754 6.824101216873806 0.06
-2.562188221101007 -6.90834216868644 0.06
6.5563996862454115 3.3635729744129343 0.06
-7.107200327094683 1.9487697428237258 0.06
3.9246145505571377 -6.238381250737662 0.06
1.32019886247688 7.251694627017519 0.06
-5.872463260852897 -4.455802424921122 0.06
7.340698285688547 -0.6812845796649463 0.06
-4.953056938170908 5.461430853470273 0.06
-0.036916891864134944 -7.373509147149347 0.06
5.008415753486317 5.412556848683448 0.06
-7.349855216947305 -0.607970632442455 0.06
5.830768697634647 -4.516872412929546 0.06
-1.2484386279408841 7.269896903826429 0.06
-3.990551669074732 -6.2044739806404925 0.06
7.134225950049153 1.8795797651723294 0.06
-6.530793916704724 3.433472122725416 0.06
2.496556351522921 -6.943861057341985 0.06
2.849889454747087 6.807211624132259 0.06
-6.70024024070256 -3.094637412827245 0.06
7.031591532340081 -2.2442639154794777 0.06
-3.6692349709298093 6.405209967526883 0.06
-1.6212262350232702 -7.202195880068264 0.06
6.061011163945076 4.215939239426153 0.06
-7.31769817236187 0.9855422153372004 0.06
4.730552467189476 -5.670262194569804 0.06
0.34207627448990535 7.3771934922727285 0.06
-5.235938944728034 -5.209121170320412 0.06
7.380205587026745 0.3042457776522609 0.06
-5.647966504668823 4.761352156912893 0.06
0.9484744478610222 -7.326690673268166 0.06
4.2501221937951845 6.043712545928173 0.06
-7.217037930991002 -1.5856744630084494 0.06
6.393312259592229 -3.7061514204559565 0.06
-2.2109625787094416 7.0520666811613815 0.06
-3.133594416208653 -6.6940709612840195 0.06
6.8330202674716904 2.8195450030671805 0.06
-6.943667086569164 2.5368262437337163 0.06
3.4067541491314137 -6.561556687812421 0.06
1.920409017516224 7.140170110399499 0.06
-6.239736046145186 -3.968084433884497 0.06
7.282055477681506 -1.2890570274308197 0.06
-4.499226849583922 5.870004919587645 0.06
-0.6476006837076895 -7.368216429670165 0.06
5.455177759511083 4.996102041805755 0.06
-7.397972634332793 0.0009495594399789297 0.06
5.454891640631985 -4.998415467822109 0.06
-0.6459451870163816 7.371075553497628 0.06
-4.503201311747807 -5.872067603993745 0.06
7.287710504425602 1.28812872170631 0.06
-6.244419347998651 3.9733143603722203 0.06
1.9206804869593486 -7.148495398824399 0.06
3.412800645798994 6.569078455311215 0.06
-6.95447616776913 -2.538751904367813 0.06
6.843540771708141 -2.8259422686899223 0.06
-3.1376035403839917 6.707118906309166 0.06
-2.2172246844330528 -7.065685720348787 0.06
6.408298796829484 3.7126414492317723 0.06
-7.233792685009949 1.5913024194968557 0.06
4.259452414850357 -6.060285894710369 0.06
0.9529634804006695 7.346554335538713 0.06
-5.6657278841879855 -4.773837821117799 0.06
7.403086792479957 -0.3070927270529469 0.06
-5.251845890784605 5.227629935204754 0.06
0.3413655089441075 -7.402936551754537 0.06
4.749331814721326 5.689802045209994 0.06
-7.346084115237392 -0.9874452753732071 0.06
6.084337151997047 -4.234482426557994 0.06
-1.626197029666776 7.232944298188874 0.06
-3.6870119741453555 -6.432413443063869 0.06
7.06436320997323 2.2527255575361904 0.06
-6.731347904056583 3.111101958238118 0.06
2.8622274890393298 -6.84161193001968 0.06
2.511153238963905 6.9788329547597785 0.06
-6.56637692619073 -3.4500281249853573 0.06
7.172954261334322 -1.891752405788295 0.06
-4.011617290920013 6.240747287880803 0.06
-1.257636712769407 -7.312205542700134 0.06
5.8671988703346765 4.54268394409555 0.06
-7.395500256715695 0.6136578467827996 0.06
5.039149267493003 -5.448575470701011 0.06
-0.03525519376077591 7.422180075376296 0.06
-4.988067178719609 -5.4971979972146 0.06
7.392020083035007 0.6841338260948181 0.06
-5.913307742285039 4.489186067098557 0.06
1.32800792697622 -7.305230656583564 0.06
3.9557394065518467 6.284276071868012 0.06
-7.162456012003176 -1.961943902388537 0.06
6.607245161296401 -3.391800610077973 0.06
-2.5810824910344787 6.9647694272298235 0.06
-2.8016781278947276 -6.8797238075140985 0.06
6.713665176663462 3.180676012368497 0.06
-7.099606644091822 2.189882530905996 0.06
3.7561247732279193 -6.411047238005934 0.06
1.5610920338140806 7.265190407825677 0.06
-6.0592148566327015 -4.303012354288744 0.06
7.375187131067936 -0.9201167217966921 0.06
-4.817139505248724 5.660845077103955 0.06
-0.2718617539008548 -7.428734157766447 0.06
5.2189723743258005 5.294556388973878 0.06
-7.425400905230546 -0.3787101749377671 0.06
5.731592926658365 -4.736965539570644 0.06
-1.0266168263983668 7.365192318721606 0.06
-4.218501997165215 -6.124887011195643 0.06
7.2485489911745455 1.66689457451348 0.06
-6.471410371612982 3.6675397478663996 0.06
2.294636432855555 -7.0763439459237665 0.06
3.0882871529090443 6.768491889717897 0.06
-6.849876105911854 -2.9050296614075863 0.06
7.01383818947718 -2.4851707892681065 0.06
-3.493392665317407 6.570860498131621 0.06
-1.8628016219648758 -7.205551340265716 0.06
6.241415267270654 4.05521090221961 0.06
-7.342143537520176 1.2259397515582526 0.06
4.586171523117326 -5.864045596731639 0.06
0.5794580067405927 7.422548647090448 0.06
-5.441624659262358 -5.0821964806280215 0.06
7.446130523851673 0.07169533990710872 0.06
-5.539473850799405 4.977371741824154 0.06
0.7225344472978129 -7.412688039602642 0.06
4.474827711493362 5.954487127574556 0.06
-7.322456780601414 -1.3680740828713895 0.06
6.324042265104589 -3.9378280090896323 0.06
-2.003367808519388 7.176107400519325 0.06
-3.3704733768165442 -6.6452922596505015 0.06
6.974740640201027 2.623545883328166 0.06
-6.915759082161888 2.777098542993274 0.06
3.223852592276004 -6.719879051238592 0.06
2.16223910337219 7.133352792330422 0.06
-6.4134554854726 -3.799682715156809 0.06
7.29638768689956 -1.5305968517086759 0.06
-4.346616855658532 6.057798437560064 0.06
-0.8870038249857901 -7.403595357288281 0.06
5.655614351583933 4.860455359959377 0.06
-7.454134555537224 0.2363853378403208 0.06
5.337250564137063 -5.209967026346579 0.06
-0.4162777105988948 7.447597791748596 0.06
-4.724254275824445 -5.773337123133763 0.06
7.384014611377474 1.0659869694156627 0.06
-6.165360187927517 4.202182022844604 0.06
1.7077649157850578 -7.263851526044132 0.06
3.647736023209232 6.510301214612245 0.06
-7.088008597189381 -2.336692989284094 0.06
6.805501206549999 -3.065151436331738 0.06
-2.947949288043552 6.857812697582482 0.06
-2.458880474355999 -7.048681210895468 0.06
6.5750075010254045 3.5368455382529325 0.06
-7.237959911276059 1.8335583772437323 0.06
4.098863053155433 -6.241740275874777 0.06
1.1939679734763275 7.371868181018489 0.06
-5.86054558224381 -4.629687406126094 0.06
7.449360484193577 -0.5450030977299679 0.06
-5.125241551386889 5.434325996840577 0.06
0.10836885507696882 -7.4698230361401 0.06
4.966330011804366 5.581717138466554 0.06
-7.433078659708474 -0.7611449524147735 0.06
5.995603779538385 -4.460127276074647 0.06
-1.4083250328319636 7.339388298891049 0.06
-3.919581367710243 -6.3637160450399355 0.06
7.189449177034301 2.0449500069294615 0.06
-6.68321797967319 3.34882030514822 0.06
2.666139857660663 -6.984389612513979 0.06
2.752205022142811 6.951644950376269 0.06
-6.725760530451142 -3.267131048339749 0.06
7.1669226577134655 -2.13429604749514 0.06
-3.84331305201968 6.415523734207144 0.06
-1.4998186437884586 -7.327383164250697 0.06
6.0560370254749305 4.390263721700187 0.06
-7.431777815895323 0.8536266720095678 0.06
4.903783230410581 -5.650036285648436 0.06
0.20066545799069838 7.47928695625254 0.06
-5.200614654846109 -5.37992632029472 0.06
7.469526358334776 0.45406605482245493 0.06
-5.815032613425298 4.711198966802418 0.06
1.1055535770474034 -7.40255032325196 0.06
4.18552361942452 6.205754751135391 0.06
-7.2788514209255 -1.7488058760453753 0.06
6.549084145857307 -3.6276020799531574 0.06
-2.3788930159190644 7.09935687360563 0.06
-3.0416962424775362 -6.842374147070448 0.06
6.86542160874105 2.990984141420924 0.06
-7.083360443240711 2.4322838714123742 0.06
3.580384516608015 -6.578818033144982 0.06
1.8040243800060896 7.270178542260406 0.06
-6.241722605737309 -4.142571533845596 0.06
7.401378195638939 -1.161723205036592 0.06
-4.673229417366212 5.856699310419057 0.06
-0.5102950504867131 -7.475934654706979 0.06
5.42668015476198 5.168282354700882 0.06
-7.493256671604755 -0.14527371906455266 0.06
5.623925802005357 -4.954942842610638 0.06
-0.7999632471470954 7.4531911825213415 0.06
-4.4450857908729855 -6.036655722482367 0.06
7.356024636178001 1.4487586244583073 0.06
-6.403295533523154 3.9010006806411144 0.06
2.086688303495576 -7.20248095617439 0.06
3.326842752334871 6.721020555037527 0.06
-6.993716151580835 -2.708862194929332 0.06
6.987379771080335 -2.7269990712681453 0.06
-3.310509153357134 6.731309615932002 0.06
-2.106055006361241 -7.200314736883435 0.06
6.417252179991883 3.8870135655010807 0.06
-7.358175485658894 1.4687591777580498 0.06
4.433950759853601 -6.053931008790379 0.06
0.8199871417012154 7.45973331208594 0.06
-5.644111457324828 -4.94712096651119 0.06
7.504190333589868 -0.16470408998072322 0.06
-5.422581566168806 5.190916023039311 0.06
0.49207315025123627 -7.491185754925707 0.06
4.697800555034322 5.856677381000188 0.06
-7.420798786975422 -1.1453145258941273 0.06
6.246068774362873 -4.168527901541393 0.06
-1.790015282038519 7.293548196184663 0.06
-3.60713919631433 -6.587757343619511 0.06
7.1103884868853156 2.4212343062101116 0.06
-6.879109008128985 3.0179230033714695 0.06
3.034131998506918 -6.872702744600295 0.06
2.4053825553310237 7.1178743148856745 0.06
-6.5822921938820915 -3.624007377801387 0.06
7.302205805054793 -1.7742013359886968 0.06
-4.18633413908723 6.24136254962911 0.06
-1.129207269799054 -7.4306723075259455 0.06
5.852507265134914 4.7167953858041205 0.06
-7.50227004875108 0.47533579247986435 0.06
5.211316770232867 -5.418687804283404 0.06
-0.18240791519441443 7.5164304927588095 0.06
-4.943211087725468 -5.666097787912594 0.06
7.4730248500492085 0.8389872409917936 0.06
-6.077640985362242 4.4297042850561805 0.06
1.4893727093577571 -7.372365219698516 0.06
3.8820871448583802 6.442778856962678 0.06
-7.215202354725718 -2.128580508310753 0.06
6.758698223852977 -3.3045420740076246 0.06
-2.7517106804009392 7.0027200666146445 0.06
-2.701482194295682 -7.022961907479164 0.06
6.736526310732045 3.3539846846422683 0.06
-7.233527530580037 2.077517620705218 0.06
3.9307820418930532 -6.418641019649805 0.06
1.4374202186340097 7.388763300787362 0.06
-6.051480776560009 -4.4776757822473785 0.06
7.48746065469908 -0.7860871098887342 0.06
-4.990466422884658 5.63784044489207 0.06
-0.1285032061383169 -7.528843664601634 0.06
5.180871893984676 5.465214215208736 0.06
-7.512575134541942 -0.5302969431008738 0.06
5.898269414013435 -4.684059982505947 0.06
-1.1852676963757356 7.438759337949317 0.06
-4.151195982894512 -6.286300335777831 0.06
7.307941374626297 1.8313909645471977 0.06
-6.626318990698076 3.586348649185415 0.06
2.4637146578359537 -7.121103150830234 0.06
2.993833149338258 6.915704090974638 0.06
-6.879656012097535 -3.077390640658129 0.06
7.152221258442593 -2.3781780989408405 0.06
-3.667711903770179 6.585430083976486 0.06
-1.7440909485136138 -7.334040275544776 0.06
6.240660401282991 4.230148668292692 0.06
-7.459749246654736 1.0964219885765258 0.06
4.760383145085452 -5.847969930838081 0.06
0.44012724811839354 7.528365560031189 0.06
-5.410349616834098 -5.254342682355534 0.06
7.539343565428955 0.2197694301421809 0.06
-5.708231047391973 4.931135600405887 0.06
0.8782148470640407 -7.492578907318647 0.06
4.413983787170387 6.118557601804284 0.06
-7.388409479391132 -1.5301651429970813 0.06
6.482164146367821 -3.8628419563248433 0.06
-2.170624435541189 7.227612991841186 0.06
-3.2819196243998907 -6.796249228727481 0.06
7.011401168842927 2.794683103600126 0.06
-7.058389727141901 2.6756558933797314 0.06
3.397555423921486 -6.741410619550014 0.06
2.0486855291280017 7.266559543741558 0.06
-6.419690451273477 -3.9746162720227636 0.06
7.419145263302524 -1.4058035289526492 0.06
-4.52143660563583 6.048686718719722 0.06
-0.7519284495911307 -7.514958656353039 0.06
5.631223827117888 5.033817458837753 0.06
-7.5532459298688375 0.09206477567370534 0.06
5.507822185571473 -5.170483030832486 0.06
-0.5687353829911594 7.53369365345671 0.06
-4.669978190897262 -5.939806705318275 0.06
7.456431314528706 1.2254109725784705 0.06
-6.326447518203576 4.133528976481939 0.06
1.8729307582565027 -7.322030481688582 0.06
3.5652317143674424 6.664767274471674 0.06
-7.131500581536821 -2.5063318725859096 0.06
6.952157701327288 -2.969428109228389 0.06
-3.1207578535206633 6.886281320109505 0.06
-2.3506720732243793 -7.1863997108540385 0.06
6.5882318057382685 3.71149588088936 0.06
-7.3656805337748645 1.7136949186976207 0.06
4.274012925428864 -6.239616455621853 0.06
1.0633691796333107 7.488607746958441 0.06
-5.843087792776572 -4.803990533494568 0.06
7.554220085981237 -0.4046713389376952 0.06
-5.297357980131432 5.401666264250119 0.06
0.25735625376165006 -7.561994958914598 0.06
4.918717233918292 5.750323536354732 0.06
-7.51185260254825 -0.9176439819391283 0.06
6.1594036101263745 -4.397925325373568 0.06
-1.5711337845604512 7.4041568480828905 0.06
-3.8432663102202937 -6.521449537390111 0.06
7.239712489238047 2.2128179033012754 0.06
-6.833671816828668 3.258976756572772 0.06
2.837777258202372 -7.019759271715052 0.06
2.6495216691213215 7.093661602082282 0.06
-6.745962548948075 -3.4412191572449986 0.06
7.299409285604043 -2.0195603683072885 0.06
-4.018514051183466 6.420400674447123 0.06
-1.3739108689843116 -7.449320030988518 0.06
6.045549226314566 4.565231051349687 0.06
-7.542226133579328 0.717513031207815 0.06
5.077171938331357 -5.624262183488659 0.06
0.05539076486985874 7.577396113650594 0.06
-5.159750197055951 -5.550403400112561 0.06
7.554540471360143 0.6073864227834325 0.06
-5.981287252477434 4.655556121813049 0.06
1.2657422420939537 -7.473814058202075 0.06
4.115527994828869 6.366508409150174 0.06
-7.335815045632586 -1.914632501622855 0.06
6.703100386949521 -3.5437896667941766 0.06
-2.5490837562331174 7.141580497600547 0.06
-2.9447093106367532 -6.988468149448003 0.06
6.892578579660924 3.164231426934414 0.06
-7.2204081134819775 2.32286604752914 0.06
3.755357099882766 -6.590697463270493 0.06
1.6830149456545465 7.397125164055522 0.06
-6.238231008979962 -4.317924718959427 0.06
7.51724654645216 -1.0300506588770666 0.06
-4.84761539390585 5.837861337233613 0.06
-0.36896998377954887 -7.579832527903879 0.06
5.392638419001476 5.340360557294729 0.06
-7.584383746142886 -0.29516637891806197 0.06
5.792373215412398 -4.905956841776438 0.06
-0.9572725655001985 7.530845187317336 0.06
-4.381529927661543 -6.200177053359544 0.06
7.419606761670406 1.6122764968127525 0.06
-6.560633170357483 3.8233614011763417 0.06
2.2551587335334715 -7.251500471389884 0.06
3.235714822633138 6.870964239944216 0.06
-7.027794191103624 -2.880990941931294 0.06
7.128775908832937 -2.623081020792748 0.06
-3.4849736749023563 6.750182107561066 0.06
-1.990143773201041 -7.332075269798389 0.06
6.42077189046205 4.062473179068682 0.06
-7.479286265871562 1.3417439968731133 0.06
4.609056945249478 -6.04206869171872 0.06
0.6828427227014274 7.56926190695326 0.06
-5.6169560944322345 -5.120527729953289 0.06
7.60129320403044 -0.0184831371978104 0.06
-5.59295578637854 5.148674156675174 0.06
0.6462480184238518 -7.575114751519164 0.06
4.640794717006274 6.022709057775135 0.06
-7.490906913754858 -1.3062593959316338 0.06
6.406481100845888 -4.097194150208709 0.06
-1.9564940367479695 7.349294597726344 0.06
-3.5220237807492016 -6.7413165248219205 0.06
7.151342620291502 2.591968118477209 0.06
-7.024633750208299 2.91967818011412 0.06
3.2078091548413488 -6.898547704127009 0.06
2.294761589771812 7.254244912195063 0.06
-6.592827162651304 -3.7992933557975177 0.06
7.428372755067803 -1.652052726690757 0.06
-4.36188186179002 6.236504359317583 0.06
-0.9964682400440638 -7.545664387354072 0.06
5.8322910517106745 4.891255573790394 0.06
-7.605201791107113 0.33302509896577326 0.06
5.383348312234664 -5.383266754412251 0.06
-0.3331978013273395 7.60650900381973 0.06
-4.892855277919718 -5.834378049915274 0.06
7.549555916730154 0.9970985207915621 0.06
-6.240875979269946 4.364798622086866 0.06
1.6535911459680541 -7.434758659295946 0.06
3.8031284234444938 6.599713190343093 0.06
-7.262976565713201 -2.297644751892882 0.06
6.908124754541426 -3.2121351739445787 0.06
-2.9243219564601546 7.035505745500111 0.06
-2.596335446490351 -7.163731028542164 0.06
6.7540693062996064 3.52881677134157 0.06
-7.3645560144454105 1.9604373772441521 0.06
4.106491459709526 -6.420804302525715 0.06
1.3093046689053487 7.5090426343164856 0.06
-6.038245508848855 -4.652912117681423 0.06
7.596064801221386 -0.6479193897743124 0.06
-5.163882706893081 5.60930614153396 0.06
0.018656146436409973 -7.624936193057627 0.06
5.137255674474151 5.635477276600726 0.06
-7.595415660933149 -0.6853181287923524 0.06
6.064070128229857 -4.625694918594429 0.06
-1.3469603283007026 7.507709229451024 0.06
-4.078528554857088 -6.4463636902687504 0.06
7.36246867242385 1.9985132092576738 0.06
-6.77941388951035 3.4999353300759957 0.06
2.6349827727615454 -7.160786673770549 0.06
2.8943361433716603 7.060652823158243 0.06
-6.9041886094301415 -3.251488835197668 0.06
7.287908557454251 -2.266360266635713 0.06
-3.843302447861927 6.594621012177918 0.06
-1.6208099574940162 -7.459421899965723 0.06
6.234436806429212 4.405882171216198 0.06
-7.57386001620372 0.9626237348780613 0.06
4.934908925118673 -5.826377425191753 0.06
0.29683859846577737 7.630326785037512 0.06
-5.373551944873971 -5.4263191479806245 0.06
7.628369812576914 0.37144851940110185 0.06
-5.876336009902607 4.8794133969896345 0.06
1.0371197738774223 -7.567984049575716 0.06
4.3477324369707775 6.281498440381256 0.06
-7.449611983518713 -1.6950756015630704 0.06
6.6386877471642585 -3.782568571176357 0.06
-2.3402737876363746 7.274140402748775 0.06
-3.1882391613314987 -6.945151621825993 0.06
7.042893756204869 2.96776810731743 0.06
-7.198525347021422 2.569286443409946 0.06
3.5727462450918077 -6.757624158547322 0.06
1.9304428125385027 7.39685004224896 0.06
-6.420498115964583 -4.1505667014150305 0.06
7.538587807146097 -1.2765946396363232 0.06
-4.696794403435829 6.034080073371075 0.06
-0.6127448960388454 -7.622633645425861 0.06
5.60131290774609 5.207234746918662 0.06
-7.648324076886303 -0.05602512758825852 0.06
5.677965807690304 -5.125495516211071 0.06
-0.7245947155571072 7.61544237048556 0.06
-4.610257669269075 -6.105368475607814 0.06
7.524220357187565 1.3878429365328895 0.06
-6.486154279178259 4.0595323211790735 0.06
2.0406878681854197 -7.375336807539088 0.06
3.47752558838121 6.817390687217063 0.06
-7.169912385254254 -2.678125536224477 0.06
7.096523692593561 -2.868684625478768 0.06
-3.2952682698897258 6.909501214230879 0.06
-2.237663643761649 -7.321397504396775 0.06
6.596079122536833 3.8873821794665013 0.06
-7.490271196476426 1.5892883323159495 0.06
4.449923468874081 -6.232028652145597 0.06
0.928518953303006 7.601832183977564 0.06
-5.820120948313543 -4.978573304371632 0.06
7.655206423410206 -0.26041239405820926 0.06
-5.469270972188822 5.36349466605242 0.06
0.40991653409726564 -7.649965257115466 0.06
4.865632054494696 5.918245070143152 0.06
-7.586128848483403 -1.0773342537058237 0.06
6.322042493997512 -4.330332401108457 0.06
-1.7367277363354579 7.464166180481455 0.06
-3.7616830385782345 -6.6775549954510165 0.06
7.2849916163379955 2.383043673516105 0.06
-6.982043107800061 3.1640281352765585 0.06
3.011327203796325 -7.049958047511787 0.06
2.5419355079864228 7.2331572548395355 0.06
-6.760846680352349 -3.616759898689522 0.06
7.42895588058717 -1.9001617100366264 0.06
-4.194696716715421 6.41985353842102 0.06
-1.2436156620785248 -7.567920459745398 0.06
6.029572782901662 4.740701641707852 0.06
-7.648967273025879 0.5773211031818132 0.06
5.250581732354873 -5.592976977590853 0.06
-0.0936218501080753 7.671455855910424 0.06
-5.113394448822111 -5.720419321234697 0.06
7.635194055091628 0.7640757430343111 0.06
-6.146602116437136 4.594483912498827 0.06
1.4289051209423593 -7.540439652655852 0.06
4.0402065619497725 6.525850974147203 0.06
-7.387898544415324 -2.0830158658603453 0.06
6.855245128974269 -3.454795829231385 0.06
-2.7213942295898392 7.178719485197561 0.06
-2.8427250510543813 -7.132244687621695 0.06
6.914485440113498 3.3391452646535837 0.06
-7.35471021291856 2.2086732859324014 0.06
3.931530358088158 -6.597201607002109 0.06
1.5574895441483123 7.520919246998248 0.06
-6.229280200529802 -4.494003580693656 0.06
7.629579646201874 -0.8941557035897549 0.06
-5.0222465725007135 5.813522113573219 0.06
-0.22374839548689182 -7.679839624335722 0.06
5.353095595088117 5.512201697130485 0.06
-7.6712944263454075 -0.4485998487760525 0.06
5.96010321013201 -4.851512107021286 0.06
-1.117739891977665 7.603989580074512 0.06
-4.312599543967802 -6.362506202226345 0.06
7.4784207000726175 1.778545426106789 0.06
-6.716313094679597 3.7404730201186274 0.06
2.425952245677296 -7.295529843794301 0.06
3.139503446111694 7.018797483319546 0.06
-7.056698446887703 -3.0549970588680933 0.06
7.267625147391555 -2.514284136091599 0.06
-3.6608555386079287 6.763736890613328 0.06
-1.8695956997191931 -7.460872061601882 0.06
6.418870780044401 4.23887932230822 0.06
-7.597039272166004 1.2103694878703075 0.06
4.784631676060597 -6.0247240372018345 0.06
0.54164987112304 7.675064522016241 0.06
-5.584298937357336 -5.293921550063783 0.06
7.6943305348955375 0.13144435999369602 0.06
-5.762835763495177 5.10095324061895 0.06
0.8037591780531218 -7.6546698938422795 0.06
4.57837459272598 6.187769072022745 0.06
-7.556366475496522 -1.4701447847039704 0.06
6.565451886593628 -4.020552390508568 0.06
-2.1254950577997374 7.400153428089777 0.06
-3.4317473263433116 -6.892975430692868 0.06
7.187207707466922 2.764786677074393 0.06
-7.1678141422269 2.816458844452029 0.06
3.383117628998088 -6.919141211766266 0.06
2.179390757251059 7.387845147755106 0.06
-6.59798858162135 -3.9757447952294784 0.06
7.551364658696733 -1.5254152848932598 0.06
-4.538120336854586 6.226191758067433 0.06
-0.859535792517016 -7.657101163063092 0.06
5.806581415521472 5.065926594900548 0.06
-7.704225310443769 0.18684851061123056 0.06
5.555109239681567 -5.342355410790681 0.06
-0.4874964690472368 7.692356413522873 0.06
-4.837054412427829 -6.001908414097342 0.06
7.621565515109852 1.158334623020609 0.06
-6.402887632002638 4.294534895881933 0.06
1.8205265496564231 -7.492374996087427 0.06
3.7189397107176063 6.754960209212757 0.06
-7.305754726069917 -2.468997343560147 0.06
7.055413024150778 -3.1146664442029084 0.06
-3.098775489086203 7.063114785152409 0.06
-2.486333823213036 -7.301927424971222 0.06
6.766294811260057 3.705030975189712 0.06
-7.492597122286324 1.8387464107665041 0.06
4.283112338995431 -6.417550053684436 0.06
1.1768578674387773 7.625942929228323 0.06
-6.019534238366706 -4.828582354390467 0.06
7.700924235043194 -0.5057330581684444 0.06
-5.337252091416582 5.575279375302131 0.06
0.1694907052483629 -7.716947123107325 0.06
5.088172661480218 5.80521308540568 0.06
-7.673869070144352 -0.8436429898255863 0.06
6.2288673684535985 -4.561930655568313 0.06
-1.5115598337361746 7.572000189450305 0.06
-4.000570920947182 -6.604955132812926 0.06
7.412101007453819 2.1681233026057556 0.06
-6.930579813204594 3.4083813537808476 0.06
2.808300706299114 -7.195376789508657 0.06
2.789887429938796 7.203230395334408 0.06
-6.923468457156587 -3.4271831761313556 0.06
7.420800778557017 -2.1498176213268807 0.06
-4.020023306360896 6.598440165396306 0.06
-1.4930672455278202 -7.5816060435986765 0.06
6.222763633851289 4.582271571744509 0.06
-7.684395499514207 0.8246610255406676 0.06
5.109611241383595 -5.799299350949769 0.06
0.1497146455512684 7.728362409004087 0.06
-5.331274793827259 -5.597991521313883 0.06
7.713150316379489 0.5266044026923844 0.06
-6.043658671008033 4.8222598300329516 0.06
1.1991163836677374 -7.638855928633528 0.06
4.276139488235639 6.443184855112559 0.06
-7.506028526368319 -1.8626689886678873 0.06
6.793494508339964 -3.6970843059301144 0.06
-2.5121768098057395 7.315665907918038 0.06
-3.0895184801290485 -7.0918880110264775 0.06
7.069206896625692 3.1426603145583125 0.06
-7.336062492842253 2.4580860646269316 0.06
3.7492840225828585 -6.768520467428972 0.06
1.807615471724198 7.524129604571103 0.06
-6.415891575040188 -4.327393591681758 0.06
7.654630120621533 -1.1430825501570643 0.06
-4.87255152889468 6.014003791008627 0.06
-0.46957252115770215 -7.726545259517581 0.06
5.565918881795743 5.380571252317883 0.06
-7.739304634437039 -0.20775893574376655 0.06
5.847549242572791 -5.07505348303704 0.06
-0.8837251498214014 7.692790771857322 0.06
-4.545153047958378 -6.269895036652103 0.06
7.587340162504913 1.5531481765884156 0.06
-6.6443588340100534 3.980263268291757 0.06
2.210898461866283 -7.4237408354088785 0.06
3.38469918608282 6.968056502334802 0.06
-7.203226472512626 -2.8519341482042178 0.06
7.238491790873676 -2.763012231868404 0.06
-3.4713397228905642 6.927467107701203 0.06
-2.1199554413879604 -7.453575579983716 0.06
6.598556480458252 4.0643637108657495 0.06
-7.611642018684262 1.4604471162627457 0.06
4.626455123919711 -6.218996139760584 0.06
0.7895332068878185 7.711461425386336 0.06
-5.79167641907201 -5.153298386156697 0.06
7.752249852044475 -0.11234870482755835 0.06
-5.640846468087659 5.319854426905212 0.06
0.565921659452226 -7.733675237257046 0.06
4.807129220797812 6.0853519745822275 0.06
-7.655860100113052 -1.2400831131407972 0.06
6.4833959482179955 -4.257414353645941 0.06
-1.9049706275433118 7.519380752974094 0.06
-3.674908002123404 -6.831914166317474 0.06
7.325263038050584 2.5554884901658106 0.06
-7.128220729701114 3.064060904854754 0.06
3.1866493587932747 -7.07497461932567 0.06
2.4295423555652724 7.37002876130849 0.06
-6.770413887633636 -3.793612498679535 0.06
7.55546805540856 -1.7762045106633433 0.06
-4.371720909258664 6.413895562881471 0.06
-1.109045284496157 -7.68309954100146 0.06
6.008133102435113 4.916537056040911 0.06
-7.751926447725449 0.4331701156066891 0.06
5.423876933130177 -5.5562180495601865 0.06
-0.246247103088057 7.761402087523924 0.06
-5.0615964788529135 -5.889842195276866 0.06
7.711434191426554 0.9240036316473527 0.06
-6.310850112341061 4.528042718390014 0.06
1.5949077243328784 -7.602385767038089 0.06
3.959630548679165 6.683661116331882 0.06
-7.435072469018172 -2.25381840005978 0.06
7.005403728912705 -3.3607020985109592 0.06
-2.8956848369677903 7.210756501571443 0.06
-2.7358346748485944 -7.2735966778407555 0.06
6.931137098431624 3.515585089674954 0.06
-7.486168031756468 2.089805780523037 0.06
4.1087638319881 -6.598337652238364 0.06
1.4275565866959277 7.64147120597736 0.06
-6.214889590634907 -4.670668836068115 0.06
7.738297715482704 -0.7541541397851981 0.06
-5.1969859077994816 5.783713121700766 0.06
-0.07475259149601667 -7.775886576466032 0.06
5.3080949949492755 5.683672010645448 0.06
-7.753930283230583 -0.6054462509584785 0.06
6.12698632329677 -4.791663447502792 0.06
-1.2812327529379006 7.672577313575874 0.06
-4.238360526136986 -6.523518992881358 0.06
7.5324311423124986 1.947429353358124 0.06
-6.8702173624082725 3.652411996648779 0.06
2.5989302334162763 -7.3345457692917035 0.06
3.038295069897754 7.164409471005618 0.06
-7.080417795106694 -3.230740448679909 0.06
7.403824645782939 -2.4007041913774247 0.06
-3.8380142250579037 6.771975103930402 0.06
-1.744515155335101 -7.586611026855546 0.06
6.411562239187734 4.4160921246076805 0.06
-7.711349890086408 1.0747478181714747 0.06
4.960536796538991 -6.0019225828215 0.06
0.3965276958448647 7.777066656936147 0.06
-5.546177473804568 -5.467167038701377 0.06
7.783238505874735 0.2849532604986678 0.06
-5.932089908474249 5.047802424598052 0.06
0.9644764109312878 -7.729798526013282 0.06
4.51060061704645 6.351730636094403 0.06
-7.617136379956997 -1.6368363904604617 0.06
6.722860110899685 -3.9386738795277108 0.06
-2.296880984464011 7.4460954696543915 0.06
-3.3363913671665983 -7.042619728843536 0.06
7.217966625835306 2.9395506099279305 0.06
-7.3085434103598494 2.7083561839030006 0.06
3.5599171003819206 -6.93447836815491 0.06
2.059370201783275 7.518576618749531 0.06
-6.597783809633172 -4.153221496783237 0.06
7.6710922326340345 -1.3943973459605403 0.06
-4.714910554974526 6.210444304443105 0.06
-0.7185256265429834 -7.7649031496858365 0.06
5.775409963418255 5.240671689244533 0.06
-7.799271524155781 0.03692820727791357 0.06
5.726466084207362 -5.2959971852733085 0.06
-0.6451761906004604 7.773914566232528 0.06
-4.775863374918723 -6.168559720397457 0.06
7.689006857742475 1.3225632467255344 0.06
-6.563552075590763 4.218979041309424 0.06
1.9900430557516802 -7.545179165285244 0.06
3.6295974880078425 6.908402280921918 0.06
-7.34351375872714 -2.6424998912743924 0.06
7.200452530901542 -3.012222327490715 0.06
-3.2749314144048354 7.085536269820679 0.06
-2.3715730676863434 -7.4374485668557595 0.06
6.773204152079368 3.8824870269267895 0.06
-7.617557076154685 1.7125490333201276 0.06
4.4605050745477826 -6.408891829320688 0.06
1.040191898284338 7.739379872751023 0.06
-5.9953726453785245 -5.0045486153145635 0.06
7.80196474950803 -0.3596471151477565 0.06
-5.510439478343136 5.535797752403662 0.06
0.32387546267980366 -7.804812917980414 0.06
5.033672098218407 5.974290351800582 0.06
-7.74788297762134 -1.0051414652104789 0.06
6.392534653346898 -4.492827695979344 0.06
-1.6789320907808376 7.631591382834009 0.06
-3.9173943797024133 -6.76195395384174 0.06
7.456809403143479 2.340084085068522 0.06
-7.079702743149159 3.3117682691647214 0.06
2.98352930750828 -7.224856598662646 0.06
2.6805781846276613 7.3433303477440175 0.06
-6.937490859609975 -3.604333582346127 0.06
7.5507998310602495 -2.0286502683460497 0.06
-4.19773453607078 6.5968950851653405 0.06
-1.3609710828680808 -7.700503731029347 0.06
6.205660602447258 4.759178131488034 0.06
-7.791276513054775 0.6826494687033877 0.06
5.284353617759332 -5.766767451742254 0.06
-0.0011225473148470887 7.822403642096689 0.06
-5.283561687746868 -5.769226628567599 0.06
7.793627203173073 0.685109493410123 0.06
-6.21007017391015 4.759729869972831 0.06
1.364072540234749 -7.7051480261561185 0.06
4.199270936504458 6.603493287785562 0.06
-7.557624297426106 -2.03280962683537 0.06
6.946467111254268 -3.6064656760133995 0.06
-2.686195318319439 7.352166667849603 0.06
-2.985844030737774 -7.236348210534621 0.06
7.090329893468596 3.3192200893863033 0.06
-7.470898950361214 2.3421504805395648 0.06
3.9270287330731093 -6.774101071700821 0.06
1.6803077721728745 7.648304765814149 0.06
-6.405884562184467 -4.504957599796773 0.06
7.7671881991182365 -1.005379271458499 0.06
-5.048570381484717 5.988483706514969 0.06
-0.32253022586469654 -7.826619592991836 0.06
5.525079486061782 5.553692165820795 0.06
-7.826124357430065 -0.36301176570444704 0.06
6.016441499575117 -5.019206280099507 0.06
-1.045996773824246 7.765686753220818 0.06
-4.474724909271345 -6.433260214412796 0.06
7.645750162039058 1.721192743326475 0.06
-6.8009407863260645 3.8957931696750303 0.06
2.3834255744771866 -7.467213839908972 0.06
3.2868340827902447 7.116651018014612 0.06
-7.231426177766653 -3.027618773146842 0.06
7.377955854555129 -2.652502103342373 0.06
-3.648832366268903 6.94017451962618 0.06
-1.9976475436602124 -7.5828361640819 0.06
6.595671615139839 4.242300784390311 0.06
-7.729704338842479 1.3272794860464638 0.06
4.80346942048027 -6.200538809370597 0.06
0.6465274671705495 7.817416595921829 0.06
-5.757786097287068 -5.328029584929851 0.06
7.845281882475208 0.039397772859014135 0.06
-5.811951588082621 5.270789194967289 0.06
0.7252441759514058 -7.813067316057667 0.06
4.743263801909545 6.251515696652661 0.06
-7.721000117309357 -1.4057585811613955 0.06
6.643340725874632 -4.179237250974812 0.06
-2.075726961104468 7.569766019035465 0.06
-3.5830177619451966 -6.984410047927114 0.06
7.360504162700247 2.730014371916812 0.06
-7.27209481628242 2.9591615337791817 0.06
3.363604310211074 -7.094798520347811 0.06
2.3124379265551416 7.504174227443641 0.06
-6.774665906427277 -3.9716371758119937 0.06
7.678852663683025 -1.6477929995749212 0.06
-4.5494475449349725 6.4025406703811845 0.06
-0.9703116839718818 -7.794773584649375 0.06
5.981256185995529 5.092599968335449 0.06
-7.851030060231273 0.2851788795562368 0.06
5.596923019344794 -5.514023278471751 0.06
-0.4023602269007445 7.847171863022269 0.06
-5.004405753225297 -6.058541330806084 0.06
7.783209064870658 1.0870403177965442 0.06
-6.473905374505015 4.456293213193572 0.06
1.7636162682605043 -7.659612108868627 0.06
3.8738713716789976 6.839818754593273 0.06
-7.477308355091054 -2.426903327882163 0.06
7.153462804834337 -3.261590087649222 0.06
-3.0718168532280012 7.237675125357895 0.06
-2.6241293672370096 -7.412418300663037 0.06
6.942529299244624 3.6934112862135944 0.06
-7.614684118575328 1.9663635915864326 0.06
4.2869180799594435 -6.594113539795689 0.06
1.2933242440733228 7.758692699140247 0.06
-6.19507925351722 -4.8477822808620985 0.06
7.843322193987262 -0.6101614223357931 0.06
-5.371697486645805 5.748466413919729 0.06
0.07789557090370106 -7.867905202786419 0.06
5.257680402374097 5.854638911708506 0.06
-7.8322340321017405 -0.7655782562137837 0.06
6.292894306247444 -4.726466042446354 0.06
-1.4476193190702915 7.736562434767425 0.06
-4.158879025990344 -6.683092491293056 0.06
7.58160381531137 2.118792955353612 0.06
-7.02222929062772 3.559254948700655 0.06
2.7739549121454394 -7.3685259140064225 0.06
2.932176191884896 7.307690659828411 0.06
-7.098942009195413 -3.408081916574276 0.06
7.537272834622455 -2.2824369030626834 0.06
-4.016310190939499 6.774898704051267 0.06
-1.6150063434137314 -7.709199343040328 0.06
6.398860390362034 4.593972758371106 0.06
-7.822134750232469 0.9349908818836813 0.06
5.136635253300964 -5.973690507094066 0.06
0.24759492705574304 7.875195029464113 0.06
-5.502629736469103 -5.640129961563472 0.06
7.867954478873849 0.4419189047426409 0.06
-6.10058782919701 4.989271303332115 0.06
1.1282700797933134 -7.800449129828564 0.06
4.437533566358199 6.514468193754906 0.06
-7.673176619671489 -1.8062005877883054 0.06
6.878586009989572 -3.8516301098594266 0.06
-2.4705152229055276 7.487092528705123 0.06
-3.2360375648151276 -7.190136360258085 0.06
7.243603208283079 3.1161213970176256 0.06
-7.446716061304034 2.595461404512988 0.06
3.738068179477429 -6.944555153901386 0.06
1.9347999765327633 7.646342200739437 0.06
-6.59222100345344 -4.331584264634285 0.06
7.787467460459061 -1.2591070456046618 0.06
-4.89211457548948 6.189282266974369 0.06
-0.5735531341984043 -7.868992108412054 0.06
5.7388089189115865 5.415355223087479 0.06
-7.890272565936806 -0.11661404385838874 0.06
5.897286552943514 -5.244236008464114 0.06
-0.8061097535098765 7.8511264838427 0.06
-4.709337465924835 -6.334204025135017 0.06
7.751834287288582 1.4896527053031923 0.06
-6.722746690482955 4.138197305059351 0.06
2.1620055085958096 -7.593137176477281 0.06
3.535178440940745 7.059923044248271 0.06
-7.376231597315779 -2.8180148017283946 0.06
7.34313405818151 -2.9048893616753717 0.06
-3.4526507512221323 7.1027602233276355 0.06
-2.2521489082396466 -7.570193213856235 0.06
6.774799516668994 4.061045617687835 0.06
-7.739343382652486 1.5819494319962248 0.06
4.63853109231036 -6.394843962574073 0.06
0.8994186111569611 7.849270422268843 0.06
-5.965787096742356 -5.18067411794473 0.06
7.899113384415688 -0.20978021866929702 0.06
-5.683310919557242 5.490899470181676 0.06
0.48168585874462894 -7.888471254526155 0.06
4.973803719057965 6.142578983153994 0.06
-7.817406170677516 -1.169684043942251 0.06
6.554946737232538 -4.418446929866251 0.06
-1.8489436260727103 7.686443095971316 0.06
-3.8290705104183242 -6.917240708999851 0.06
7.4965659457540115 2.5142591395799427 0.06
-7.226669946236539 3.2101777969703766 0.06
3.160530256601179 -7.249210198160108 0.06
2.5664996445200106 7.480847517138594 0.06
-6.94625204354095 -3.782800886592261 0.06
7.677808922280585 -1.9029582635855835 0.06
-4.376297183872175 6.589994154658446 0.06
-1.224629579499005 -7.816027276885367 0.06
6.183148185723485 4.936464171184106 0.06
-7.89442514590875 0.5367044024820554 0.06
5.459000698714103 -5.728814133085393 0.06
-0.1555512948850895 7.912382940344809 0.06
-5.23045671489668 -5.939892469867803 0.06
7.869743809249363 0.8468366883770018 0.06
-6.375442880588144 4.691878949457024 0.06
1.5318566928904553 -7.7668149889415234 0.06
4.117193134024785 6.762301434950913 0.06
-7.604365597906547 -2.2053625219848585 0.06
7.097489518925233 -3.5107894452311545 0.06
-2.862191905966637 7.383620893126832 0.06
-2.877302401205789 -7.378423333749251 0.06
7.106253030775506 3.4973086598974836 0.06
-7.602933812605889 2.2215754412430146 0.06
4.105841298683069 -6.77436840082 0.06
1.5486238941185038 7.769283366859858 0.06
-6.390491631602804 -4.683120402724507 0.06
7.876179332758005 -0.8635966177768869 0.06
-5.224714447942252 5.957546385674517 0.06
-0.17173660422885892 -7.922784014395947 0.06
5.478833093174733 5.726463824834082 0.06
-7.908721245048942 -0.521659149360494 0.06
6.184512785793932 -4.958003792087234 0.06
-1.2112801957977386 7.834079415430265 0.06
-4.399034267450809 -6.595339074967527 0.06
7.699410944586225 1.8918433091527085 0.06
-6.955781013280916 3.8061937017551686 0.06
2.5581329602647025 -7.505728196358255 0.06
3.1840120685432196 7.263061830066651 0.06
-7.254495871509533 -3.2050412868247338 0.06
7.514811054308421 -2.5372455178882403 0.06
-3.8276072512647925 6.9476199327586405 0.06
-1.8708400186360459 -7.709082800480864 0.06
6.587433146320139 4.421054686696688 0.06
-7.844370808134629 1.1898935349371715 0.06
4.980828938699469 -6.176677349790413 0.06
0.4996170267470132 7.919620118830479 0.06
-5.718482580958059 -5.502631822253716 0.06
7.93423530003915 0.1947054277945466 0.06
-5.982454625136227 5.216343226647014 0.06
0.8877570824825498 -7.888085151828806 0.06
4.674091373067265 6.416608904726716 0.06
-7.781503859219937 -1.5742292364662853 0.06
6.801754841287539 -4.095867561216004 0.06
-2.2488618987410773 7.615288580243738 0.06
-3.4860891701788934 -7.134926930078643 0.06
7.390693487016136 2.906484092675766 0.06
-7.4135568143833614 2.8494166701116272 0.06
3.542053491288015 -7.109420304416837 0.06
2.190718002336517 7.6354930838969866 0.06
-6.773605417622954 -4.150695079905169 0.06
7.799017885646762 -1.5150313592008267 0.06
-4.727738549324066 6.385803646310712 0.06
-0.8275266478647262 -7.902860219380941 0.06
5.948968808567188 5.268754133065491 0.06
-7.946205814391653 0.13346593321258923 0.06
5.769586613326308 -5.466431222591744 0.06
-0.5618368378859314 7.928703511141928 0.06
-4.941872317290969 -6.226387234953605 0.06
7.850468097640734 1.2530565222387549 0.06
-6.635643281970353 4.379296545615716 0.06
1.9348975648655515 -7.7120795777453806 0.06
3.783000814602992 6.994205089694833 0.06
-7.514578875878853 -2.602134569578468 0.06
7.299310284436702 -3.1575416658401516 0.06
-3.2496523452388257 7.25946000988254 0.06
-2.507700456656034 -7.548605064492851 0.06
6.948658790932811 3.8724851203319273 0.06
-7.740162358265372 1.8384468085021748 0.06
4.465854625664782 -6.584538135847379 0.06
1.1549006015378154 7.872496719628889 0.06
-6.169870103382883 -5.025206752700043 0.06
7.944575845258196 -0.4622928064982519 0.06
-5.546246506694486 5.707814790879188 0.06
0.23407454694634908 -7.9558286247550525 0.06
5.201896252144724 6.024970985981814 0.06
-7.906149660730797 -0.9288689585330667 0.06
6.457700134533335 -4.655975619829656 0.06
-1.6167682921874562 7.795900223154299 0.06
-4.074221637584113 -6.841105031194991 0.06
7.625905629522937 2.2925015440802596 0.06
-7.172233498451312 3.461078826564468 0.06
2.950889232125713 -7.397449069762124 0.06
2.8212335297366824 7.44853283343032 0.06
-7.1122619221046595 -3.586883096977115 0.06
7.667869486381216 -2.1595780930135153 0.06
-4.195604810650376 6.772510632907668 0.06
-1.4811734574044355 -7.828545534713367 0.06
6.3807802599718455 4.772383395532429 0.06
-7.92931182558181 0.7912104477877423 0.06
5.312791067158104 -5.9400548041853165 0.06
0.09497005484698635 7.969377685157252 0.06
-5.45369447929096 -5.812677225388598 0.06
7.94841711923409 0.6022169863649232 0.06
-6.268200333190717 4.925410092874276 0.06
1.2950110113844566 -7.866571456510963 0.06
4.3592347337699415 6.675857438254183 0.06
-7.724448413202725 -1.9781043227721555 0.06
7.032511110335541 -3.759492982172886 0.06
-2.646261854335029 7.523117585036893 0.06
-3.130767877173973 -7.335413587471097 0.06
7.2641023999855205 3.2943612920450316 0.06
-7.582227944960093 2.477865894407169 0.06
3.9174323437185445 -6.949368592353397 0.06
1.8057802010467394 7.7710461242684445 0.06
-6.581309285279995 -4.510694856836064 0.06
7.900403682570918 -1.1196524694832213 0.06
-5.0695954917422235 6.162726795024012 0.06
-0.42473354128959806 -7.969291149086198 0.06
5.696811295165508 5.589842669277436 0.06
-7.977161900028889 -0.2736567571383352 0.06
6.06743952422031 -5.187116503408153 0.06
-0.970170340186937 7.923936490849832 0.06
-4.637532576001255 -6.4987146118695795 0.06
7.810003411424007 1.6594718176411956 0.06
-6.880350131514803 4.0522564168330035 0.06
2.336279365145741 -7.636216257283068 0.06
3.43575962746976 7.209407450147957 0.06
-7.403887337471192 -2.995405196969809 0.06
7.483349729781459 -2.7927543432568105 0.06
-3.631795331397283 7.114777766792222 0.06
-2.1281572161156808 -7.700061484397041 0.06
6.771084117351202 4.240568343483488 0.06
-7.857864915546385 1.447051819744273 0.06
4.81705280846188 -6.375421730402587 0.06
0.7546497642650998 7.955532900648118 0.06
-5.93080481547571 -5.356823148166282 0.06
7.992298533303874 -0.05625081820519372 0.06
-5.855733605797232 5.440623487977913 0.06
0.6427976574997608 -7.967861141580771 0.06
4.90861792046262 6.309950087830585 0.06
-7.882388736995549 -1.3371416525131958 0.06
6.71597962885719 -4.338849804357744 0.06
-2.021461514085706 7.736516874347935 0.06
-3.7356713402303825 -7.070697252589827 0.06
7.531343930030145 2.690512703482017 0.06
-7.371370022774904 3.103691992987628 0.06
3.3391659900452204 -7.268422833801383 0.06
2.44774326633499 7.615678098640443 0.06
-6.949749316347007 -3.962446774397647 0.06
7.801732632898914 -1.7728417652910247 0.06
-4.555573239744096 6.577746761416669 0.06
-1.0841508295693059 -7.928090374027292 0.06
6.155247777681992 5.113993038256983 0.06
-7.99376486010596 0.38694103082402026 0.06
5.633418231490543 -5.685472630231366 0.06
-0.3134501635721963 7.998234117288425 0.06
-5.172004696174644 -6.109858216255712 0.06
7.941444802924868 1.0116592519705598 0.06
-6.539650383492907 4.61876313115114 0.06
1.7023377718273525 -7.823812760451893 0.06
4.0299729555462145 6.919488274255987 0.06
-7.646219980680343 -2.380193270943499 0.06
7.246447016674266 -3.41013278840174 0.06
-3.0400298622439403 7.410007991673497 0.06
-2.7639804757995408 -7.518005847922636 0.06
7.116967726654634 3.6767880517860143 0.06
-7.7320675480295735 2.0964568759475943 0.06
4.285583534253902 -6.7693259465719215 0.06
1.4126680781977121 7.8869746354886425 0.06
-6.369728320088703 -4.86174465889149 0.06
7.981522199789412 -0.7178463444699067 0.06
-5.400848278062998 5.921219289753079 0.06
-0.01731007230158909 -8.01496727138651 0.06
5.4272188773339405 5.898753703750491 0.06
-7.987034656358664 -0.6835769145646096 0.06
6.351634510923954 -4.891496605297792 0.06
-1.3794464359848735 7.89791918990367 0.06
-4.318142732984721 -6.756007943865317 0.06
7.7482843903146605 2.0649670716033666 0.06
-7.108761699129845 3.7115370272953716 0.06
2.73488500804246 -7.5392575226466825 0.06
3.0763153059739454 7.407177879478151 0.06
-7.272421108707672 -3.3840643045933803 0.06
7.648953934153599 -2.417334009440185 0.06
-4.007526268352792 6.949800947398592 0.06
-1.7396330715246286 -7.832220424404422 0.06
6.573850735939226 4.600487637369684 0.06
-7.95555547698952 1.0483973733952505 0.06
5.15839727853419 -6.1474334088960285 0.06
0.3489170750501791 8.017995814088358 0.06
-5.673799336715334 -5.676971119064166 0.06
8.019044273945793 0.353452871677709 0.06
-6.152225043086809 5.156561550026869 0.06
1.0533337191979126 -7.958673763636795 0.06
4.599668178285467 6.58050550107422 0.06
-7.8373276125261 -1.745364115001777 0.06
6.958517596623455 -4.007372313309777 0.06
-2.4242411722801913 7.655916322597941 0.06
-3.3841995274121253 -7.283350434975894 0.06
7.415810739469893 3.0847611052337602 0.06
-7.55249953798349 2.734913294559662 0.06
3.7218591181440845 -7.118831695207279 0.06
2.064478578387391 7.763886153169661 0.06
-6.76723620129694 -4.3306482419905885 0.06
7.915873307807528 -1.3780238658094095 0.06
-4.9064568212467865 6.363700296308814 0.06
-0.6808019361274981 -8.007278484214538 0.06
5.911298678786166 5.444864362881864 0.06
-8.037382817989453 -0.021850333817235213 0.06
5.941735472870218 -5.413481280140879 0.06
-0.7245528213225074 8.005936747758728 0.06
-4.8740469563163895 -6.393251619295375 0.06
7.913162071998756 1.421923353166531 0.06
-6.795940478435502 4.297114498539903 0.06
2.10861892964101 -7.759750396086178 0.06
3.6870911847105208 7.146702637974381 0.06
-7.546857980375664 -2.7793766610591235 0.06
7.44283545227987 -3.048639111191403 0.06
-3.4290541035499595 7.276097027591591 0.06
-2.3866395625870687 -7.682053865880806 0.06
6.949523475269838 4.052668684542747 0.06
-7.8625080449348035 1.7061556914113947 0.06
4.645435916116098 -6.569621385533462 0.06
1.0123937934059706 7.982797680454708 0.06
-6.139284050898675 -5.202806102708534 0.06
8.041982852864312 -0.3106634742553459 0.06
-5.720499261967753 5.661791959603109 0.06
0.39366298708531483 -8.039591373484043 0.06
5.140787788515322 6.194537990314674 0.06
-7.975622545703783 -1.0951917678934113 0.06
6.621278021216029 -4.580248613968628 0.06
-1.7885488086646948 7.850547315889771 0.06
-3.9844555528311 -6.997436241046675 0.06
7.665304811752969 2.4684209817040506 0.06
-7.320115947477387 3.3579610652131207 0.06
3.1295968054791063 -7.421295293621928 0.06
2.7055541689109117 7.5868291557862815 0.06
-7.120369571421073 -3.7670063931961777 0.06
7.795515781572244 -2.032223830993548 0.06
-4.375760328922293 6.764814967449579 0.06
-1.3431208167924047 -7.944559551762383 0.06
6.357337931254338 4.951187173581183 0.06
-8.032800521207495 0.6435182876100762 0.06
5.48886931269835 -5.901043438928266 0.06
-0.061228550984996286 8.059544097810017 0.06
-5.39941133340202 -5.984676871204477 0.06
8.024566506077125 0.7657234419457027 0.06
-6.4347994345474575 4.856269786281207 0.06
1.4645703963610883 -7.928116646095888 0.06
4.2757660833139886 6.835775332819369 0.06
-7.770914332598479 -2.152415023970872 0.06
7.184518262515873 -3.662334956769506 0.06
-2.8239855575415334 7.554144926515301 0.06
-3.0206647061760323 -7.478341041491921 0.06
7.279450398962029 3.4741332572386368 0.06
-7.714976314013647 2.355661366624757 0.06
4.097871884868316 -6.948916895114361 0.06
1.6724111980915928 7.892594046604566 0.06
-6.565058892006605 -4.690415945786155 0.06
8.009815679494537 -0.9761417830025818 0.06
-5.247217404747025 6.130800070734644 0.06
-0.27218202915479517 -8.065724824403892 0.06
5.649451048346758 5.764000594407822 0.06
-8.0598744255441 -0.43407861552967636 0.06
6.236795048151078 -5.124684139277092 0.06
-1.1372314247179616 7.992290327974451 0.06
-4.560505338440642 -6.661966005471238 0.06
7.863471224843162 1.831889815481153 0.06
-7.036242355208639 3.961223740054072 0.06
2.5127306134485488 -7.674384982800803 0.06
3.331418625289335 7.356741802121054 0.06
-7.426461372665909 -3.1745348447136577 0.06
7.620993062894354 -2.6759044705138733 0.06
-3.812227742353769 7.121581259834666 0.06
-1.9996941431079516 -7.826954920913992 0.06
6.762062336271838 4.420917660438141 0.06
-7.973031992670827 1.307960566625564 0.06
4.995933597559102 -6.350641502146076 0.06
0.6059971480278104 8.058087084201944 0.06
-5.89045403123462 -5.532861041623205 0.06
8.081450041740608 0.1008227298316477 0.06
-6.027575861231291 5.3850096784594434 0.06
0.8070868409392317 -8.042923027804179 0.06
4.838165911897581 6.47627598307486 0.06
-7.942782181156974 -1.5073855587391318 0.06
6.875510612387314 -4.254098473113827 0.06
-2.196353291762053 7.781775646840894 0.06
-3.637269490828759 -7.222206771554406 0.06
7.5611179902781425 2.8687095944156176 0.06
-7.513692953082584 2.992393391049568 0.06
3.5192996384054607 -7.282481037058675 0.06
2.3244008644909138 7.747719704606892 0.06
-6.947981207589782 -4.143133734141251 0.06
7.922476987554513 -1.63840116628046 0.06
-4.735425599561128 6.560163442401502 0.06
-0.939643036635001 -8.03660817532517 0.06
6.121981840376222 5.291629082438014 0.06
-8.089220582893956 0.23347454097777273 0.06
5.8074730548271445 -5.6367771569804574 0.06
-0.4746978627709814 8.079892446009456 0.06
-5.108251334151033 -6.278994211427829 0.06
8.008676295519036 1.1794507168981188 0.06
-6.702567520354237 4.540439255743045 0.06
1.875385099218548 -7.876098699840489 0.06
3.9376779442704435 7.07493409207507 0.06
-7.683156376436877 -2.557167983378757 0.06
7.393226252399756 -3.304573434019444 0.06
-3.2195731068205053 7.431308701018829 0.06
-2.6459655734201997 -7.654989626660191 0.06
7.122466670663662 3.857521033680216 0.06
-7.85820206484665 1.966891025969623 0.06
4.46611810506248 -6.758978404436068 0.06
1.2725447521474835 8.001289261974092 0.06
-6.343611291347478 -5.040693978440744 0.06
8.083136952853351 -0.5682402673311998 0.06
-5.5768374677972234 5.879530921576404 0.06
0.14063102070261196 -8.103099586949192 0.06
5.370276961107818 6.070430409863422 0.06
-8.061005415713023 -0.848641083052979 0.06
6.517679296079015 -4.819736153926163 0.06
-1.5503668342736734 7.957157952383769 0.06
-4.232112657373279 -6.915144427653041 0.06
7.792333791958393 2.2404316715096093 0.06
-7.259766369331799 3.611895937415556 0.06
2.913546670475889 -7.567776806893745 0.06
2.9638264686239597 7.548889498719929 0.06
-7.285188761964768 -3.564551122167033 0.06
7.780282469630768 -2.292859501311879 0.06
-4.188452100055214 6.946716418966812 0.06
-1.6041271723632038 -7.952155432012507 0.06
6.554935229116334 4.780462753969493 0.06
-8.063173875376005 0.9028992498911019 0.06
5.336039037381698 -6.112829736835354 0.06
0.19454281155013714 8.112468988814328 0.06
-5.6237708442434355 -5.850914585894884 0.06
8.099644457089196 0.5155188345194301 0.06
-6.321133479606971 5.091490109289409 0.06
1.2218476721582625 -8.024779639718554 0.06
4.520051273780351 6.743080637393907 0.06
-7.888429107584539 -1.9190326246869853 0.06
7.11350960992388 -3.913819238227617 0.06
-2.601731008940317 7.691618539495988 0.06
-3.2774267207270817 -7.429567557419754 0.06
7.435837009081593 3.264709477790101 0.06
-7.688817220273116 2.6157388541732516 0.06
3.9028841378579915 -7.123025719906989 0.06
1.9338159927535112 7.889255713067661 0.06
-6.75556327415361 -4.511359534431607 0.06
8.029329997301355 -1.2368750116469405 0.06
-5.085466205068457 6.336247586474714 0.06
-0.5302493963366287 -8.107948913115118 0.06
5.868274580751376 5.620796513387339 0.06
-8.124491676958174 -0.18065157358122422 0.06
6.113238488454183 -5.3552138317048 0.06
-0.8903842332700819 8.078812778938751 0.06
-4.800981337292186 -6.559007409583566 0.06
7.9712432413088266 1.5935122176777872 0.06
-6.954674894298467 4.209809629260521 0.06
2.284648103037178 -7.802588227331277 0.06
3.586215450332565 7.2971952655658034 0.06
-7.5741210177087535 -2.9584946863400896 0.06
7.583928995814986 -2.9349652445023415 0.06
-3.609885586027179 7.287573399684782 0.06
-2.2610387244993047 -7.812663047022735 0.06
6.945122541235371 4.233824853158706 0.06
-7.9816279503534275 1.5695907944865657 0.06
4.825525288917015 -6.549374449977829 0.06
0.865912119582523 8.089511493357314 0.06
-6.103344142272525 -5.380445174982053 0.06
8.13546890901259 -0.1553886433737691 0.06
-5.894323134549059 5.61043267364646 0.06
0.5565396363628161 -8.11912948739932 0.06
5.074401205266144 6.363210856791837 0.06
-8.040599558352014 -1.2644203186557001 0.06
6.78350343310444 -4.499342304499655 0.06
-1.9628303576823833 7.9004618211190945 0.06
-3.8896486982329477 -7.151967072374895 0.06
7.699771025049213 2.6464176091109617 0.06
-7.465763981903175 3.249979717862447 0.06
3.3099418456805387 -7.440046033339639 0.06
2.5852256919052747 7.722474222806632 0.06
-7.1232583294504215 -3.948314928157988 0.06
7.920114371354109 -1.900470558748575 0.06
-4.556639823272321 6.751817053280458 0.06
-1.2009529849500045 -8.05715284253313 0.06
6.3285506805036285 5.130248169854659 0.06
-8.132521757302824 0.4920262868955218 0.06
5.6647361045839855 -5.85668548459132 0.06
-0.22088253801429578 8.1456252617218 0.06
-5.339820945278102 -6.15599807280422 0.06
8.096344233070933 0.9323143566518028 0.06
-6.600258364450511 4.78190229119135 0.06
1.6368197043450508 -7.985037335884398 0.06
4.187190385781945 6.99410013319907 0.06
-7.812538418693013 -2.3290005273605487 0.06
7.334491675484389 -3.5602291867589373 0.06
-3.0035515444062377 7.580150270284548 0.06
-2.9058110271765654 -7.618809767564687 0.06
7.2896347822839305 3.655300909763286 0.06
-7.844859880738743 2.228939983843381 0.06
4.27924986682994 -6.943199592207898 0.06
1.5347936126470456 8.010893119158302 0.06
-6.543481308398115 -4.870611087599226 0.06
8.11561974932681 -0.8286833438272235 0.06
-5.424845404440163 6.09352544410249 0.06
-0.11601383970283995 -8.158219216777484 0.06
5.596763213641205 5.937696651937732 0.06
-8.138346572042444 -0.597758373697111 0.06
6.405224351738949 -5.056985367181752 0.06
-1.3071666849186196 8.056135255681776 0.06
-4.478313263945404 -6.823833989039495 0.06
7.912196219919257 2.006776264932247 0.06
-7.190304648419804 3.865167404254642 0.06
2.691225704354495 -7.707613392498463 0.06
3.222233661046429 7.5018137962508336 0.06
-7.44393551646102 -3.3552681005800724 0.06
7.755959019265394 -2.554427468431191 0.06
-3.993811280410841 7.123164427167404 0.06
-1.866856241389938 -7.9507765516321385 0.06
6.747739855420031 4.601956849382233 0.06
-8.084756447863708 1.1647803135038926 0.06
5.175037768771275 -6.320520871873682 0.06
0.4535726919135897 8.156854284168025 0.06
-5.844764114066316 -5.708654171599697 0.06
8.166499297702053 0.2613220630407107 0.06
-6.19870714316926 5.3240989616293195 0.06
0.9744295183317249 -8.113598900229404 0.06
4.7624998491924 6.64143020639699 0.06
-7.998539530569366 -1.6802872902927017 0.06
7.033418270449572 -4.164255927882692 0.06
-2.373486886695391 7.822183838205608 0.06
-3.5339383073480417 -7.3716538198601045 0.06
7.58586421849246 3.048715148812004 0.06
-7.6535301429946205 2.8763651281213876 0.06
3.7007949754472422 -7.2913727479607315 0.06
2.196564731602763 7.876871420804004 0.06
-6.9409475956198605 -4.324725017253567 0.06
8.039949521272701 -1.4997372087758818 0.06
-4.915718036534825 6.5372560134422 0.06
-0.7912146221288765 -8.141497369755115 0.06
6.083374035096987 5.469237638748915 0.06
-8.180718791911032 0.07642020461702768 0.06
5.981033093463719 -5.58276303768052 0.06
-0.6391731516599706 8.157294752685909 0.06
-5.039243344765047 -6.4471719778707 0.06
8.071385942537045 1.3500847997868073 0.06
-6.864070391805443 4.456965072371543 0.06
2.050868314044031 -7.923631689979678 0.06
3.8403764400193516 7.228520512452343 0.06
-7.715145207668767 -2.7361532165771787 0.06
7.5377152765747555 -3.1941897891784032 0.06
-3.400686134571834 7.447505207391994 0.06
-2.523345568339115 -7.789270000631853 0.06
7.12274394701723 4.039371072980226 0.06
-7.981240772027651 1.8329745603590548 0.06
4.6473084936118205 -6.743331800023149 0.06
1.1283586404576607 8.112139469862715 0.06
-6.31215846458894 -5.219832901340634 0.06
8.180945298965444 -0.4148903654403395 0.06
-5.752548648668909 5.832510955385983 0.06
0.30196829712296946 -8.187112747943113 0.06
5.3080485454346285 6.241363684268793 0.06
-8.1305759091458 -1.016727783439571 0.06
6.682520986012765 -4.742774849336515 0.06
-1.7239129721074469 8.011749126414262 0.06
-4.141007260543961 -7.072627437390025 0.06
7.8315239645529156 2.4181051243966603 0.06
-7.408679925044551 3.507343976321949 0.06
3.093983405396348 -7.591262522606633 0.06
2.846628861885406 7.688088457001583 0.06
-7.292787141149138 -3.7463656674021815 0.06
7.908696123363285 -2.16391442259128 0.06
-4.370248183399223 6.938366581227588 0.06
-1.4644231668208696 -8.068795745864332 0.06
6.530698779935752 4.960844025540987 0.06
-8.167143087590265 0.7535076554531898 0.06
5.513619794689006 -6.072890313484474 0.06
0.03660954309176558 8.202966520799327 0.06
-5.568432724328528 -6.024330418779099 0.06
8.175973077638366 0.6807820750670809 0.06
-6.489051753288829 5.021175892471719 0.06
1.3931726923550585 -8.08635083639562 0.06
4.435298654338377 6.904210733083412 0.06
-7.934767623900814 -2.0951044734560265 0.06
7.266612844298717 -3.8152768931065713 0.06
-2.781198069086452 7.722366042898369 0.06
-3.1658493445274396 -7.5734667047366875 0.06
7.450754861450237 3.4461938417006754 0.06
-7.822405563912558 2.491981379077675 0.06
4.084992186738047 -7.121996829140624 0.06
1.7988270376664932 8.011505556919998 0.06
-6.738593012485262 -4.6926926398481275 0.06
8.139300571535783 -1.091689610739825 0.06
-5.264631470627814 6.303463768316214 0.06
-0.3759810627409481 -8.204793613520097 0.06
5.819926500097752 5.796417474048944 0.06
-8.207464582144437 -0.3428193880815978 0.06
6.2839656852956605 -5.291670366342431 0.06
-1.059207217042379 8.147274395241965 0.06
-4.7227281342335585 -6.723528758778297 0.06
8.0246654311444 1.7676947468938344 0.06
-7.11172577063224 4.117445392877151 0.06
2.462853184914543 -7.840558283027828 0.06
3.4804473615627467 7.445568223002924 0.06
-7.596344849394638 -3.1393542216633614 0.06
7.722483050395949 -2.8166035461788477 0.06
-3.79201087217446 7.293877812611799 0.06
-2.1309905142615113 -7.940332450730729 0.06
6.935456584903483 4.415817247001841 0.06
-8.09743038847733 1.4288530728398465 0.06
5.005986947722124 -6.523809828561507 0.06
0.7155641463012387 8.192555642321155 0.06
-6.062074683047005 -5.55798979282623 0.06
8.224961296482093 0.0034163389194335854 0.06
-6.067586591791033 5.553772857357211 0.06
0.7225832483512645 -8.194380601924843 0.06
5.002783769579875 6.530861700788663 0.06
-8.101029161466508 -1.4364283919044663 0.06
6.9442531096518145 -4.4133149388063275 0.06
-2.1394827123907003 7.94560342097322 0.06
-3.7898698550398966 -7.304579829248215 0.06
7.729275477131763 2.826358186537854 0.06
-7.609066368386573 3.1372135728203734 0.06
3.49178911794208 -7.453684240415694 0.06
2.4603362910402375 7.855364112184129 0.06
-7.120923019960354 -4.130672505028536 0.06
8.041569436995093 -1.7644151977316613 0.06
-4.738107175000112 6.73352362424106 0.06
-1.0547748711329907 -8.166238422384346 0.06
6.294437098490061 5.30943138322288 0.06
-8.228398046293336 0.3368465403652366 0.06
5.840258590022114 -5.807011245182233 0.06
-0.3838734830323425 8.227553776732465 0.06
-5.274965099079528 -6.326511139916921 0.06
8.163693500706788 1.1018658840883344 0.06
-6.764451585083465 4.702360551155325 0.06
1.8116306122251336 -8.037287759241222 0.06
4.0935713382279495 7.150711412079126 0.06
-7.849286285617484 -2.507729013752741 0.06
7.482316951348632 -3.453249634700759 0.06
-3.184825506748244 7.6011108722058385 0.06
-2.7862905019723745 -7.756712269938762 0.06
7.294644619530952 3.8377284785075867 0.06
-7.971778871439224 2.0977944667853348 0.06
4.461430092543698 -6.932217648728691 0.06
1.3930285150175956 8.125852051098878 0.06
-6.516589385953015 -5.051144699460165 0.06
8.21773378004005 -0.6773857987798918 0.06
-5.6023455575100085 6.05092755321429 0.06
0.04365563448022495 -8.246702018721068 0.06
5.538784025840085 6.110799580668533 0.06
-8.212516387360369 -0.7645747755042712 0.06
6.572599847874076 -4.9840677402825975 0.06
-1.4798499279099053 8.11542014875786 0.06
-4.3910148592266856 -6.98419562340936 0.06
7.956138487259956 2.1840010008104147 0.06
-7.34241965808407 3.764156421375263 0.06
2.8716314949544484 -7.735873095985074 0.06
3.1082837233268545 7.644512561000954 0.06
-7.456293112619172 -3.5374698611730815 0.06
7.888144054638934 -2.4284116976461108 0.06
-4.17640991369892 7.119522472241898 0.06
-1.7297405674595576 -8.071430949297941 0.06
6.728123772856455 4.783549988985566 0.06
-8.192951698464627 1.0176160703455746 0.06
5.354230549281792 -6.285078776366897 0.06
0.29748855621382453 8.251757422447767 0.06
-5.793765693145801 -5.884069942898943 0.06
8.247379314931006 0.4251287283260767 0.06
-6.368998046323585 5.257933423496951 0.06
1.1447018493531773 -8.179832374571463 0.06
4.681672952125811 6.805287530246876 0.06
-8.049615432021843 -1.8557185660966422 0.06
7.1895825089816405 -4.069386114212468 0.06
-2.552730557429011 7.8577074710864725 0.06
-3.425751971199783 -7.518924353378002 0.06
7.605560271063498 3.2303951713715344 0.06
-7.790774468409066 2.755691053508258 0.06
3.883516377318013 -7.295087425596953 0.06
2.0643277431460647 8.003033860285578 0.06
-6.92864982108328 -4.507084607238102 0.06
8.154059342198886 -1.35695108382693 0.06
-5.096315180418077 6.509037684776475 0.06
-0.6389743186694113 -8.242676253504136 0.06
6.039449339165323 5.646685016862154 0.06
-8.26818759406681 -0.08410653553499521 0.06
6.153967357850236 -5.5234668242430685 0.06
-0.8067547600062092 8.23037950262364 0.06
-4.965028573777644 -6.61426422677319 0.06
8.129523036169106 1.52343532990274 0.06
-7.02403638140647 4.368399353616643 0.06
2.228657309375463 -7.966372235677125 0.06
3.7381376917996434 7.38013052710769 0.06
-7.742158491855116 -2.9170159216219123 0.06
7.679803581921335 -3.079061048941425 0.06
-3.583233971131581 7.458581253035232 0.06
-2.3962089954188106 -7.92074380663041 0.06
7.117795145226565 4.222202301002302 0.06
-8.101088637287708 1.6948046762999005 0.06
4.8290189747195695 -6.7223936021181 0.06
0.9802148590956508 8.219439082444014 0.06
-6.275389129162884 -5.399026882465422 0.06
8.274870573911162 -0.2579088696015439 0.06
-5.92784948301194 5.780190352121205 0.06
0.4665832694913415 -8.26694018683036 0.06
5.24057602472774 6.4114244071851 0.06
-8.195690172781108 -1.1877131774040337 0.06
6.846034664535746 -4.660666194008637 0.06
-1.8999566068666938 8.061647777720358 0.06
-4.0448907428671115 -7.228337213928799 0.06
7.8658213450581504 2.5978557634379147 0.06
-7.555388678098878 3.3979555504531413 0.06
3.2760611278783687 -7.609692732719524 0.06
2.7248065285345158 7.824668004590079 0.06
-7.295206101087437 -3.9293724616860426 0.06
8.03409589839778 -2.0305918091403727 0.06
-4.552778681002131 6.924753156742303 0.06
-1.3206223720250911 -8.18205087679775 0.06
6.501154963865677 5.1414962934737884 0.06
-8.267381822195045 0.6003314135033412 0.06
5.691006102832713 -6.027640461865722 0.06
-0.12476723283421517 8.289416935925646 0.06
-5.507821852501344 -6.1970879000631145 0.06
8.24796902332049 0.8491213048473412 0.06
-6.655852874445754 4.945667044366433 0.06
1.567182627497946 -8.143337068552954 0.06
4.34546936470816 7.063773495829467 0.06
-7.976304086076778 -2.2734496093898566 0.06
7.417710638203915 -3.711814770146332 0.06
-2.962509395041751 7.74813126400743 0.06
-3.0495468062487014 -7.714937736398029 0.06
7.460548443333812 3.6290793494589577 0.06
-7.953161789713836 2.3637295840759425 0.06
4.268047557644735 -7.115741004679892 0.06
1.659609056391845 8.130541050873685 0.06
-6.716333262129286 -4.874512028092228 0.06
8.24569926366734 -0.9425728901023389 0.06
-5.443818299925994 6.265368490152106 0.06
-0.2181092413030896 -8.297736339439703 0.06
5.766285735900851 5.97159516477351 0.06
-8.286235389456051 -0.508235251164378 0.06
6.453788229710281 -5.2228935932156455 0.06
-1.230897932476235 8.211266058277843 0.06
-4.639341138604191 -6.8866910631779295 0.06
8.073384131546717 1.9443427332879535 0.06
-7.266973684868556 4.02008625074487 0.06
2.643102580230029 -7.873627420089255 0.06
3.3698615557944396 7.591708180296361 0.06
-7.613507950801338 -3.3218212900583333 0.06
7.858391243386287 -2.6936382581686313 0.06
-3.9752946267688856 7.295000522987126 0.06
-1.996588133610443 -8.064963473241894 0.06
6.92052771691982 4.598510206506512 0.06
-8.209825276505816 1.2840439748101367 0.06
5.186685944844869 -6.49294146820597 0.06
0.5614587925554905 8.291849252384063 0.06
-6.015501348266994 -5.735306751081234 0.06
8.31038896462262 0.16563591602844177 0.06
-6.240159188282 5.49184971616119 0.06
0.8916725123127538 -8.26528403206967 0.06
4.9259839314776634 6.697363832645191 0.06
-8.156861497805732 -1.611089850261128 0.06
7.103405084112255 -4.322225839889463 0.06
-2.3183758728363517 7.985933465303246 0.06
-3.685188764622356 -7.45515819879774 0.06
7.753791018602681 3.008109845041635 0.06
-7.749913335600686 3.0197422556699487 0.06
3.675003899527455 -7.4621944720342155 0.06
2.3309748665295027 7.985396431712567 0.06
-7.113360023021615 -4.313943576691509 0.06
8.159786746499991 -1.6241552424700965 0.06
-4.9200270480211605 6.709942909350288 0.06
-0.9046918183138255 -8.271730938194015 0.06
6.255017198652909 5.488602722420008 0.06
-8.320353564677854 0.1780914336866359 0.06
6.015304946566696 -5.752052364140147 0.06
-0.5500828171120916 8.305263926830865 0.06
-5.204886824868824 -6.496087525603925 0.06
8.226559201047735 1.2742541785910981 0.06
-6.927254806425106 4.6176986526689126 0.06
1.98887494430628 -8.084823835799435 0.06
3.9949736688630906 7.305490085209244 0.06
-7.881125215771562 -2.688468957107307 0.06
7.627881120499846 -3.3414711747255885 0.06
-3.3676735733270293 7.617005625803013 0.06
-2.66218757719801 -7.891942555785145 0.06
7.294470574990971 4.021280769927771 0.06
-8.09563507872543 1.962318188294227 0.06
4.64427707902552 -6.915973569443291 0.06
1.2472174897217443 8.237381169603127 0.06
-6.484397449157845 -5.231882043906882 0.06
8.316077317179086 -0.5223581670650137 0.06
-5.7795849011445055 6.0030324312352725 0.06
0.206710773388261 -8.331102607468308 0.06
5.475551026338692 6.283179207850219 0.06
-8.282323618548212 -0.9344064841590565 0.06
6.738795147837424 -4.9059800198821435 0.06
-1.6551550278295721 8.170095582907859 0.06
-4.298669731476911 -7.142929268842315 0.06
7.995259807314073 2.363434072181438 0.06
-7.492471421987454 3.658260787683307 0.06
3.0538152025354717 -7.759137368855073 0.06
2.989648661382274 7.784728696717386 0.06
-7.463519134486585 -3.721005526622153 0.06
8.017446166715313 -2.2979462491150535 0.06
-4.359888253695108 7.1106521793216295 0.06
-1.5884447721521164 -8.188824287150299 0.06
6.703222706778415 4.965561936309953 0.06
-8.297532808879911 0.8665733007434825 0.06
5.53337807413731 -6.244335600258564 0.06
0.13785721060334868 8.342721102223464 0.06
-5.737490762277043 -6.0589767909099645 0.06
8.324024810050576 0.5921241100162131 0.06
-6.5383203111857515 5.186556421011525 0.06
1.3177799792880767 -8.241568778223446 0.06
4.595739608132476 6.967723979481562 0.06
-8.095966239885891 -2.033551239243289 0.06
7.343884583738048 -3.969554032978344 0.06
-2.73395284432095 7.888314258764631 0.06
-3.3127855987840116 -7.6639057651101945 0.06
7.62018546525942 3.4136158944803796 0.06
-7.925320318977222 2.6304558239223086 0.06
4.067328790511738 -7.293616147692059 0.06
1.9277834481262475 8.126109215185979 0.06
-6.911090788709457 -4.690077196615777 0.06
8.264717191056906 -1.2101445169269793 0.06
-5.277082503356001 6.4755231644071785 0.06
-0.48303125006743014 -8.340064796598304 0.06
5.990234149798757 5.823838496265567 0.06
-8.351556798817255 -0.24798999199421246 0.06
6.326145948340973 -5.458926399969971 0.06
-0.9773213213282436 8.299086879583633 0.06
-4.885656099589338 -6.780144871353819 0.06
8.18303859003795 1.6993761896500972 0.06
-7.182344177896476 4.27480199661184 0.06
2.4086221805598385 -8.004282553190833 0.06
3.631031956324008 7.529648526468806 0.06
-7.76416993502163 -3.0996233997223337 0.06
7.819382142910125 -2.959267291600792 0.06
-3.7670821377039965 7.464522233056278 0.06
-2.2646451414414357 -8.04930943518422 0.06
7.107617459496683 4.4058794864882485 0.06
-8.217652242439831 1.5524791857940161 0.06
5.011114597825498 -6.696172823894274 0.06
0.8282189967685464 8.32310358540561 0.06
-6.233324046758338 -5.5781422828845315 0.06
8.364837811682476 -0.09740833766735928 0.06
-6.102608664297904 5.722601461786078 0.06
0.6343572716521239 -8.3425170573336 0.06
5.1679030886394 6.580484607263463 0.06
-8.25629397412084 -1.361473397792219 0.06
7.00809667265244 -4.5734648819858466 0.06
-2.0783696175257313 8.106810700450945 0.06
-3.943828383448689 -7.382155354766283 0.06
7.895194082893126 2.779552192970908 0.06
-7.699780386337103 3.283806023835519 0.06
3.4596461718938962 -7.623047183725148 0.06
2.598444340450558 7.958522916319364 0.06
-7.292437138558 -4.113436590027857 0.06
8.156384389495708 -1.89298539106638 0.06
-4.735908459906287 6.905879455897565 0.06
-1.172826659040441 -8.291831982610601 0.06
6.466318878099946 5.322285239136312 0.06
-8.363810477611588 0.44347975669086775 0.06
5.868065483573902 -5.977106949058932 0.06
-0.2894717574453784 8.371750480135052 0.06
-5.441976459729993 -6.36905740370933 0.06
8.31557291919302 1.0204151241449264 0.06
-6.821411059267084 4.865012966119281 0.06
1.7437513651790764 -8.195689792594404 0.06
4.250623597411525 7.221647944418802 0.06
-8.013001151279267 -2.4539381715106736 0.06
7.566687736673818 -3.6035033919326414 0.06
-3.1455323698359297 7.768888344564773 0.06
-2.9285994184495934 -7.853872003429691 0.06
7.465203577092383 3.813231641608873 0.06
-8.0809846839314 2.2310729566883616 0.06
4.4519151753795345 -7.104255856261473 0.06
1.5162600266394923 8.246269188646172 0.06
-6.688793436883514 -5.056682940298317 0.06
8.348441984356548 -0.789630567944859 0.06
-5.622893279905607 6.221982896375751 0.06
-0.056746582094567934 -8.386702559732319 0.06
5.707385000079905 6.146198537377628 0.06
-8.360739694100758 -0.6767804426015644 0.06
6.622578439299923 -5.1489275403058254 0.06
-1.4053324968851995 8.2707339803187 0.06
-4.55087535655765 -7.0483709812322095 0.06
8.117356581388293 2.1233280788875217 0.06
-7.420300578042454 3.917797765518637 0.06
2.825264954892519 -7.901764229250085 0.06
3.254533649920643 7.7355032623310445 0.06
-7.62559050294761 -3.505762325280369 0.06
7.9915487374526775 -2.566154472536392 0.06
-4.159602072047673 7.290933452049657 0.06
-1.8579254983973443 -8.186459115051207 0.06
6.900339658910189 4.7817687722924465 0.06
-8.318724192799746 1.1352655214214107 0.06
5.367488170368902 -6.45678486097763 0.06
0.403705403965854 8.387313154211471 0.06
-5.963651280435892 -5.912263813917251 0.06
8.391682600052336 0.3311542540552138 0.06
-6.411911572245111 5.424701834175705 0.06
1.063685992033698 -8.331780848675226 0.06
4.844051420379784 6.862591772553326 0.06
-8.208048471311884 -1.7882785836090151 0.06
7.2608387068004205 -4.226135501120239 0.06
-2.4993800191809634 8.021415057190282 0.06
-3.5756762205784907 -7.603587282696867 0.06
7.773292232135423 3.191540047347532 0.06
-7.8881966136204165 2.897646318111887 0.06
3.8594519488139305 -7.465562983110943 0.06
2.1972311114348546 8.112470366228942 0.06
-7.100567369331506 -4.49799322293672 0.06
8.274673708741993 -1.4797888409682078 0.06
-5.1022648745143995 6.681084728567403 0.06
-0.7508096783021744 -8.373546729252055 0.06
6.21031251368249 5.6676290000668414 0.06
-8.408314220177587 0.015873712841650317 0.06
6.189744384792151 -5.6918419207611555 0.06
-0.7193917624520942 8.378691753019448 0.06
-5.129630494386397 -6.664599837279144 0.06
8.284887995740023 1.4493553387775087 0.06
-7.088545005661131 4.527971919382522 0.06
2.1684246231025432 -8.1276032539687 0.06
3.891463229174172 7.458318438896621 0.06
-7.908024246197095 -2.8710890828323095 0.06
7.771072677122405 -3.2249696815445605 0.06
-3.5519622758927984 7.627815151839644 0.06
-2.5335875698720898 -8.024396178267224 0.06
7.289104999740907 4.205823142115241 0.06
-8.216331911875189 1.8226052545467477 0.06
4.827656039729155 -6.894471492584954 0.06
1.0974627119875375 8.34539247703767 0.06
-6.446921390316541 -5.412689219517323 0.06
8.410571627455198 -0.36370991111821377 0.06
-5.95643144204306 5.949867601572393 0.06
0.37303566456352216 -8.411352114432237 0.06
5.407103157889634 6.454706456527666 0.06
-8.34770978664507 -1.1071320237217184 0.06
6.903685076970328 -4.822772268935905 0.06
-1.83295587407347 8.220113914277562 0.06
-4.201338679994876 -7.2999146088141975 0.06
8.029523733939623 2.544945698065145 0.06
-7.640345400432237 3.5475515728589446 0.06
3.23764436771875 -7.777381239734817 0.06
2.8664092709799527 7.9223543149268565 0.06
-7.465600274757065 -3.905740971639983 0.06
8.14376494178686 -2.163121025953767 0.06
-4.544111534185121 7.09655200536752 0.06
-1.4430671779415551 -8.302864392482139 0.06
6.673046888622989 5.1478583141185075 0.06
-8.398416550621894 0.7117579941526644 0.06
5.712347381680258 -6.198313269834842 0.06
-0.02520849925576583 8.429671674007551 0.06
-5.675972773516813 -6.233244185357722 0.06
8.396372274083681 0.7621893695131462 0.06
-6.706546835873737 5.110012674958055 0.06
1.4935399852837172 -8.298755226680608 0.06
4.504755463475006 7.1286168514159955 0.06
-8.137550096845834 -2.2136572501912695 0.06
7.496207128155475 -3.8648258294250555 0.06
-2.9170225301947044 7.9139736895150525 0.06
-3.195115327516437 -7.80648692075184 0.06
7.629720866651754 3.5982439462853013 0.06
-8.057063641017804 2.5007449859169872 0.06
4.252097707921929 -7.286951700284908 0.06
1.7870261473815043 8.246001306607635 0.06
-6.8882750586286114 -4.873568170927234 0.06
8.37183549763237 -1.0594198415088212 0.06
-5.4578863122014605 6.436728750155932 0.06
-0.323494999372861 -8.433584705531851 0.06
5.935756376577294 6.000566326433029 0.06
-8.430757986420003 -0.41511417033791714 0.06
6.497440063578665 -5.389181071387644 0.06
-1.1507513169593817 8.363358859125697 0.06
-4.801176323880045 -6.944689043219554 0.06
8.231885417047508 1.877781265376927 0.06
-7.338873799518085 4.176234111582706 0.06
2.5906331832128684 -8.037326651943193 0.06
3.5191305841845533 7.676960331502102 0.06
-7.7811550166915575 -3.2838432676082205 0.06
7.956343455005609 -2.834889561515479 0.06
-3.952096624020973 7.465315282987183 0.06
-2.128744124033566 -8.174866876860598 0.06
7.092209778177118 4.590268016393911 0.06
-8.330839836407957 1.406096589896393 0.06
5.193461175808065 -6.664680113506897 0.06
0.672477184383074 8.423050186036185 0.06
-6.1859855424806796 -5.757046366690129 0.06
8.450773809453024 0.06649828165319165 0.06
-6.276695921909818 5.659778114368148 0.06
0.8051714010208537 -8.413780304653676 0.06
5.090074812061429 6.748417474313354 0.06
-8.312334886913584 -1.5378844975482848 0.06
7.168584629166189 -4.481226887190856 0.06
-2.259023960156814 8.14719649618428 0.06
-3.837886626152865 -7.533964842285701 0.06
7.919612122388896 2.963063251250442 0.06
-7.841744289211222 3.164971801236656 0.06
3.644605260519496 -7.631307390938568 0.06
2.467628078188676 8.089549534290205 0.06
-7.284473479605972 -4.29842367908484 0.06
8.275465832604715 -1.7511896680234187 0.06
-4.91950307714949 6.881750465827478 0.06
-1.0211385234151098 -8.39805192386887 0.06
6.426207231211635 5.503077377388336 0.06
-8.456351203805182 0.283062392243566 0.06
6.044666429485684 -5.921318075922691 0.06
-0.4573879510889792 8.449899186510963 0.06
-5.370936221374823 -6.540110404719781 0.06
8.378727199577956 1.1945419687279961 0.06
-6.985601746826751 4.779264403099192 0.06
1.9227527862043703 -8.243362282657687 0.06
4.150822778574197 7.377714433404805 0.06
-8.044823289156389 -2.6364404499717002 0.06
7.713430323392782 -3.4904143946191755 0.06
-3.3301346846275277 7.784613219822851 0.06
-2.8030884785384127 -7.990162387679316 0.06
7.464707846024931 3.998516821709501 0.06
-8.20577464423044 2.0941018332700105 0.06
4.636460579251319 -7.087540708669583 0.06
1.3688786321548656 8.358598643937261 0.06
-6.655984606674126 -5.239071379139352 0.06
8.447446380178352 -0.6329689202572603 0.06
-5.801723900499059 6.173329715994279 0.06
0.10799385981045598 -8.471619522042008 0.06
5.6432585055581805 6.32009758148126 0.06
-8.430914899536283 -0.848335992857255 0.06
6.790209796533871 -5.06981764159772 0.06
-1.582386936255565 8.325626197708358 0.06
-4.457387094498691 -7.208446454666672 0.06
8.156541845659982 2.3045227531959074 0.06
-7.5715897833110875 3.8106466843908753 0.06
3.009209200886418 -7.924939115557957 0.06
3.134540320529425 7.876843084572353 0.06
-7.6325744757304035 -3.6910441439284827 0.06
8.121852273105933 -2.4342382081144054 0.06
-4.344798967350942 7.281670270844882 0.06
-1.7150973111407528 -8.304724029931263 0.06
6.8748978299749695 4.965458672409374 0.06
-8.424040432027192 0.9826203740871294 0.06
5.548260347208774 -6.41535713110274 0.06
0.2424138153310104 8.478869944876891 0.06
-5.906553176685668 -6.0887297173535675 0.06
8.468774692597647 0.49985518504628274 0.06
-6.58271549574585 5.35236926062351 0.06
1.238502074963568 -8.393813948993088 0.06
4.757037330138147 7.026421268303812 0.06
-8.254543821740366 -1.967868464854283 0.06
7.416434670307324 -4.125105669078492 0.06
-2.6823654741989738 8.052013131063893 0.06
-3.461404149162574 -7.749753629384621 0.06
7.787755513417985 3.3765165575231197 0.06
-8.02380947305743 2.771007315052388 0.06
4.044999482049295 -7.463777809542627 0.06
2.0591955848815515 8.236486723306506 0.06
-7.082544824972156 -4.68268713478278 0.06
8.386139425369887 -1.3314148633152838 0.06
-5.28468684672328 6.646960578495255 0.06
-0.5932348757054078 -8.47160388487604 0.06
6.160346181397871 5.8463779321334215 0.06
-8.492207714653025 -0.149693457397644 0.06
6.363447155150773 -5.6264145157998735 0.06
-0.8916812797602345 8.44777512102004 0.06
-5.049241905465591 -6.831921851140439 0.06
8.338628387935342 1.627045361358697 0.06
-7.248200448913568 4.43323699483449 0.06
2.3501516294380305 -8.16558554658818 0.06
3.7831070741930497 7.609080158941061 0.06
-7.929954247295007 -3.0554583348178546 0.06
7.911781614929743 -3.1038221079275305 0.06
-3.7375585233264697 7.633521879493741 0.06
-2.4005767411719305 -8.153970278934327 0.06
7.278542014549911 4.391221486378446 0.06
-8.333774445456932 1.6787505747576095 0.06
5.011432873269909 -6.8677172740809365 0.06
0.943867012688798 8.44979970545799 0.06
-6.404178754258629 -5.593433157149766 0.06
8.50113975863035 -0.20155099660962403 0.06
-6.1327541601268045 5.891462162438743 0.06
0.5425140488305885 -8.487383490029272 0.06
5.333480848227402 6.625253356785045 0.06
-8.408618255917354 -1.2826297307693304 0.06
7.067145693031692 -4.734495934464789 0.06
-2.013126329422565 8.265429352537327 0.06
-4.0990837764695085 -7.45503267554774 0.06
8.058895670818828 2.728406232007529 0.06
-7.785928508686886 3.4321009975839627 0.06
3.4229868260768823 -7.790581569337689 0.06
2.738647368531074 8.057283077491931 0.06
-7.462525026611081 -4.091542524183673 0.06
8.267001600109655 -2.0240268139983746 0.06
-4.728945597270696 7.0772221625475416 0.06
-1.2937068450559392 -8.4134607979746 0.06
6.637608246474083 5.330305504034382 0.06
-8.495521459170499 0.5532767271208541 0.06
5.891006414184178 -6.147035336488711 0.06
-0.19159529601119316 8.51253729757153 0.06
-5.609246720156934 -6.406742638221758 0.06
8.464360038956132 0.9352053950456959 0.06
-6.873551691372464 5.028348351698672 0.06
1.6718578322941886 -8.351340694079997 0.06
4.408777503371213 7.287844738039354 0.06
-8.174327007918565 -2.3959085891605163 0.06
7.646434182558627 -3.7552688707733024 0.06
-3.1018086093411346 7.934657103556348 0.06
-3.072818390498468 -7.9465581945276424 0.06
7.63414936830227 3.784146326775707 0.06
-8.18590197970675 2.3666450470303135 0.06
4.4376891519435295 -7.27508865861597 0.06
1.642150960542854 8.362615632850057 0.06
-6.860208928292852 -5.057423599044385 0.06
8.475328434618827 -0.9048800613018025 0.06
-5.638593745873853 6.392672412144415 0.06
-0.1604756662201527 -8.523159482290074 0.06
5.876045523490147 6.176737731672877 0.06
-8.505724571673117 -0.5853627173267734 0.06
6.667722012472349 -5.314271649472927 0.06
-1.326923030142473 8.423139276545148 0.06
-4.711641051326642 -7.107773111421999 0.06
8.276018200979822 2.0585244076888434 0.06
-7.4935066198448865 4.072758099659353 0.06
2.774560699981404 -8.065470409227144 0.06
3.4025060947023507 7.821953226369573 0.06
-7.793091067115071 -3.469543431008072 0.06
8.090581573696113 -2.7060099407372706 0.06
-4.1381438688309 7.4609493578804855 0.06
-1.9885969594716684 -8.297317767373988 0.06
7.071572764139005 4.775233883433087 0.06
-8.440561385995963 1.2557561424233359 0.06
5.375925279608325 -6.627927835158449 0.06
0.5130961536465554 8.519197869348565 0.06
-6.133397585967126 -5.935607302749455 0.06
8.532607188539224 0.233697595385085 0.06
-6.449982030073356 5.591755700290456 0.06
0.9789064708223818 -8.480668730788986 0.06
5.007137734352162 6.915097375252695 0.06
-8.363762360347888 -1.7168224077137235 0.06
7.327377453467883 -4.3840095408667334 0.06
-2.441791632530614 8.182765646363306 0.06
-3.727133154645086 -7.683650073210347 0.06
7.939047277955321 3.148257981549511 0.06
-7.981171143704651 3.041530400126916 0.06
3.8308054837991445 -7.63445671579153 0.06
2.3324444993917144 8.217645809917663 0.06
-7.2713101584749795 -4.484199881724563 0.06
8.39124615267103 -1.6052999736135465 0.06
-5.10342877159806 6.85237293010422 0.06
-0.8656611450598153 -8.500625317112485 0.06
6.380838423161567 5.6837400554129 0.06
-8.544927960466422 0.11918955675374934 0.06
6.22067840982104 -5.860303756767767 0.06
-0.6283993638676022 8.523796937954986 0.06
-5.29474233609176 -6.7101194918121685 0.06
8.437376174738992 1.3713800661912863 0.06
-7.148301618802208 4.688473522014358 0.06
2.1040607270038074 -8.286309700770314 0.06
4.046129642937946 7.531854679462348 0.06
-8.071736854886744 -2.8208268549244675 0.06
7.857826053496863 -3.372620600213716 0.06
-3.516184314160181 7.795283693930191 0.06
-2.6730963380069555 -8.123703340702061 0.06
7.45905067152429 4.184801438495387 0.06
-8.32743372452926 1.952907464160226 0.06
4.821549912217033 -7.065596679969778 0.06
1.2175643236302358 8.467439820738194 0.06
-6.617919576356859 -5.4215441048535835 0.06
8.54263188900852 -0.47269483696644177 0.06
-5.9801785576015885 6.119433341348052 0.06
0.275998573109681 -8.552416312811335 0.06
5.573942044333244 6.493163334339755 0.06
-8.496700281637866 -1.0227826377168456 0.06
6.956556965461607 -4.985610813760698 0.06
-1.7619371457030992 8.3758926386739 0.06
-4.358934033931622 -7.366796731811772 0.06
8.19090088638702 2.4877987598245035 0.06
-7.720726055732929 3.698701011480468 0.06
3.194804409088795 -7.943124371912277 0.06
3.0099593733346284 8.015618789019038 0.06
-7.634443703329616 -3.8775339251502086 0.06
8.249200210594974 -2.2979764762764265 0.06
-4.530751595511257 7.267206477028996 0.06
-1.5681991228214058 -8.419664572367605 0.06
6.8442094242695966 5.149446315550755 0.06
-8.525689057757372 0.8262118919721808 0.06
5.728870030990117 -6.368677112872289 0.06
0.07769440303929138 8.566444045211314 0.06
-5.844237366058139 -6.264574176204625 0.06
8.541599596928902 0.6716221599560336 0.06
-6.7524438283520185 5.2748935861257635 0.06
1.415998930864678 -8.45132812212318 0.06
4.664994193711853 7.188729315576898 0.06
-8.296303193387846 -2.149733314479412 0.06
7.570075036118172 -4.0191994162445415 0.06
-2.867202674079728 8.077694524166539 0.06
-3.34244567896931 -7.89354526706089 0.06
7.79715914477051 3.562907418264137 0.06
-8.156646763977427 2.6399078710622796 0.06
4.231513157245833 -7.456828843419661 0.06
1.91695977473382 8.357347977800881 0.06
-7.059293967665556 -4.867891605005261 0.06
8.494094740573388 -1.1791329603414253 0.06
-5.467159914250541 6.60758370904312 0.06
-0.4320744615893115 -8.5658222990932 0.06
6.105143021192697 6.024718142019766 0.06
-8.571963603201967 -0.3184964448479364 0.06
6.536284558763714 -5.555806347135133 0.06
-1.0668320250929237 8.51245378432307 0.06
-4.963768356394165 -6.997928529504998 0.06
8.387730788827744 1.8072001035168002 0.06
-7.406100715026785 4.3335519148707276 0.06
2.533927971172148 -8.198732160334998 0.06
3.6699735323848506 7.757660360675419 0.06
-7.94688799462265 -3.2414458503764054 0.06
8.049899463195207 -2.978106551560827 0.06
-3.924329583028302 7.634110119966106 0.06
-2.2632423598294116 -8.280563629407952 0.06
7.262777584840083 4.577342214991627 0.06
-8.447869466365498 1.5308499205505246 0.06
5.195474158081226 -6.835718563012245 0.06
0.7865339332084132 8.55051836860852 0.06
-6.35618881389392 -5.773981621215106 0.06
8.587706596063962 -0.03599194242489706 0.06
-6.308423016424971 5.827846861907036 0.06
0.7150292754844491 -8.559131564311896 0.06
5.254726084178113 6.794693060047537 0.06
-8.464994298099196 -1.460777715173715 0.06
7.229054307115226 -4.641203919758191 0.06
-2.1955401967290142 8.305998028205106 0.06
-3.9919684350011053 -7.60816587713194 0.06
8.083342941345723 2.9136861348807406 0.06
-7.929109150101639 3.311982500825521 0.06
3.6097106871565434 -7.7987171223880045 0.06
2.6064458552934977 8.18941023538468 0.06
-7.454283757085579 -4.2782769509289755 0.06
8.387059040193895 -1.8807553419575473 0.06
-4.914256885412292 7.052664692453334 0.06
-1.1404636274662279 -8.520524791022357 0.06
6.596920479572138 5.512770645165795 0.06
-8.588767887950938 0.39123671466618926 0.06
6.069224022980522 -6.090527050992889 0.06
-0.3611894240568111 8.591248000142325 0.06
-5.5373492101310156 -6.579343715376288 0.06
8.52792833944825 1.1110527607793503 0.06
-7.039210139590685 4.941611135114102 0.06
1.8526093378010744 -8.39927607841844 0.06
4.307864121949316 7.445287550311396 0.06
-8.206258908427499 -2.5801772667501606 0.06
7.794451224438514 -3.640951813722472 0.06
-3.2881802643597955 7.950337763206966 0.06
-2.945973180976073 -8.084011505247238 0.06
7.633455762602564 3.9711903908513024 0.06
-8.311734520639245 2.228243536603188 0.06
4.623969663963389 -7.258023460057589 0.06
1.493253883001554 8.47585941606518 0.06
-6.826900505952197 -5.241510229106648 0.06
8.575111969028466 -0.7466289028859939 0.06
-5.819072777908442 6.343373866122424 0.06
0.0059160854397838575 -8.608714480102885 0.06
5.811132761742619 6.352222920002226 0.06
-8.576391863554557 -0.7586188784595327 0.06
6.836865229436266 -5.234240521271964 0.06
-1.5057145089237727 8.478373889940007 0.06
-4.617103559517947 -7.269274703894929 0.06
8.315393562481919 2.2414794000914378 0.06
-7.646125395336599 3.964437720382142 0.06
2.960275215174345 -8.088681638587618 0.06
3.2812322407760806 7.964515991702921 0.06
-7.799957337459555 -3.6565920655455737 0.06
8.221992153295846 -2.5727116105660888 0.06
-4.325090746950417 7.45141530386301 0.06
-1.8442956205201482 -8.416565431583729 0.06
7.045708927077991 4.960643679492964 0.06
-8.546728624764246 1.1015579034419734 0.06
5.558374238052677 -6.585930141578509 0.06
0.35018328611558636 8.611467451376988 0.06
-6.075585863401778 -6.113694170992892 0.06
8.610268451722156 0.4040757222082873 0.06
-6.622338820352754 5.51857124158499 0.06
1.1554429712625878 -8.543123055426506 0.06
4.9191399290233315 7.08039987279591 0.06
-8.410527783000376 -1.898162904331131 0.06
7.484355390260433 -4.281871599228499 0.06
-2.6265446466785844 8.213480578841352 0.06
-3.6116369573893916 -7.831096889198799 0.06
7.9534733026736015 3.335005610738651 0.06
-8.117953260427242 2.9135605127607533 0.06
4.018114283445972 -7.63248043595052 0.06
2.1929813973586394 8.342711345290507 0.06
-7.252944088607643 -4.67063186812357 0.06
8.503633009929684 -1.4554125299839198 0.06
-5.28755246121379 6.817755420218008 0.06
-0.7064984383525551 -8.59946858570955 0.06
6.330232616620728 5.864141456297852 0.06
-8.629466571992749 -0.048027938324468854 0.06
6.395971880327965 -5.794095589999698 0.06
-0.8023891352260724 8.593379525871715 0.06
-5.213437595100371 -6.878958383505024 0.06
8.491466092800989 1.5508074009402717 0.06
-7.309388621476021 4.59269397850944 0.06
2.2875489503737216 -8.324489161482768 0.06
3.936608299142007 7.683951789224493 0.06
-8.09371015607918 -3.0069678929747057 0.06
7.999764086990464 -3.2501960790847124 0.06
-3.7035494992320745 7.800879508538628 0.06
-2.538706461500744 -8.254390922553545 0.06
7.44822338284736 4.371952474490756 0.06
-8.445865678735354 1.8075820691631728 0.06
5.00704991554119 -7.038426752000689 0.06
1.062417370021193 8.572704901714351 0.06
-6.574612956191662 -5.603968636268117 0.06
8.633919792657066 -0.308915868748454 0.06
-6.1581265602897455 6.0603198981121436 0.06
0.4471535485132026 -8.629023913748997 0.06
5.4994730564523 6.665267894192642 0.06
-8.558037048542486 -1.2000007815723395 0.06
7.121495810946327 -4.896355523721077 0.06
-1.9438588582381566 8.421485186073124 0.06
-4.255575296829904 -7.523302392766828 0.06
8.220396627793486 2.6730281109186835 0.06
-7.867595603046756 3.5820300706330426 0.06
3.381919849725932 -7.95629424606894 0.06
2.8808698029131383 8.151723080347075 0.06
-7.631183952628824 -4.065099196961905 0.06
8.373492571056131 -2.1574573373459316 0.06
-4.717326755282001 7.247539464114741 0.06
-1.4173273851978971 -8.531188843482958 0.06
6.808283480559938 5.333598789591758 0.06
-8.623586952741535 0.6661441799685525 0.06
5.909185614845305 -6.316765419841498 0.06
-0.09034187164076696 8.649961754032699 0.06
-5.7767358780108635 -6.439667894829831 0.06
8.610093590313939 0.8463382101942676 0.06
-6.920970573863699 5.192318009878902 0.06
1.5960544788033224 -8.504270109814943 0.06
4.567976048533802 7.349394180476479 0.06
-8.333284198465488 -2.3337468730788684 0.06
7.72164326286132 -3.908481203883217 0.06
-3.0537621466892944 8.09842804199973 0.06
-3.2188752011258956 -8.034851737249216 0.06
7.801483362215752 3.7505809348780623 0.06
-8.286604954583673 2.5044317372748135 0.06
4.4188600642890075 -7.444707901068501 0.06
1.7706161508102398 8.47495831532462 0.06
-7.030818255309698 -5.053473524300279 0.06
8.598452289035196 -1.023043612552954 0.06
-5.6495517862744435 6.562969191928547 0.06
-0.2674361580779129 -8.656123722622763 0.06
6.044729602086292 6.202519168665398 0.06
-8.647513349785724 -0.49042111014686274 0.06
6.708128961578048 -5.480055276622474 0.06
-1.2447243151677099 8.572669443016585 0.06
-4.873258711146583 -7.162496040783125 0.06
8.432147579188157 1.9896952537490047 0.06
-7.562126721174441 4.228976170765152 0.06
2.719625659471058 -8.227006519527418 0.06
3.5521322663236408 7.903945619913038 0.06
-7.958800234434921 -3.4289209422730416 0.06
8.185319322928597 -2.84790231252614 0.06
-4.112143068786778 7.629566133262682 0.06
-2.1216727560997946 -8.40407667242654 0.06
7.241809588091018 4.764052255153485 0.06
-8.558525519394836 1.378999976021532 0.06
5.379647152213737 -6.798484869268933 0.06
0.6255677713872929 8.64746581163531 0.06
-6.302972637509558 -5.954203215444182 0.06
8.670198916204392 0.13285613816534478 0.06
-6.483308964819972 5.75905416424303 0.06
0.890464266067899 -8.626533103794142 0.06
5.170882476594475 6.9628998566149285 0.06
-8.516785152098588 -1.6414538290774539 0.06
7.3892895067152295 -4.542950647536048 0.06
-2.38007119315108 8.341778054799372 0.06
-3.880057472877902 -7.759198026031064 0.06
8.102834852660848 3.100655954875461 0.06
-8.069777249862062 3.1872707976588246 0.06
3.797684320230522 -7.801768633064894 0.06
2.469888771900517 8.318632667358246 0.06
-7.440868773417698 -4.465811448860936 0.06
8.503841882024867 -1.7333993323870232 0.06
-5.0999124387642265 7.022883532918507 0.06
-0.9834382197649444 -8.623969461211326 0.06
6.550999124908291 5.695121637458747 0.06
-8.678078059687817 0.22574585259741747 0.06
6.246869977667634 -6.0288154294284695 0.06
-0.5338766119751567 8.665735731210937 0.06
-5.460318530775334 -6.750920051553825 0.06
8.587019371024303 1.2896116941364184 0.06
-7.203398653844286 4.849850289833114 0.06
2.0356701444169594 -8.442514261944096 0.06
4.202075183199208 7.600826544181977 0.06
-8.233309726442522 -2.766335292126924 0.06
7.940145199705112 -3.5219446627679813 0.06
-3.4760068498333823 7.960990916959484 0.06
-2.81465930758975 -8.218740352523517 0.06
7.627626806433191 4.159243837740437 0.06
-8.43446213066368 2.0856290577186254 0.06
4.81080629957321 -7.2357544698522425 0.06
1.3404318337907575 8.585641647481006 0.06
-6.788359776383108 -5.425695489647746 0.06
8.671103911387254 -0.5847708593326848 0.06
-5.999192223248818 6.288854638844097 0.06
0.17556898826706432 -8.69017695621665 0.06
5.741050994160068 6.526893095681413 0.06
-8.642697121160118 -0.9347654635739303 0.06
7.004744292527804 -5.149131712852096 0.06
-1.6870035370486298 8.529010438848427 0.06
-4.517618659863732 -7.42907273110521 0.06
8.349970119949115 2.4265199352069957 0.06
-7.796614294152055 3.8513381503347475 0.06
3.147647296469474 -8.106930152470072 0.06
3.15538406463395 8.104538938437777 0.06
-7.80173506380413 -3.844857603892395 0.06
8.350472485505971 -2.43507890402092 0.06
-4.512804562285 7.436705922827639 0.06
-1.695933085100678 -8.532514926495056 0.06
7.014622688471018 5.146364594389678 0.06
-8.649255100061893 0.9436027840428169 0.06
5.740676142335825 -6.538703038739126 0.06
0.18384665355468438 8.699781629901796 0.06
-6.012577841614116 -6.2911769724377455 0.06
8.683690037252626 0.5775182567845666 0.06
-6.7936391973882655 5.440263454623291 0.06
1.33466103892842 -8.601085972780794 0.06
4.826131064745739 7.244201746631312 0.06
-8.452584542094158 -2.0817815828637976 0.06
7.639400035979721 -4.174873302301887 0.06
-2.813155008699268 8.239305729066633 0.06
-3.4914683839794325 -7.97619260823559 0.06
7.962865950928987 3.5231755345903193 0.06
-8.251984539865576 2.7811420592662124 0.06
4.206399443853778 -7.625365808847904 0.06
2.0493276506544484 8.464647433901964 0.06
-7.229374126707015 -4.857586822291412 0.06
8.612535844780435 -1.3016244936125563 0.06
-5.471741745264615 6.777908399582319 0.06
-0.5437550938772489 -8.694500008504374 0.06
6.274411800435352 6.044150606872534 0.06
-8.709894779554785 -0.21847866963227966 0.06
6.570418296718862 -5.722726920458638 0.06
-0.9792399616948524 8.658584705217121 0.06
-5.127066443122785 -7.046501946909848 0.06
8.54094519734914 1.732701686926708 0.06
-7.46874198981266 4.4919809760960945 0.06
2.4730911232833104 -8.357859791593617 0.06
3.8223242862147675 7.83389028842074 0.06
-8.110713514071264 -3.194734150545515 0.06
8.139135122751725 -3.1232162034654714 0.06
-3.892098735548906 7.801382405236818 0.06
-2.4000034771865164 -8.382122840276956 0.06
7.432219280210529 4.559837340395694 0.06
-8.560976003470753 1.6582188842242533 0.06
5.192827928899674 -7.006035833539499 0.06
0.903538901207361 8.674307894812417 0.06
-6.526081224732681 -5.786213256369974 0.06
8.721233266987712 -0.14174026522781527 0.06
-6.3354381419031265 5.9960173073565315 0.06
0.6213442450104335 -8.701375255049768 0.06
5.419890690786446 6.836284436733629 0.06
-8.614868396552156 -1.3798704685900347 0.06
7.284903420492754 -4.802101847534365 0.06
-2.128027621014113 8.462357735536889 0.06
-4.1473715023710795 -7.677845376231554 0.06
8.24499401618589 2.8600828087764993 0.06
-8.012086117357436 3.460704559486159 0.06
3.5704249592231565 -7.964425001879064 0.06
2.747351843717186 8.285050262178485 0.06
-7.622782985270773 -4.253607828592851 0.06
8.494631077125536 -2.012769947990346 0.06
-4.904391759190567 7.2226685838673 0.06
-1.262579494486601 -8.639206735580643 0.06
6.7671309443944345 5.517783865051196 0.06
-8.717652867065432 0.5025221282151418 0.06
6.089076338219582 -6.259644506466357 0.06
-0.2615834274646392 8.72935129952254 0.06
-5.70408250292509 -6.613882581345383 0.06
8.67419492680151 1.0238859174004533 0.06
-7.088170889780502 5.104687398584588 0.06
1.7785463617400712 -8.55258866303888 0.06
4.4660384933016815 7.508295424152386 0.06
-8.365446475605262 -2.5197827810713185 0.06
7.87102423572985 -3.7930169364970325 0.06
-3.241914496518092 8.114184518315186 0.06
-3.0907684208324175 -8.173564128872123 0.06
7.8007104164125955 3.939405665740968 0.06
-8.413582169651109 2.3646638396459125 0.06
4.606907720707109 -7.4274087845553 0.06
1.6202582093744142 8.589223674754013 0.06
-6.997123087524289 -5.239300382497129 0.06
8.699126542108942 -0.8632481707919956 0.06
-5.831730938155256 6.513133981806519 0.06
-0.09942839469469239 -8.742431812392272 0.06
5.979134302835629 6.379651478619682 0.06
-8.71879037968216 -0.6653527749711767 0.06
6.878853811587739 -5.399200888909845 0.06
-1.4252381004997547 8.628365798741028 0.06
-4.777763456365852 -7.3255017817904475 0.06
8.471833166424465 2.174406309839643 0.06
-7.716160750059052 4.119570763956861 0.06
2.9071166919566673 -8.250374084812576 0.06
3.4296543245998405 8.047824004894341 0.06
-7.965667743541998 -3.617753087137723 0.06
8.317935903180013 -2.7132899422267664 0.06
-4.300866934640142 7.619878188692987 0.06
-1.9759573672252753 -8.524411562266815 0.06
7.215637874637659 4.951219048082455 0.06
-8.66565295144522 1.223298379427021 0.06
5.563819797819558 -6.756027624084374 0.06
0.46107361893828247 8.740561258747583 0.06
-6.244553148584017 -6.1339673926839104 0.06
8.748545437287982 0.3048815043711722 0.06
-6.657283966935533 5.685118308670727 0.06
1.0687014858841533 -8.689526864799316 0.06
5.081995317369731 7.129749195745397 0.06
-8.56394007957669 -1.8245356432309048 0.06
7.547731180746307 -4.439792114861905 0.06
-2.5665929316668086 8.372729586169495 0.06
-3.763417162988939 -7.90801436881094 0.06
8.117342754341465 3.2891863140509585 0.06
-8.20782428910274 3.0580419289498164 0.06
3.9867763460938614 -7.799718864563419 0.06
2.3290613446209223 8.44484891830473 0.06
-7.422274383026627 -4.654013642337837 0.06
8.617256509301717 -1.5820525442908673 0.06
-5.285779897670957 6.987884577851698 0.06
-0.8227321958152104 -8.723709746086758 0.06
6.499861616592116 5.877227149358151 0.06
-8.763376115324938 0.056912752107186874 0.06
6.423814978964885 -5.961929311558999 0.06
-0.7095420425985884 8.735934414233261 0.06
-5.37819470578196 -6.9213453682574535 0.06
8.641577343893697 1.4707620506061365 0.06
-7.365994941785277 4.753116716176209 0.06
2.2209156995969757 -8.481010167148941 0.06
4.09147207370438 7.754344348176522 0.06
-8.255445440315663 -2.954254657603392 0.06
8.083404554774475 -3.3983188202185017 0.06
-3.6651578822346833 7.966593857998095 0.06
-2.678957641325048 -8.350639853088273 0.06
7.616651280257714 4.34817470612078 0.06
-8.553987398185606 1.938891330549968 0.06
4.998066628927001 -7.208282040320445 0.06
1.183782695268073 8.691873131286712 0.06
-6.744598659860276 -5.609847495022569 0.06
8.76322396288426 -0.4194112258048327 0.06
-6.178821748983472 6.229138126120567 0.06
0.3483711402486198 -8.767476121931665 0.06
5.665834911983135 6.700620475012227 0.06
-8.704579606221108 -1.1136848202968277 0.06
7.171234944169528 -5.058990944400067 0.06
-1.87066761206311 8.574998698844105 0.06
-4.413242750727769 -7.587047411420915 0.06
8.379708545759502 2.6135195978077492 0.06
-7.94485892615466 3.7335260335908513 0.06
3.3365475829670324 -8.1201878196626 0.06
3.025037945364493 8.241913942107438 0.06
-7.798407525265016 -4.034208729092975 0.06
8.475921537716731 -2.29319735009215 0.06
-4.701153046207089 7.41681603089478 0.06
-1.5436033771125024 -8.645073083217218 0.06
6.978320439868342 5.332264419410924 0.06
-8.748056218386168 0.781992583056337 0.06
5.922699854661855 -6.486264443544409 0.06
0.014195050456202722 8.784065032804719 0.06
-5.944402824590284 -6.4679266429825155 0.06
8.75280636981625 0.7539102416760844 0.06
-6.963757157518965 5.356872805201128 0.06
1.5164404331656836 -8.65450220478684 0.06
4.728162458497204 7.406381016802854 0.06
-8.489888078451507 -2.2675538395740404 0.06
7.792394366800321 -4.06307642461456 0.06
-3.001494705082977 8.260207596383935 0.06
-3.3666991930940893 -8.118826056962892 0.06
7.967203035618113 3.7126373091425906 0.06
-8.383160508726482 2.6443562326072447 0.06
4.395529088386138 -7.6131021294312955 0.06
1.901573264626789 8.583357100765214 0.06
-7.2006011304051905 -5.04493244363168 0.06
8.717865921370771 -1.144033992939966 0.06
-5.655864910964199 6.732844280757125 0.06
-0.37753661201356137 -8.78563976649335 0.06
6.213399845959154 6.223637389359597 0.06
-8.78614229048281 -0.39205057248967323 0.06
6.743890131102179 -5.646232894560995 0.06
-1.1588340719869576 8.719352246216582 0.06
-5.035675031633588 -7.212626219053782 0.06
8.585763781043495 1.91694034756476 0.06
-7.626242273364993 4.386391317237984 0.06
2.6605608016263567 -8.386382785256663 0.06
3.703344622101038 7.9815561521519935 0.06
-8.122719320126953 -3.3839962834548643 0.06
8.275831432854874 -2.9917576932250465 0.06
-4.081700768314699 7.79677618236789 0.06
-2.2570732190727187 -8.506798486137114 0.06
7.4110336917161534 4.748323874826573 0.06
-8.672671979836066 1.5049122001520203 0.06
5.378751895016108 -6.968430817039129 0.06
0.741030942823437 8.772164678218154 0.06
-6.472342784835836 -5.9681470219477255 0.06
8.804497429700728 0.028722994155911515 0.06
-6.5119844745760584 5.926555340404778 0.06
0.7984555635709145 -8.769405265638182 0.06
5.335235858216319 7.006087234484221 0.06
-8.667139562430512 -1.562271360984333 0.06
7.446658128121494 -4.702901521707859 0.06
-2.3143187783310295 8.498466249404323 0.06
-4.034384815854127 -7.830309007798203 0.06
8.264660075157336 3.0488348335225295 0.06
-8.154086807593732 3.334796595630065 0.06
3.760189332988443 -7.96749497521523 0.06
2.609487013005495 8.415496273479995 0.06
-7.609230613922912 -4.442928028242004 0.06
8.612519192893393 -1.8640046008642204 0.06
-5.091814436271849 7.19259520246855 0.06
-1.1040538272387546 -8.743629975391197 0.06
6.720764723842942 5.701870002617413 0.06
-8.807807464331848 0.33545144396795534 0.06
6.268412299413623 -6.197338722755116 0.06
-0.4359180357130629 8.804542887972099 0.06
-5.6263128453599744 -6.787090964922848 0.06
8.733843888150675 1.2041473902363966 0.06
-7.253921109207726 5.012048337894456 0.06
1.9633519279703593 -8.596234594689415 0.06
4.3592387373749215 7.665313929029255 0.06
-8.392751743920694 -2.7077145648897636 0.06
8.018104297016643 -3.672874008479362 0.06
-3.4315303958332897 8.124936870060727 0.06
-2.958202401072527 -8.309575112741248 0.06
7.794824628159297 4.129250418204406 0.06
-8.537478228690974 2.220690319388916 0.06
4.795524072525367 -7.404927337241717 0.06
1.4659805101706098 8.700051789719412 0.06
-6.958215860836321 -5.425240274310976 0.06
8.796033852381827 -0.6998488892274677 0.06
-6.013566622122948 6.458096970570261 0.06
0.07183966275449813 -8.824672178775558 0.06
5.9083873651175525 6.555986481355745 0.06
-8.785730129025325 -0.8431761974443112 0.06
7.048333658780914 -5.313284542963614 0.06
-1.6082529451573104 8.67948860615606 0.06
-4.677334750855696 -7.486824402137244 0.06
8.506744037520779 2.3612085634489577 0.06
-7.868086478600786 4.005398253015481 0.06
3.0962730420498072 -8.268802407185435 0.06
3.3026121861479787 8.189185108904724 0.06
-7.967469383996474 -3.807811919604073 0.06
8.447645557409288 -2.5743512845730936 0.06
-4.490369473734421 7.605036619856215 0.06
-1.8261867751919294 -8.641472204556012 0.06
7.184264322363973 5.138710552892442 0.06
-8.769163954475816 1.0638437571006576 0.06
5.747860729835443 -6.70836023409712 0.06
0.2931573915489377 8.829725858925645 0.06
-6.180955178819179 -6.313144468284278 0.06
8.822676867463608 0.4799717620053923 0.06
-6.830221010240148 5.60607536082722 0.06
1.2496229225041708 -8.748053643614227 0.06
4.988111629118992 7.295117708128354 0.06
-8.60641041670808 -2.0099004301652994 0.06
7.70426054628317 -4.331785940577462 0.06
-2.7549789087541683 8.398814869511037 0.06
-3.6421152786763282 -8.054501616911656 0.06
8.126840092214772 3.479147900789878 0.06
-8.343143339537043 2.924373303109346 0.06
4.176855634309423 -7.792552663289331 0.06
2.1840500239526843 8.567959237348896 0.06
-7.398496947597948 -4.84275158524406 0.06
8.727211110737088 -1.4268098081479386 0.06
-5.47172750945614 6.947675730937717 0.06
-0.6584480399778734 -8.819662475324625 0.06
6.443527338650834 6.058956629326481 0.06
-8.844588160727358 -0.115153233221866 0.06
6.599930674832192 -5.889899412333718 0.06
-0.8880703301453243 8.801779995473392 0.06
-5.29101954490658 -7.090494494421146 0.06
8.691548533615046 1.6543832953140465 0.06
-7.52687797025407 4.651462997907645 0.06
2.408221241742661 -8.514720808741732 0.06
3.976117747921523 7.905724992349751 0.06
-8.272634131559672 -3.1438073295534448 0.06
8.22411926936776 -3.2701471286799793 0.06
-3.8555030354437987 7.967125977646122 0.06
-2.5389503547551717 -8.479606777208987 0.06
7.600520041684018 4.537851374379682 0.06
-8.670214672819897 1.7881212283339614 0.06
5.185618741703563 -7.175608564135361 0.06
1.0234053453674803 8.794466527258674 0.06
-6.695631064616725 -5.7938350551719635 0.06
8.851393760620914 -0.25065612787477465 0.06
-6.357831888599016 6.16424964422382 0.06
0.5242099806529535 -8.840543190109068 0.06
5.585521044741942 6.8732783050553765 0.06
-8.761980632501434 -1.2952588141640915 0.06
7.336214114154341 -4.963865678207119 0.06
-2.0565839299313295 8.616290532424507 0.06
-4.30403386299628 -7.74308029831677 0.06
8.404571618252538 2.8023518540083274 0.06
-8.090746373940162 3.6110695247494347 0.06
3.526846779147708 -8.128428617907364 0.06
2.890271638984989 8.376534477507928 0.06
-7.789960096933508 -4.224514373059188 0.06
8.598239991020883 -2.147153710568766 0.06
-4.890004360761177 7.391742511190219 0.06
-1.387401599555488 -8.75414854806285 0.06
6.936810595110532 5.518211555165522 0.06
-8.843049289173447 0.616830016494825 0.06
6.104315020758983 -6.428634234993951 0.06
-0.15866198054044064 8.864244264229805 0.06
-5.871092003376407 -6.643815070265701 0.06
8.817553908700104 0.9331361461049273 0.06
-7.1325678099811425 5.268441556667477 0.06
1.7006605193599096 -8.703318550868428 0.06
4.625287121566085 7.566816969048142 0.06
-8.522395937503072 -2.455354859166219 0.06
7.943222767811443 -3.9465443188848046 0.06
-3.1914356949253877 8.276154795867226 0.06
-3.2374025932344903 -8.25888760362548 0.06
7.966464480411208 3.9032606475031337 0.06
-8.511378356318772 2.5032855361680872 0.06
4.585371680952359 -7.5956807823604695 0.06
1.7498094055791746 8.698745141924016 0.06
-7.166628010112787 -5.232536953014938 0.06
8.819536369887686 -0.9827401590595365 0.06
-5.839790944093206 6.682577476489665 0.06
-0.20794932957225265 -8.872809987615561 0.06
6.147222556911245 6.402472556427055 0.06
-8.858140825176235 -0.5686309183873812 0.06
6.916260891465173 -5.56465050844969 0.06
-1.3410532087520421 8.775623983016583 0.06
-4.939311265134503 -7.3772084304373164 0.06
8.62587423566319 2.1034005016929176 0.06
-7.781771363796492 4.275983447301554 0.06
2.849831420829714 -8.410021454957871 0.06
3.5797378449804755 8.126836836138311 0.06
-8.129702086966349 -3.5746250121061647 0.06
8.409746897363537 -2.85589865406397 0.06
-4.2722245920001445 7.787046746714009 0.06
-2.1100027620496693 -8.628318975567767 0.06
7.384664024884222 4.937280348489517 0.06
-8.780862714254752 1.347757394122065 0.06
5.564690368519353 -6.925620629409899 0.06
0.574996444021616 8.866193043768137 0.06
-6.413418013391945 -6.14963977688935 0.06
8.883639385975767 0.20236417652362634 0.06
-6.687637686860023 5.851965667131817 0.06
0.978371827551771 -8.83305092066456 0.06
5.245551278267363 7.174551678472157 0.06
-8.714797872381421 -1.7470827237243967 0.06
7.606639540160227 -4.598807987519269 0.06
-2.5026074607190383 8.529768806805576 0.06
-3.9166789905073003 -7.980578029523848 0.06
8.279363956324241 3.2391561368231434 0.06
-8.29348843262018 3.204379755583797 0.06
3.951082723528381 -7.965484625045457 0.06
2.4673581468690964 8.542958724884413 0.06
-7.590518753250814 -4.6329283457169605 0.06
8.727062163264204 -1.7112527570532476 0.06
-5.279463139171748 7.157322751010103 0.06
-0.9418497691367533 -8.844372166093933 0.06
6.669199739001213 5.885726364800369 0.06
-8.893973366007366 0.165038676532541 0.06
6.447064471457204 -6.129874362568475 0.06
-0.6132327991190972 8.87546875010467 0.06
-5.543464370697758 -6.959166815848327 0.06
8.788982831752907 1.3870042477053466 0.06
-7.41809876491511 4.914449177066025 0.06
2.150348218765769 -8.635160828731037 0.06
4.24763564293772 7.820331926769162 0.06
-8.41516385298877 -2.897415629030678 0.06
8.16277127759948 -3.5481213436968218 0.06
-3.6224805810097616 8.130660147872817 0.06
-2.821255599206733 -8.442778976376477 0.06
7.783812438862968 4.319984249578017 0.06
-8.65819468381497 2.072598566331205 0.06
4.984577499704011 -7.3772614939043955 0.06
1.3078787061058958 8.807352229252261 0.06
-6.9141060180576766 -5.611161909182324 0.06
8.8890924967168 -0.5329489514138038 0.06
-6.194928881286882 6.397879035727204 0.06
0.24625809006281377 -8.902772430713851 0.06
5.832520940277163 6.731396547613906 0.06
-8.848270091635014 -1.0237755542487483 0.06
7.2164441775198025 -5.222349416952157 0.06
-1.7936480131046573 8.725985721114018 0.06
-4.572026468252277 -7.646343830459144 0.06
8.536838808194329 2.5499770906632135 0.06
-8.017789007712345 3.8865227939389593 0.06
3.286966653914651 -8.282261177725147 0.06
3.1710797975289315 8.327920083532494 0.06
-7.964186152963147 -3.998967231792488 0.06
8.574346319866557 -2.4311695101310518 0.06
-4.680519322218115 7.585033874304248 0.06
-1.672452737484634 -8.755164295481848 0.06
7.1476928858307485 5.326395254751988 0.06
-8.868972607201144 0.9007357507703027 0.06
5.93163928844246 -6.655498129502091 0.06
0.12192585218092482 8.914882729827127 0.06
-6.112205514848617 -6.4916056368401 0.06
8.892525950530521 0.6580138441866289 0.06
-7.001994128727963 5.5219632578693565 0.06
1.4331100706133895 -8.80205632369542 0.06
4.889280208199258 7.458883230464936 0.06
-8.644149622519347 -2.1974251531050264 0.06
7.858760176816773 -4.218991405926162 0.06
-2.945102497816534 8.419998294379567 0.06
-3.5162211315332392 -8.198547978401976 0.06
8.131302457698613 3.670411467591136 0.06
-8.475629098333185 2.786343731036756 0.06
4.367791305374495 -7.780257008138933 0.06
2.0349425162725385 8.687865615642682 0.06
-7.36953493201592 -5.031893767340197 0.06
8.83361572045392 -1.2677670540558126 0.06
-5.657624139218759 6.902266953641332 0.06
-0.490689171409824 -8.911746413417584 0.06
6.382017671829765 6.240180320828285 0.06
-8.921642311293718 -0.29034198685973517 0.06
6.775089679514888 -5.812758367120627 0.06
-1.0693455037440567 8.863210490201752 0.06
-5.198836687432562 -7.2582433892371805 0.06
8.73688132851182 1.840354490716805 0.06
-7.685927991936353 4.54494344329709 0.06
2.597461792276882 -8.543605341871883 0.06
3.856076766672547 8.054853938435397 0.06
-8.284846033576938 -3.334865244642502 0.06
8.362180889908577 -3.137503906682477 0.06
-4.046912141335588 7.9625688141648485 0.06
-2.3947209547111608 -8.605539585003795 0.06
7.579226073958809 4.728142565513749 0.06
-8.783050104450567 1.6334108064754884 0.06
5.373331256373636 -7.137738522058518 0.06
0.8593996830995402 8.8933363921921 0.06
-6.641472933615323 -5.9775276889408975 0.06
8.93553692108354 -0.07861254322877605 0.06
-6.536094059388871 6.094216475218246 0.06
0.7029722720915944 -8.909311420343908 0.06
5.500147803813949 7.044740884958126 0.06
-8.81484361230123 -1.4793688149586564 0.06
7.4995599447876735 -4.863805160009632 0.06
-2.2446293755566864 8.65283993648259 0.06
-4.190051699119538 -7.8970543089626455 0.06
8.424524269804945 2.9928900460036054 0.06
-8.234165224745192 3.484038325219311 0.06
3.718415653741864 -8.13162868225102 0.06
2.751164311716783 8.508295653650967 0.06
-7.776380297990968 -4.415643719891577 0.06
8.717330277961176 -1.9970360099260442 0.06
-5.079227106223377 7.361484361418267 0.06
-1.2274239610822046 -8.859651822716359 0.06
6.890103637008537 5.704075023286576 0.06
-8.934153567113585 0.4482187403842227 0.06
6.2853920855320355 -6.365834299691695 0.06
-0.33461412967717896 8.940247948699207 0.06
-5.792678499829357 -6.818715113393044 0.06
8.877871193346406 1.1150798511093485 0.06
-7.299947400403743 5.175013811705111 0.06
1.8872002580411553 -8.74748393459796 0.06
4.51755979906668 7.725390181852087 0.06
-8.55006781666499 -2.6450596081051874 0.06
8.091771063502437 -3.8253419528016925 0.06
-3.3828499074710976 8.28711810604403 0.06
-3.103653276732758 -8.396269191600874 0.06
7.960632367392205 4.094915421742869 0.06
-8.636536970919297 2.358013814621146 0.06
4.775796031967368 -7.57309528931498 0.06
1.5941284282953398 8.81071816335653 0.06
-7.12745977553991 -5.420269102919206 0.06
8.917462227719945 -0.8178431495024362 0.06
-6.023389543202972 6.627124445099329 0.06
-0.0351004399419321 -8.955934789798098 0.06
6.075907713178854 6.5805277494235765 0.06
-8.925824161710127 -0.7481062987515368 0.06
7.087405143588183 -5.478018650081412 0.06
-1.525778616338427 8.82734385950408 0.06
-4.838024841062557 -7.540127030578573 0.06
8.661231098741702 2.2919589556075475 0.06
-7.93521252382507 4.1608174919995875 0.06
3.04077629193241 -8.428741278650199 0.06
3.4515740478406784 8.26962130887943 0.06
-8.131638496005698 -3.766491121757519 0.06
8.54077703933093 -2.71571860921517 0.06
-4.463539454761619 7.772182160486612 0.06
-1.9588804503018897 -8.746587184806716 0.06
7.353109812927859 5.126575472869198 0.06
-8.885459178429205 1.1868509546140245 0.06
5.750512528579929 -6.877616277362765 0.06
0.4055392986170151 8.956312738916457 0.06
-6.349329305319712 -6.330562168765766 0.06
8.958588272095342 0.3790727780727516 0.06
-6.862270884093727 5.772281898289403 0.06
1.1609767691941113 -8.89225128645112 0.06
5.15088151929201 7.341554302340618 0.06
-8.757792787959929 -1.9341834150765151 0.06
7.764728562714276 -4.489876428964286 0.06
-2.6927685797154295 8.556225650139048 0.06
-3.794319402810947 -8.1285386306182 0.06
8.289076986083638 3.4309186406527648 0.06
-8.43018333488238 3.0695291072526736 0.06
4.142975043386944 -7.958376580049035 0.06
2.3210494293951793 8.667336935085904 0.06
-7.5666414660358186 -4.82347767948265 0.06
8.838167052716095 -1.5546070719907585 0.06
-5.467206755345046 7.1168567706754855 0.06
-0.7760677373484951 -8.941348828171664 0.06
6.612452966055198 6.069222830948607 0.06
-8.97607519404673 -0.008608764078424687 0.06
6.624904720971987 -6.057279706109262 0.06
-0.7934141372363677 8.94206318512867 0.06
-5.455576445747425 -7.129984968049084 0.06
8.83955623576838 1.5723376083679774 0.06
-7.5805826154137295 4.811940067258438 0.06
2.3394119616394016 -8.669322446058773 0.06
4.13128976093112 7.973233027525641 0.06
-8.432648829083874 -3.0887592533815846 0.06
8.304914529240484 -3.4188294286217764 0.06
-3.8146358541104046 8.131331582252402 0.06
-2.6800078970775956 -8.573071659073062 0.06
7.767662456395696 4.511476472675081 0.06
-8.775634857318897 1.9204772456370118 0.06
5.173936825713975 -7.344411325866818 0.06
1.1460495666686865 8.911036437516039 0.06
-6.86480509236087 -5.796934624773362 0.06
8.978222717858227 -0.36265249004306727 0.06
-6.375688567082782 6.332503082949893 0.06
0.42371618865315525 -8.976662218858033 0.06
5.751569130209045 6.90575503043848 0.06
-8.906349863369437 -1.2070344283653283 0.06
7.383062191088942 -5.126440547057282 0.06
-1.981302060087059 8.767807145842955 0.06
-4.461894233494018 -7.803941302259573 0.06
8.562078268560604 2.740586747950566 0.06
-8.165154893302775 3.7630101738334103 0.06
3.4790694424770843 -8.29072227338621 0.06
3.035132603809946 8.463921672445338 0.06
-7.955801228357103 -4.191088977207667 0.06
8.697937941930585 -2.28382914385564 0.06
-4.871185467297746 7.559864558521353 0.06
-1.5148482114955695 -8.865395360395874 0.06
7.1059296402974095 5.514142176906825 0.06
-8.964994915681311 0.7340750382680736 0.06
6.115025534924325 -6.597458806784888 0.06
-0.05251337179193318 8.995956999996334 0.06
-6.038332939487345 -6.6692229916162 0.06
8.958027509450858 0.8388939980245743 0.06
-7.1724784260199606 5.432821847647708 0.06
1.619043922584093 -8.851479920145756 0.06
4.7855516616399525 7.620924831920014 0.06
-8.677113323941738 -2.386986460680659 0.06
8.011114031841682 -4.101469488955064 0.06
-3.136836947789499 8.436246438018669 0.06
-3.38580560318659 -8.340043190381587 0.06
8.13070763302345 3.8628478336965606 0.06
-8.6051779232312 2.6440334546927318 0.06
4.5594527373093765 -7.762821055276364 0.06
1.8818278091554272 8.804471823834142 0.06
-7.33538894824637 -5.221309124917332 0.06
8.936382257506544 -1.105021333605031 0.06
-5.84333928421675 6.851670308000035 0.06
-0.3195599625202795 -8.99988230091672 0.06
6.315356034895421 6.420769280429722 0.06
-8.994468734622833 -0.4685426148092771 0.06
6.949165595187791 -5.730540771223805 0.06
-1.2532509967650356 8.920166026431763 0.06
-5.101691639446614 -7.424469167287351 0.06
8.777526274132866 2.028554289859456 0.06
-7.843026573597791 4.433614120087464 0.06
2.7885121526860948 -8.567625107013143 0.06
3.731415329436132 8.201618111034495 0.06
-8.292053576511993 -3.5273003110388323 0.06
8.497482563402249 -3.000464978078356 0.06
-4.239255194956223 7.952906097272663 0.06
-2.2463543083803175 -8.728338462801567 0.06
7.552764529804038 4.918917356221184 0.06
-8.89240168168888 1.4748533254180864 0.06
5.561073332970904 -7.09467852586147 0.06
0.6918666479014179 8.988399220190527 0.06
-6.5821422859989855 -6.1607956407321325 0.06
9.015579081943782 0.09661168261508908 0.06
-6.713480582693453 6.019067906727584 0.06
0.8845440887410455 -8.973716161940562 0.06
5.409755520198562 7.214883589613987 0.06
-8.863114100273457 -1.6658956886713696 0.06
7.661151817663723 -4.7588604546369995 0.06
-2.4346805186631646 8.68460308661496 0.06
-4.071357666042202 -8.048853754116756 0.06
8.439533631238037 3.1850073920168747 0.06
-8.375005603106354 3.352503713336822 0.06
3.9111250436103586 -8.12976634924054 0.06
2.607796567059558 8.637094248926104 0.06
-7.757657835395724 -4.607466213541163 0.06
8.833096619865065 -1.84293355933641 0.06
-5.268690332593589 7.3260427366508605 0.06
-1.0637677963922547 -8.961495303539403 0.06
6.838212158818018 5.889724481755783 0.06
-9.02129029306429 0.27626336757525644 0.06
6.465802311985207 -6.297888571761711 0.06
-0.5135503069738917 9.012006773311205 0.06
-5.70919740474878 -6.9925006252134 0.06
8.933698886517904 1.2996246400514182 0.06
-7.465773336349687 5.076635548298705 0.06
2.0759381994513206 -8.786949447450965 0.06
4.40503700335324 7.881982555111925 0.06
-8.572865609355409 -2.836542833085964 0.06
8.23792654917215 -3.6995359398774093 0.06
-3.5756092444893515 8.293070512827097 0.06
-2.965527447639588 -8.53086437339712 0.06
7.949690980643271 4.287471668976836 0.06
-8.758536976070562 2.208626278663891 0.06
4.966671308428147 -7.545341351724031 0.06
1.4346238973097158 8.91918461930618 0.06
-7.083103577319874 -5.607998191240652 0.06
9.011560479463682 -0.6494441661669494 0.06
-6.2065311370438945 6.566503730670122 0.06
0.14090199264587183 -9.034940322352352 0.06
5.999485109403131 6.757675519144887 0.06
-8.989128178288263 -0.9303626144165165 0.06
7.257198535247146 -5.386378135631278 0.06
-1.7128910342071082 8.874457972458538 0.06
-4.731867283869242 -7.701261715319635 0.06
8.691791097125384 2.482492200175446 0.06
-8.086450417411827 4.040955288881589 0.06
3.2332686026012065 -8.44250994334228 0.06
3.318924907312256 8.40980008440286 0.06
-8.12850744063877 -3.9594654673933114 0.06
8.668819060002525 -2.5712985250524554 0.06
-4.655514867235613 7.752172683896315 0.06
-1.8037959196706639 -8.861507788191549 0.06
7.316372756421982 5.316078412616409 0.06
-8.98637424843167 1.0222905003589646 0.06
5.936088194952657 -6.824430887754943 0.06
0.23276436067039394 9.042445507295122 0.06
-6.280101112289373 -6.5107856683676655 0.06
9.029275297181053 0.5587375123580038 0.06
-7.03575817135747 5.687539622207182 0.06
1.3461535216594116 -8.94694756305881 0.06
5.051273033085206 7.506972808344665 0.06
-8.79607594913295 -2.123451882451043 0.06
7.920807430618159 -4.376163804871131 0.06
-2.8846768273611203 8.57779922833857 0.06
-3.667373081887642 -8.274078479096385 0.06
8.293772708641288 3.6239942408062658 0.06
-8.56406547455151 2.930321236246091 0.06
4.335736372452443 -7.946155681119829 0.06
2.1706464159844874 8.788531967101997 0.06
-7.53759500483826 -5.014445287670145 0.06
8.945742783456515 -1.3941614154163444 0.06
-5.6549147215698445 7.071204953314015 0.06
-0.6068091970065544 -9.034477439145457 0.06
6.550543476241291 6.252230015432309 0.06
-9.054039611891154 -0.18538259439840207 0.06
6.801805829716282 -5.979585057078594 0.06
-0.9763477772267056 9.004262602673494 0.06
-5.36269037383449 -7.299421343804104 0.06
8.885510741667252 1.7600280849224803 0.06
-7.741252672561861 4.7045729943910795 0.06
2.5304195687220283 -8.698676727309081 0.06
4.010263361134111 8.12390225041792 0.06
-8.44517491787649 -3.281618595521093 0.06
8.444424957574894 -3.2850703395644767 0.06
-4.007867088810504 8.126930625914659 0.06
-2.534540625215891 -8.700350787130956 0.06
7.746365496696297 4.7035966654883525 0.06
-8.889703878842159 1.7644163189277828 0.06
5.363471330851131 -7.306379081538133 0.06
0.9805909954612173 9.011017772683637 0.06
-6.810326746354211 -5.982428403908605 0.06
9.063346764670827 -0.18906460094596672 0.06
-6.5557173594761124 6.261994083569831 0.06
0.6041024751789329 -9.046273276851784 0.06
5.665568022853272 7.078936288625749 0.06
-8.959911184110807 -1.3928358025431675 0.06
7.548065698172863 -5.025604860717386 0.06
-2.171093430727749 8.804905071325349 0.06
-4.346995453441571 -7.95949938926804 0.06
8.582425425560418 2.93291217302771 0.06
-8.310072178134071 3.634927838926386 0.06
3.672453298016587 -8.294159799153084 0.06
2.894847573588171 8.597084245585284 0.06
-7.942300010314518 -4.384047279188265 0.06
8.818321928352916 -2.1324160869610105 0.06
-5.062237259210339 7.52952547850544 0.06
-1.3534673729461562 -8.972074791839969 0.06
7.058982821042593 5.7018208961897034 0.06
-9.05714885277791 0.5639633486529086 0.06
6.297890270561813 -6.534261866497459 0.06
-0.23005177706348356 9.072875849468563 0.06
-5.959368267532535 -6.8458695468089585 0.06
9.019118487775364 1.0224977767548664 0.06
-7.341550100606667 5.338692922456043 0.06
1.8073049644488486 -8.896271621610849 0.06
4.676978438489557 7.781122842231948 0.06
-8.705259357898889 -2.578460686478241 0.06
8.161207487591478 -3.9792828932460704 0.06
-3.3300553864527274 8.447528107272397 0.06
-3.2509411710169154 -8.478878552178182 0.06
8.125035632645732 4.056327892101079 0.06
-8.731687867812923 2.497524169870752 0.06
4.751709576416632 -7.740236178656984 0.06
1.7247961909084055 8.917683449182745 0.06
-7.2960617947995265 -5.410867054961406 0.06
9.035424564542009 -0.9386708360606634 0.06
-6.028743091485082 6.795899994619617 0.06
-0.1451657514861908 -9.083992894349677 0.06
6.24356792088358 6.600595398698023 0.06
-9.062999691345654 -0.6496434365623939 0.06
7.12203303604888 -5.643283214001257 0.06
-1.4396696414395689 8.972588886353664 0.06
-4.999631805786225 -7.5890501254485585 0.06
8.81343611496858 2.218860934661649 0.06
-7.998056625707331 4.317532884875234 0.06
2.9812469066672276 -8.586743671583957 0.06
3.6022013009587766 8.345905929698159 0.06
-8.294231428522066 -3.7209844141190414 0.06
8.6299190717648 -2.8591076955564634 0.06
-4.432402363858937 7.93812378870837 0.06
-2.093936663819123 -8.847905359344326 0.06
7.521132770973358 5.110045189760127 0.06
-8.998179269724952 1.31254326781715 0.06
5.748714689524304 -7.046437356455212 0.06
0.5209082333711459 9.07957348185509 0.06
-6.51765925365998 -6.343509900140493 0.06
9.09144794227353 0.27490782624435117 0.06
-6.889864706680351 5.9388352665855715 0.06
1.0688108097321718 -9.033694894836756 0.06
5.3143864770065665 7.383582895384175 0.06
-8.90673983473117 -1.8547197945816503 0.06
7.820870382231889 -4.64908447592943 0.06
-2.626613614551904 8.711538378486924 0.06
-3.948014902554197 -8.198364369141565 0.06
8.449569072977713 3.378576990535889 0.06
-8.513159204149877 3.216538568834241 0.06
4.104845861756442 -8.122822197439815 0.06
2.4602504672216186 8.76282874638868 0.06
-7.733784643478533 -4.799851569402497 0.06
8.945445063899932 -1.684936974711034 0.06
-5.458263554642361 7.285420987702971 0.06
-0.8965315810274112 -9.059593320023835 0.06
6.781150901217008 6.075030243128324 0.06
-9.10438273362906 0.10106947905785651 0.06
6.6454178027522115 -6.224823067916387 0.06
-0.6953586344445231 9.079453528131715 0.06
-5.620685810843596 -7.165046476875182 0.06
8.984979815166529 1.4866531946120025 0.06
-7.629924214675914 4.9733546503644925 0.06
2.266752483055761 -8.82166838985464 0.06
4.287777042242539 8.036477339980362 0.06
-8.590753445887485 -3.029679064186887 0.06
8.381578023214207 -3.5691945647124146 0.06
-3.769585587007216 8.293987249943628 0.06
-2.823102844004798 -8.6625683450217 0.06
7.93362684581041 4.480799601793901 0.06
-8.87728076675879 2.0552095241445456 0.06
5.157867047690299 -7.512416889280744 0.06
1.2713906029242372 9.024054849943896 0.06
-7.0335687441158745 -5.795594078418213 0.06
9.101750095842089 -0.4776454677252935 0.06
-6.389086904873591 6.5007359984830035 0.06
0.31994902422049437 -9.109754805805718 0.06
5.917986588323369 6.933789349297017 0.06
-9.047990893671297 -1.1152850703032449 0.06
7.425517822438324 -5.289771740694567 0.06
-1.902270695028084 8.916914612288119 0.06
-4.620891973746555 -7.860493455691232 0.06
8.717513187633795 2.6748764127396436 0.06
-8.235371141019293 3.916460413391996 0.06
3.4271814226323802 -8.451297385393765 0.06
3.1818637066821562 8.547265255746945 0.06
-8.120290065850263 -4.153418982772329 0.06
8.793771874135468 -2.4227208311450155 0.06
-4.848020614885824 7.727010813868587 0.06
-1.644840114480291 -8.97298729508721 0.06
7.27445676062793 5.505658801429182 0.06
-9.083522742942993 0.8541747938433952 0.06
6.121287847090915 -6.766079743326786 0.06
0.056777454375430504 9.124515127976645 0.06
-6.205759976592917 -6.690182591896686 0.06
9.095633783145392 0.7412463038047887 0.06
-7.207974678434077 5.597776436680298 0.06
1.533784616116666 -8.997083124622327 0.06
4.946774184247095 7.670686095132984 0.06
-8.829601214687326 -2.3147661630480267 0.06
8.074759737687646 -4.257728875658776 0.06
-3.078206680581331 8.594454236984712 0.06
-3.535908733449462 -8.417086754258616 0.06
8.29342692558728 3.8182548146953113 0.06
-8.695030463903258 2.786834267012359 0.06
4.529236969225882 -7.928809020060801 0.06
2.0162360511485384 8.906446664413872 0.06
-7.503377849435075 -5.205700802832129 0.06
9.049700172967572 -1.2300108858830117 0.06
-5.842457041953887 7.020377177397482 0.06
-0.4341766723164417 -9.123677472226658 0.06
6.4834924701178265 6.434619288654569 0.06
-9.127795363918723 -0.3651736496844335 0.06
6.977641518534967 -5.896822774920156 0.06
-1.1619187497677335 9.062005562729379 0.06
-5.2648494246615964 -7.4673529805172905 0.06
8.926795194341468 1.949955783673589 0.06
-7.899990230862241 4.5924018064931085 0.06
2.723247139790824 -8.723183192827095 0.06
3.8846204568964784 8.272226055050806 0.06
-8.452712624006297 -3.4758666970936316 0.06
8.581195055673835 -3.146917764492575 0.06
-4.202045240428729 8.117438992526539 0.06
-2.3849365814533936 -8.824515709229908 0.06
7.719914621433518 4.896214684608611 0.06
-9.000308722230532 1.6045070596731623 0.06
5.5530507689310085 -7.263169222706761 0.06
0.8116020423749022 9.107211544968793 0.06
-6.7506868068463985 -6.167513894258366 0.06
9.144388931069699 -0.012291351836356455 0.06
-6.734887789773598 6.186379107293581 0.06
0.7873046764051849 -9.111539460843625 0.06
5.574555722732677 7.2508157123283965 0.06
-9.008897977565478 -1.5810620575475929 0.06
7.7113339010470145 -4.91989120474864 0.06
-2.362900060345363 8.837233917059109 0.06
-4.227389342533711 -8.11290202989241 0.06
8.597845542370717 3.126827790195037 0.06
-8.452430424487337 3.502344917223433 0.06
3.8669900950921043 -8.292550126737828 0.06
2.750303218642437 8.727303833689135 0.06
-7.92367015899124 -4.577712443078067 0.06
8.935401573357357 -1.9770176334172824 0.06
-5.2535444267169185 7.4940156762920935 0.06
-1.1884056292961962 -9.075113886902859 0.06
7.006862858340792 5.889301561679815 0.06
-9.145354396540256 0.3905034720483489 0.06
6.4801050584012225 -6.465929046322956 0.06
-0.4105799780087039 9.145568548846944 0.06
-5.875344376862281 -7.021419262034762 0.06
9.07573798910156 1.208710036848699 0.06
-7.509086472999549 5.239620247786589 0.06
1.997773176330848 -8.936380829840063 0.06
4.5636148560265575 7.939358881285926 0.06
-8.728547810592225 -2.771723853165332 0.06
8.308927368855374 -3.852496071261608 0.06
-3.5246308280209693 8.45381437731893 0.06
-3.1117019287232384 -8.614946959023028 0.06
8.114268741125136 4.250722620543417 0.06
-8.85505871685356 2.3468990436479764 0.06
4.944431751409839 -7.712496006848253 0.06
1.5639392648034782 9.027407932291858 0.06
-7.251558492011811 -5.600437432641437 0.06
9.13065844563591 -0.7688148991386747 0.06
-6.213706378370945 6.734972386238286 0.06
0.03238715021474296 -9.164003004828237 0.06
6.166680928708269 6.779531423594534 0.06
-9.127169574219161 -0.8335319810589091 0.06
7.293567654299938 -5.551024308373159 0.06
-1.6284836683056265 9.020423545602604 0.06
-4.8927065169441 -7.751865771480613 0.06
8.84456583355166 2.4111522589771504 0.06
-8.150902433276912 4.196759407352358 0.06
3.175540426485553 -8.600926868643633 0.06
3.4685042326779416 8.487607341759821 0.06
-8.291356533716437 -3.9157894262584847 0.06
8.759386866343897 -2.713510959204336 0.06
-4.626224001213808 7.9182101191237235 0.06
-1.937555665176922 -8.964144021842847 0.06
7.4843304037347025 5.301395892378945 0.06
-9.100294647564352 1.1465763504937754 0.06
5.9361256214298646 -6.993025997849851 0.06
0.34662749589558134 9.166779662405395 0.06
-6.448046113301341 -6.525542224270675 0.06
9.163073301250712 0.4561662809836018 0.06
-7.065120631401506 5.853551952767208 0.06
1.2556571174353253 -9.08918726858645 0.06
5.214084936921439 7.550716407770122 0.06
-8.945670776599819 -2.0457209870087376 0.06
7.978597585689366 -4.53453201175511 0.06
-2.820304609267862 8.733606466457168 0.06
-3.8200883015113574 -8.345473345991591 0.06
8.454602242985457 3.5734718290347964 0.06
-8.648519327400846 3.076217392118772 0.06
4.299449109253578 -8.11077908446153 0.06
2.3086095491824072 8.88539936915746 0.06
-7.70475491974312 -4.99266978947078 0.06
9.05428351969686 -1.5231381897076353 0.06
-5.6478167701467035 7.239624695441722 0.06
-0.725814941038263 -9.153862172403823 0.06
6.718936784733255 6.259863295852261 0.06
-9.183356219451166 -0.0772563697539807 0.06
6.824111524099707 -6.146665917930597 0.06
-0.879926443370598 9.142523144857615 0.06
-5.527182840934543 -7.336228584421208 0.06
9.031659009182059 1.6760475953446483 0.06
-7.792279850488402 4.865220933490324 0.06
2.459520841563561 -8.851596309701119 0.06
4.165840041924734 8.188759170051133 0.06
-8.603697731446523 -3.224342622287824 0.06
8.522615820132975 -3.4343878031490753 0.06
-3.9646508061830503 8.289845836023256 0.06
-2.6764587550081242 -8.791277980631733 0.06
7.912428766132252 4.674769622225554 0.06
-8.992672545415665 1.8978515460718575 0.06
5.349253174595811 -7.474322074548075 0.06
1.104524571798853 9.125241118474216 0.06
-6.978866815546491 -5.982927207551836 0.06
9.187952071565034 -0.30255037700160364 0.06
-6.570928799497521 6.429844065911246 0.06
0.5019308270872139 -9.180308570239868 0.06
5.831446069607703 7.108743682062032 0.06
-9.102352505695285 -1.3027581748209338 0.06
7.592240897403631 -5.188244226690926 0.06
-2.093797327662602 8.954664301394718 0.06
-4.505154170422338 -8.017704528150572 0.06
8.738358595013647 2.8689874633659773 0.06
-8.38186225587763 3.787398199753224 0.06
3.622387713536577 -8.455075827739172 0.06
3.0404653539701973 8.68191052887018 0.06
-8.106969804432627 -4.348222693241184 0.06
8.915536145365436 -2.270069435211716 0.06
-5.040926774111656 7.6966913188749 0.06
-1.4821052992854131 -9.080934086415894 0.06
7.227367968806872 5.695186761069777 0.06
-9.17682146066882 0.68260374962946 0.06
6.305982646031281 -6.702580314173963 0.06
-0.12231462081484809 9.202447453451443 0.06
-6.1263345605541275 -6.8686261255188485 0.06
9.157599202948301 0.9264862860078711 0.06
-7.378796586963073 5.503031975940365 0.06
1.7237519834431048 -9.042603557580966 0.06
4.8374352747253155 7.832574287093816 0.06
-8.858324700100342 -2.508003889070387 0.06
8.226470468107744 -4.134632225162375 0.06
-3.2732324095789056 8.606157655590692 0.06
-3.399996758769053 -8.55745417985746 0.06
8.288017732254264 4.0135722330411445 0.06
-8.822975602071109 2.639147878626348 0.06
4.723347285685691 -7.906325974737295 0.06
1.857906681265832 9.020985686925115 0.06
-7.463990740599718 -5.397114249693227 0.06
9.149951970931063 -1.062251820264262 0.06
-6.02970430872874 6.964385539966759 0.06
-0.25827375277728926 -9.208870433914592 0.06
6.411323307499027 6.616262800608795 0.06
-9.197273313420885 -0.5478718812240807 0.06
7.152286473464469 -5.8090273025264025 0.06
-1.3500113896123507 9.115232813698011 0.06
-5.162098859728753 -7.633658059042669 0.06
8.963360679931018 2.1420003084655654 0.06
-8.056677897997995 4.475482236352931 0.06
2.9177704695086617 -8.742803639980897 0.06
3.754426824947117 8.418092373935888 0.06
-8.45523474752671 -3.6713764944795497 0.06
8.715118938074365 -3.0044470198719706 0.06
-4.397041359663754 8.102840692091036 0.06
-2.231280044855693 -8.945467531740798 0.06
7.688305172009328 5.089200682037863 0.06
-9.10735824195385 1.4408420637652384 0.06
5.742545387015775 -7.2147884569170735 0.06
0.639182910853283 9.199535053820554 0.06
-6.685903295219211 -6.352062430972865 0.06
9.221275593689029 0.16756021375923164 0.06
-6.91307326575604 6.105687350519115 0.06
0.9732097284425565 -9.17239678734325 0.06
5.478572376909782 7.421269750585888 0.06
-9.053256388986616 -1.7715949749513913 0.06
7.872747235267968 -4.809350368769214 0.06
-2.5565994810795267 8.86475036836029 0.06
-4.103136943328302 -8.264034560932965 0.06
8.608306174993494 3.3222078197441047 0.06
-8.592120747498774 3.365332236258572 0.06
4.062551704972049 -8.285871930245404 0.06
2.601579608644881 8.854478163047395 0.06
-7.899901628868811 -4.771954971937173 0.06
9.049081996539204 -1.8177224815438824 0.06
-5.444977095786061 7.453336462710187 0.06
-1.0197596279378824 -9.174425884011926 0.06
6.949582408411001 6.07645491620767 0.06
-9.229533567544415 0.21379926466404345 0.06
6.66154224726411 -6.392484250110863 0.06
-0.5939877049981565 9.213966496917113 0.06
-5.786296235060682 -7.195747068937497 0.06
9.127827314672034 1.3974149396393145 0.06
-7.67496601458001 5.135649586473153 0.06
2.1903280375600245 -8.971759196940056 0.06
4.445517121233068 8.09551588997413 0.06
-8.74694105416415 -2.966651680763643 0.06
8.454161981515407 -3.7211752431590073 0.06
-3.720436184632321 8.455078627433249 0.06
-2.9681636019814355 -8.74814293618209 0.06
8.098391547721828 4.445903096086065 0.06
-8.975192021687379 2.192242726944081 0.06
5.137489491138378 -7.679596456093429 0.06
1.3993499584414406 9.1335546034285 0.06
-7.201886313460964 -5.789890631780851 0.06
9.222001703256138 -0.5955540153007944 0.06
-6.398100655699898 6.668906057183031 0.06
0.21299145501485028 -9.239839535408105 0.06
6.084724790331216 6.95745098623977 0.06
-9.186914945564615 -1.020094987224991 0.06
7.463646168209229 -5.453804715588528 0.06
-1.8195747100658182 9.063616710479812 0.06
-4.780967051339051 -7.912796854084553 0.06
8.870872687214053 2.605305695545103 0.06
-8.3014496877601 4.071355189809377 0.06
3.371266883343135 -8.610142832803291 0.06
3.3303953791836256 8.626613855871396 0.06
-8.28340814698525 -4.111587220339414 0.06
8.885784102769703 -2.563755229924502 0.06
-4.820590662345406 7.893155621556457 0.06
-1.7773003630849233 -9.076960031826635 0.06
7.4423593108344 5.4928396925849325 0.06
-9.198661544638346 0.97704953159584 0.06
6.123177023622985 -6.934457667141358 0.06
0.16912855839757845 9.249940298765953 0.06
-6.373327314321145 -6.7067651624705045 0.06
9.230387095417912 0.6402765564523436 0.06
-7.239123535889409 5.7632534589528515 0.06
1.444967000196488 -9.14013513950112 0.06
5.10889716540344 7.716162890539098 0.06
-8.97985914614869 -2.238778621331215 0.06
8.13421670413721 -4.41525974435652 0.06
-3.0156291489786327 8.750770299569655 0.06
-3.6876445273257397 -8.490069366034916 0.06
8.454607101817958 3.7695647963510805 0.06
-8.780980911009317 2.9316163187719497 0.06
4.49480589070733 -8.093622180758295 0.06
2.152958836279731 9.004708115718412 0.06
-7.670565157133711 -5.18579118073282 0.06
9.1595217955625 -1.3576304639391086 0.06
-5.837220481167371 7.188661701195862 0.06
-0.5517186579428178 -9.244220168433776 0.06
6.651588938239971 6.444095328025778 0.06
-9.25813818226682 -0.25860664734926503 0.06
7.00175733213 -6.0634473908795306 0.06
-1.067140275726189 9.201152733865634 0.06
-5.428729671749491 -7.505923937202311 0.06
9.073683738118161 1.8676893265771108 0.06
-7.9527213076113625 4.752286165990451 0.06
2.654120609066006 -8.876691038474364 0.06
4.0392879653665315 8.338714093482587 0.06
-8.611667181333253 -3.420407630377962 0.06
8.660931844170939 -3.2951873377132546 0.06
-4.1606767775100195 8.280626108760668 0.06
-2.525676033347947 -8.916891867381358 0.06
7.886087855094 4.869252339090563 0.06
-9.10461835773776 1.7366417477259344 0.06
5.54070002163786 -7.431059363928013 0.06
0.9341230730073357 9.222657647580515 0.06
-6.91901157122748 -6.169868627225401 0.06
9.270089462152752 -0.12426328373474001 0.06
-6.75192957242458 6.353852929445128 0.06
0.6867366903442756 -9.246534092195573 0.06
5.739899574375786 7.282413945669437 0.06
-9.152155427948076 -1.492665743788802 0.06
7.757246818255334 -5.081842362831368 0.06
-2.2873501641598866 8.987659830373964 0.06
-4.38471103243059 -8.172778546007564 0.06
8.754290847349312 3.0647009250522412 0.06
-8.525812820907435 3.653835757508872 0.06
3.8187603418447 -8.453819814235109 0.06
2.894806395292335 8.81363125696637 0.06
-8.088532409937521 -4.543747732146923 0.06
9.034014321555222 -2.1134297333801135 0.06
-5.234103731371594 7.661211270369848 0.06
-1.315685065981308 -9.185258450754326 0.06
7.175114791802617 5.884532923219591 0.06
-9.266189216888982 0.5076784383941941 0.06
6.490044458776538 -6.633952285259817 0.06
-0.30440408960806437 9.27617044637656 0.06
-6.041855671656156 -7.045990352170257 0.06
9.215109217234616 1.114343804414791 0.06
-7.548101159255814 5.403347933424334 0.06
1.91593696011366 -9.083456696922733 0.06
4.7233085639001455 7.992518765081978 0.06
-8.882204813139444 -2.7030422966432663 0.06
8.375826028806024 -4.006936277903043 0.06
-3.4696280900603655 8.612878782187991 0.06
-3.2597092688764686 -8.695073057910488 0.06
8.277525551065361 4.209818375115499 0.06
-8.947799909918931 2.487343316081397 0.06
4.917937985391727 -7.878698240943181 0.06
1.6957480626984873 9.132055546691245 0.06
-7.4194367101300065 -5.588556066138663 0.06
9.246412895520539 -0.8909817986645311 0.06
-6.216527725707071 6.903244384745137 0.06
-0.079205094716636 -9.289979900568726 0.06
6.334061533362981 6.7970335067271375 0.06
-9.262406479156486 -0.7333663578866761 0.06
7.3256163737454205 -5.716235189765464 0.06
-1.5405093404089472 9.163887328645679 0.06
-5.054485953138272 -7.79821593375869 0.06
8.995160561489762 2.3360407686980125 0.06
-8.211199626551203 4.353871919673956 0.06
3.1138650586965357 -8.757502177917447 0.06
3.6197500206554913 8.56139064568161 0.06
-8.45271641757116 -3.8680208329484143 0.06
8.84609237516744 -2.857735062948361 0.06
-4.592726609702164 8.083122063196479 0.06
-2.0736567847403093 -9.063109154098305 0.06
7.651534800148592 5.2824251250836545 0.06
-9.210763209096365 1.2735152554865004 0.06
5.93182594804068 -7.161245766076687 0.06
0.46343496064033807 9.287907624285262 0.06
-6.615996454013937 -6.535946061625281 0.06
9.293935248329776 0.35038207695795076 0.06
-7.090148098894274 6.019950160569927 0.06
1.161703780600136 -9.228783469457898 0.06
5.377660196699825 7.5901759405714975 0.06
-9.092934820928415 -1.964315744056324 0.06
8.032187400789411 -4.694035104108176 0.06
-2.75206883195455 8.887413411346651 0.06
-3.9743011427150887 -8.412783750163412 0.06
8.613777206206157 3.518926291050053 0.06
-8.729035849050867 3.2239623363161094 0.06
4.25901001183263 -8.274106218747098 0.06
2.4487583813178264 8.9785066904205 0.06
-7.870986699810117 -4.966645585444189 0.06
9.159270178557227 -1.6546207408926865 0.06
-5.636405811169093 7.407491446624779 0.06
-0.8476272600469414 -9.269925999058747 0.06
6.887156380640418 6.263152320405754 0.06
-9.309610465206068 0.03395564939246204 0.06
6.842074998227288 -6.313953572733415 0.06
-0.7801638070258605 9.278003256854728 0.06
-5.692260921914142 -7.368728899671177 0.06
9.17532999917133 1.5884959572836979 0.06
-7.839068377953982 5.026828718562227 0.06
2.3848485356226132 -9.002360660523365 0.06
4.322743347916143 8.249478162165577 0.06
-8.760403780891524 -3.1631195987097107 0.06
8.596801145968541 -3.5853884108523015 0.06
-3.917344281390324 8.451296573961805 0.06
-2.820403559601333 -8.87836267343186 0.06
8.07739097782912 4.64174051313564 0.06
-9.091991135523648 2.03364136257094 0.06
5.330753345178383 -7.641535760098849 0.06
1.231122528666744 9.236034718395617 0.06
-7.1470548137786905 -5.979097548028704 0.06
9.309374174432481 -0.41898983330097084 0.06
-6.581798153314223 6.5977218090057015 0.06
0.39653890079468757 -9.31143151723496 0.06
5.9977313941668715 7.134228628480105 0.06
-9.242174573120366 -1.20921840871175 0.06
7.632146391736132 -5.351667165950172 0.06
-2.01282380945339 9.102117353236968 0.06
-4.6644666532962935 -8.071725394256601 0.06
8.892316242480168 2.801198287112746 0.06
-8.449585519865614 3.9413835822560253 0.06
3.5683002613802763 -8.614362033524795 0.06
3.18794771054593 8.762818575939193 0.06
-8.270367865912156 -4.308249686646262 0.06
9.009010675886913 -2.4099225385384546 0.06
-5.0153731243578505 7.862953161724226 0.06
-1.6132612205902457 -9.186260840741442 0.06
7.39522367982606 5.684247243509023 0.06
-9.293195676774143 0.8040610133481075 0.06
6.309740415257051 -6.870747840815568 0.06
-0.011483389917974512 9.32898001561564 0.06
-6.2935295028134695 -6.887052083236808 0.06
9.293323434545295 0.8271272821828822 0.06
-7.411749607055722 5.667977396065492 0.06
1.6366237591537693 -9.186482606034444 0.06
4.998871449435836 7.8798022965056225 0.06
-9.00925945761837 -2.433771563913505 0.06
8.287612374823674 -4.291326266397081 0.06
-3.2124625927399406 8.762995155210723 0.06
-3.550752029082534 -8.632042633581364 0.06
8.449559954930717 3.966728698566515 0.06
-8.91044056628784 2.7828131296678995 0.06
4.690787432933985 -8.071339000378352 0.06
1.9933848450610359 9.12065879525602 0.06
-7.631214173001369 -5.379086376493972 0.06
9.261071634240311 -1.18850838678972 0.06
-6.026345717695459 7.132542133826734 0.06
-0.3743446693536182 -9.330587659334569 0.06
6.579128723677919 6.627598753491053 0.06
-9.32865819075434 -0.4428728486507337 0.06
7.178230000956265 -5.975199917439704 0.06
-1.2568858900432882 9.255281619670473 0.06
-5.325369553629186 -7.674010627910238 0.06
9.111003545997864 2.061459285267202 0.06
-8.111130930132212 4.634604086030712 0.06
2.8504287329423086 -8.896912725120828 0.06
3.9081846263873046 8.486229606018796 0.06
-8.61463285364635 -3.617748028384087 0.06
8.79641960343722 -3.1516665687006573 0.06
-4.357535398631103 8.266310256074162 0.06
-2.3708371032524784 -9.039310340387777 0.06
7.854597565935428 5.064118588382508 0.06
-9.213026128170581 1.5716709457282205 0.06
5.732078351878989 -7.382633525234763 0.06
0.7602846197395906 9.316220655232863 0.06
-6.85401905621713 -6.356290016748171 0.06
9.348087419741773 0.05711035690332963 0.06
-6.931962801376217 6.272789787673134 0.06
0.8742550245346481 -9.30836603019434 0.06
5.64338524574054 7.454676583739766 0.06
-9.197344324753091 -1.6848909080210839 0.06
7.920415840016817 -4.970614943969278 0.06
-2.482807950608238 9.015856292133128 0.06
-4.259621632014313 -8.325600491981087 0.06
8.765275809072724 3.261892087559696 0.06
-8.66711342646427 3.515841983480315 0.06
4.016172095808869 -8.44750624130259 0.06
2.744965023895739 8.942324475078562 0.06
-8.064965986794661 -4.739865360096762 0.06
9.149110670062873 -1.9528886161124774 0.06
-5.427422205200999 7.620570070965239 0.06
-1.1456743364427782 -9.285872619997347 0.06
7.117707934142735 6.073568453902664 0.06
-9.351546879210053 0.32950108639686093 0.06
6.673345884930805 -6.560217580239018 0.06
-0.4893822044426012 9.34561421512652 0.06
-5.952356284049223 -7.2221502800578525 0.06
9.268103709417279 1.3047044230344622 0.06
-7.7157667687041 5.2987680805033825 0.06
2.110220298125283 -9.119592660496414 0.06
4.604448284536474 8.150402198359853 0.06
-8.901202287155654 -2.8997582387390435 0.06
8.522714282673274 -3.874705312138847 0.06
-3.667267618934673 8.614589265374942 0.06
-3.115120094793268 -8.829837302862108 0.06
8.26193316205445 4.406865147215759 0.06
-9.06940416502495 2.331503397258531 0.06
5.11287996470431 -7.845919861082273 0.06
1.5298513656287303 9.23956464337384 0.06
-7.369721107624249 -5.779897126752135 0.06
9.338999669045794 -0.7162996450945301 0.06
-6.402799134122001 6.836970326693437 0.06
0.10292358099876463 -9.366931553954815 0.06
6.251734900010955 6.976805195788758 0.06
-9.323130070534493 -0.9215452717558164 0.06
7.497507921662157 -5.6184851129653435 0.06
-1.733295563430891 9.207914339837812 0.06
-4.942060008488774 -7.960907163916431 0.06
9.022150512599943 2.531955791081787 0.06
-8.363440746734845 4.227630409089149 0.06
3.3114061288308627 -8.76724526005412 0.06
3.4806593890837663 8.702011848830304 0.06
-8.445135123343572 -4.065672484161599 0.06
8.974012827914812 -2.706860499623204 0.06
-4.788972286396149 8.058271802323972 0.06
-1.912154065602784 -9.177345304029851 0.06
7.609603495293396 5.475758819051342 0.06
-9.310436346881275 1.1026218892585218 0.06
6.120763755682613 -7.10255243184604 0.06
0.2844607063708708 9.372250642536775 0.06
-6.540988769871613 -6.719037573374141 0.06
9.362298545211042 0.5360652482107369 0.06
-7.265987533432124 5.929201056129649 0.06
1.3526722030158131 -9.280639951597538 0.06
5.2718634754400195 7.757412938365565 0.06
-9.127883967124323 -2.1591049726020164 0.06
8.189537394076027 -4.5740001389408 0.06
-2.9491848725481895 8.905184365723875 0.06
-3.840946683960366 -8.559037829743122 0.06
8.614230876947394 3.716857059216313 0.06
-8.86307005211278 3.078309479461342 0.06
4.456236931966002 -8.257236366132572 0.06
2.2919227483808897 9.099290638036253 0.06
-7.836920005067446 -5.161655241700445 0.06
9.26587499647051 -1.4878039352625252 0.06
-5.827701560597086 7.356486560894015 0.06
-0.672107660251279 -9.361531460879226 0.06
6.819601961196204 6.449265779206877 0.06
-9.385511303082804 -0.14892138766782478 0.06
7.021577312988434 -6.230365321369695 0.06
-0.9689962582684599 9.337614591075267 0.06
-5.593277648066466 -7.540241717056561 0.06
9.21819184487031 1.7818358822199463 0.06
-8.001274428637053 4.9132074572155835 0.06
2.5812131788025736 -9.028141476825445 0.06
4.195353569614374 8.40113137773264 0.06
-8.768903035043316 -3.361002761380615 0.06
8.736736231092591 -3.445205368089692 0.06
-4.115227874619546 8.442446300685265 0.06
-2.6685008205194682 -9.005504059789597 0.06
8.051256321667895 4.838106204167369 0.06
-9.205361248652252 1.871182589116158 0.06
5.524094207183444 -7.5983144966605805 0.06
1.0593525621785989 9.334761493953964 0.06
-7.087075853095557 -6.167929624474479 0.06
9.392697766074601 -0.2392251558202153 0.06
-6.764671847725241 6.521442692579119 0.06
0.5829202564031976 -9.378710144506803 0.06
5.90573480451098 7.309739832496616 0.06
-9.292889464369274 -1.400787422492986 0.06
7.798947265658148 -5.2446564756410226 0.06
-2.208111430970759 9.135876745469822 0.06
-4.543260547043482 -8.228534717778018 0.06
8.908858407328365 2.9987067009253714 0.06
-8.59519853313953 3.806909793509172 0.06
3.766514374997398 -8.613557305953096 0.06
3.0412359202245756 8.89611623561292 0.06
-8.25221965994259 -4.505648752849808 0.06
9.12896825476117 -2.2520964907309775 0.06
-5.210442408737216 7.827597965227438 0.06
-1.4455301149754431 -9.29195580524892 0.06
7.3429300282563315 5.8754896476916265 0.06
-9.383814781507299 0.6277102407680785 0.06
6.495687966645735 -6.801914277611397 0.06
-0.1951020981410128 9.403825560446185 0.06
-6.208681541947785 -7.066277203073546 0.06
9.351818636142875 1.0166062151545314 0.06
-7.5828760703199505 5.567763509899562 0.06
1.8305100188007954 -9.228176042483689 0.06
4.884058112505212 8.041515799503973 0.06
-9.033828551855606 -2.6305782055811324 0.06
8.438670629330138 -4.162792093016524 0.06
-3.410680028967773 8.770248670362797 0.06
-3.4094810496029417 -8.771284910000269 0.06
8.439439482392059 4.164836278059687 0.06
-9.036796612533 2.629887256844316 0.06
4.887265106569168 -8.043919428867463 0.06
1.8299755882062303 9.233157062812767 0.06
-7.5867031349949805 -5.572426360344059 0.06
9.358846748190805 -1.0158678771761622 0.06
-6.215064063946772 7.071278433284707 0.06
-0.1937960656115259 -9.412887074907118 0.06
6.501579757272429 6.810246740010627 0.06
-9.394847985198782 -0.6299455016161507 0.06
7.353405252644058 -5.881958108520222 0.06
-1.4490482708923007 9.304851374880958 0.06
-5.217147826455494 -7.840367884028831 0.06
9.143570284284563 2.2572377934875014 0.06
-8.267392375223993 4.512230414560874 0.06
3.0483217892163346 -8.912223867777836 0.06
3.772595699745606 8.631194684761835 0.06
-8.612568179466852 -3.8162375914026954 0.06
8.928974244435308 -3.0039006212274995 0.06
-4.555098610022102 8.246882844625278 0.06
-2.212025964473454 -9.1584355177342 0.06
7.817953718203952 5.259239456425333 0.06
-9.317805695156249 1.4030313707518456 0.06
5.9232593843658154 -7.329051662085781 0.06
0.5831089670156782 9.40584838983629 0.06
-6.783907602962088 -6.542063713727739 0.06
9.421873227886314 0.24146402970037653 0.06
-7.110902919576681 6.18668406081609 0.06
1.064373370068146 -9.365741258922851 0.06
5.541943365640779 7.625409086208436 0.06
-9.237866144443213 -1.8793161249108383 0.06
8.08162944691205 -4.854612804622428 0.06
-2.680048961491526 9.039211114030262 0.06
-4.129946966404149 -8.476056751502385 0.06
8.771281711698132 3.4604359745601267 0.06
-8.805656228571939 3.373487569891464 0.06
4.214495705173428 -8.436114387031195 0.06
2.5910210851847713 9.067888934924598 0.06
-8.03626101746505 -4.936446987375798 0.06
9.260731312870437 -1.7885344701237935 0.06
-5.620753270833199 7.574769479556318 0.06
-0.9721693615194439 -9.382690804482628 0.06
7.05516041687941 6.262165080233671 0.06
-9.432817402466567 0.14817507119589013 0.06
6.855760285339622 -6.481400381858847 0.06
-0.6771392528800947 9.410711048173193 0.06
-5.857871556204773 -7.396981873102509 0.06
9.316524819261593 1.497452934847275 0.06
-7.881672931583151 5.189338281471873 0.06
2.3064821781439533 -9.150963881575773 0.06
4.480910654892391 8.306108577599492 0.06
-8.915280212300226 -3.098028201319035 0.06
8.667024582490901 -3.738005469030032 0.06
-3.8660247331876394 8.61126313396481 0.06
-2.9663047934972737 -8.961642476247036 0.06
8.241225730720389 4.604584504090701 0.06
-9.187690936693025 2.1717125159212083 0.06
5.3080443764195815 -7.80798725011513 0.06
1.3603091739379003 9.343423299374829 0.06
-7.3148516241073445 -5.971008768817391 0.06
9.427631052931634 -0.5383054242706206 0.06
-6.588391040617254 6.765582273235193 0.06
0.2880054954185829 -9.439653215802405 0.06
6.1643733857252565 7.155452519677713 0.06
-9.379381521465032 -1.1122959474889467 0.06
7.667838873707804 -5.515817891016296 0.06
-1.9282523498986825 9.247261371622963 0.06
-4.824872371981218 -8.121613546216805 0.06
9.04428854904043 2.729623534793061 0.06
-8.513287999999545 4.09681918432627 0.06
3.510268640102023 -8.772001714222148 0.06
3.3372260721320113 8.839848536229699 0.06
-8.432470742590384 -4.264204166706514 0.06
9.098779482650578 -2.5519035887150814 0.06
-4.985649841238199 8.028280990384026 0.06
-1.746860648079539 -9.288082572640661 0.06
7.56251360901646 5.669072932450316 0.06
-9.406292365699121 0.9282585474911805 0.06
6.309230681759267 -7.038722057614399 0.06
0.10236381232374267 9.452487590572472 0.06
-6.460904993082192 -6.901210522101583 0.06
9.426298323066376 0.7244997754009455 0.06
-7.440467777139535 5.83347574412959 0.06
1.5459995979449725 -9.327908942692034 0.06
5.161228602612005 7.922860551062334 0.06
-9.15805684456949 -2.355842700953089 0.06
8.344681541419677 -4.449302189365172 0.06
-3.1478239999649356 8.918026915481068 0.06
-3.7031401749047665 -8.702686530319605 0.06
8.609641815459145 3.9158738245118894 0.06
-8.994119335431785 2.928449654682851 0.06
4.654104435902508 -8.235248138320582 0.06
2.131157497631484 9.216733028589314 0.06
-7.797698556422906 -5.356855161674631 0.06
9.368807258814215 -1.3173650015049172 0.06
-6.01873580135505 7.30033008524183 0.06
-0.493301202465391 -9.449161546065671 0.06
6.746938633585624 6.634667970187336 0.06
-9.45716444317685 -0.3347248044461232 0.06
7.199924064055762 -6.141750033323627 0.06
-1.1603721684657453 9.392738494744231 0.06
-5.489387770089714 -7.710163546228412 0.06
9.256360954088688 1.9773168404740666 0.06
-8.161466277910018 4.794837660915914 0.06
2.779300012181586 -9.049060251887346 0.06
4.063409749021236 8.550362636260475 0.06
-8.772408242520065 -3.5601760667930495 0.06
8.873860188734808 -3.300697706665587 0.06
-4.313959673239021 8.428508286622698 0.06
-2.5125360569299002 -9.129466718413905 0.06
8.019979260092342 5.034871663477499 0.06
-9.315209423481608 1.7049555409685653 0.06
5.717383340716466 -7.549935611334565 0.06
0.8841369726519984 9.429650142692982 0.06
-7.021963618327119 -6.356258879473863 0.06
9.471896489458812 -0.05636393330687544 0.06
-6.9465954918089485 6.440094026734361 0.06
0.7720253308487118 -9.441608808276687 0.06
5.808771277601636 7.483861051924352 0.06
-9.339002899391557 -1.5946864410146762 0.06
7.963928890009236 -5.132819559937428 0.06
-2.405317475703172 9.164848489804779 0.06
-4.41740594699675 -8.38310948869438 0.06
8.920463461378851 3.1977072464822114 0.06
-8.73817883827795 3.6680008983465977 0.06
3.965782889214788 -8.607703879410073 0.06
2.890336429313081 9.026403233037273 0.06
-8.228949896959667 -4.703656406810289 0.06
9.245560317678143 -2.090362268166746 0.06
-5.405669806246289 7.787087642105824 0.06
-1.2742003357695433 -9.393956222184814 0.06
7.285487225795424 6.0664384842155705 0.06
-9.470438652733883 0.4480978964512995 0.06
6.680892528248451 -6.727977038158944 0.06
-0.3816202617508591 9.474405837614366 0.06
-6.118814528960513 -7.244315617101573 0.06
9.405811258658654 1.2086002509060356 0.06
-7.752381221477786 5.462653695492567 0.06
2.0265077409961902 -9.265164131070886 0.06
4.764509525921936 8.201185827512942 0.06
-9.05352562698785 -2.8290764785481244 0.06
8.587278927566834 -4.029719670171439 0.06
-3.6101562948568207 8.772500870715584 0.06
-3.2639036307395677 -8.907689548319759 0.06
8.424226766145628 4.363760235456984 0.06
-9.159949111893692 2.4729197859045 0.06
5.084110450346821 -8.011355748478172 0.06
1.66282057363314 9.342110454276504 0.06
-7.53703558393884 -5.765682492683734 0.06
9.45276285436052 -0.8398061795568924 0.06
-6.403247686679993 7.004885371155429 0.06
-0.010177082730639695 -9.491042957809595 0.06
6.4189679274671 6.991913239317886 0.06
-9.456641511015562 -0.8197141770991436 0.06
7.5271597887312 -5.783758770463036 0.06
-1.6435116418749909 9.349805852691347 0.06
-5.104111931885464 -8.004876100651678 0.06
9.171338143093301 2.4549046142451036 0.06
-8.421390646832492 4.385222864740429 0.06
3.247676001046056 -8.922589343471406 0.06
3.6325887275140567 8.773499822575813 0.06
-8.605448990862408 -4.015749950590198 0.06
9.058492586895392 -2.8519663485324003 0.06
-4.7532384184602945 8.222330845768315 0.06
-2.049328192356454 -9.274171335489388 0.06
7.776154521522335 5.454486305547735 0.06
-9.418868845992206 1.2308166646570293 0.06
6.1141148217807 -7.2703232353232785 0.06
0.4026971057118548 9.491461164702267 0.06
-6.708697850296853 -6.727062743383802 0.06
9.491376335364144 0.4286901684077573 0.06
-7.288625246771426 6.0955674069053005 0.06
1.256978409320283 -9.418598902092747 0.06
5.435616368207771 7.794490021654512 0.06
-9.273670151049764 -2.075823193224478 0.06
8.240770385733342 -4.733888829453051 0.06
-2.8789510172646025 9.057684088120489 0.06
-3.9957499651527923 -8.624035146958844 0.06
8.772279182392166 3.6602073638209403 0.06
-8.941334983626188 3.226845008763587 0.06
4.413603863933749 -8.4196259377878 0.06
2.4330560780245913 9.190225139853084 0.06
-8.002410387015177 -5.133364198826303 0.06
9.368784261511564 -1.6204571766181433 0.06
-5.8139683871853105 7.523813633577712 0.06
-0.7952677160184518 -9.475629227648094 0.06
6.987487597367442 6.450195119268579 0.06
-9.509925862788252 -0.036195086284399464 0.06
7.037161812673227 -6.397527149004815 0.06
-0.8675645685247698 9.471395447316116 0.06
-5.7584388453166175 -7.57036208280348 0.06
9.36031697502372 1.6924733755905286 0.06
-8.045700340086386 5.0751065050434 0.06
2.504602226247367 -9.17752513961562 0.06
4.352753887244185 8.459523248805494 0.06
-8.924404064714178 -3.2977283226052845 0.06
8.808647805530285 -3.596904758000481 0.06
-4.065773031663049 8.602876824353668 0.06
-2.813340650359277 -9.090385821571935 0.06
8.215390833375764 4.802848473029881 0.06
-9.302564620923045 2.0080566410215877 0.06
5.503302656152361 -7.7648992185852865 0.06
1.187215481418416 9.443543794608061 0.06
-7.254838312709366 -6.1617628205282555 0.06
9.512227882025869 -0.3571004346253963 0.06
-6.773176647177715 6.689101442355801 0.06
0.4759328213388824 -9.508074881361232 0.06
6.072009210173397 7.33285102477675 0.06
-9.431100522912198 -1.305504855113634 0.06
7.836488073322882 -5.408276497801147 0.06
-2.1252613366087916 9.28187827172474 0.06
-4.702976442013057 -8.280218148446949 0.06
9.061535058532945 2.928921709943493 0.06
-8.6606295733877 3.961501658785767 0.06
3.7103273122869678 -8.771742770721072 0.06
3.189523012080789 8.974794869823326 0.06
-8.41470556768408 -4.4634885694024735 0.06
9.220293286100883 -2.3929462422467855 0.06
-5.182630906885427 7.993143116634152 0.06
-1.5778667862634663 -9.395229449290028 0.06
7.510269876503171 5.862239024646564 0.06
-9.498247997609836 0.7505231348204732 0.06
6.497099195546748 -6.969770587560671 0.06
-0.08275091633819907 9.528544080070429 0.06
-6.375772153952339 -7.082339263328602 0.06
9.485869642086433 0.9155747557370865 0.06
-7.61346603355626 5.732812133315124 0.06
1.741569814390001 -9.370535447966972 0.06
5.045804074385486 8.086399770164398 0.06
-9.183408823877098 -2.55440841948508 0.06
8.497505533054024 -4.319999967096784 0.06
-3.347862268809409 8.925907137601328 0.06
-3.5609500925776993 -8.843621115706558 0.06
8.59998706405254 4.1158501549654325 0.06
-9.12208136848454 2.774460579418497 0.06
4.852484573166005 -8.20812971797997 0.06
1.96654899123658 9.330738720222875 0.06
-7.753321766621175 -5.552116856050339 0.06
9.467979740266768 -1.143398284893764 0.06
-6.209380488984608 7.239032666248805 0.06
-0.31130949217575227 -9.53273761309317 0.06
6.669188195913831 6.819232274052822 0.06
-9.524500429245457 -0.5233465136055739 0.06
7.376991026550443 -6.048140490613147 0.06
-1.3541777963308348 9.443315228029007 0.06
-5.380634802200969 -7.878373507605725 0.06
9.28978776010154 2.174820308041016 0.06
-8.319527316681109 4.671773242249333 0.06
2.978986636725062 -9.065077970884394 0.06
3.9269757835855277 8.697060491633529 0.06
-8.770891238378788 -3.7605141782115714 0.06
9.008067588606162 -3.1519388190609257 0.06
-4.513412362538833 8.409465431624156 0.06
-2.3525915938251307 -9.250152041597119 0.06
7.983553887890027 5.231908573279548 0.06
-9.421444629348874 1.535050844797419 0.06
5.910492407335248 -7.496404438317905 0.06
0.7055739939810534 9.520617907416389 0.06
-6.951734641487833 -6.543957936473768 0.06
9.54689649387415 0.12948874566323865 0.06
-7.127443645993275 6.353703414009037 0.06
0.9637429858798723 -9.500063129114846 0.06
5.706879274387874 7.656469744442419 0.06
-9.380460462293064 -1.7907991275842847 0.06
8.126972557673778 -5.016205443043311 0.06
-2.604321299595849 9.188988549806306 0.06
-4.286962064582993 -8.535335743649826 0.06
8.92709808410606 3.398075896260987 0.06
-8.878418087847464 3.524725841449659 0.06
4.165979342814146 -8.596779403663085 0.06
2.7353273871999835 9.153577665854685 0.06
-8.200547367420429 -4.902144721924667 0.06
9.35869218706927 -1.924806626050683 0.06
-5.600926904453035 7.741422208546315 0.06
-1.0993665792264093 -9.492175363133574 0.06
7.222906513505072 6.256965837941422 0.06
-9.55298917464688 0.26532589221464414 0.06
6.8652276614980385 -6.648958501585206 0.06
-0.5709295341488645 9.540651941405082 0.06
-6.023961808994934 -7.421043331214991 0.06
9.455242133393062 1.4029954379500504 0.06
-7.9201444600611035 5.352692007930535 0.06
2.2244982421470705 -9.297397892458115 0.06
4.640280116744158 8.35869609676945 0.06
-9.068312267355013 -3.029143876038006 0.06
8.733326192456037 -3.892173379509361 0.06
-3.81076599867766 8.769724197677045 0.06
-3.1140936151949097 -9.04115152819608 0.06
8.403905314943692 4.563373254234325 0.06
-9.279799904416954 2.3119934545718563 0.06
5.281195197812681 -7.973642660829508 0.06
1.4920108000874095 9.447428421132521 0.06
-7.482217454160274 -5.958726539174235 0.06
9.542737708409753 -0.6604218564634197 0.06
-6.590769365490649 6.933380068257471 0.06
0.17640690803599654 -9.564981996992842 0.06
6.331321409772599 7.172473018851664 0.06
-9.513974951125462 -1.0120675023718937 0.06
7.699371323154199 -5.68064091702607 0.06
-1.840159481826117 9.390091217951262 0.06
-4.9863114225437535 -8.167416874227108 0.06
9.19426368070727 2.654338970370439 0.06
-8.573012130204463 4.253641147930458 0.06
3.448367260281558 -8.92797643580102 0.06
3.488233121992604 8.913037063012457 0.06
-8.593253546565135 -4.216158617088041 0.06
9.184873158823416 -2.6959423317877502 0.06
-4.951826923009429 8.192643659073607 0.06
-1.8828309347500851 -9.386423582555185 0.06
7.7292005967221025 5.649730802049836 0.06
-9.516129351303526 1.0551218741261774 0.06
6.304516880277069 -7.2064600815033675 0.06
0.21915125316971168 9.572981391825337 0.06
-6.6284127592286355 -6.911160849907563 0.06
9.556528388992497 0.6186801680840154 0.06
-7.465006021770763 5.999473734830935 0.06
1.4519559816283898 -9.466880364059406 0.06
5.324448849883877 7.96179907087401 0.06
-9.304707954433894 -2.2742932710392947 0.06
8.39772270025045 -4.608497960257583 0.06
-3.0793915048881377 9.071237399584621 0.06
-3.8570954942074898 -8.769424972514692 0.06
8.768241270476405 3.861080810176646 0.06
-9.074045083455939 3.0759885928606945 0.06
4.613369255380297 -8.398025012674816 0.06
2.271153152580693 9.309235379853858 0.06
-7.963409405159855 -5.33048878113551 0.06
9.473179451780842 -1.448748105902886 0.06
-6.006939425991777 7.4677090685474345 0.06
-0.6150682904389113 -9.564606160114309 0.06
6.914707186155766 6.637531508755784 0.06
-9.582799490823062 -0.22350373303657006 0.06
7.217425443412086 -6.308626630954464 0.06
-1.0605465452024143 9.52760415978011 0.06
-5.654097718510611 -7.742168881491356 0.06
9.399426924147063 1.8896490408589883 0.06
-8.207730896442879 4.956122832575577 0.06
2.7044595335095205 -9.199233589360011 0.06
4.220038193061277 8.610532948029647 0.06
-8.92854173378337 -3.4987344151976867 0.06
8.94747638850939 -3.4514730590092904 0.06
-4.266385999506476 8.589409205714626 0.06
-2.656306678119114 -9.215966299405602 0.06
8.184418480013163 5.001529180562585 0.06
-9.413931475276472 1.8406233125761957 0.06
5.698526550814128 -7.71665699313287 0.06
1.01066568458079 9.539840400866822 0.06
-7.189693606561938 -6.352031631199771 0.06
9.592713098185587 -0.17278719830671135 0.06
-6.957029882808399 6.6075513777579475 0.06
0.6665966964413406 -9.572128751970144 0.06
5.97467684659725 7.508877184954803 0.06
-9.478229054176417 -1.501057625997752 0.06
8.00333548473512 -5.295906071559396 0.06
-2.324203524610177 9.311717240992106 0.06
-4.576427675485361 -8.436605344038066 0.06
9.073852828784268 3.129727598620003 0.06
-8.805355134517535 3.821743182766953 0.06
3.911456648380726 -8.766442088318282 0.06
3.0376249515803546 9.106746655833602 0.06
-8.391824329433353 -4.6633983771419825 0.06
9.338456980385821 -2.23007202248792 0.06
-5.379787324979626 7.9528541001321384 0.06
-1.405264221629179 -9.49869635620641 0.06
7.452879435561949 6.055129075335871 0.06
-9.586222030288758 0.5695148689951043 0.06
6.6842423949763194 -6.895716322848646 0.06
-0.27077754578781194 9.60034788539963 0.06
-6.285619576179704 -7.2622989847256 0.06
9.540949815736125 1.1091783506743997 0.06
-7.784860535541239 5.627250344721887 0.06
1.9392659658126623 -9.40846679931649 0.06
4.925640501228379 8.247912805835101 0.06
-9.203897657969112 -2.7546810889158686 0.06
8.64789645804814 -4.18615418383968 0.06
-3.549175414107961 8.928793528797247 0.06
-3.4144467844657176 -8.981734418031506 0.06
8.585246103785938 4.316659511407909 0.06
-9.24685554659389 2.6164216977440358 0.06
5.05124949943414 -8.175871726884319 0.06
1.7981851609879655 9.441214441310116 0.06
-7.7037914692371965 -5.747312154260302 0.06
9.563307215910076 -0.9659995311190852 0.06
-6.399508108070736 7.172607334487016 0.06
-0.12623535543498754 -9.612183135741756 0.06
6.586374775351734 7.002832806701186 0.06
-9.587452019125557 -0.714677396428139 0.06
7.552654911450506 -5.9495717315234184 0.06
-1.5502985664109468 9.489287347055319 0.06
-5.2670644248317915 -8.044751851031291 0.06
9.318425056511224 2.374227130285525 0.06
-8.475342250322432 4.544070173302731 0.06
3.1801502312069077 -9.076158025671141 0.06
3.7861175079631306 8.841114987143595 0.06
-8.764326292349113 -3.961891548394284 0.06
9.139254653486738 -2.9990038977502183 0.06
-4.7134586307438475 8.385303079571205 0.06
-2.1887514051925505 -9.367463225776104 0.06
7.941976734613925 5.4290888321016775 0.06
-9.523977777084816 1.361560612530553 0.06
6.103293496724516 -7.437728718690959 0.06
0.5237631703987039 9.607584094939472 0.06
-6.876407815224151 -6.7309000556184335 0.06
9.61762609942026 0.31822666725187637 0.06
-7.307091711236654 6.262300753203777 0.06
1.1579611517021398 -9.554010988644961 0.06
5.600099470227144 7.82744440565129 0.06
-9.417210071207244 -1.989008414952757 0.06
8.287960788993301 -4.894865264755461 0.06
-2.805001734451992 9.208255278266416 0.06
-4.151990111851618 -8.685100926937258 0.06
8.928731381155071 3.599688309170209 0.06
-9.015809511591453 3.377155437745959 0.06
4.3669771740291825 -8.58076397306837 0.06
2.576288668916546 9.277539366362841 0.06
-8.167003306065945 -5.1009858849743885 0.06
9.468271064302016 -1.7555178873771646 0.06
-5.796085617251298 7.690604106147492 0.06
-0.9211249395545262 -9.586528508575494 0.06
7.155201520400193 6.446944330647098 0.06
-9.631390354990451 0.0794973571694838 0.06
7.048567671287157 -6.564883379260103 0.06
-0.762920541344302 9.60249718810659 0.06
-5.924158985815818 -7.5963372957483735 0.06
9.500054395154883 1.5996769952394763 0.06
-8.086046323726372 5.237924670186776 0.06
2.4243622132859026 -9.324830714752494 0.06
4.511426372518701 8.513931646738936 0.06
-9.07815247058229 -3.230657475013515 0.06
8.876702845189826 -3.7502195400001397 0.06
-4.012383544686744 8.761893533382327 0.06
-2.9601266448984793 -9.171567491228645 0.06
8.37846108705971 4.763548027744261 0.06
-9.396252643041763 2.1471926481177004 0.06
5.478391306228661 -7.9307773071646785 0.06
1.317638749461173 9.549022364929218 0.06
-7.422257091014456 -6.151430701461705 0.06
9.62869113836948 -0.47781477780104187 0.06
-6.777502524865553 6.8567820094736165 0.06
0.36584941396963966 -9.634633060282997 0.06
6.238670678708542 7.3518016950011855 0.06
-9.566786757212233 -1.2068931775549339 0.06
7.869918616403537 -5.572645778370007 0.06
-2.0388745439780305 9.425655976849482 0.06
-4.8637979678137855 -8.327873037474246 0.06
9.212305851455934 2.8554195662337873 0.06
-8.722144627117496 4.117546976495284 0.06
3.6502711513695494 -8.928354860862063 0.06
3.3396001653855123 9.049700035656269 0.06
-8.57596255561046 -4.417337008285346 0.06
9.308016231675657 -2.5359088766875164 0.06
-5.1507363433033415 8.157813133541008 0.06
-1.7126229053309274 -9.49509993544754 0.06
7.6770949944773506 5.844844946255704 0.06
-9.60950299908123 0.8760434410740672 0.06
6.4943383209067465 -7.137476428934959 0.06
0.032574840633738326 9.65033361494605 0.06
-6.543077626015776 -7.094232529310817 0.06
9.61726326545953 0.8113244004975461 0.06
-7.639922436354765 5.898439214443351 0.06
1.649191101620241 -9.510529360153232 0.06
5.20848757648929 8.12721706155045 0.06
-9.330933538909504 -2.474606896550194 0.06
8.552371766271074 -4.478497200120751 0.06
-3.2812474010871373 9.07983565340579 0.06
-3.714050356763086 -8.912117029495741 0.06
8.759143471963203 4.06293067102608 0.06
-9.203683590650845 2.9209944134120445 0.06
4.813664579822171 -8.371298185643937 0.06
2.1053971049277034 9.424823766551928 0.06
-7.919255825912762 -5.527692752292481 0.06
9.573828778083001 -1.273500109128286 0.06
-6.199538702887598 7.406464735040515 0.06
-0.4316712795008945 -9.649541953194156 0.06
6.836839261175332 6.824047839578174 0.06
-9.651367704107656 -0.4136440983595653 0.06
7.396427011539161 -6.2147298785203775 0.06
-1.255972654156748 9.57927620919297 0.06
-5.544889961074287 -7.912281296792827 0.06
9.433803762639206 2.0888625057706416 0.06
-8.367647747980502 4.832439463223191 0.06
2.9059326783890285 -9.21604878831871 0.06
4.082825785073403 8.759025836743477 0.06
-8.927663547533783 -3.7009219908066893 0.06
9.083404363083641 -3.3017821213267666 0.06
-4.467737035049684 8.570841603112585 0.06
-2.4952836126590148 -9.338284622584352 0.06
8.148301135060533 5.200498881104699 0.06
-9.521699653576688 1.6695016343440912 0.06
5.893588149156867 -7.663264234522893 0.06
0.8307565723278856 9.632229415744522 0.06
-7.119432334060152 -6.541688103290987 0.06
9.66901178316846 0.014530552278276125 0.06
-7.139825436786282 6.520957961236953 0.06
0.8598872394687245 -9.631749266638893 0.06
5.87241303136213 7.6834084356545995 0.06
-9.520711412929078 -1.6988390717551818 0.06
8.168262227882717 -5.178753921219319 0.06
-2.5249593006593143 9.336732861660659 0.06
-4.445283591025541 -8.590660847417913 0.06
9.081207073696618 3.3319180789212877 0.06
-8.947355867088445 3.6776110435550375 0.06
4.113530960731563 -8.75607577828692 0.06
2.8816084307946928 9.235601380071193 0.06
-8.36381421872216 -4.86380629905232 0.06
9.45317513799865 -2.063366135789822 0.06
-5.576991176231666 7.9074123087287 0.06
-1.2291461738003848 -9.59839568279157 0.06
7.3903518428952495 6.247615516196142 0.06
-9.670135340387226 0.38533426864742876 0.06
6.8705340395033 -6.8165799351307035 0.06
-0.46160902845739366 9.667828975775619 0.06
-6.190478887402354 -7.440965740051873 0.06
9.591478441453976 1.305197803830371 0.06
-7.954530580100006 5.516832719074766 0.06
2.138970450695119 -9.441652684305494 0.06
4.800790612207375 8.407283122254274 0.06
-9.219483509154053 -2.956539163352394 0.06
8.79574283984457 -4.047827552567303 0.06
-3.75163887646703 8.926657030522748 0.06
-3.2637024666490326 -9.116920873254799 0.06
8.565400877073301 4.518175274934778 0.06
-9.368343026189766 2.454414175244596 0.06
5.250271505895649 -8.138467246010164 0.06
1.62615550008199 9.548068825137003 0.06
-7.649111936106212 -5.942313235510013 0.06
9.654706495036269 -0.7852658751687025 0.06
-6.588991704531077 7.101069519278112 0.06
0.06181717520155643 -9.6874237357953 0.06
6.498524839839874 7.185344452841781 0.06
-9.645954216059106 -0.9086073198535948 0.06
7.726793400119121 -5.846081059297384 0.06
-1.7486190886585522 9.530599733635809 0.06
-5.148724490236429 -8.20917999093939 0.06
9.342228025130943 2.575417544099986 0.06
-8.628797134099104 4.411786488324556 0.06
3.3826675767481675 -9.082266240604087 0.06
3.6409026933500246 8.982417691109479 0.06
-8.7526901323357 -4.164182446448917 0.06
9.267319294654255 -2.841969931390721 0.06
-4.913971197693244 8.356009039502124 0.06
-2.021101107088366 -9.481305306492677 0.06
7.8952467830790765 5.626284585255129 0.06
-9.622721753197371 1.1845784315705359 0.06
6.295659158685078 -7.373918616154149 0.06
0.3388053435029624 9.690470109298818 0.06
-6.796004405570192 -6.916959167110254 0.06
9.68401582894805 0.50974250821725 0.06
-7.485415963276384 6.165918249273751 0.06
1.3545668455990216 -9.603392559965666 0.06
5.488474761689252 7.9966646040896405 0.06
-9.449202006996158 -2.189196526349288 0.06
8.446777367254455 -4.7688522841494985 0.06
-3.0072371116248173 9.222609443886606 0.06
-4.01255330188667 -8.832293926241267 0.06
8.925334908832202 3.8024198565099683 0.06
-9.15024795201305 3.2253623698246634 0.06
4.568649748573201 -8.559640148678099 0.06
2.4133018693871495 9.398189936749123 0.06
-8.128311411576009 -5.300052225822237 0.06
9.574206064276073 -1.5825859340899189 0.06
-5.991018216352914 7.634638218758475 0.06
-0.7395728969150912 -9.676932981588157 0.06
7.082388277444255 6.636247153890533 0.06
-9.705568357572012 -0.10928337703838638 0.06
7.230787639921754 -6.475778725864157 0.06
-0.957482899564979 9.659877147098747 0.06
-5.819443929969444 -7.770075440170564 0.06
9.540193511679256 1.7985293324583456 0.06
-8.249968523658653 5.118400078016712 0.06
2.625979743019831 -9.347418380988922 0.06
4.378006843031285 8.666778875820663 0.06
-9.083012672989875 -3.433493961303169 0.06
9.017300840944783 -3.6039264065594545 0.06
-4.2148831604357895 8.748986223779005 0.06
-2.80208015664365 -9.298835776361678 0.06
8.347882510876637 4.9641572884629666 0.06
-9.509212828536633 1.9786033916867591 0.06
5.675570987645362 -7.882759286201644 0.06
1.1397983760618093 9.646805671408897 0.06
-7.357165266033728 -6.343667649575194 0.06
9.710545077697398 -0.2920861071787581 0.06
-6.963321267824742 6.775113055961475 0.06
0.5580428372515908 -9.699927226108048 0.06
6.141048516998436 7.529775767701939 0.06
-9.615017679866774 -1.404077994930969 0.06
8.038681510885212 -5.459816807050606 0.06
-2.239538877864853 9.45645100524144 0.06
-4.73662535683422 -8.4861286950526 0.06
9.225426032015031 3.0580246120362453 0.06
-8.868677391699318 3.977004063608858 0.06
3.853262978039044 -8.923696791244854 0.06
3.186763006445827 9.183383991794548 0.06
-8.553559198947763 -4.619158476399803 0.06
9.427823855638387 -2.3719480068196543 0.06
-5.3498390499294555 8.117833586607324 0.06
-1.53879437405619 -9.600109992826802 0.06
7.619843211581445 6.039701104435232 0.06
-9.698907628247975 0.6936791900535008 0.06
6.683452482993379 -7.063388910966865 0.06
-0.1569275022600667 9.72344454188095 0.06
-6.452720092555315 -7.276153063750989 0.06
9.67351710215458 1.0065122325748874 0.06
-7.813252670388856 5.7925022838719205 0.06
1.848567980144124 -9.549491945794074 0.06
5.087781487443852 8.290626003868685 0.06
-9.352303290396412 -2.6766440115264634 0.06
8.704604327582164 -4.3439456143278194 0.06
-3.484395298118466 9.083445899351739 0.06
-3.5666832911218553 -9.052003662219331 0.06
8.744963752112762 4.265631134338028 0.06
-9.330149274070315 2.761940354816735 0.06
5.014362584328304 -8.339434505581801 0.06
1.93587436867342 9.536896268111198 0.06
-7.869949864955317 -5.724848393022284 0.06
9.670646127498078 -1.0948075066907699 0.06
-6.391639010260098 7.340092013218999 0.06
-0.24517816772110465 -9.730359071795498 0.06
6.75390627921696 7.009618389866435 0.06
-9.715562138575658 -0.6065083111344794 0.06
7.574043243426316 -6.11587025260577 0.06
-1.4537294640079923 9.626352925458065 0.06
-5.430859581875119 -8.080579447165606 0.06
9.463398963041927 2.2899956476589716 0.06
-8.525335323008402 4.704110716199739 0.06
3.108899751673647 -9.227932722665654 0.06
3.9411808762295215 8.904891537848325 0.06
-8.921742296232868 -3.904166287392165 0.06
9.21632739156909 -3.147905559481303 0.06
-4.669699478901897 8.547157818640263 0.06
-2.3303539057800027 -9.457243291457393 0.06
8.10703373578429 5.399629987958013 0.06
-9.625779240387224 1.4947822635187964 0.06
6.088359914169364 -7.604727053322534 0.06
0.6475863125016268 9.720629196089137 0.06
-7.044071731622803 -6.730605726066011 0.06
9.741051190773831 0.20474789064537763 0.06
-7.3214387933005405 6.429349422449674 0.06
1.0556935692186815 -9.686873132642459 0.06
5.765256770499005 7.8563232093782505 0.06
-9.558494244018044 -1.8987332058701538 0.06
8.331150614267221 -5.056869529896427 0.06
-2.7274084614433263 9.356882124107761 0.06
-4.309603769308576 -8.742271750040794 0.06
9.083565457943727 3.5353696512884714 0.06
-9.086524506794245 3.5291744625942814 0.06
4.316424399475896 -8.740622426555742 0.06
2.721551781252244 9.361258243524892 0.06
-8.330664906068764 -5.064585098780975 0.06
9.564354196685857 -1.892915423450727 0.06
-5.774114812147921 7.856818575997158 0.06
-1.0496073283702412 -9.694241819566473 0.06
7.322699088056838 6.439571264127105 0.06
-9.749910926278334 0.19808313819811532 0.06
7.055848584482417 -6.73238447749811 0.06
-0.6551372211417787 9.730919546552352 0.06
-6.0903840270752525 -7.618216484371302 0.06
9.637397430242931 1.503519461645557 0.06
-8.122356564042338 5.40160382169577 0.06
2.340564975736379 -9.470045173828696 0.06
4.6713092565809 8.564395473667808 0.06
-9.230128974649107 -3.15986061580935 0.06
8.940934672333974 -3.9050847858985347 0.06
-3.9551278299128034 8.919471052088753 0.06
-3.108791219000049 -9.249076556968713 0.06
8.540435808316237 4.720270776558248 0.06
-9.486446759994521 2.2885208912722304 0.06
5.44942305061463 -8.095911833476817 0.06
1.4505510521287386 9.651212444308136 0.06
-7.589289892452515 -6.136992661582552 0.06
9.74209645446308 -0.6012958273079142 0.06
-6.777704919767164 7.024437060758963 0.06
0.2527428775845621 -9.758387214997686 0.06
6.405667207193683 7.366642900988448 0.06
-9.699944299053742 -1.1050251559375477 0.06
7.899285179972904 -5.737708048119952 0.06
-1.949023180703784 9.567199623770758 0.06
-5.025665025337276 -8.371540542403274 0.06
9.36115426241589 2.7782712026101453 0.06
-8.779779409420712 4.2749822832278594 0.06
3.5864150837644595 -9.08337089669616 0.06
3.4914010439135357 9.120861732893417 0.06
-8.735961966190894 -4.367260986621495 0.06
9.392161147453798 -2.6809156980888798 0.06
-5.114822845628208 8.321573604663952 0.06
-1.84972794782518 -9.59158519323237 0.06
7.843365485628509 5.8233682571902925 0.06
-9.717591453745046 1.0041993517729708 0.06
6.4874624368066955 -7.304986730379609 0.06
0.15080263643179084 9.769199484340835 0.06
-6.7105480624245395 -7.1020099057865504 0.06
9.745998439132824 0.7039278545565212 0.06
-7.6622935881409475 6.064590420558848 0.06
1.5534461932127912 -9.648150336970954 0.06
5.372050270626979 8.16401101725473 0.06
-9.476388940553544 -2.3912449994416076 0.06
8.603307374936875 -4.638221880457723 0.06
-3.2109052881656073 9.232014256403104 0.06
-3.868716846671518 -8.976805108738855 0.06
8.91688269683159 4.006145650241064 0.06
-9.281629900230781 3.069421182428689 0.06
4.77087038977888 -8.533392978407306 0.06
2.246450294778377 9.515432784329368 0.06
-8.08446786391427 -5.49921624937022 0.06
9.676408249770201 -1.4061021953539563 0.06
-6.185597364545939 7.5735318870209 0.06
-0.5548093029150001 -9.763308181011137 0.06
7.004485229104155 6.824748103429291 0.06
-9.775451534029713 -0.3009107938179244 0.06
7.4117634625289 -6.381673947760229 0.06
-1.1545052355845915 9.712729670952845 0.06
-5.709856784007731 -7.942136709105484 0.06
9.575607311824427 1.9994360729302123 0.06
-8.411793980842734 4.994168802098899 0.06
2.829230342639514 -9.365119095253831 0.06
4.240082139240165 8.817125577675334 0.06
-9.08286177333804 -3.6375296571209623 0.06
9.15501370503599 -3.453364165651116 0.06
-4.418138926285629 8.730982099857936 0.06
-2.6400333745216567 -9.422856455524078 0.06
8.31216050343695 5.165073839269173 0.06
-9.618587844306749 1.8063133397488038 0.06
5.872606741529563 -7.8295906699738484 0.06
0.9585850930317984 9.740693744257502 0.06
-7.286955189700278 -6.53531055599504 0.06
9.78822359771166 -0.10333828526068689 0.06
-7.148100410992246 6.6883974548745595 0.06
0.7528784944093394 -9.760797814351854 0.06
6.038490022161901 7.7062726562360355 0.06
-9.658610797626126 -1.603507860903708 0.06
8.205540967049169 -5.342199681599127 0.06
-2.4420338537625708 9.482429575645556 0.06
-4.604849498699593 -8.642069259982016 0.06
9.23358804610509 3.262031850676076 0.06
-9.012501166732756 3.8320781202424308 0.06
4.057217792085917 -8.913976878340078 0.06
3.02979665427194 9.313985840324355 0.06
-8.526029149111883 -4.82149633915598 0.06
9.544199894799759 -2.2041434545202088 0.06
-5.549007596730309 8.07270182104042 0.06
-1.3614371547429398 -9.701365309773951 0.06
7.557453204843558 6.234172042589121 0.06
-9.784263161713985 0.5081283128567641 0.06
6.871733318890231 -6.984216576972242 0.06
-0.3492499657419952 9.792243076100043 0.06
-6.357370154238223 -7.4567985571558175 0.06
9.725228327036023 1.2041320471676502 0.06
-7.984875928011566 5.68170365420984 0.06
2.0499700478014122 -9.583716544384913 0.06
4.9623816971233214 8.451909127058542 0.06
-9.368776022137151 -2.8802839872186223 0.06
8.854308532398855 -4.204904328648732 0.06
-3.6887114318513565 9.082037655313323 0.06
-3.4150649657386603 -9.18897879417427 0.06
8.725682566296785 4.469056248496361 0.06
-9.453342644454848 2.5989060865162883 0.06
5.215336094486919 -8.302425514362772 0.06
1.76267300358217 9.645360744028322 0.06
-7.815494214823085 -5.92182828002188 0.06
9.763547413422453 -0.9127660740035037 0.06
-6.583113651703083 7.268604725032206 0.06
-0.055691712234495774 -9.806982126688535 0.06
6.665933085195882 7.19411816025362 0.06
-9.775316679192814 -0.8019874197858597 0.06
7.750151793914256 -6.012083430166919 0.06
-1.65370266348294 9.668777973497448 0.06
-5.31205281611971 -8.246944578372931 0.06
9.488166401103634 2.4929296710834272 0.06
-8.680679367402197 4.571193030310335 0.06
3.3132383837850248 -9.234849831600599 0.06
3.7951696761959877 9.048021171995702 0.06
-8.91075325425498 -4.108342298517047 0.06
9.346142802895574 -2.9899188463707946 0.06
-4.872146645249227 8.518344150548668 0.06
-2.1616017151681755 -9.572746629101912 0.06
8.06061370868513 5.598795106034633 0.06
-9.72608228520935 1.3165573976613727 0.06
6.282714717156787 -7.54105402333265 0.06
0.46125443602185406 9.804960190905936 0.06
-6.963631454070215 -6.918658610734017 0.06
9.808760778229 0.39775871514825833 0.06
-7.501746267473861 6.332756346050431 0.06
1.2539038261572457 -9.737439355125568 0.06
5.653249343778329 8.027500972100215 0.06
-9.591526567066657 -2.100623267807559 0.06
8.491884183613474 -4.930304555714112 0.06
-2.9314302398665975 9.372124452267782 0.06
-4.169449850642483 -8.891326556986725 0.06
9.080898119905529 3.7399584671351978 0.06
-9.222755377628467 3.3765045897237003 0.06
4.520010983086476 -8.72006311403637 0.06
2.5575351170696714 9.483618197974623 0.06
-8.292368559205064 -5.2656076266948855 0.06
9.671902494166433 -1.7188083497985314 0.06
-5.971030888807015 7.801076215812311 0.06
-0.8667438219664456 -9.78615119171388 0.06
7.249935605086031 6.63086975608071 0.06
-9.825473940164681 0.007864549876691619 0.06
7.240061216897498 -6.64315539300239 0.06
-0.8512529055673637 9.789554049636948 0.06
-5.985371251839159 -7.793929110381832 0.06
9.678651035158763 1.7040287965935887 0.06
-8.288220020755483 5.281610444509137 0.06
2.5439305814895463 -9.493598748449518 0.06
4.537253402673484 8.719135941131318 0.06
-9.235799110518146 -3.364522966209657 0.06
9.083363456366257 -3.7579925917369863 0.06
-4.15951721173812 8.907211492114373 0.06
-2.9497889776539856 -9.378099220381019 0.06
8.510337822632026 4.922819328868244 0.06
-9.601071532259802 2.118826428103636 0.06
5.648576791727618 -8.048203540415473 0.06
1.2714643973791224 9.750557844872125 0.06
-7.5243345296860715 -6.331223411424832 0.06
9.825398071321365 -0.414189256348351 0.06
-6.965522026124273 6.942730219703025 0.06
0.4464353594956853 -9.8250035862483 0.06
6.307833051739356 7.546604679681093 0.06
-9.749361852230992 -1.3038188042297345 0.06
8.070009981157133 -5.624494546536981 0.06
-2.1513938926009715 9.599036634937866 0.06
-4.897938231777437 -8.531717358052418 0.06
9.375163804472814 2.9826672022374323 0.06
-8.928177940549356 4.1337197125455765 0.06
3.79126882110166 -9.07944275416407 0.06
3.337684190491939 9.256341839222456 0.06
-8.714123501540188 -4.571001159473162 0.06
9.513681606932296 -2.5159217559213056 0.06
-5.315886451880984 8.281989569584608 0.06
-1.6747207952472418 -9.698211704121873 0.06
7.78633677826226 6.0202125855720805 0.06
-9.808503817765713 0.8205198698846002 0.06
6.678576903639062 -7.230948108109952 0.06
-0.040141564623121184 9.843697915661046 0.06
-6.620064827386462 -7.2859276472663845 0.06
9.803508950668578 0.900673222740133 0.06
-7.8376027187644866 5.958354103510093 0.06
1.7544844525033991 -9.68822916254172 0.06
5.250873345658341 8.329365468500873 0.06
-9.498725958822632 -2.595034712521022 0.06
8.757437230592302 -4.503031551325821 0.06
-3.41588367524035 9.236435390193908 0.06
-3.7205479519436317 -9.118526357766811 0.06
8.90335126925233 4.210740573379335 0.06
-9.409853532009071 2.9094082742262914 0.06
4.973512410859154 -8.502010015227574 0.06
2.0758189511249707 9.629173156722773 0.06
-8.035471339709385 -5.698350669159375 0.06
9.774790665482978 -1.2261596331582854 0.06
-6.379696150556709 7.50729492071358 0.06
-0.3669343630873823 -9.845575614111432 0.06
6.921513242577895 7.012321615044397 0.06
-9.8409704548326 -0.49527821182830073 0.06
7.591371883421847 -6.282600809186611 0.06
-1.353875209577048 9.76099492453985 0.06
-5.595439965312728 -8.112401099217243 0.06
9.606246012568697 2.2022800789200265 0.06
-8.57140686308357 4.865283587570602 0.06
3.0339929738780724 -9.37789350731061 0.06
4.09771492955102 8.964860978070698 0.06
-9.077671154962163 -3.842640550762971 0.06
9.28973656922081 -3.298604928523816 0.06
-4.622024806945989 8.707863497091346 0.06
-2.4740672998143887 -9.543531369256831 0.06
8.271288487050652 5.366170586552702 0.06
-9.724286991010882 1.6304117628551822 0.06
6.069371389360669 -7.771276017360994 0.06
0.7740957561027361 9.830604038429366 0.06
-7.2116425219669065 -6.7262331312078985 0.06
9.86165293935516 0.08832498914657898 0.06
-7.331715520949646 6.596661846712022 0.06
0.9502466381363406 -9.817180416326808 0.06
5.9310326106632045 7.881170736080372 0.06
-9.697511544912182 -1.805067820414228 0.06
8.370379100571096 -5.219842307265865 0.06
-2.6462401894789425 9.503547382929519 0.06
-4.468528420044451 -8.79558149068355 0.06
9.236758187788896 3.4673185865038185 0.06
-9.153508220349822 3.6828368494936408 0.06
4.262010424271731 -8.899172272936351 0.06
2.8687779694583733 9.441404183803927 0.06
-8.493360588023748 -5.024223912387357 0.06
9.657050062337273 -2.032580648710321 0.06
-5.748114754856189 8.022417139802975 0.06
-1.180644589985762 -9.798779431752576 0.06
7.489935403028099 6.428130961521112 0.06
-9.865491638887471 0.3194913504954693 0.06
7.059055430132665 -6.899980901010853 0.06
-0.5442855806922133 9.856660347534076 0.06
-6.257060165395104 -7.6360459720084055 0.06
9.772337687481302 1.4040712666501722 0.06
-8.154672474766501 5.566086311699236 0.06
2.2532799808628523 -9.613153974000557 0.06
4.832341493944317 8.610950916472817 0.06
-9.380312999005984 -3.0854056525324824 0.06
9.001373970324169 -4.06143652497125 0.06
-3.8940717119483637 9.0755829290577 0.06
-3.2592679716136677 -9.322937964462348 0.06
8.701282878940253 4.6730799544477355 0.06
-9.573165990065773 2.4319730522043272 0.06
5.416458047983798 -8.26026526295806 0.06
1.58588268189059 9.750126979649009 0.06
-7.755894057998538 -6.1185053208363716 0.06
9.852450608780734 -0.7274730246106493 0.06
-6.773836477894468 7.192019144214389 0.06
0.13668407695637683 -9.879337906110235 0.06
6.572946918828495 7.377422910628279 0.06
-9.830567489707414 -0.9999714147452771 0.06
7.9246312834297585 -5.903407407733809 0.06
-1.855777086208656 9.706497380945555 0.06
-5.188518125591955 -8.41125910077699 0.06
9.508062381141025 2.6975451351795527 0.06
-8.833566981767675 4.43374496093584 0.06
3.5188257742643105 -9.236767030209931 0.06
3.6448603849184895 9.188307394425365 0.06
-8.894674200262285 -4.313324804740364 0.06
9.47274962869513 -2.8278993037334814 0.06
-5.074951854725324 8.484389410689495 0.06
-1.9891128917209144 -9.684700816441863 0.06
8.009040983866173 5.797867066322921 0.06
-9.8225228363776 1.1349207588376202 0.06
6.476525873347945 -7.472256192868033 0.06
0.27186181809823334 9.885144973740159 0.06
-6.878133582727306 -7.105721526921728 0.06
9.872072236798388 0.593455770411308 0.06
-7.680625042275731 6.231211676709992 0.06
1.4544051964706082 -9.78338926571356 0.06
5.536434306289711 8.19682226061651 0.06
-9.61975980283303 -2.3043917496375994 0.06
8.65034774122328 -4.799112830087801 0.06
-3.13690333390047 9.382421727558622 0.06
-4.024885529968465 -9.037715224029272 0.06
9.073177693013632 3.945560359568695 0.06
-9.355944428299471 3.2196744951271206 0.06
4.724164630862806 -8.694381435185882 0.06
2.3896403235204513 9.602583981627294 0.06
-8.248919858634645 -5.46674685400952 0.06
9.775730302632361 -1.5411349876618312 0.06
-6.1676124020934155 7.740191034951495 0.06
-0.680653224735938 -9.874042292174801 0.06
7.17207828193873 6.821384985304877 0.06
-9.896751719506454 -0.18521717643365176 0.06
7.423047892305213 -6.548920520860149 0.06
-1.0498458114544666 9.84366922301697 0.06
-5.875479138336499 -7.967982485860055 0.06
9.715185878699744 1.9066104327610047 0.06
-8.452003657663678 5.156901605696955 0.06
2.7489476702617606 -9.512270323438166 0.06
4.398682134204035 8.871391969822675 0.06
-9.23646145422913 -3.570403311187619 0.06
9.222922236605278 -3.606619666326344 0.06
-4.364681754379661 8.88985675829399 0.06
-2.7867735247074292 -9.503888326468791 0.06
8.47509636274205 5.125694259535628 0.06
-9.712123993841342 1.945417057664325 0.06
5.847605622313416 -7.995342924846222 0.06
1.088989636373952 9.846019580108003 0.06
-7.454257516290458 -6.524878916947595 0.06
9.904534455279844 -0.22404737038048997 0.06
-7.152317963675448 6.855971685070287 0.06
0.6427870808262756 -9.88720510400805 0.06
6.205055908597201 7.725107194802086 0.06
-9.794148793189878 -1.5048752163741823 0.06
8.23884861410495 -5.506484678436952 0.06
-2.3556135338723503 9.62606279218235 0.06
-4.765598483772259 -8.689595565471823 0.06
9.384219150674616 3.188484111942823 0.06
-9.073883051769766 3.988062983806227 0.06
3.997104547386145 -9.070455073328183 0.06
3.17982568171719 9.388754370729474 0.06
-8.687158963925643 -4.775276864799189 0.06
9.6317838634662 -2.347070430871673 0.06
-5.517035023303625 8.237252245235737 0.06
-1.4961701217816437 -9.80109560032387 0.06
7.7241670927139054 6.216690656919935 0.06
-9.895377860255056 0.6336379114084401 0.06
6.868876697372408 -7.151820251956446 0.06
-0.2339226313899012 9.913893291866906 0.06
-6.5245831394217 -7.468588545151895 0.06
9.856484677575416 1.099868083326851 0.06
-8.011222472576227 5.847248455033332 0.06
1.9575660396843846 -9.723576255692883 0.06
5.1249935611919355 8.492610964699915 0.06
-9.516170589511665 -2.8004459129419446 0.06
8.909054726349718 -4.363340908398724 0.06
-3.622049268643162 9.235841006401179 0.06
-3.5681158096572383 -9.25735110973296 0.06
8.884719663970554 4.416079312314829 0.06
-9.534818743885769 2.7454018870184727 0.06
5.176449148659982 -8.465481333706746 0.06
1.9014945303950737 9.73931817689912 0.06
-7.98132302564533 -5.897328442634318 0.06
9.869268371745475 -1.0428527252035473 0.06
-6.573188125366467 7.43593960898966 0.06
-0.17604961705005154 -9.923658928658147 0.06
6.833495614823509 7.198842801602763 0.06
-9.902057939493874 -0.6922778076078709 0.06
7.769490533765662 -6.178593435865949 0.06
-1.5554795403241568 9.804615413142576 0.06
-5.47623816648755 -8.280749696972194 0.06
9.632062244770733 2.406943479365932 0.06
-8.7286926226669 4.73179935109261 0.06
3.2401460786408793 -9.385704735877225 0.06
3.9509699336097217 9.10987577213389 0.06
-9.067414706338093 -4.048702328312577 0.06
9.421366208336167 -3.1397227215824968 0.06
-4.826414684877263 8.679615273132857 0.06
-2.304264698308826 -9.660764162328348 0.06
8.22526240391357 5.567320575174918 0.06
-9.82622152093179 1.450989531863319 0.06
6.2657381106101 -7.707822385683791 0.06
0.5864286448867432 9.916456093003 0.06
-7.131245380620833 -6.916309660604709 0.06
9.930761544291332 0.28279878080437587 0.06
-7.514042951737644 6.499935270403994 0.06
1.1500364815214172 -9.869012923852612 0.06
5.818716019562763 8.05434937680777 0.06
-9.731667738872796 -2.0086420836431955 0.06
8.533079220165602 -5.092794814478392 0.06
-2.8520379792879957 9.519762568714562 0.06
-4.327722260148571 -8.946553528539054 0.06
9.234905243185116 3.6737617164688405 0.06
-9.291592383025396 3.5293499384028855 0.06
4.46751551713987 -8.879262644167843 0.06
2.7037856525480173 9.565539354635236 0.06
-8.45554422298101 -5.227214544402449 0.06
9.76628195551375 -1.8573467003784072 0.06
-5.947033548386369 7.9669813589820215 0.06
-0.9965115335763003 -9.89226792820784 0.06
7.417302716492196 6.621451533607832 0.06
-9.942517247605213 0.12787017272563156 0.06
7.245294104820574 -6.8107057882903925 0.06
-0.7419262419960596 9.916629742580774 0.06
-6.151824842443656 -7.813773167164063 0.06
9.814788278151457 1.6062163786553685 0.06
-8.322523675540497 5.445695517568708 0.06
2.4583797293991307 -9.637757472881306 0.06
4.697716336712174 8.767637151467182 0.06
-9.386877960434745 -3.2918873243026527 0.06
9.14569170970664 -3.913607434452674 0.06
-4.100351754180186 9.064056238351101 0.06
-3.099366812180362 -9.453778364418904 0.06
8.671750180808804 4.877576119512894 0.06
-9.689523412275879 2.26122445656278 0.06
5.617601529844281 -8.212950325668066 0.06
1.4055946717853658 9.851106720498393 0.06
-7.6911570779902485 -6.314752790227067 0.06
9.937275778760663 -0.5390269908424508 0.06
-6.963681923913793 7.1103540040251385 0.06
0.3318439591380348 -9.947355406678884 0.06
6.474977419191255 7.559409197878058 0.06
-9.881253041507938 -1.200349253213464 0.06
8.097361336017848 -5.789882502604286 0.06
-2.0598367381006097 9.739459564697164 0.06
-5.060306196495451 -8.573406627339551 0.06
9.523045660112286 2.9037219831479364 0.06
-8.98388665918 4.291827174410414 0.06
3.725538723273933 -9.233653730857924 0.06
3.4903231838627877 9.32564443200522 0.06
-8.87348543576302 -4.518988406856293 0.06
9.596048639450407 -2.6619260901275976 0.06
-5.277988469319725 8.445284939996283 0.06
-1.8129749643882356 -9.793013927208595 0.06
7.952318007462633 5.996718961914552 0.06
-9.915016974529953 0.9499675756481941 0.06
6.669667178886858 -7.398347093971696 0.06
0.0795106572007462 9.961108274453778 0.06
-6.7876026313756705 -7.291669940318342 0.06
9.93091952159595 0.7917306711151548 0.06
-7.857953206672839 6.124750721600029 0.06
1.6570839383889244 -9.824666550124409 0.06
5.4148574876724584 8.364168720691705 0.06
-9.643147798449828 -2.5099204244860562 0.06
8.806427395917645 -4.663350353601066 0.06
-3.343705937323159 9.387738311473637 0.06
-3.875976549446116 -9.181329195064503 0.06
9.060379325545448 4.152050876040497 0.06
-9.485989268936525 3.0587591584858576 0.06
4.9287591972065465 -8.663563514856452 0.06
2.217951043131154 9.718060154695145 0.06
-8.200316011518314 -5.667875908242555 0.06
9.875749862975644 -1.359987001385155 0.06
-6.363732724416617 7.67417134368194 0.06
-0.49143452044532243 -9.957835714256118 0.06
7.089146467805417 7.010991538862532 0.06
-9.963673817764317 -0.3810564960709465 0.06
7.604685372863356 -6.449710100443129 0.06
-1.2508046418744807 9.893204119387473 0.06
-5.760748584008862 -8.140256491772229 0.06
9.746950979099475 2.111148173632484 0.06
-8.613591394389067 5.027528546960885 0.06
2.9554960360787144 -9.526019272535775 0.06
4.255656644199349 9.021052406824934 0.06
-9.232086045638626 -3.7773783562048124 0.06
9.359505638640524 -3.4510366848609757 0.06
-4.570496019135201 8.86738778553579 0.06
-2.619824475800323 -9.62634508606447 0.06
8.434703404078272 5.3287689465044785 0.06
-9.819512697110794 1.7683807257714343 0.06
6.0463827067594496 -7.9373330636555925 0.06
0.9032223711713144 9.937514243925174 0.06
-7.379073006445805 -6.717833100453066 0.06
9.979430880173298 -0.030972695129491034 0.06
-7.337968378170501 6.764186579402567 0.06
0.8416893777130798 -9.944926293917163 0.06
6.097371675718409 7.9020287678637855 0.06
-9.834249400368279 -1.7080804229766706 0.06
8.405683007847065 -5.383724841742111 0.06
-2.561563702686589 9.648232553016049 0.06
-4.6287023232821065 -8.845061605350345 0.06
9.388285285902725 3.3956000044914623 0.06
-9.216786564912324 3.8380783494936197 0.06
4.203797743935966 -9.05638363410467 0.06
3.0179009727019417 9.517997358634048 0.06
-8.655055113234678 -4.979961946327528 0.06
9.746372938307415 -2.174445802366405 0.06
-5.718141732287495 8.187359472349566 0.06
-1.3141679867240053 -9.900149620216341 0.06
7.656865366550446 6.41267594366972 0.06
-9.978134704648088 0.44365281008623575 0.06
7.05823655949633 -7.067623127345532 0.06
-0.43043471681821655 9.979715725137545 0.06
-6.4241338383136055 -7.649869569308625 0.06
9.90486525558423 1.3014008870138203 0.06
-8.183032989947058 5.7313149525600275 0.06
2.1625745576752857 -9.754141237571638 0.06
4.994462714114929 8.653631734556061 0.06
-9.528682824528293 -3.007358247621911 0.06
9.05804906570148 -4.2192116708390595 0.06
-3.8292786812485824 9.230201773598187 0.06
-3.4114915880030643 -9.393174391279253 0.06
8.86096945031361 4.622036391095266 0.06
-9.656427189323846 2.577482092525019 0.06
5.379553999376865 -8.423799544610993 0.06
1.7235653941431706 9.845776878038222 0.06
-7.922026629946779 -6.0960228078981205 0.06
9.959758477788716 -0.8562774457591498 0.06
-6.765947339844783 7.359480728587265 0.06
0.017742083709458425 -9.997483944396492 0.06
6.7404580773254015 7.384187491377693 0.06
-9.9586490859776 -0.8918006404783185 0.06
7.945997970065381 -6.069688316521438 0.06
-1.7592040326174048 9.843536009566009 0.06
-5.35229835345358 -8.447064717143943 0.06
9.653011077817878 2.6133076993582933 0.06
-8.883538034558704 4.593773175565911 0.06
3.4475676107517566 -9.38851839052869 0.06
3.7999139135454953 9.252062162007093 0.06
-9.05206884011336 -4.255590407199545 0.06
9.549801076988935 -2.9767934745193507 0.06
-5.031182395403339 8.646224823828232 0.06
-2.1307100852096332 -9.774460319259882 0.06
8.174080729086807 5.768397024683001 0.06
-9.924304672046972 1.2681390997783553 0.06
6.461580480137688 -7.639239340320713 0.06
0.3956834416421414 9.998171563541518 0.06
-7.045784347576331 -7.105415042588885 0.06
9.99548008528233 0.479976941867399 0.06
-7.694959883381086 6.39824916622944 0.06
1.3521362244959925 -9.916235557428319 0.06
5.701582306205836 8.225688980599774 0.06
-9.7610296051264 -2.214114054841352 0.06
8.693525866048741 -4.961109554962629 0.06
-3.059306725060162 9.531035744450952 0.06
-4.182493263688692 -9.094874935874529 0.06
9.228000510785934 3.8812377629996533 0.06
-9.426649084786733 3.371689047389962 0.06
4.673607559597561 -8.85423019685351 0.06
2.534900230438406 9.686293451146488 0.06
-8.412573300893255 -5.430341651967947 0.06
9.871805090480862 -1.6785303856517353 0.06
-6.145637291551459 7.906398818722217 0.06
-0.8091343305742704 -9.981748425756189 0.06
7.339570544922743 6.814007940713196 0.06
-10.015266355450324 -0.06663204472913559 0.06
7.43032535610328 -6.716417579517275 0.06
-0.9420627337792961 9.97208693331663 0.06
-6.041701264838833 -7.9898589365798465 0.06
9.852525567849979 1.8104529640016809 0.06
-8.488312033317522 5.320578805453121 0.06
2.6651505474700437 -9.65748272373915 0.06
4.558563848798044 8.921854943700419 0.06
-9.38843714198934 -3.49960683947712 0.06
9.28715433530733 -3.7614843283180526 0.06
-4.307426914227245 9.04743462969425 0.06
-2.9354378908238234 -9.581398874335406 0.06
8.637072504604177 5.08241857290508 0.06
-9.802320861096065 2.086745249454504 0.06
5.818639809195946 -8.160479812537995 0.06
1.2219018187052682 9.94821370626128 0.06
-7.621293468494349 -6.510444367866558 0.06
10.017945113031617 -0.34752800216091634 0.06
-7.15252504747554 7.023630503182458 0.06
0.5296814872963332 -10.010965863592562 0.06
6.372056627110761 7.739954414652185 0.06
-9.927314141549676 -1.4030088862825663 0.06
8.26822261817548 -5.671551351816485 0.06
-2.2657648266672537 9.767615356382413 0.06
-4.927469935046073 -8.733272012208085 0.06
9.533077470415899 3.1113395737284675 0.06
-9.131528323160627 4.145502440394323 0.06
3.933253664964058 -9.225481863135759 0.06
3.3316302248758722 9.459928120482394 0.06
-8.847169801989562 -4.725207561024594 0.06
9.715942380632606 -2.4920801865564552 0.06
-5.481129928712439 8.401024622304876 0.06
-1.6332771227073184 -9.897595962679064 0.06
7.890449752198401 6.195224185453842 0.06
-10.003482845709405 0.7617945625939437 0.06
6.862012949076182 -7.319342749640216 0.06
-0.11569554827018456 10.032777010385034 0.06
-6.692065549984425 -7.476380051516355 0.06
9.985238880581367 0.9924739279830809 0.06
-8.033609794545495 6.013411150834667 0.06
1.8618254105935979 -9.86121727478246 0.06
5.2885669891052745 8.529423145895974 0.06
-9.661646851406216 -2.7170903773544848 0.06
8.96001059846989 -4.523075289590841 0.06
-3.5517157724021198 9.388041066807816 0.06
-3.7227906885488258 -9.322061439899127 0.06
9.042480698900262 4.359305312778203 0.06
-9.612789207813053 2.893835455956836 0.06
5.133668507505588 -8.627598023496768 0.06
2.042552659443357 9.829953134852722 0.06
-8.14655676356973 -5.868868110456761 0.06
9.971875418690246 -1.1754576275311859 0.06
-6.559265642752411 7.603027964423636 0.06
-0.29918808412652526 -10.037454183721922 0.06
7.001161978397867 7.199564636298232 0.06
-10.026172034413467 -0.579546664510567 0.06
7.784851266300646 -6.34555677317422 0.06
-1.4540171007510474 9.938100133864799 0.06
-5.641222805417756 -8.310632061379847 0.06
9.773897775523144 2.3175250319303426 0.06
-8.77286840149127 4.8935447285292115 0.06
3.163454896771274 -9.534807450394258 0.06
4.108240226612679 9.16800753928799 0.06
-9.222645446594882 -3.9853244493268916 0.06
9.49300990626302 -3.291316289813569 0.06
-4.776834431575464 8.839788052510938 0.06
-2.449023265037307 -9.745372494025357 0.06
8.389153468159387 5.531916854732125 0.06
-9.923148130637088 1.587807034067334 0.06
6.24478151866194 -7.874179562607032 0.06
0.7142596842955371 10.024960503831926 0.06
-7.298797646789715 -6.90996041314398 0.06
10.050014815002553 0.1649309498825922 0.06
-7.522349660027264 6.667402462150287 0.06
1.0430324891948854 -9.998103981579904 0.06
5.984818613771616 8.077248675152498 0.06
-9.869610339397557 -1.9133195625553152 0.06
8.570396249084219 -5.256263704732021 0.06
-2.769125317022768 9.665502831132148 0.06
-4.487308453071803 -8.998003270003315 0.06
9.387329701449882 3.6038924895558235 0.06
-9.356781837143384 3.683834096712783 0.06
4.411223649748207 -9.037206753853877 0.06
2.8519874114199704 9.64397054148871 0.06
-8.617801258472724 -5.184930228022935 0.06
9.85735571903268 -1.9981336863317587 0.06
-5.919079954236065 8.132311632946735 0.06
-1.1288080164178562 -9.995288513198146 0.06
7.584443051388299 6.608042342498097 0.06
-10.056697614765238 0.2506652851417461 0.06
7.246531873840552 -6.978379167214474 0.06
-0.6295707805630425 10.041097581054636 0.06
-6.318750166013676 -7.829648545081838 0.06
9.948592669641982 1.5051590924370137 0.06
-8.352915473384 5.61059739194519 0.06
2.3693928263975614 -9.779876156384383 0.06
4.859334818284791 8.812313267457368 0.06
-9.536225142145682 -3.215650795454721 0.06
9.204310901813114 -4.0707076562637425 0.06
-4.037448177257247 9.219490887026362 0.06
-3.250748419140656 -9.52589285660166 0.06
8.832084745311658 4.828486207045963 0.06
-9.774582314819027 2.4057307768798917 0.06
5.582700455629877 -8.376959807872423 0.06
1.5421215549229526 9.94846023813947 0.06
-7.85758839202162 -6.294307321823992 0.06
10.046180174617376 -0.6665312439224462 0.06
-6.957848383572311 7.277935550087005 0.06
0.21433660024430348 -10.066978683885038 0.06
6.642428799071617 7.5682322671324 0.06
-10.010681299279518 -1.093736679578456 0.06
8.120773713507162 -5.955924302239839 0.06
-1.9649336066714251 9.877703980246283 0.06
-5.223669761357355 -8.611229541957455 0.06
9.669050043015753 2.821253491917567 0.06
-9.035831235049177 4.451264302612199 0.06
3.6561350695367003 -9.386302592251322 0.06
3.6446156632786013 9.391313894604114 0.06
-9.031612510635478 -4.463179971470199 0.06
9.674941346307442 -2.809895006136487 0.06
-5.236201763364874 8.607682097599483 0.06
-1.9534897077820046 -9.884527199699022 0.06
8.117744481509643 5.969273367246617 0.06
-10.0184517017496 1.0819544813487239 0.06
6.656772506846694 -7.565538962432881 0.06
0.20196120819353452 10.075674253884204 0.06
-6.9552824731740195 -7.293424827771813 0.06
10.055741495833708 0.679752137891534 0.06
-7.874344361298993 6.291637376683335 0.06
1.5564330823545152 -9.95879089348463 0.06
5.579675845479053 8.395071021699435 0.06
-9.785549802409605 -2.421366363143206 0.06
8.851604848930922 -4.82484109566135 0.06
-3.2679253689243843 9.537330013328702 0.06
-4.032905771251348 -9.24043673427872 0.06
9.216017820340207 4.089622908676518 0.06
-9.558575392549109 3.209927797467516 0.06
4.880160923123984 -8.824059687264908 0.06
2.362204040187582 9.80357037372209 0.06
-8.364443620810682 -5.633478757772989 0.06
9.973530936824776 -1.496222126623956 0.06
-6.343799626990065 7.8406763925442515 0.06
-0.6186107951672807 -10.067140640921954 0.06
7.256756783116243 7.005674913289681 0.06
-10.08366754042643 -0.2639108450791587 0.06
7.614025961648672 -6.61714505321895 0.06
-1.1445847570957013 10.022969905862443 0.06
-5.926728873917737 -8.164183048846331 0.06
9.88549742537139 2.016665726632858 0.06
-8.651921228346996 5.190785976947865 0.06
2.873473025228862 -9.672287876882185 0.06
4.414943810076704 9.073492775875529 0.06
-9.384959295539375 -3.7084415892756217 0.06
9.425655986193453 -3.6051365064218466 0.06
-4.515172323488786 9.025697695425041 0.06
-2.767559496152887 -9.705700100211937 0.06
8.597240438924086 5.287481142787026 0.06
-9.911466170450371 1.908622108228306 0.06
6.019446377419685 -8.102855380010743 0.06
1.034898524395277 10.041363704408106 0.06
-7.546315940562143 -6.705454177400494 0.06
10.094382957409119 -0.15307746133368105 0.06
-7.340241568483828 6.9318723095785675 0.06
0.7300890346401213 -10.070102780086124 0.06
6.264218985495276 7.9189368290042905 0.06
-9.968693959398989 -1.6078372877384461 0.06
8.437096878381395 -5.548458908995086 0.06
-2.473443792298193 9.790918026739963 0.06
-4.790064460728895 -8.890741389898933 0.06
9.538121541426644 3.320276714518391 0.06
-9.276383366132595 3.9948356217169354 0.06
4.141846702563887 -9.212225892392167 0.06
3.1688556168179653 9.59105594185339 0.06
-8.815712695375057 -4.931856615170706 0.06
9.83233520876279 -2.3184443798641303 0.06
-5.68424978808847 8.351604896462488 0.06
-1.4501101969448889 -9.998358886173094 0.06
7.823443726128484 6.393256467880897 0.06
-10.087840693975254 0.5704998974381014 0.06
7.053438057749757 -7.23526167913002 0.06
-0.31365202544164733 10.100080316855722 0.06
-6.591551726694495 -7.659728835560097 0.06
10.034968882720673 1.1955749758287064 0.06
-8.207474824403613 5.8972329958024305 0.06
2.0685141027825495 -9.89298991238694 0.06
5.157613178153966 8.692469517032118 0.06
-9.675215732384428 -2.925782037647517 0.06
9.110986180438513 -4.378347955548815 0.06
-3.760810124345621 9.3832993775441 0.06
-3.565397752282306 -9.45980649210227 0.06
9.01946204438673 4.567198750861098 0.06
-9.736245288095866 2.7249821449013294 0.06
5.338766395681239 -8.586476190635176 0.06
1.863532278567734 9.938171232512357 0.06
-8.087644409293873 -6.06959701370837 0.06
10.064023249400165 -0.9876416534011319 0.06
-6.754085397881705 7.5267742385514085 0.06
-0.10401565794437505 -10.112822590301008 0.06
6.908149099278741 7.386980169334036 0.06
-10.084180444211343 -0.7805797643966482 0.06
7.963424065855588 -6.236495582244252 0.06
-1.6593699223664085 9.978301030774013 0.06
-5.516947334600988 -8.478991219905767 0.06
9.79598015216609 2.525623261368973 0.06
-8.929721139690752 4.755005822011168 0.06
3.3727029275258396 -9.53859921386042 0.06
3.9564982657570695 9.312149132883414 0.06
-9.208114759117237 -4.194117616725514 0.06
9.623332938902267 -3.1275330768896183 0.06
-4.983571318516189 8.807043596648244 0.06
-2.274453127878066 -9.860875365254632 0.06
8.338443634303868 5.735011574315902 0.06
-10.022942753583187 1.4037872197716752 0.06
6.442675879699619 -7.80589056476817 0.06
0.5222001155394445 10.108279133429717 0.06
-7.213450581253915 -7.101135874760288 0.06
10.116215954272247 0.3635584774525798 0.06
-7.705338984251168 6.56564933100902 0.06
1.246705585719493 -10.046677320514272 0.06
5.867437343997078 8.250647187601015 0.06
-9.900180688443218 -2.120476912436452 0.06
8.732872621627951 -5.124152200551908 0.06
-2.9781786476820464 9.677833018940282 0.06
-4.341477727581743 -9.148309742291834 0.06
9.381322414522225 3.813238748725671 0.06
-9.49376379894291 3.5254005346741946 0.06
4.619257297932296 -9.01290530381293 0.06
2.682164222933957 9.766575401911004 0.06
-8.575389270919828 -5.390055551865226 0.06
9.964640994715317 -1.8182216164260405 0.06
-6.119723306363664 8.07211166012645 0.06
-0.9401853822487946 -10.086429073116298 0.06
7.5069141191439765 6.802664213953003 0.06
-10.130992026186316 0.054777416416849994 0.06
7.433638706484014 -6.884113274886077 0.06
-0.8312226164791872 10.097973507682296 0.06
-6.208467765973701 -8.00780419333949 0.06
9.98761128045162 1.7110291963013247 0.06
-8.520752227370899 5.485141883283773 0.06
2.577902914987264 -9.800735511220582 0.06
4.71966609673266 8.968542352877211 0.06
-9.53876252791079 -3.4252021015007204 0.06
9.347732376021852 -3.917894769678339 0.06
-4.246433708067018 9.203684086440179 0.06
-3.0859613847573963 -9.655404824852567 0.06
8.798052228246675 5.035303068241648 0.06
-9.8891893958993 2.2302316229559858 0.06
5.7857621449557 -8.324959843866973 0.06
1.3572546553682943 10.047281214362476 0.06
-7.78801709031665 -6.492055899400113 0.06
10.128454767373965 -0.47371301993886544 0.06
-7.148766424708506 7.191323842308894 0.06
0.41362853262213345 -10.132073402665462 0.06
6.539438387301516 7.7508545063552425 0.06
-10.058094319162793 -1.2979748328936014 0.06
8.293698290023851 -5.837342603792883 0.06
-2.1725523296295526 9.907069010308813 0.06
-5.090403888381713 -8.77312876077562 0.06
9.680139155836319 3.0306609714127615 0.06
-9.185461760737615 4.304334122954102 0.06
3.8657255351110704 -9.379027992664817 0.06
3.485145995344531 9.527526299682096 0.06
-9.00602723000512 -4.67134600863673 0.06
9.79668894067176 -2.639107008008508 0.06
-5.441346641372114 8.56397960812778 0.06
-1.772691525846097 -9.990874073583024 0.06
8.056257233381482 6.169823286739138 0.06
-10.108579920168928 0.8925312305782682 0.06
6.851188673477543 -7.486735854857778 0.06
0.0053643604171431545 10.148890147382488 0.06
-6.859765278557654 -7.480215259141601 0.06
10.11148099907901 0.8820158758572042 0.06
-8.052075336629967 6.180136145202256 0.06
1.7628133162147022 -9.996623890703107 0.06
5.453043325147791 8.562378086376537 0.06
-9.805183446135796 -2.6302808951943843 0.06
9.007203289448626 -4.684046210547656 0.06
-3.4777723280210155 9.538610990833588 0.06
-3.879026207711832 -9.383131443174223 0.06
9.198933550334145 4.298793032530978 0.06
-9.687270047575048 3.044141755134828 0.06
5.087049899475176 -8.788738437355477 0.06
2.185781210847692 9.917275860754566 0.06
-8.311153544811457 -5.836499529218516 0.06
10.071372951801305 -1.3105139700610282 0.06
-6.541394565500194 7.769823494677633 0.06
-0.42504018644585756 -10.148366412379191 0.06
7.168881824887783 7.1963277705225215 0.06
-10.147651620952772 -0.4638605175854415 0.06
7.79627350398675 -6.5129194261125445 0.06
-1.349380959399986 10.069218987906103 0.06
-5.80694946975346 -8.33662628739768 0.06
9.913654144332021 2.2247385254381205 0.06
-8.813236158032216 5.056369094790604 0.06
3.083227122809458 -9.682133572161257 0.06
4.266918146754958 9.222440540816365 0.06
-9.376415708223558 -3.918268554678016 0.06
9.561092393781369 -3.444635283680419 0.06
-4.723462926274445 8.998827589420237 0.06
-2.5958117851754494 -9.826584410462482 0.06
8.55224714062455 5.492637694740043 0.06
-10.016869093312827 1.726943417554342 0.06
6.219894987566641 -8.040081239865888 0.06
0.8446807238703544 10.130474543412163 0.06
-7.466239728184785 -6.899656826341093 0.06
10.166515844929478 0.044221881437214165 0.06
-7.526707909401149 6.835105562210303 0.06
0.9329578230722336 -10.124701956125342 0.06
6.151501337686262 8.096235624810097 0.06
-10.005338053301914 -1.8147204851294982 0.06
8.603866987223974 -5.4206524391587285 0.06
-2.682755341369806 9.809323308890974 0.06
-4.648147097788596 -9.045702214716083 0.06
9.538144119778327 3.5304116970033608 0.06
-9.418344688025858 3.8398936622691906 0.06
4.351193645035035 -9.193862836882372 0.06
3.0020754100747515 9.718927061781281 0.06
-8.779102081339298 -5.138809847175123 0.06
9.945133327334547 -2.1411032440168993 0.06
-5.887221757277644 8.297024766784583 0.06
-1.2635666365056581 -10.095216657165404 0.06
7.751309979620699 6.590689918349408 0.06
-10.168012893514991 0.37618319647869586 0.06
7.243817977634361 -7.146124901434431 0.06
-0.5142527544274376 10.162949576996033 0.06
-6.486092987605669 -7.841594082591406 0.06
10.080050445292402 1.400922203536105 0.06
-8.379429339777527 5.776258645496715 0.06
2.277033667726087 -9.919935366525424 0.06
5.022048681567678 8.85319304205914 0.06
-9.683815706912396 -3.1358752134861487 0.06
9.25924439329944 -4.229230812470856 0.06
-3.970865877394552 9.373485167414712 0.06
-3.403869556968465 -9.594460487132316 0.06
8.99130615854783 4.775606093812582 0.06
-9.856260324540388 2.5522798465080285 0.06
5.543926742802911 -8.540191816957902 0.06
1.68097870864677 10.042624685861574 0.06
-8.023583800504634 -6.2699364427623685 0.06
10.15211170396454 -0.7966353935309665 0.06
-6.9480667247113 7.445426031394013 0.06
0.09397967531124815 -10.183868018617897 0.06
6.810134587301661 7.573114742484604 0.06
-10.137635425693059 -0.9840467345269249 0.06
8.140283190732575 -6.122563970647977 0.06
-1.866748902744724 10.01375296949657 0.06
-5.387970013383135 -8.645217124797048 0.06
9.813154461262545 2.7353243901597835 0.06
-9.084037399487496 4.611969701191937 0.06
3.5831182964628416 -9.537361441905892 0.06
3.8004982236540896 9.453370470472535 0.06
-9.188471642182792 -4.403633599744949 0.06
9.750374328970883 -2.9597635792315575 0.06
-5.190580946425871 8.769143027605418 0.06
-2.0961990819071015 -9.972760370580046 0.06
8.282573549597249 5.937926860067579 0.06
-10.118811029767242 1.2164141333693965 0.06
6.6399399999437305 -7.732476756974266 0.06
0.327143636741305 10.187393044392646 0.06
-7.123053454060321 -7.291235114203857 0.06
10.177966247641951 0.564803560418369 0.06
-7.88681435117719 6.458959621337289 0.06
1.4525967995879632 -10.090587819241595 0.06
5.745270843929342 8.422105611419001 0.06
-9.925911962523765 -2.3294359214684617 0.06
8.892997646514196 -4.987443519388766 0.06
-3.1886033530195927 9.685185008925343 0.06
-4.191273141736605 -9.295871634836475 0.06
9.370235986547833 4.023515571785945 0.06
-9.627628992194648 3.3628499800991825 0.06
4.8277735536628885 -8.983462724058759 0.06
2.5085124913667953 9.885715203294943 0.06
-8.52781359570723 -5.595211816979849 0.06
10.068139490928235 -1.6347988228559993 0.06
-6.31994568770212 8.006765046165361 0.06
-0.748396776606297 -10.173490171262038 0.06
7.424295066732941 6.996416422861416 0.06
-10.200945577017281 -0.14390738247775045 0.06
7.619433846583491 -6.7848528250462365 0.06
-1.0352808822225796 10.150280463854408 0.06
-6.093324680534641 -8.184216171240069 0.06
10.021867850085993 1.9188967651785667 0.06
-8.686426698760613 5.3549968447291185 0.06
2.787986175763244 -9.816676274776155 0.06
4.575514972147856 9.122207119971067 0.06
-9.536262494303475 -3.6358902128283344 0.06
9.48820715654613 -3.7608409903194255 0.06
-4.456110949846051 9.182759672487467 0.06
-2.91720749955912 -9.781610317555899 0.06
8.758861153762652 5.242361232222332 0.06
-10.000155572956059 2.0510700906297408 0.06
5.988612869566571 -8.267799943059924 0.06
1.1690579455985979 10.142154776960998 0.06
-7.713324048437388 -6.689142854192716 0.06
10.206505707183515 -0.27792309949039823 0.06
-7.338577250951736 7.099667874753981 0.06
0.6155112483403832 -10.192700618735275 0.06
6.431519886479842 7.931932422166387 0.06
-10.100830247029867 -1.5044029781566455 0.06
8.46465327098751 -5.713986786995612 0.06
-2.3819434484980877 9.931583227671059 0.06
-4.952554487547873 -8.93264821023807 0.06
9.686240936982959 3.241409648704636 0.06
-9.332320587870434 4.153046164589274 0.06
4.076215705246137 -9.366667791926048 0.06
3.321577725827445 9.660596327933748 0.06
-8.975297082678633 -4.879963347983305 0.06
9.914947574358246 -2.4645110260916963 0.06
-5.646490949067189 8.515112445652278 0.06
-1.5884051902348597 -10.093412156036974 0.06
7.989625117844653 6.369920759028784 0.06
-10.194608723065407 0.6999664160506003 0.06
7.044703977428768 -7.40284714622687 0.06
-0.19400335905114813 10.217747437506805 0.06
-6.759260756220797 -7.665663313074313 0.06
10.162636135880158 1.0866585340864152 0.06
-8.228032707027644 6.063784113248373 0.06
1.9711622652942746 -10.02968191538894 0.06
5.321733739187395 8.727493913443572 0.06
-9.819888130805408 -2.8407388296827127 0.06
9.16020965794934 -4.538783870422963 0.06
-3.688725530703004 9.534846824104719 0.06
-3.7209230686104955 -9.522853118550252 0.06
9.176726644088397 4.508623747850125 0.06
-9.812633502810417 2.874408415573986 0.06
5.294148739765722 -8.748256347480739 0.06
2.0057176432308044 10.027317524424602 0.06
-8.252704007160837 -6.039277818596482 0.06
10.165246614210945 -1.1214995640984264 0.06
-6.738296526735706 7.69385208577482 0.06
-0.22852318224754828 -10.225349732658314 0.06
7.07596856516832 7.38584246140884 0.06
-10.20715168516176 -0.6663741262229725 0.06
7.976946411625302 -6.403774351588148 0.06
-1.5563389658985174 10.11077687535562 0.06
-5.682407205913484 -8.507070491431381 0.06
9.936948466974895 2.4345544078301655 0.06
-8.972142977148579 4.917382474203474 0.06
3.2942922058382886 -9.686982959753418 0.06
4.114550919182788 9.368589580798814 0.06
-9.362780219977171 -4.12896434380393 0.06
9.693360919956351 -3.280053974474049 0.06
-4.932173518456493 8.96680904133887 0.06
-2.4202767642674328 -9.943955972566812 0.06
8.502088345618812 5.697762171527767 0.06
-10.118441336522269 1.5417992474240798 0.06
6.419859694898078 -7.972164166512327 0.06
0.6513458604026261 10.215466145513695 0.06
-7.38108259188234 -7.0929274472400685 0.06
10.23427252630033 0.2442659563145545 0.06
-7.711801236485237 6.73335887124285 0.06
1.1381779537091483 -10.17470151629474 0.06
6.033942923901807 8.271730942861678 0.06
-10.037194395321865 -2.0235435924435516 0.06
8.768416978016372 -5.288181511600585 0.06
-2.8935804810467745 9.822789420511118 0.06
-4.501777364411351 -9.198043300684859 0.06
9.533113988400993 3.7416223331802647 0.06
-9.557306735055873 3.6807455728501064 0.06
4.561170045367781 -9.170372283459361 0.06
2.831367579050575 9.843442366992418 0.06
-8.737328506651556 -5.345941504249193 0.06
10.0542448225323 -1.960143119413079 0.06
-6.089919741104997 8.237285811898218 0.06
-1.0737404860010757 -10.188085265088931 0.06
7.674061110625154 6.78739906520831 0.06
-10.24392398021223 0.17894548788061534 0.06
7.433028821750942 -7.051955936831982 0.06
-0.7173904976712466 10.221318450858039 0.06
-6.375723594824396 -8.021854439118147 0.06
10.120426860326452 1.6084029858163287 0.06
-8.549355450189458 5.650532840920032 0.06
2.4872669554093947 -9.942006995196117 0.06
4.881928376106736 9.011480196425218 0.06
-9.687410555841733 -3.3472491276518666 0.06
9.404676947890955 -4.075788452043174 0.06
-4.181759552434889 9.358572917150328 0.06
-3.2382799141872125 -9.725921200450456 0.06
8.957998417064534 4.98440210655895 0.06
-9.972738940069306 2.375811026412959 0.06
5.749023517284107 -8.488741284649587 0.06
1.4949824373335177 10.143225695609082 0.06
-7.954382353183068 -6.469760534932478 0.06
10.236061233134107 -0.6025366640537986 0.06
-7.141084893569041 7.35900173548288 0.06
0.2946935204534661 -10.250519778479662 0.06
6.707147670251717 7.7578457144646125 0.06
-10.1864756888709 -1.1898374006737815 0.06
8.315309027444204 -6.003801777049684 0.06
-2.0760389327936597 10.044404529364844 0.06
-5.2543409857463015 -8.809194106472317 0.06
9.825379544942576 2.9465092563615003 0.06
-9.235706341092168 4.464496430854202 0.06
3.7945787016049937 -9.531063554364003 0.06
3.6403096254255227 9.591566390899576 0.06
-9.163696327138025 -4.613747893415619 0.06
9.874035399295781 -2.7880862492853073 0.06
-5.397737561153538 8.72607753924478 0.06
-1.9143479056205854 -10.080936072421355 0.06
8.221545437460698 6.140536671966808 0.06
-10.210669461339796 1.0257822143432234 0.06
6.836448519060124 -7.653951374697952 0.06
0.1291916246860058 10.26222731789308 0.06
-7.027630410933109 -7.480134411046913 0.06
10.23519992885716 0.7685586616013176 0.06
-8.066654627935401 6.347368203721 0.06
1.6605932571836697 -10.129779367498392 0.06
5.618364441509184 8.591506329066238 0.06
-9.946758136799534 -2.540079244435547 0.06
9.050658122405563 -4.846193098849264 0.06
-3.4002785152434023 9.687523213844399 0.06
-4.036759817780144 -9.440581029447056 0.06
9.354045540049471 4.234599394828345 0.06
-9.758275608318554 3.1962567406413354 0.06
5.036647153503521 -8.948865037037093 0.06
2.331115140247662 10.001295026290752 0.06
-8.475071261846308 -5.800273020007493 0.06
10.1677639044005 -1.4479562094104637 0.06
-6.519621320176496 7.936279848990968 0.06
-0.5535403869225851 -10.256392788892477 0.06
7.336604918794431 7.189174379963346 0.06
-10.266488138016346 -0.34528439288460056 0.06
7.8037948479944115 -6.6806276629083206 0.06
-1.2416351302932438 10.197957746687408 0.06
-5.9733613464411 -8.358765113630325 0.06
10.051311566641996 2.1286464690710947 0.06
-8.849823517611116 5.220212994422471 0.06
2.9995232798337916 -9.827657914973187 0.06
4.426942055092164 9.27319707764568 0.06
-9.528695099153392 -3.847592715890048 0.06
9.625630477315399 -3.599616356527031 0.06
-4.666355342189521 9.156698521870169 0.06
-2.7445656927891298 -9.90441109596956 0.06
8.714503363471415 5.449534946033964 0.06
-10.107389886843345 1.868333395124356 0.06
6.191126647265401 -8.205482974055842 0.06
0.9776262583347526 10.232997942881372 0.06
-7.633523139578237 -6.885442939820474 0.06
10.280258622435484 -0.07926320609771159 0.06
-7.527157311095237 7.0029924185326315 0.06
0.8198769125702016 -10.248795141295114 0.06
6.31870877540739 8.11134510494959 0.06
-10.138833571918312 -1.712907995469156 0.06
8.6335213144378 -5.585902766173809 0.06
-2.5929894251110013 9.951201226046157 0.06
-4.810177556588155 -9.08967501476789 0.06
9.687320432281647 3.4533784678628185 0.06
-9.476300171717732 3.99746607934358 0.06
4.287481933699682 -9.349197755326328 0.06
3.153985657299529 9.790422589119881 0.06
-8.939408738660248 -5.0889067001827435 0.06
10.029622788037585 -2.2861904403783164 0.06
-5.8515087139124 8.461078286542874 0.06
-1.4007220193185654 -10.192054641954984 0.06
7.91785683502792 6.569440093341416 0.06
-10.276459624205653 0.5043585947230613 0.06
7.237193972501286 -7.313892493357491 0.06
-0.3960369099894304 10.282176557807498 0.06
-6.653799368615873 -7.849646741236642 0.06
10.209146792120292 1.2935693939406425 0.06
-8.402097358294515 5.942622315252783 0.06
2.1813643808898524 -10.057914765883883 0.06
5.18579837921147 8.89030343521343 0.06
-9.829623951404256 -3.0526206731233083 0.06
9.310513814549571 -4.389115230781898 0.06
-3.9006624542782093 9.526008210041828 0.06
-3.5586669044079806 -9.659497391866273 0.06
9.149378624488087 4.7189904413720205 0.06
-9.934567960272396 2.7008071835525667 0.06
5.501331694815677 -8.70260590763574 0.06
1.822100987740846 10.133604886242303 0.06
-8.189098522092761 -6.241687704095598 0.06
10.255069457866869 -0.9292741330340432 0.06
-6.934380380917667 7.612776676925717 0.06
-0.029161850955150084 -10.298016779285655 0.06
6.978042400344478 7.574095606671117 0.06
-10.262103119458969 -0.8713435405111569 0.06
8.155924000842235 -6.289745916369406 0.06
-1.765345412629579 10.14758865810532 0.06
-5.553148582645066 -8.675398597128959 0.06
9.95533560694033 2.6459956449673134 0.06
-9.1285291384297 4.773882672295156 0.06
3.5065470826687877 -9.686801719712602 0.06
3.9579083077321555 9.511832727060796 0.06
-9.344029239816368 -4.340405230558178 0.06
9.822360595201177 -3.111467875109625 0.06
-5.141178787437958 8.929629369441825 0.06
-2.2410382685660832 -10.057720789464298 0.06
8.446762378143607 5.902728634045256 0.06
-10.216096595276518 1.3532813292067354 0.06
6.61921489861638 -7.899113502535265 0.06
0.45499285863726596 10.296260558988836 0.06
-7.2908648206945434 -7.285141739620357 0.06
10.297583999694316 0.4469494034447543 0.06
-7.895399501770309 6.62666331628861 0.06
1.345638438786974 -10.220041936903145 0.06
5.911585375837966 8.445303922546465 0.06
-10.0642133955105 -2.234190844495396 0.06
8.930632087929116 -5.151097990724975 0.06
-3.1057995556666325 9.831277084897005 0.06
-4.351016960149779 -9.347654861647865 0.06
9.523002484318921 3.953785993659201 0.06
-9.693165538587314 3.5174624150861002 0.06
4.7716512399065545 -9.14173640205723 0.06
2.6568120027356157 9.964504502589177 0.06
-8.690385110301145 -5.553125843581809 0.06
10.159579698733722 -1.7756520901003254 0.06
-6.2922178808448574 8.172392192006955 0.06
-0.8807273596171858 -10.276882762687418 0.06
7.59171226827564 6.983258897943935 0.06
-10.315500682633536 -0.02111081682672034 0.06
7.62094738536468 -6.9527808069507895 0.06
-0.9229568310651572 10.275122903790017 0.06
-6.260480242677869 -8.200389449961511 0.06
10.156043820123118 1.8179037168505419 0.06
-8.71713637261749 5.520102667631209 0.06
2.6990960486131543 -9.959160633324522 0.06
4.737309377478601 9.167218763728359 0.06
-9.685966594652273 -3.5597824550497856 0.06
9.547177053863102 -3.9180875822510495 0.06
-4.393367346019617 9.338539680428013 0.06
-3.0687046127677338 -9.854088085641312 0.06
8.919526787150735 5.193461455840461 0.06
-10.085587602175742 2.195659973410956 0.06
5.953930816080144 -8.43212356629878 0.06
1.3056356074230722 10.239888459384165 0.06
-7.8800500527155535 -6.668943781941608 0.06
10.315794421670555 -0.4054447555841444 0.06
-7.333015752372991 7.267522272098627 0.06
0.4980201999560772 -10.312709434500507 0.06
6.5992200445743565 7.941051240439646 0.06
-10.230642302114912 -1.3978405081327836 0.06
8.48838297159935 -5.880251229961369 0.06
-2.28712403305739 10.070206733598438 0.06
-5.116112688333281 -8.970807709469378 0.06
9.832616756078915 3.1590580444297256 0.06
-9.38461853459221 4.312648253705418 0.06
4.00696140933237 -9.519677529418797 0.06
3.476004042604667 9.726633327919584 0.06
-9.13377163175089 -4.824335786304961 0.06
9.994219240387865 -2.6125814389337187 0.06
-5.6049154288372565 8.677840920158776 0.06
-1.7289881153265392 -10.185312960192219 0.06
8.155364104445143 6.3427152169971865 0.06
-10.298436622031414 0.8319874650511626 0.06
7.032076548476239 -7.570330205240094 0.06
-0.07155316798929706 10.332709235440175 0.06
-6.927208098578616 -7.667710737826959 0.06
10.2878535439345 0.9747150653161939 0.06
-8.244739590525105 6.2309123797745665 0.06
1.8705811128775978 -10.16419826155244 0.06
5.48676580705853 8.758732840913313 0.06
-9.96267566882286 -2.752288778061812 0.06
9.205742166321796 -4.700458612433992 0.06
-3.6130826783815886 9.684814585689235 0.06
-3.8780049902176454 -9.582331516695039 0.06
9.33272877428111 4.446366339574985 0.06
-9.885603526368493 3.0256970964474963 0.06
5.245752745993226 -8.909100859677398 0.06
2.150056910619577 10.113221805196256 0.06
-8.417161890739148 -6.005113296607201 0.06
10.263428937328486 -1.2577863285981024 0.06
-6.718624790820923 7.860666696926319 0.06
-0.3557158678899409 -10.335060049236837 0.06
7.24386522884277 7.380814084256742 0.06
-10.32755184204946 -0.5492476215522891 0.06
7.986600071589759 -6.571470101619764 0.06
-1.4501738411459555 10.240947018242796 0.06
-5.84862058854472 -8.53133267498407 0.06
10.07589406792487 2.3401621165971505 0.06
-9.010828538497126 5.0808433404116835 0.06
3.2123942542328456 -9.833642415472093 0.06
4.274010130496684 9.421403154754165 0.06
-9.516032962835094 -4.060186775289523 0.06
9.759899176850979 -3.434292948731016 0.06
-4.877042128422708 9.125484100999252 0.06
-2.5681167878650686 -10.023710698333508 0.06
8.664973296093722 5.656698487455623 0.06
-10.210803314233054 1.6821104833058025 0.06
6.393177753413896 -8.13801439008642 0.06
0.7830559823635421 10.319729808889605 0.06
-7.54863078933102 -7.080831392312894 0.06
10.349641349466632 0.12216356826202707 0.06
-7.714383757609833 6.901324745317061 0.06
1.0266165201242672 -10.300294098743393 0.06
6.2010429625526085 8.28897256459308 0.06
-10.172051195565983 -1.9233758017570834 0.06
8.800186206760943 -5.453138795806913 0.06
-2.805571972479557 9.965880086938494 0.06
-4.663331325996459 -9.24409762735012 0.06
9.683345231398942 3.666445844348912 0.06
-9.617294486234659 3.8376616272204687 0.06
4.499400269903333 -9.326596228592392 0.06
2.9824465598848557 9.916905390162347 0.06
-8.898351465193077 -5.298050698313128 0.06
10.140621985069178 -2.1042304426872236 0.06
-6.0562741129295885 8.401877401453735 0.06
-1.2097349737291898 -10.286716740210963 0.06
7.840963656488207 6.768255974594275 0.06
-10.354056287248765 0.3058077835575098 0.06
7.428534811469008 -7.219894081964992 0.06
-0.600629985506761 10.342110211195303 0.06
-6.543414045294749 -8.032044112916676 0.06
10.250955225166594 1.5026366731947298 0.06
-8.574151206419485 5.816694171903431 0.06
2.393303261915034 -10.081274696014729 0.06
5.045290824066608 9.050692818817202 0.06
-9.83435352360216 -3.265806297503545 0.06
9.458007049390798 -4.235103617820232 0.06
-4.113460164151468 9.512068412177184 0.06
-3.39233030321883 -9.79296150885233 0.06
9.116873607360372 4.929768313766471 0.06
-10.052977408247497 2.5234193526374966 0.06
5.708473056627209 -8.65178220725425 0.06
1.635020620364337 10.236049412296888 0.06
-8.120343189829303 -6.443603532138897 0.06
10.340761104611348 -0.7339344503136004 0.06
-7.129521491433248 7.526614332034786 0.06
0.17294037809405172 -10.36629594530393 0.06
6.875131226890455 7.7609645414108 0.06
-10.312443636325707 -1.078659467860664 0.06
8.33308651804279 -6.170872635439294 0.06
-1.9762859811684454 10.179601844897329 0.06
-5.419222437952367 -8.841494679520743 0.06
9.968773270993522 2.8589437685140133 0.06
-9.282283433423338 4.625928475624617 0.06
3.7198700427035587 -9.681558080463942 0.06
3.797058596821999 9.65206433941984 0.06
-9.320141760816426 -4.552467194641355 0.06
9.947992156658758 -2.9389542444644934 0.06
-5.350353353332579 8.887278492006585 0.06
-2.0581819391664293 -10.167786735828457 0.06
8.386270158520688 6.107411303351481 0.06
-10.309750587248717 1.1614830298909875 0.06
6.817835384251751 -7.820941162880896 0.06
0.2557220959347964 10.372781989883462 0.06
-7.195609232479751 -7.476176012738878 0.06
10.356383539857097 0.6521656042578302 0.06
-8.077381485701634 6.515052442954275 0.06
1.5552272355855827 -10.260666072224204 0.06
5.784472709488798 8.616836744024997 0.06
-10.086347925102153 -2.446545632884762 0.06
9.09039879926887 -5.009456025383504 0.06
-3.3192922846022848 9.83474955092298 0.06
-4.1959297514778475 -9.494428551559228 0.06
9.507783515229564 4.166779647105063 0.06
-9.825818754015803 3.3501172835038724 0.06
4.982512389270337 -9.107939958671643 0.06
2.478490443433229 10.082017909218878 0.06
-8.638267632914522 -5.7602371741223815 0.06
10.261049913633814 -1.5877199595380591 0.06
-6.493990596678861 8.102350654609225 0.06
-0.6846244136624866 -10.361529298912265 0.06
7.504281154889561 7.178144909958939 0.06
-10.38267195239869 -0.22388195298765748 0.06
7.807451188914676 -6.848628032877448 0.06
-1.1308421767424128 10.324301234044873 0.06
-6.140402052176696 -8.377079600769246 0.06
10.1868494419185 2.029309845165283 0.06
-8.88265647336956 5.38501754649935 0.06
2.9124023000429666 -9.971354614228924 0.06
4.58825102748654 9.320297876611493 0.06
-9.67945269158351 -3.773353361586582 0.06
9.686639459374737 -3.75619701081883 0.06
-4.605565170696446 9.313365098527376 0.06
-2.8952213989448428 -9.978862312462873 0.06
8.875881838725993 5.402658751482835 0.06
-10.194714659095345 2.0119127763465547 0.06
6.158522906976332 -8.370340232287324 0.06
1.1130319905058204 10.332529205770998 0.06
-7.800599457547591 -6.867361072705314 0.06
10.391236019954246 -0.2054604039845047 0.06
-7.523735769580757 7.171011091159396 0.06
0.7038527857060054 -10.37037083503063 0.06
6.486385871664648 8.122610314662968 0.06
-10.270078718192483 -1.6079437558975425 0.06
8.659387470192796 -5.751956940126379 0.06
-2.4998873901981784 10.09111307221994 0.06
-4.973339839149838 -9.12994473391406 0.06
9.834829977928106 3.37285032357599 0.06
-9.530666000279979 4.156489575484008 0.06
4.220143294186573 -9.503177919860919 0.06
3.3076550749674007 9.858469348993403 0.06
-9.098682972917068 -5.035272401603414 0.06
10.110830747566068 -2.433331377776684 0.06
-5.811988878082442 8.624429562646215 0.06
-1.5402099402476404 -10.285803485385204 0.06
8.084036945587796 6.544336991809909 0.06
-10.382033189927379 0.635127422842332 0.06
7.226699714388963 -7.481631589302596 0.06
-0.27498664322968086 10.39876830908571 0.06
-6.821815662480684 -7.853841803037113 0.06
10.335865978574672 1.1831629105675496 0.06
-8.420949966547532 6.109631876054657 0.06
2.0824455845088057 -10.193793228605326 0.06
5.35052494362491 8.92366980718402 0.06
-9.973623519740872 -2.9659456985035453 0.06
9.358139254602882 -4.550299956207347 0.06
-3.8268938872871057 9.6770286335964 0.06
-3.7150779889416277 -9.721018235559557 0.06
9.306265979562397 4.6586922540171685 0.06
-10.009514351099767 2.85124927972421 0.06
5.454964933395477 -8.864161414111642 0.06
1.9654243375232048 10.221404364052498 0.06
-8.354087703197312 -6.209606963994379 0.06
10.355051331285964 -1.0643833550149229 0.06
-6.916831094604307 7.779938792093098 0.06
-0.15502431195071753 -10.409417248948388 0.06
7.146100078747626 7.571212166127903 0.06
-10.384071112833373 -0.7556898329470165 0.06
8.167728728188967 -6.457414917961881 0.06
-1.6607844577201758 10.279192331355373 0.06
-5.719147611754883 -8.701801571798706 0.06
10.09556946414946 2.553326691697132 0.06
-9.169328881932012 4.936943169104488 0.06
3.426478520484307 -9.834594295071845 0.06
4.116784142323553 9.566717740453793 0.06
-9.498251284157961 -4.2735491740462805 0.06
9.890911737132848 -3.264944870629163 0.06
-5.088046396947032 9.089102478381148 0.06
-2.387943480216725 -10.139414476945426 0.06
8.610267996157553 5.86372620731434 0.06
-10.310308802570258 1.4924920085689803 0.06
6.594640763857125 -8.065402233966632 0.06
0.5854450342268778 10.402271584221355 0.06
-7.458665976756715 -7.275183973424437 0.06
10.414583962610283 0.3262527942266642 0.06
-7.900134489768069 6.794694624747828 0.06
1.2356199290133396 -10.347136965896656 0.06
6.0785627796583395 8.464695773254483 0.06
-10.20043245661761 -2.1356913864091 0.06
8.964532904739318 -5.315745460407791 0.06
-3.0195720926414804 9.975579400583245 0.06
-4.512076245123336 -9.395805870610232 0.06
9.674285485386786 3.88048970456495 0.06
-9.755199063699333 3.673702659116507 0.06
4.711846499872626 -9.298844151916844 0.06
2.8070391505274426 10.03994677313611 0.06
-8.852117137240212 -5.50726993968683 0.06
10.24785446753782 -1.9187180126754304 0.06
-6.26066151548222 8.337512661972989 0.06
-1.0155386291493929 -10.377315707479724 0.06
7.758959428084698 6.966243506606385 0.06
-10.427324557049877 0.10441542962890898 0.06
7.618603289359011 -7.120876625765124 0.06
-0.8076750446080292 10.397483398511268 0.06
-6.428140178079818 -8.212734858191634 0.06
10.288006089481273 1.713747560989151 0.06
-8.744077240076445 5.686045481666244 0.06
2.606861692118576 -10.099716437512724 0.06
4.900266927657625 9.208549507805502 0.06
-9.834042002883272 -3.4801749791537206 0.06
9.602582123007855 -4.076814512691249 0.06
-4.326995354266774 9.493003276316394 0.06
-3.221987871411917 -9.923144368418434 0.06
9.079198313512432 5.140832421302314 0.06
-10.167767658315428 2.3423280825953516 0.06
5.915447201082751 -8.595782943467233 0.06
1.4445676169060344 10.334564548164883 0.06
-8.046446701178844 -6.64489996050265 0.06
10.422243296836536 -0.5355788098365352 0.06
-7.323595758230291 7.435384668598612 0.06
0.3776787462360334 -10.430117869163396 0.06
6.767265438337774 7.946327358414015 0.06
-10.358113301336255 -1.2882114875597606 0.06
8.508315182733035 -6.047195445103006 0.06
-2.189045434859663 10.206766387260958 0.06
-5.280679937074179 -9.00524399459461 0.06
9.977221679711485 3.0732796088047616 0.06
-9.43329603354396 4.473580885993209 0.06
3.93413889641014 -9.671222836009562 0.06
3.632072157162174 9.789180345931284 0.06
-9.29109937380442 -4.765025962792978 0.06
10.070158086133274 -2.762592282673046 0.06
-5.559571811259232 8.839748937354033 0.06
-1.8717951987359343 -10.27406359402107 0.06
8.320615209461826 6.311684603659515 0.06
-10.399321086280057 0.9664993245993427 0.06
7.01559636719452 -7.737661637252374 0.06
0.05363537203075384 10.444956833173949 0.06
-7.095341172586447 -7.6659072290629515 0.06
10.410606726486318 0.8598067145805862 0.06
-8.257626840338064 6.398562257705118 0.06
1.7668312817243417 -10.296519179893773 0.06
5.652651316273219 8.786212670806158 0.06
-10.103553338718694 -2.66049054342735 0.06
9.247604881217631 -4.863312036141612 0.06
-3.5339378015044027 9.833172611883626 0.06
-4.036581755576093 -9.638257504889056 0.06
9.48743357477724 4.380479901128365 0.06
-9.955165699604384 3.178785285831736 0.06
5.193628520268393 -9.068970327079846 0.06
2.296486523764587 10.195888860034112 0.06
-8.580974424739772 -5.967149899404403 0.06
10.358569413090793 -1.39643822426196 0.06
-6.695112631064491 8.02717053869922 0.06
-0.4855303174198833 -10.441947151315514 0.06
7.41178802624742 7.371933142261627 0.06
-10.445368993900733 -0.42926283470290766 0.06
7.9924185214431915 -6.739528631743606 0.06
-1.340935837412574 10.368794099602068 0.06
-6.015530563778229 -8.551806361012275 0.06
10.212794291569555 2.24250591037891 0.06
-9.045801310289848 5.245329222723626 0.06
3.127066370874836 -9.978549790031801 0.06
4.434814879253606 9.470608057920613 0.06
-9.667840284592586 -3.9878395443659387 0.06
9.82296049073593 -3.590187627052512 0.06
-4.818228696510661 9.283031413720476 0.06
-2.717909954757289 -10.100146804766318 0.06
8.827056754027552 5.611868589086577 0.06
-10.3000303756948 1.8246572992659398 0.06
6.362674271841245 -8.303395456706221 0.06
0.91726695928541 10.421066227858034 0.06
-7.716045701286076 -7.064887736947043 0.06
10.462312974992436 -0.002685759654471595 0.06
-7.713122077805309 7.069494169519651 0.06
0.912083132358313 -10.423440140359968 0.06
6.368681772207224 8.302402813906072 0.06
-10.304730799445517 -1.8200338323665806 0.06
8.828206064293507 -5.618965891191309 0.06
-2.714211394561644 10.107079524057964 0.06
-4.826079424527801 -9.286493277236 0.06
9.8319856427029 3.587765087304916 0.06
-9.673742249059876 3.996086948347596 0.06
4.434000879927603 -9.481541868114133 0.06
3.1353383302636266 9.986974194158094 0.06
-9.058418378032536 -5.2464327393498955 0.06
10.223776657867512 -2.2504201496705942 0.06
-6.018832342841383 8.565842470461766 0.06
-1.3481052959097581 -10.382322096291373 0.06
8.007573948237921 6.745276826306046 0.06
-10.461381979726866 0.4353011305361169 0.06
7.4201942015243665 -7.387876420979454 0.06
-0.48100338999106373 10.4603363109805 0.06
-6.711484743055337 -8.038406094726458 0.06
10.379178484777722 1.393791225803644 0.06
-8.595167478173742 5.983568836584436 0.06
2.2960709903457266 -10.218515450264427 0.06
5.20969417557639 9.086203090233315 0.06
-9.979563174453586 -3.180930500197995 0.06
9.507740264033895 -4.39577923372736 0.06
-4.041589728289059 9.664137440464534 0.06
-3.5480502206109463 -9.856537913081988 0.06
9.27464005033129 4.871452754239832 0.06
-10.129911450779543 2.6729934529223085 0.06
5.6641583145153165 -8.814040537012923 0.06
1.7773057247261796 10.325753452453508 0.06
-8.285853525016284 -6.413628564391239 0.06
10.442549900688626 -0.8678430570258702 0.06
-7.114115678356193 7.694111912038101 0.06
0.04843178185212418 -10.479391888965058 0.06
7.0433360766063124 7.760245931152957 0.06
-10.435982692963346 -0.9645025827697663 0.06
8.347060922014055 -6.338499346389953 0.06
-1.8733534215159007 10.31264015459158 0.06
-5.584989991323072 -8.870055625351013 0.06
10.110294359645449 2.7680223917666265 0.06
-9.325212976211667 4.788570031678931 0.06
3.6416549344995888 -9.830480625993562 0.06
3.9553311764907475 9.709034724640773 0.06
-9.475327855172145 -4.487556354743507 0.06
10.018568322390882 -3.0916482286291807 0.06
-5.299243123736183 9.047542335658607 0.06
-2.20413031343927 -10.251429635001067 0.06
8.550387121273546 6.070492572795018 0.06
-10.405821304723354 1.2995703036640833 0.06
6.795390598714148 -7.987657141547038 0.06
0.38489282825710835 10.480546622708008 0.06
-7.363650234138862 -7.468377014403244 0.06
10.475018803579067 0.5328987377213477 0.06
-8.084288197384346 6.6831343201848155 0.06
1.4467758957262407 -10.38926559038441 0.06
5.951310973673824 8.6383967085698 0.06
-10.223929153838862 -2.349738848741233 0.06
9.126447577896476 -5.173775662696208 0.06
-3.2348701158800734 9.980261285827442 0.06
-4.35647496688042 -9.54469097786535 0.06
9.660113923053434 4.095387526673051 0.06
-9.889911034359836 3.505661097774226 0.06
4.924696188449111 -9.265925072623606 0.06
2.627844070537688 10.159450553102758 0.06
-8.800700246408857 -5.716439029051136 0.06
10.351231471981636 -1.7297418921494803 0.06
-6.464545526977857 8.26798954581043 0.06
-0.818229147808691 -10.463770881554904 0.06
7.671860571316769 7.163278256097216 0.06
-10.496192490367383 -0.0997156214209645 0.06
7.807276887511864 -7.016867363840013 0.06
-1.0170633463175798 10.448233446357202 0.06
-6.308015614723333 -8.39159931147851 0.06
10.320246461359796 1.9267882542694235 0.06
-8.911759563483583 5.550724410620555 0.06
2.8219216783402805 -10.113197221517694 0.06
4.750784805062864 9.3637622639612 0.06
-9.828657102549721 -3.6956054389638195 0.06
9.744133306832776 -3.9143155338669584 0.06
-4.54114438875627 9.468791244951355 0.06
-3.0477162126632824 -10.049946561403667 0.06
9.036342079441274 5.352057718608697 0.06
-10.278846382132432 2.1576183750893043 0.06
6.122128631300447 -8.534608428147793 0.06
1.2508347255497452 10.429065753429638 0.06
-7.967420340616503 -6.845452002310031 0.06
10.499439929481975 -0.33430699543913145 0.06
-7.516479661921334 7.33910985691882 0.06
0.5849471985024409 -10.489415463931445 0.06
6.654477920625035 8.130062952026506 0.06
-10.399054559365133 -1.4998880862741906 0.06
8.681492230691907 -5.91875769468865 0.06
-2.4035076564853037 10.229034702513063 0.06
-5.137574560239222 -9.166533021703613 0.06
9.980643587054164 3.288883334536906 0.06
-9.581458531253151 4.31690310452716 0.06
4.149231016409225 -9.655769362017079 0.06
3.463021426284051 9.923078282523907 0.06
-9.256886279773456 -4.977957051174903 0.06
10.188762647809293 -2.5824631084695437 0.06
-5.768708774659648 8.787035852502527 0.06
-1.681967225412512 -10.376463089735257 0.06
8.2498036608034 6.515423206376914 0.06
-10.48472795560553 0.768426767456655 0.06
7.212373536848463 -7.64929199109094 0.06
-0.15116412290238593 10.512713703318814 0.06
-6.990088510935502 -7.854213048376489 0.06
10.460191471884814 1.069763698911234 0.06
-8.436016133042315 6.27723122109181 0.06
1.9803365319597543 -10.327548945426772 0.06
5.516169952329567 8.953316092767887 0.06
-10.115787495571926 -2.875907394967831 0.06
9.402139431667845 -4.7127247010064846 0.06
-3.749614694796179 9.826514623230791 0.06
-3.8730411224115215 -9.779036377072606 0.06
9.461931756748214 4.594763044014313 0.06
-10.081107395215062 3.003543521599141 0.06
5.404874568921247 -9.024817499220047 0.06
2.1108857018030793 10.306025497441938 0.06
-8.518506452217476 -6.173738561319976 0.06
10.452054165533536 -1.201900046074165 0.06
-6.8954590928976565 7.946863777502107 0.06
-0.2835452223853132 -10.518060757899361 0.06
7.3142556905742655 7.564500227569697 0.06
-10.503525293343566 -0.6371470882708237 0.06
8.175728484600567 -6.625516111676955 0.06
-1.5531260323772211 10.408544544149878 0.06
-5.8859097284988735 -8.724452227387248 0.06
10.233831406322226 2.4573755811786007 0.06
-9.206457675206149 5.10109175320713 0.06
3.34296827062593 -9.9807095510083 0.06
4.277064681088696 9.618041261805008 0.06
-9.651103397137856 -4.203118273110349 0.06
9.956038092028528 -3.4201323819520417 0.06
-5.031233393795092 9.247523481298176 0.06
-2.536851874759613 -10.21784627822951 0.06
8.773047335940802 5.820965593554216 0.06
-10.401446969021153 1.6339831549439796 0.06
6.566259650757063 -8.231296021820606 0.06
0.7184374578999448 10.505419916361566 0.06
-7.626406493280124 -7.261399589559493 0.06
10.528954460813207 0.2027756447941663 0.06
-7.901052518169334 6.963000007549192 0.06
1.1226019122075919 -10.471855850168481 0.06
6.246146819027944 8.48030954123416 0.06
-10.33454684209206 -2.0339964524563534 0.06
8.99472343205681 -5.48132742871726 0.06
-2.9299776794679717 10.118064577666003 0.06
-4.674390684406413 -9.440342776061396 0.06
9.824052749015056 3.8036807942530775 0.06
-9.813742322957578 3.831509052395834 0.06
4.648410381753104 -9.45474912003539 0.06
2.9591314024360873 10.112049314709488 0.06
-9.012968495062989 -5.4576917196743535 0.06
10.332965586691229 -2.0639336676004874 0.06
-6.225320406538938 8.502081264956828 0.06
-1.152767755893785 -10.474785272308527 0.06
7.925987694398196 6.945409928020691 0.06
-10.536407974457726 0.23260910511777183 0.06
7.612436797565745 -7.289088146199564 0.06
-0.6894967180213571 10.517347302235377 0.06
-6.596249470235316 -8.22128292460613 0.06
10.417734706636375 1.6064879651413377 0.06
-8.767274885729023 5.852767813442217 0.06
2.511340787440006 -10.238318585067582 0.06
5.064328135530219 9.24621979706718 0.06
-9.98045866064975 -3.3971230361971565 0.06
9.654437513064677 -4.236960739295275 0.06
-4.257047370872298 9.64611567845572 0.06
-3.3769951483850074 -9.98878890395548 0.06
9.237836496921497 5.0845232673422975 0.06
-10.24669999491129 2.491011684895315 0.06
5.873207528496267 -8.75873468756845 0.06
1.5857911178079198 10.4261817810108 0.06
-8.212466790988431 -6.617052909484113 0.06
10.525845565770775 -0.6682627668393193 0.06
-7.310354485272746 7.603204409961148 0.06
0.2545485405434844 -10.544913704744443 0.06
6.9356023530448425 7.947793404489001 0.06
-10.483225671165085 -1.175576253343604 0.06
8.52447769459519 -6.214763071457275 0.06
-2.0877662100920875 10.34123939631985 0.06
-5.446197661318062 -9.035979804860881 0.06
10.120027873553811 2.984130667128027 0.06
-9.478370599321579 4.635783728984377 0.06
3.857801827683818 -9.821271051056447 0.06
3.789720442122061 9.848249538398292 0.06
-9.447243074605653 -4.702084462163088 0.06
10.14277081776259 -2.91448110962202 0.06
-5.5105072158605655 9.000794977331093 0.06
-2.016763653610686 -10.359665263196243 0.06
8.485332948005608 6.276872211658485 0.06
-10.497257813175091 1.1034393520871597 0.06
6.995302566920997 -7.904792343713306 0.06
0.18150024503827533 10.554480454340283 0.06
-7.2636076449433205 -7.660287460684551 0.06
10.530880510149748 0.741994394148748 0.06
-8.266724405065458 6.566678582867838 0.06
1.659972111584222 -10.426624218257922 0.06
5.819332697058521 8.809958397231261 0.06
-10.24249556840712 -2.5654014366489486 0.06
9.285817651048418 -5.027284610152646 0.06
-3.4513457412253388 9.979890408943664 0.06
-4.196592330445977 -9.690645634427153 0.06
9.640805866159306 4.311016382597996 0.06
-10.021329166013647 3.333610917069391 0.06
5.137824722278549 -9.227825156728066 0.06
2.444943861486385 10.275322355730747 0.06
-8.744097908601761 -5.925432622584306 0.06
10.450666204757342 -1.5373925577882799 0.06
-6.667801033405676 8.193316140544939 0.06
-0.6179042480192184 -10.54600371421705 0.06
7.5796860831546855 7.359236297390594 0.06
-10.56059038593508 -0.30648115846747936 0.06
7.994433817951502 -6.907896056716065 0.06
-1.2286849852781816 10.494300034159114 0.06
-6.183080650933858 -8.568518755540385 0.06
10.347625862783936 2.1416439955896114 0.06
-9.0770834395508 5.410781480658099 0.06
3.038364490450594 -10.121676798987849 0.06
4.5969048169949485 9.516221209255733 0.06
-9.818169110602295 -3.911975883823289 0.06
9.882556423545873 -3.7476764181866384 0.06
-4.755783344708553 9.439413370448014 0.06
-2.8695939053222705 -10.173270409191788 0.06
8.988296866745772 5.5633191024107305 0.06
-10.38612314792294 1.9693770477436097 0.06
6.328392022192736 -8.468261593352404 0.06
1.0539163378193162 10.519470535767356 0.06
-7.883277987892397 -7.045135070785458 0.06
10.572277081437948 -0.13022024920077907 0.06
-7.708050308516 7.237814617782526 0.06
0.7946384181779641 -10.54412394579823 0.06
6.536804045897056 8.312051062496183 0.06
-10.435212259960622 -1.7135766949767837 0.06
8.852500957721135 -5.785605136331583 0.06
-2.619555687283689 10.246361695803039 0.06
-4.989962088780673 -9.325249506181143 0.06
9.979004298974639 3.505634493361464 0.06
-9.726663981302805 4.155960514108222 0.06
4.3650233797598235 -9.635173630721459 0.06
3.289980887457504 10.053657332541444 0.06
-9.217489301024816 -5.191135808808423 0.06
10.30371192585521 -2.3986497345359004 0.06
-5.977638919553779 8.72913701046306 0.06
-1.488788925093657 -10.474898927269823 0.06
8.173844253032433 6.71850207465687 0.06
-10.565893180571534 0.5673634608890389 0.06
7.408043101498603 -7.55585186503408 0.06
-0.35857184167308664 10.5759834641682 0.06
-6.879881637548557 -8.04097187243695 0.06
10.505078047820891 1.2819263665248581 0.06
-8.612430890583507 6.151100239381808 0.06
2.1956279963643133 -10.353705505836123 0.06
5.375079726502778 9.118032569240956 0.06
-10.12301077965099 -3.0926772794893895 0.06
9.553892919204399 -4.557754939482384 0.06
-3.966201049548854 9.814746519118952 0.06
-3.7053781151721656 -9.91666138494217 0.06
9.431259767894128 4.809505087896427 0.06
-10.203546600878992 2.8244710590995217 0.06
5.616125424467848 -8.975474094255182 0.06
1.921775244962564 10.4123378694628 0.06
-8.450867303155226 -6.379877884760954 0.06
10.541422195932531 -1.0042002226154672 0.06
-7.094905502560654 7.861444899618298 0.06
-0.07877072997033911 -10.589796748384737 0.06
7.211709505739454 7.75572343529778 0.06
-10.557076647066513 -0.8474270871071478 0.06
8.357261037122749 -6.506626465180708 0.06
-1.7672999345786309 10.443498022273877 0.06
-5.751585897420268 -8.89490076755195 0.06
10.249916316615085 2.673801694663956 0.06
-9.364513636661183 4.9523614921355215 0.06
3.5599873982654437 -9.977799843862938 0.06
4.115066358378849 9.762490915034885 0.06
-9.629218652786646 -4.419066432723741 0.06
10.085771864630155 -3.2461062666885665 0.06
-5.244454576654699 9.206828780497961 0.06
-2.3521306411145058 -10.3318672778511 0.06
8.713852014956725 6.0298244635672935 0.06
-10.498878643501282 1.4399816766308937 0.06
6.769154086944189 -8.154051321104548 0.06
0.5166419708767424 10.585512792204664 0.06
-7.531702117708326 -7.4567729756314804 0.06
10.591091908207572 0.41081892836151346 0.06
-8.087405684932632 6.8515596244445955 0.06
1.3352986514949456 -10.51555883019613 0.06
6.118822528332678 8.656212270200431 0.06
-10.359477599588923 -2.2497163962631714 0.06
9.15882543198997 -5.339093247578074 0.06
-3.147067161596313 10.12402925126168 0.06
-4.518335095985398 -9.591384048216744 0.06
9.811002878192607 4.020475410209144 0.06
-9.950562835449368 3.6628266759121764 0.06
4.863247749595168 -9.42278203749071 0.06
2.7791138481837194 10.233597911723596 0.06
-8.962326601201513 -5.668924227170066 0.06
10.438308064125625 -1.87395964695347 0.06
-6.431327846886013 8.433150189927161 0.06
-0.954292522023368 -10.56311155779443 0.06
7.8392933616056455 7.144611927227795 0.06
-10.607038356582459 0.027153305296033145 0.06
7.8033049381712685 -7.185292759652309 0.06
-0.9003586931378826 10.569737661062883 0.06
-6.476146456343372 -8.402352472729953 0.06
10.451480705284075 1.8211400459807405 0.06
-8.937156031477473 5.717275755902091 0.06
2.7281376112900375 -10.253158790044399 0.06
4.914483749665358 9.403608322036554 0.06
-9.976276566881317 -3.614402559358147 0.06
9.798124803061256 -4.073910939580765 0.06
-4.473143610512476 9.622940623309042 0.06
-3.2019882698566033 -10.117671230065778 0.06
9.195843456070659 5.297779075371344 0.06
-10.359786991649415 2.3053879256323806 0.06
6.081987299482347 -8.698242954122138 0.06
1.390972275670028 10.52260405642621 0.06
-8.133937547721075 -6.819755125352617 0.06
10.604861385034068 -0.46574134904827985 0.06
-7.50542400009795 7.5072372134330285 0.06
0.463220751556587 -10.605914695834933 0.06
6.822930555981845 8.133733375778265 0.06
-10.525741508766814 -1.388800090230167 0.06
8.699861069030222 -6.08624821869535 0.06
-2.3039073759061903 10.364941427873342 0.06
-5.302822901819767 -9.199460270686311 0.06
10.12473165950205 3.2015322617579343 0.06
-9.62869292095842 4.478646294795473 0.06
4.074797049381611 -9.806937799657492 0.06
3.6200232511803025 9.984259194397652 0.06
-9.413979960148469 -4.917009386804445 0.06
10.263422867752487 -2.73352355718683 0.06
-5.721713555957069 8.948854339164155 0.06
-1.825931662398291 -10.464032375917586 0.06
8.415110376353296 6.482739957285895 0.06
-10.584537393755502 0.9041947578876348 0.06
7.194252411618919 -7.81682366680453 0.06
-0.024630401631822913 10.624000816232813 0.06
-7.158564840394187 -7.850792917016226 0.06
10.582106044123694 0.9534315239810107 0.06
-8.447323516897004 6.445364644523911 0.06
1.875095240841025 -10.45915951870777 0.06
5.682675496501129 8.97926495886304 0.06
-10.256088485229515 -2.782561586585743 0.06
9.442531847104638 -4.87632979979971 0.06
-3.668878078154546 9.974434001367547 0.06
-4.032495342525392 -9.833564018834222 0.06
9.616339243452696 4.527252981094792 0.06
-10.149353903462302 3.157628119692777 0.06
5.351107354120156 -9.184533199062498 0.06
2.258422939511102 10.387469654650744 0.06
-8.68230987030146 -6.134125472800981 0.06
10.546073877031256 -1.3417621921186107 0.06
-6.870303246628658 8.11350314595143 0.06
-0.4146631723816853 -10.623937803539249 0.06
7.482457534417334 7.553994257718317 0.06
-10.620450813866187 -0.5157756394490126 0.06
8.179953068510885 -6.793994980639844 0.06
-1.4424289287470524 10.53562522043726 0.06
-6.053378020837 -8.743375465851134 0.06
10.370096284324257 2.358199112425473 0.06
-9.239935333246809 5.266269556091601 0.06
3.2560707023430004 -10.125117460125763 0.06
4.438689552693872 9.665817867868519 0.06
-9.802550905492971 -4.129164049201597 0.06
10.017748887517175 -3.576968999956299 0.06
-4.970788055973986 9.404853327010814 0.06
-2.6877014781871154 -10.293020002125266 0.06
8.93505727012941 5.77449145635419 0.06
-10.489509456631025 1.7776927066420471 0.06
6.53411226567348 -8.39674799547869 0.06
0.8539084580487268 10.605698484554088 0.06
-7.794036118190843 -7.243825024690795 0.06
10.640683046364737 0.0765787621083876 0.06
-7.898185474705359 7.131526218640251 0.06
1.006643862779252 -10.594180861847171 0.06
6.414281664609017 8.492172320852928 0.06
-10.466533681861799 -1.929163727228068 0.06
9.021225763561935 -5.647785913333329 0.06
-2.8370717672009227 10.258704781196867 0.06
-4.837900589658434 -9.481282502097626 0.06
9.972271690843863 3.7234120540163254 0.06
-9.86880694197981 3.9908206602065026 0.06
4.581392611324388 -9.60941422464982 0.06
3.113027046834425 10.180818366205997 0.06
-9.17289789104343 -5.404437461983534 0.06
10.414913861693265 -2.2112370414565445 0.06
-6.18623702962064 8.666052816210527 0.06
-1.2923529021845692 -10.569286824389579 0.06
8.09274833917176 6.920796508988884 0.06
-10.642740900806219 0.3634090234246947 0.06
7.602481833787082 -7.457363472899617 0.06
-0.5684819151244763 10.634699258191386 0.06
-6.764753456555397 -8.226062890108599 0.06
10.54520911159768 1.4961834087695558 0.06
-8.786753643558747 6.020212654666534 0.06
2.4125897798075555 -10.374941472334585 0.06
5.229434086436183 9.28024887250441 0.06
-10.125186118882432 -3.3106806034394958 0.06
9.702757225150432 -4.398465895035578 0.06
-4.183574490120585 9.797841827954375 0.06
-3.533665089112517 -10.051030347083202 0.06
9.395401939605303 5.024581812774165 0.06
-10.322387855142331 2.6416489108150145 0.06
5.827255974278398 -8.920935366329967 0.06
1.7292442019670602 10.514737965825079 0.06
-8.378063190521672 -6.585442823047348 0.06
10.626593619284613 -0.8034351564249381 0.06
-7.2933278373426855 7.770931028972157 0.06
0.12869014225872627 -10.657083974863172 0.06
7.10417737508875 7.94548071694074 0.06
-10.605961189130467 -1.0599939880293108 0.06
8.536897039709004 -6.382898160977323 0.06
-1.9833437093568018 10.473602423739159 0.06
-5.6126078096312515 -9.063036664124576 0.06
10.261007066907874 2.8916662969413833 0.06
-9.5198585825819 4.799197075307675 0.06
3.778002584485418 -9.969789188925787 0.06
3.9488879940640187 9.903851958219947 0.06
-9.602165288662356 -4.635560566879458 0.06
10.212063106585985 -3.068186289504829 0.06
-5.4577674477421585 9.16093742399576 0.06
-2.1638315971284157 -10.442118215154851 0.06
8.649471854785887 6.238320016900929 0.06
-10.592241625654152 1.2427458886512222 0.06
6.971232972402071 -8.071673360864782 0.06
0.31198049056931065 10.661269538544843 0.06
-7.4319554312260525 -7.650884816037267 0.06
10.648659033787505 0.6213378969093928 0.06
-8.272060970837302 6.735206551751049 0.06
1.5500617680746365 -10.554492338106716 0.06
5.98675284939929 8.829993789364153 0.06
-10.379476305143358 -2.467077548632711 0.06
9.320399146404595 -5.192317377790046 0.06
-3.3653600826026233 10.124937111628144 0.06
-4.35797635583532 -9.739509334765296 0.06
9.792810209466351 4.238026451235485 0.06
-10.084102011850417 3.490112693681165 0.06
5.0783887124147515 -9.38562560970863 0.06
2.595367161964001 10.351524974350347 0.06
-8.90648861041704 -5.880005155823551 0.06
10.539716570912464 -1.680587577257783 0.06
-6.636729681492899 8.35905611506414 0.06
-0.7527763930954516 -10.647221595420948 0.06
7.747508722374481 7.342758922689165 0.06
-10.673202538499078 -0.18096290276417448 0.06
7.992676752506998 -7.07651880022474 0.06
-1.11348017388979 10.617446110169544 0.06
-6.351214787734851 -8.581495832316076 0.06
10.480364982975528 2.037633387933259 0.06
-9.104695883676941 5.5771419979911 0.06
2.946343316698878 -10.262994741309374 0.06
4.760220221465856 9.558258389641264 0.06
-9.966986059444212 -3.832647765037211 0.06
9.938697459529237 -3.906698453675059 0.06
-4.689754912551993 9.594592167476138 0.06
-3.0231070937833873 -10.243086619740975 0.06
9.148651700164356 5.5110953601874675 0.06
-10.469081324923609 2.116207979414072 0.06
6.290372482256938 -8.632567059366798 0.06
1.1929426405381078 10.614937016129016 0.06
-8.050278454819178 -7.021610698399203 0.06
10.679522587130188 -0.2603791677076616 0.06
-7.699201294875969 7.40623382165188 0.06
0.6743418980987792 -10.6623291547611 0.06
6.7053548438870845 8.317945444492889 0.06
-10.5634740653577 -1.6040622402248865 0.06
8.873094094662205 -5.9529993437989495 0.06
-2.5216605864181307 10.38370010578625 0.06
-5.154920324236181 -9.36038441789528 0.06
10.124369924246169 3.420107255192384 0.06
-9.776072544585128 4.3172219774999805 0.06
4.292518010047595 -9.787455702756313 0.06
3.4463129965381243 10.116962327195472 0.06
-9.375524159500612 -5.132206809416432 0.06
10.380429914501484 -2.548857546063088 0.06
-5.9327370475659365 8.891716995296164 0.06
-1.6317242682758468 -10.564443947142685 0.06
8.339726932861197 6.687970894472373 0.06
-10.667581218868472 0.7019337139963164 0.06
7.392116355879438 -7.723769531850347 0.06
-0.23339539920837202 10.689037682954831 0.06
-7.048550994543164 -8.039771693109486 0.06
10.628634718514363 1.1671006899111602 0.06
-8.62596686149528 6.3192322084558095 0.06
2.0920309598903835 -10.486820607927845 0.06
5.5413893000943055 9.146201650127793 0.06
-10.264667213278205 -3.001100964754677 0.06
9.596480229778527 -4.720971001761171 0.06
-3.887345689414429 9.96386187635051 0.06
-3.8642531570190815 -9.973341844059497 0.06
9.586694603445423 4.743973712013003 0.06
-10.273887407787107 2.9777907132828445 0.06
5.564419247900398 -9.136040632221137 0.06
2.0683675680957707 10.495801808497035 0.06
-8.615338513516845 -6.342392474257122 0.06
10.637371739265188 -1.1429446533766805 0.06
-7.071927750354654 8.028563874925812 0.06
-0.20860665450701973 -10.69749892562254 0.06
7.38019906655773 7.747429363213351 0.06
-10.675708644357671 -0.727492227303444 0.06
8.36371444824981 -6.675198920491987 0.06
-1.658183054915243 10.572153468257635 0.06
-5.918952885907673 -8.91605275525023 0.06
10.387612207186338 2.576337057357481 0.06
-9.400202955121106 5.117243828716042 0.06
3.4749202341220506 -10.123484052760155 0.06
4.276203811090522 9.812445208306384 0.06
-9.781777970744066 -4.347047242792063 0.06
10.149609745053732 -3.40226718867145 0.06
-5.186034157929403 9.365097421425443 0.06
-2.502121384748166 -10.409101237666292 0.06
8.876620524301778 5.985449696350681 0.06
-10.58891877768574 1.582655717322744 0.06
6.739164516627355 -8.3200758180338 0.06
0.6509086711962064 10.687671303972705 0.06
-7.6997138008620185 -7.4413982143690545 0.06
10.704588362856931 0.2859859818032947 0.06
-8.086763653626038 7.02027446830912 0.06
1.2208538013833574 -10.639526117062161 0.06
6.286951096419927 8.6703082938973 0.06
-10.492968556637232 -2.1465346187337433 0.06
9.187552196049182 -5.505350546956283 0.06
-3.055937376523433 10.266023901723933 0.06
-4.681450398434619 -9.634522415096471 0.06
9.960416223841252 3.942094449380942 0.06
-10.00778351628012 3.821553230202595 0.06
4.798215028136851 -9.578472349167257 0.06
2.9322384094205893 10.30446397976715 0.06
-9.123104143111556 -5.617737159563518 0.06
10.522278290955116 -2.0203117501253907 0.06
-6.394378042217902 8.597786311208342 0.06
-1.0927534288691416 -10.659544546728755 0.06
8.006529885379402 7.122182193297676 0.06
-10.715197441804845 0.15666455610292895 0.06
7.795567116724305 -7.353851598220263 0.06
-0.7807871881776526 10.688796535007 0.06
-6.644739378711047 -8.4093661229017 0.06
10.580529731296172 1.7124224377056463 0.06
-8.958867971198295 5.884614233289839 0.06
2.6311051226648763 -10.391211952101001 0.06
5.079288803283706 9.43985303131552 0.06
-10.122279003263968 -3.5297971301593862 0.06
9.848625685617108 -4.234922916016644 0.06
-4.40161222419757 9.775776686677869 0.06
-3.3579764688625504 -10.182042724059126 0.06
9.354345238348232 5.239868811505853 0.06
-10.437537513195453 2.4551600071355155 0.06
6.0381411495967745 -8.861199211029293 0.06
1.5333833735156646 10.613139753617952 0.06
-8.300102954899456 -6.790308604037766 0.06
10.70749067357161 -0.5997028225521249 0.06
-7.490602577740803 7.675341883091778 0.06
0.33873299573684246 -10.719853541798 0.06
6.991689741782999 8.133650751946902 0.06
-10.650119418115345 -1.274737769065665 0.06
8.714518300231331 -6.254372134349958 0.06
-2.2011425542774936 10.498808096910276 0.06
-5.469026578678459 -9.228745758861741 0.06
10.26706423551983 3.1108506848946647 0.06
-9.672383263201686 4.641659402599024 0.06
3.99689213505595 -9.956648696259595 0.06
3.7785998075435834 10.042020886974473 0.06
-9.569925167628561 -4.852476922767325 0.06
10.334814851775569 -2.8864514510933885 0.06
-5.671047143740844 9.109842166221588 0.06
-1.9720419193278114 -10.548509405049316 0.06
8.579910556640268 6.446327236500867 0.06
-10.681454198399425 1.0423704751648049 0.06
7.1723720941925775 -7.9841767604711515 0.06
0.10455448317974926 10.73261703220827 0.06
-7.3271918590306315 -7.843612653679123 0.06
10.701591868329057 0.8342250797677065 0.06
-8.454898612711776 6.613976825538812 0.06
1.7667786103303122 -10.58860204852743 0.06
5.849984152758938 9.001537947066009 0.06
-10.394498693215366 -2.685962940314712 0.06
9.479332924992866 -5.041056168814844 0.06
-3.5847360518597546 10.120754291973348 0.06
-4.1933803603001545 -9.884612342112815 0.06
9.769451534020313 4.4562110278159155 0.06
-10.21425972948335 3.313442043955909 0.06
5.2937088233843435 -9.343267463431772 0.06
2.40797474949078 10.465737317829777 0.06
-8.845453079512156 -6.0908094550846785 0.06
10.637105574002593 -1.4839086924480784 0.06
-6.841401214176736 8.279808538043683 0.06
-0.5483177319857122 -10.727038159006895 0.06
7.650654142221584 7.539727527975247 0.06
-10.7348321923722 -0.3916347808985588 0.06
8.180431109199704 -6.962797345007084 0.06
-1.3287508495355365 10.66041374337125 0.06
-6.221496014650912 -8.758595055126298 0.06
10.504338506278337 2.2558529529910043 0.06
-9.269780580816796 5.432418244530866 0.06
3.1658390199770245 -10.267787653608295 0.06
4.601599013939135 9.710061097383186 0.06
-9.952558898222662 -4.051736834668425 0.06
10.076052373238989 -3.735394031657834 0.06
-4.906757457041911 9.561052832076792 0.06
-2.8404311149497876 -10.364938546910208 0.06
9.096254645220498 5.724347249189598 0.06
-10.574493791214127 1.9235594764846442 0.06
6.498238108308661 -8.561711364425053 0.06
0.9917973065169736 10.703099462435436 0.06
-7.961504784792668 -7.22249552175171 0.06
10.749756602140984 -0.05227805205206067 0.06
-7.8915640752038225 7.300220301261631 0.06
0.8878041962394208 -10.714093695182047 0.06
6.58291187756434 8.500310065651862 0.06
-10.596369623609567 -1.8212497906230427 0.06
9.044060891774828 -5.815063420623124 0.06
-2.7409086653863763 10.397471793085561 0.06
-5.0025468552625005 -9.51864091984267 0.06
10.118909445280869 3.6397351054995237 0.06
-9.920403549461172 4.151577220266798 0.06
4.510841725782449 -9.762802206587002 0.06
3.2686651285376795 10.246259233373015 0.06
-9.331863960199321 -5.347552246433228 0.06
10.49369923566447 -2.360566955503473 0.06
-6.143452661260779 8.829382164050203 0.06
-1.4342331364663372 -10.660814945878291 0.06
8.259192772394485 6.892440405866903 0.06
-10.746312600173027 0.49675496913714734 0.06
7.588771149273221 -7.6256509521455556 0.06
-0.44468967222872496 10.749523296193795 0.06
-6.933597817883949 -8.227102849717813 0.06
10.67040822398276 1.3828912949184147 0.06
-8.802536737358022 6.1883234391442725 0.06
2.3106639977349914 -10.509559072081538 0.06
5.395526403037101 9.310654908980869 0.06
-10.268193604928127 -3.220900509440351 0.06
9.74755424651854 -4.561270240972179 0.06
-4.106626634891528 9.948146444519173 0.06
-3.6919370531793483 -10.109876398619392 0.06
9.551855126169574 4.96105469115873 0.06
-10.394833595394541 2.794178685062391 0.06
5.7776355246410995 -9.08234153423032 0.06
1.8748658294193505 10.600230097581642 0.06
-8.54318885940286 -6.550108709981453 0.06
10.724479115274733 -0.941035443559957 0.06
-7.272550546714587 7.938514253025019 0.06
0.0001631156448210001 -10.766615065720204 0.06
7.272937387288282 7.939419485112517 0.06
-10.726301075664832 -0.9415228272280451 0.06
8.545598633254633 -6.5515451612056035 0.06
-1.8758341924422675 10.603831669847672 0.06
-5.779852822408933 -9.086435018822922 0.06
10.400130624234857 2.7959404498043825 0.06
-9.5577753049195 4.963761801363051 0.06
3.6947923953778874 -10.116743999679827 0.06
4.109514580811041 9.955997685320215 0.06
-9.755828408428716 -4.56550238914572 0.06
10.278039714491285 -3.223646945206608 0.06
-5.401397133094949 9.320134602600634 0.06
-2.31293797595363 -10.521421858256208 0.06
8.81298650938917 6.196068817026204 0.06
-10.684266584336555 1.384358174328201 0.06
6.943424239537917 -8.238255873047239 0.06
0.4450161096419863 10.765312845531202 0.06
-7.600332696746105 -7.637731528325155 0.06
10.763925843935285 0.4978959994437861 0.06
-8.273664101010672 6.904091710257567 0.06
1.4371573532377298 -10.680102000544505 0.06
6.154855119309122 8.846341529712399 0.06
-10.514469091424438 -2.3655738681090104 0.06
9.351366995417548 -5.3583519217213995 0.06
-3.276033278260354 10.268281548522653 0.06
-4.520674100745047 -9.784861045250105 0.06
9.943410960239483 4.161559620597705 0.06
-10.143491393041147 3.648230031028772 0.06
5.015366684700703 -9.542331843841644 0.06
2.7476954532013513 10.424498534531848 0.06
-9.068102797664917 -5.830910019112088 0.06
10.625716980065661 -1.8259623926971473 0.06
-6.60193709479414 8.52434317683076 0.06
-0.8900864129640376 -10.74559194169669 0.06
7.915205470144929 7.322535241662401 0.06
-10.783191345898944 -0.05276739267877379 0.06
7.987176990166355 -7.245343589351517 0.06
-0.9953792575655724 10.738213079167698 0.06
-6.519877312451415 -8.590762470850963 0.06
10.610987410169816 1.9305300259819098 0.06
-9.128658546159516 5.7443531531086105 0.06
2.851056442683765 -10.402474569093233 0.06
4.924701954893593 9.596734374539457 0.06
-10.114257501884088 -3.7499060235666533 0.06
9.991393133500543 -4.067193535085124 0.06
-4.62019108762868 9.748529853972677 0.06
-3.178388724250075 -10.309599658452312 0.06
9.308079274882736 5.455241535669937 0.06
-10.548903784589964 2.265089168987293 0.06
6.248655972040655 -8.796266170545355 0.06
1.33428528148019 10.707459212512806 0.06
-8.216998065463164 -6.994350777032464 0.06
10.784037752155076 -0.3931027347833084 0.06
-7.686606754135182 7.574699770108608 0.06
0.5512520873869047 -10.778038835342523 0.06
6.8742795816944655 8.320112993986235 0.06
-10.68949422315622 -1.491547268144672 0.06
8.890007619210731 -6.121091776013096 0.06
-2.420580740187777 10.519067871262738 0.06
-5.320895677361656 -9.391915097073337 0.06
10.268050953463282 3.331235449061172 0.06
-9.821979833893435 4.479811619096355 0.06
4.216533875193296 -9.938352080669482 0.06
3.604274132094975 10.176895792957254 0.06
-9.532482789457072 -5.069691496403381 0.06
10.453931908824618 -2.7009827185042266 0.06
-5.884168781686736 9.053538410401938 0.06
-1.7768505879019065 -10.650953102341248 0.06
8.505174462193347 6.653721317252032 0.06
-10.766436734825927 0.838951747713118 0.06
7.37244768129603 -7.89157875121023 0.06
-0.1055331465708034 10.799484374495613 0.06
-7.217439389780872 -8.034834699907618 0.06
10.749828784371266 1.0493717676319558 0.06
-8.635799737424087 6.487908977097792 0.06
1.9853354975041995 -10.61783607720282 0.06
5.708565216900674 9.17072969639776 0.06
-10.404503020096257 -2.906254790070528 0.06
9.635516428467778 -4.885368272374927 0.06
-3.8050740902492337 10.111449508735825 0.06
-4.0246151847652385 -10.026588283885852 0.06
9.740906267900987 4.6749058899583495 0.06
-10.340937557665312 3.1328917039162074 0.06
5.5090835060915735 -9.295697871752814 0.06
2.2170218997808733 10.576143621183103 0.06
-8.77922121298758 -6.301212176512465 0.06
10.730391561656074 -1.2840159397531332 0.06
-7.045218081893147 8.195419585266263 0.06
-0.3410164317690646 -10.802486185747403 0.06
7.548752576294027 7.735394918289196 0.06
-10.791861279275578 -0.6047562557531134 0.06
8.366447662795398 -6.844162001713976 0.06
-1.546059279269319 10.698584051405366 0.06
-6.087034139755379 -8.933533196974896 0.06
10.523354728364323 2.4756827868311904 0.06
-9.432297475977542 5.283158555700153 0.06
3.386505141860512 -10.267501298960344 0.06
4.438683830350775 9.858908958611119 0.06
-9.932969451423274 -4.271547480374306 0.06
10.2100880412811 -3.560070531504776 0.06
-5.124027184478941 9.52230777767243 0.06
-2.654041787750551 -10.483132269931248 0.06
9.038648357639786 5.937409861794586 0.06
-10.675937135933278 1.7275318432957338 0.06
6.705459432889389 -8.485682871394307 0.06
0.7876329867578247 10.787012296190774 0.06
-7.86763442156834 -7.422285942252093 0.06
10.81549309222347 0.1584587393185849 0.06
-8.082390726917202 7.189225280754724 0.06
1.103498633082265 -10.76114727929999 0.06
6.455640810518144 8.680708595821693 0.06
-10.624376913238665 -2.04024880968996 0.06
9.212646696691166 -5.672489827399017 0.06
-2.961533635287686 10.406215379620955 0.06
-4.845761719330538 -9.674119771817525 0.06
10.108319587328038 3.860294693470997 0.06
-10.061581532592625 3.9817806397378392 0.06
4.729644863627816 -9.732957385294513 0.06
3.087157130125134 10.372051911455012 0.06
-9.282990298226407 -5.56292109624381 0.06
10.60313998205477 -2.1687375408176006 0.06
-6.353735481501746 8.76185171245815 0.06
-1.2335516374450697 -10.753062371146026 0.06
8.1735206784441 7.0960242191699665 0.06
-10.820657020682445 0.28875879338251303 0.06
7.784094114780596 -7.522491529555757 0.06
-0.658406819401971 10.805392193722772 0.06
-6.813739549536568 -8.412666245078382 0.06
10.70737065443323 1.600691621950384 0.06
-8.97691645845078 6.052682950394439 0.06
2.5308781776122884 -10.52732898935366 0.06
5.245141451698276 9.47251239913026 0.06
-10.26663207428292 -3.4418404744126656 0.06
9.895646771323475 -4.39729177758257 0.06
-4.326598516425029 9.927262728349076 0.06
-3.515620412301901 -10.2430665875316 0.06
9.511806633591624 5.178371806384937 0.06
-10.512098176782546 2.606873975029304 0.06
5.990631309158128 -9.023432634964058 0.06
1.6780075940967116 10.700667760198602 0.06
-8.465868570563376 -6.757149498564258 0.06
10.807317435729795 -0.7361316752937682 0.06
-7.472048103351269 7.843372816665335 0.06
0.21154252774794824 -10.83121644871683 0.06
7.1607017645250925 8.12984318665048 0.06
-10.772167661317537 -1.157758125199152 0.06
8.725487212729476 -6.423073477743691 0.06
-2.0952681613715214 10.630609170312997 0.06
-5.636127807370339 -9.254407778944413 0.06
10.407611060087401 3.0168911186760488 0.06
-9.712542715217422 4.805883270021966 0.06
3.9155659294785488 -10.104867314908534 0.06
3.9386910183671904 10.096371281892997 0.06
-9.724682951507571 -4.784406075225852 0.06
10.402941226064359 -3.0411862565536083 0.06
-5.616752357737168 9.269956469792831 0.06
-2.120237471549642 -10.629891488827006 0.06
8.744157755157271 6.406223938711709 0.06
-10.775470388513126 1.182893869405353 0.06
7.146767255706167 -8.15130160114114 0.06
0.23633141826005888 10.838549140025302 0.06
-7.495917054108751 -7.832702440277021 0.06
10.818630605832285 0.7122020882790092 0.06
-8.458766881811016 6.783012814316154 0.06
1.6554425275874212 -10.715853210913957 0.06
6.0180389573928785 9.020155603275459 0.06
-10.53098999075961 -2.5861650787451604 0.06
9.512558138700088 -5.206845269244202 0.06
-3.497239561954103 10.26544277887238 0.06
-4.3556365123071 -9.932191629879945 0.06
9.921231577585866 4.381685062155098 0.06
-10.275829887768467 3.4709249657179777 0.06
5.232723419148068 -9.500979192625325 0.06
2.559480602014542 10.54082819554096 0.06
-9.007891248417184 -6.043831173741459 0.06
10.725143662411496 -1.6282792821363767 0.06
-6.808789572258393 8.445731736250295 0.06
-0.6844493644128222 -10.827350971846942 0.06
7.818794282120748 7.521732245558593 0.06
-10.84665340256323 -0.2647828632360521 0.06
8.177190197693287 -7.131869353174442 0.06
-1.2121485106198802 10.78288903718303 0.06
-6.390207653546476 -8.77013375864679 0.06
10.636532110167899 2.150391747883915 0.06
-9.296011179691883 5.599479988985008 0.06
3.0723253779408415 -10.408689483890884 0.06
4.765733907532692 9.75078357480019 0.06
-10.101092279005151 -3.9708858924706623 0.06
10.13095594037188 -3.8953474471789735 0.06
-4.8391875901997325 9.716082722314427 0.06
-2.994980344721341 -10.43360401466017 0.06
9.256596312259648 5.670575342225964 0.06
-10.65639677069669 2.071523078675492 0.06
6.458675600791098 -8.726139437560333 0.06
1.132044136727082 10.797614369503194 0.06
-8.128762619861858 -7.197445259947212 0.06
10.856161435570957 -0.18373591054002406 0.06
-7.881217993947773 7.469029584348548 0.06
0.7661403673365627 -10.831575551947067 0.06
6.751982394885041 8.504747717549444 0.06
-10.724030909123403 -1.7103102233705703 0.06
9.063248835498698 -5.983102919541961 0.06
-2.6415416533961213 10.534337078970529 0.06
-5.168270921409279 -9.55243297191429 0.06
10.263932922258501 3.5527005175469126 0.06
-9.9685418979721 4.313719094745831 0.06
4.436805194837086 -9.914875675623303 0.06
3.4259853908489037 10.308376404734643 0.06
-9.489825300648363 -5.287080079133872 0.06
10.569320899714164 -2.511862997630521 0.06
-6.097007506027304 8.992024214349444 0.06
-1.5783483561382887 -10.749363537748437 0.06
8.42527255522812 6.8603777133711725 0.06
-10.84711173142077 0.6325876113819799 0.06
7.571336451945397 -7.793899173805297 0.06
-0.3181780920643753 10.861802921326197 0.06
-7.102728568842583 -8.224429881599539 0.06
10.79331052304287 1.2666680516899873 0.06
-8.814646408095818 6.3570440222043025 0.06
2.2056177607979093 -10.642145004333143 0.06
5.562547213531389 9.337455140306387 0.06
-10.409450083506233 -3.1278345478928604 0.06
9.788840672193489 -4.7253146238542145 0.06
-4.0262526749377985 10.096994077325997 0.06
-3.851751061129206 -10.16533392285222 0.06
9.707156463780247 4.893987473184766 0.06
-10.46403879744898 2.9485406636983216 0.06
5.724388101185362 -9.242909761920618 0.06
2.022595755799888 10.682654464533629 0.06
-8.707796866604742 -6.5110885211267595 0.06
10.81949307807504 -1.0810039470262558 0.06
-7.248056302225553 8.105904011260462 0.06
-0.1309738801409583 -10.87349280786633 0.06
7.441829564616905 7.929638877729158 0.06
-10.844226077613257 -0.820219956848557 0.06
8.550606900278286 -6.720648899988258 0.06
-1.7652929326337925 10.731902946914552 0.06
-5.947875605208315 -9.106194363452158 0.06
10.53736961032783 2.6970060614206144 0.06
-9.592135181254262 5.129419330152712 0.06
3.608221451824875 -10.26210202417569 0.06
4.271540593515032 10.004695945302549 0.06
-9.908194709201648 -4.491956990505197 0.06
10.340704607794022 -3.380802894927102 0.06
-5.341439842370225 9.478344813855422 0.06
-2.4640224983283745 -10.597574870116825 0.06
8.975831559597133 6.150158356801891 0.06
-10.773326089370427 1.5282162713734464 0.06
6.911911982520919 -8.404491224689558 0.06
0.5805479792928548 10.866598549856297 0.06
-7.768687857644294 -7.620858807935633 0.06
10.876663981580135 0.3717265551415429 0.06
-8.271560363145692 7.073279943480048 0.06
1.3213150061902061 -10.803431244489714 0.06
6.323583277741952 8.85902333948062 0.06
-10.64744713408529 -2.2609443882720606 0.06
9.378737906879815 -5.525330331668473 0.06
-3.183416760795626 10.409892301416258 0.06
-4.684626419616771 -9.826712334683894 0.06
10.092572317887335 4.081664367413652 0.06
-10.199503650549469 3.80790300328515 0.06
4.94880378776795 -9.697903952410211 0.06
2.901868490379835 10.494244101627363 0.06
-9.228896765396449 -5.778188686228147 0.06
10.708663214855111 -1.9734569037121266 0.06
-6.563460754145325 8.689130159503543 0.06
-1.029774814093425 -10.841105286466822 0.06
8.082726062346323 7.298598454571092 0.06
-10.890542166245933 0.07804694240878776 0.06
7.9779631961536115 -7.414317449423007 0.06
-0.8744391521350635 10.856581237627863 0.06
-6.689012948025168 -8.596342581653646 0.06
10.73946853178911 1.820388874584634 0.06
-9.148990399968909 5.912357792055279 0.06
2.7525564597133196 -10.540086951068785 0.06
5.090291426579599 9.631663054347898 0.06
-10.259949614475389 -3.663800473337263 0.06
10.04065214750027 -4.229102085892255 0.06
-4.547138523712827 9.901188375451039 0.06
-3.3353786929953313 -10.372812973071131 0.06
9.466537598921022 5.395800764317993 0.06
-10.625588694981227 2.4159604477489207 0.06
6.20328177746433 -8.95931332130867 0.06
1.4778844899396657 10.797030028410395 0.06
-8.38338795204665 -6.963390441837874 0.06
10.885810271096911 -0.5283320373411101 0.06
-7.670297401125876 7.743160709831721 0.06
0.4254265883577778 -10.891235568929647 0.06
7.043524019077102 8.318579770170144 0.06
-10.813250336555761 -1.376087627651944 0.06
8.903262735318114 -6.2898261236615935 0.06
-2.316369814785898 10.65243779053174 0.06
-5.487830203137086 -9.41985773042971 0.06
10.410015590218821 3.2390701461069193 0.06
-9.864396895121219 4.643670304352245 0.06
4.137119058814846 -10.087826618910093 0.06
3.763804425095603 10.233463550999279 0.06
-9.688324975034908 -5.003634596782111 0.06
10.524218461506496 -2.8549651091538495 0.06
-5.83197514888287 9.214557279805287 0.06
-1.924107930043806 -10.734421673920888 0.06
8.670139443934696 6.615790355107074 0.06
-10.862449775196371 0.9783582581735341 0.06
7.3490697909948475 -8.059229070270119 0.06
0.024956718395577178 10.907308428856632 0.06
-7.386493703234804 -8.026189056586732 0.06
10.868640096041666 0.9287962439175935 0.06
-8.64195291685315 6.657075167285807 0.06
1.875596264658443 -10.746726880869323 0.06
5.876550267291443 9.191635162254695 0.06
-10.54248847742284 -2.8081910019453282 0.06
9.671014884162771 -5.050888150642632 0.06
-3.719435688295422 10.25747523324499 0.06
-4.186404657538915 -10.076408886271759 0.06
9.89385638177229 4.602347867867417 0.06
-10.404699983391307 3.2897140081801877 0.06
5.450160900194211 -9.454403532851465 0.06
2.3676781970003735 10.653360969921609 0.06
-8.942469547125278 -6.256375819812702 0.06
10.820474074052362 -1.427354480414974 0.06
-7.014811154766916 8.361962955129474 0.06
-0.4759413605138957 -10.904745747671157 0.06
7.717318116603276 7.71965032155906 0.06
-10.905516678047167 -0.4792765223074004 0.06
8.3654862338261 -7.013461347413702 0.06
-1.430984165280806 10.822766943749441 0.06
-6.255773273185942 -8.947362782099118 0.06
10.65711627456612 2.3718922214927827 0.06
-9.460812866782074 5.450047697014292 0.06
3.294792830788556 -10.409819412563522 0.06
4.602447296186955 9.901892692097881 0.06
-10.082756608950426 -4.192614836193107 0.06
10.267212058209287 -3.7194564860691464 0.06
-5.05847796224665 9.678419328871062 0.06
-2.807831812177171 -10.553960418464998 0.06
9.199891272599732 5.885745540910111 0.06
-10.759928501710377 1.8745502495480622 0.06
6.66807538037531 -8.65082485787527 0.06
0.9267558056157009 10.883525333124263 0.06
-8.035413342531564 -7.3994683873009235 0.06
10.923790522689899 0.028295165494898286 0.06
-8.074314569192483 7.358358800556414 0.06
0.9832895180434527 -10.880401726209648 0.06
6.6248361956891735 8.687436064817202 0.06
-10.753677220972328 -1.9309133142481745 0.06
9.234126872084158 -5.840453827422425 0.06
-2.8639078389148858 10.544573575550691 0.06
-5.011210451401791 -9.71018896890073 0.06
10.254678430716504 3.775125200916884 0.06
-10.111964549394873 4.143449402584925 0.06
4.657583094988768 -9.886198445978863 0.06
3.243810071363385 10.43636412841759 0.06
-9.4419425031474 -5.504518304743715 0.06
10.680890298033349 -2.319177104357734 0.06
-6.309438536352749 8.925300295003348 0.06
-1.3766277181377777 -10.843656953521482 0.06
8.340216461982196 7.066172186359542 0.06
-10.923403840716011 0.42337752967147674 0.06
7.768915661546112 -7.691160474452706 0.06
-0.5332746826446946 10.919506312688783 0.06
-6.983092490290599 -8.412277888422794 0.06
10.831980220095552 1.4860028638797278 0.06
-8.991321670517447 6.221425448985414 0.06
2.4275097859532546 -10.661481896955095 0.06
5.411983691421533 9.501601576775746 0.06
-10.409303241201565 -3.3505829392376785 0.06
9.9391980698555 -4.5609584221061175 0.06
-4.248149785075104 10.077361926792467 0.06
-3.6748603540457716 -10.300747612589225 0.06
9.668186821585596 5.113331945309106 0.06
-10.583468521070573 2.760469899040431 0.06
5.939497914081724 -9.184898721739879 0.06
1.8247852837551752 10.78518236601452 0.06
-8.631186549671863 -6.720313887368917 0.06
10.904330757456842 -0.874968989153729 0.06
-7.449792321369013 8.011279196761983 0.06
0.08170707722796024 -10.93998738360931 0.06
7.329913226008333 8.122337846900246 0.06
-10.891865210790337 -1.0379172558422831 0.06
8.732790188100946 -6.59229668102156 0.06
-1.9863382310595388 10.760318788578305 0.06
-5.804069278333279 -9.276463755780423 0.06
10.54634164164338 2.919705118284861 0.06
-9.749183612188746 4.9712592867230745 0.06
3.8308671131724794 -10.251558767388184 0.06
4.100237423715363 10.147317530715396 0.06
-9.878214296173875 -4.712842276043843 0.06
10.467803904593403 -3.197668121456493 0.06
-5.558871032561949 9.429154407652026 0.06
-2.270458535347221 -10.708175289902055 0.06
8.907805633397638 6.3624679800851895 0.06
-10.866577402160006 1.325705684858276 0.06
7.117471603078016 -8.318148711064145 0.06
0.3706421316298253 10.941783420003382 0.06
-7.664688189901323 -7.81809151593835 0.06
10.933203485734628 0.5874193898061015 0.06
-8.45895287167671 6.952418019275911 0.06
1.5411419641661617 -10.840889329122685 0.06
6.18678338342321 9.035137595332928 0.06
-10.665533978290096 -2.4832206824886573 0.06
9.542222126147381 -5.3736390737807636 0.06
-3.406438593218264 10.408466559039002 0.06
-4.519204717643785 -9.97631137846179 0.06
10.07164222158159 4.303721989215277 0.06
-10.334068661100018 3.6300172048725203 0.06
5.168194606538882 -9.657627271174967 0.06
2.7128806770453595 10.61274132503539 0.06
-9.16957961552659 -5.993230320496558 0.06
10.8101819424156 -1.774814461252695 0.06
-6.772503934516276 8.611224678114118 0.06
-0.8229993475540602 -10.924864853806001 0.06
7.986826960934331 7.500039672967902 0.06
-10.955897956379353 -0.1352773794939874 0.06
8.170257005639431 -7.30115747411325 0.06
-1.09267773385024 10.903029641799014 0.06
-6.559457280671539 -8.778013453113703 0.06
10.766650829907608 2.04186921884087 0.06
-9.318644044197026 5.76739743537337 0.06
2.9755809849340737 -10.547792081857642 0.06
4.931035623539828 9.787997122975732 0.06
-10.248115813929445 -3.8866595251307046 0.06
10.182466230294006 -4.056769831888691 0.06
-4.76812348070587 9.869903670894734 0.06
-3.151289405069727 -10.499017815276593 0.06
9.416039154716241 5.613217137867612 0.06
-10.735214563615722 2.2215238628322 0.06
6.415462204813667 -8.88998564107993 0.06
1.274589869019399 10.889234163419994 0.06
-8.295759951042252 -7.16870747308631 0.06
10.9598833639815 -0.3177367588453962 0.06
-7.867175981950758 7.637901679716566 0.06
0.6417089593674548 -10.946607219201187 0.06
6.921438515938301 8.505509324554632 0.06
-10.849493443929152 -1.5963997024988243 0.06
9.07880875559855 -6.151847818279249 0.06
-2.539023081914677 10.669271849076887 0.06
-5.3350147405195525 -9.582672785733587 0.06
10.40730885906742 3.462357912171531 0.06
-10.01323097371949 4.477187227148834 0.06
4.359329530935748 -10.065597152713371 0.06
3.584928222676432 10.36717365718632 0.06
-9.646740506120853 -5.22306400569313 0.06
10.641777393334795 -2.665065460867425 0.06
-6.0469408123608215 9.153933952777084 0.06
-1.724639217338966 -10.834925914375994 0.06
8.590939412263051 6.824643581523172 0.06
-10.94512643619489 0.7708484258969319 0.06
7.550208524036763 -7.962056973142216 0.06
-0.1890044294288137 10.97152119469567 0.06
-7.272092049522667 -8.218070164172929 0.06
10.913894120603473 1.1475692241677333 0.06
-8.823104029972868 6.526318661870299 0.06
2.0975044777391623 -10.772672600885269 0.06
5.730439123103136 9.36066597291074 0.06
-10.548924312417737 -3.0315335806950836 0.06
9.826627815721038 -4.890540437548557 0.06
-3.942500534705395 10.244349151305206 0.06
-4.013047746606819 -10.217409054327517 0.06
9.861266318986392 4.823424777689047 0.06
-10.530004370684614 3.104675176787895 0.06
5.667554674825026 -9.402596663043088 0.06
2.172374466709047 10.762006744858999 0.06
-8.871840407324704 -6.468419264933329 0.06
10.911625988936043 -1.2232817654062826 0.06
-7.219877866055696 8.273050440994487 0.06
-0.2646630096959053 -10.97770255979359 0.06
7.610801370678025 7.916167159433 0.06
-10.959716544284461 -0.6961417017658913 0.06
8.551945391523201 -6.890154571590187 0.06
-1.6517743112351857 10.8577917471622 0.06
-6.116619504997147 -9.1223333545255 0.06
10.672694849683575 2.5949151518956706 0.06
-9.622951831358083 5.2961115973289425 0.06
3.5183390129585392 -10.405829644477848 0.06
4.4349070034721 10.04995521734073 0.06
-10.059226389969572 -4.414970490879836 0.06
10.400061060922878 -3.539594599537592 0.06
-5.277938202045534 9.635526365247951 0.06
-2.617025572834197 -10.670575296165238 0.06
9.13796174265449 6.100627442303206 0.06
-10.859412973220596 1.6742609943041171 0.06
6.876730889170005 -8.570330931646406 0.06
0.7185177752225466 10.965114327114389 0.06
-7.936969581812216 -7.600296958500217 0.06
10.986856061210398 0.24288657897117596 0.06
-8.265775444357221 7.24271746677041 0.06
1.2025899941834501 -10.92445775798002 0.06
6.492881501423331 8.86806009274152 0.06
-10.77838336722089 -2.1532422040300205 0.06
9.402527782098078 -5.693195175547192 0.06
-3.087561044706051 10.549737759547092 0.06
-4.84977471347187 -9.86507401029353 0.06
10.24025837069157 3.9983882379630447 0.06
-10.252144415308747 3.9690722955942332 0.06
4.87874423450844 -9.85230199974862 0.06
3.0578266988367315 10.560762088025715 0.06
-9.388826861855495 -5.721881697317825 0.06
10.788550466883997 -2.123011734187336 0.06
-6.521337215737982 8.853370031724122 0.06
-1.1717828754279564 -10.933751638520688 0.06
8.250020450225145 7.270980853424583 0.06
-10.995239903317959 0.21142248812394543 0.06
7.965063150694364 -7.583387699798208 0.06
-0.7507159226584083 10.972530501368732 0.06
-6.8585667875229746 -8.598259220393789 0.06
10.865783431086689 1.7072640184581835 0.06
-9.165709599708322 6.081099204404968 0.06
2.650895056678424 -10.675802330432964 0.06
5.2569305589006925 9.663057544012457 0.06
-10.404028428576098 -3.5743800102088197 0.06
10.086482476858304 -4.392365108233877 0.06
-4.470642948351999 10.052529613403312 0.06
-3.4940175357633922 -10.432729338949512 0.06
9.623984697882264 5.332815254153104 0.06
-10.69913361106 2.5687623425856696 0.06
6.1542882631564035 -9.121663004845955 0.06
1.6236812411211339 10.883641818216518 0.06
-8.549399426059455 -6.928763919610357 0.06
10.98482735753153 -0.6660089528128557 0.06
-7.650303062548352 7.911565145479327 0.06
0.29692217458272485 -11.001901527565183 0.06
7.213034250501416 8.313370970977628 0.06
-10.934719674105628 -1.2577383069332506 0.06
8.91287981928424 -6.459146485952747 0.06
-2.2090805904353044 10.78378240437751 0.06
-5.655666435904699 -9.444227716747465 0.06
10.55023185957288 3.143661513148861 0.06
-9.903334032157664 4.808739444751383 0.06
4.05432072905733 -10.235843073530194 0.06
3.924844615069477 10.286670731950165 0.06
-9.843010482805512 -4.934079917814547 0.06
10.591289491446632 -3.0107452413600466 0.06
-5.776196259236739 9.374729690757997 0.06
-2.0734370594448666 -10.814844370610269 0.06
8.834574624376163 6.574214113209941 0.06
-10.955609880233835 1.1200947067649185 0.06
7.32201450835566 -8.226670258338379 0.06
0.15801680391826672 11.01249429918942 0.06
-7.55566111408509 -8.013862060773349 0.06
10.985048140072507 0.8054299226435141 0.06
-8.644448962545503 6.826675774778379 0.06
1.7628670483346978 -10.873467697560686 0.06
6.045287686964084 9.208935702991983 0.06
-10.678593651546858 -2.7069609574471447 0.06
9.702988209841125 -5.217472549011074 0.06
-3.6304790160634455 10.401904734899421 0.06
-4.349562611508261 -10.12281112579749 0.06
10.045506513477747 4.526344981072055 0.06
-10.46517696460215 3.448198239597098 0.06
5.387693220184638 -9.612115363705145 0.06
2.5202771073537065 10.727450922849698 0.06
-9.10503776938849 -6.2079213282715715 0.06
10.907611156587688 -1.5729014135297301 0.06
-6.980740736169593 8.528145095762758 0.06
-0.6133235218359856 -11.004264366942605 0.06
7.885844033001595 7.700224924453385 0.06
-11.016656574414272 -0.3511095575668366 0.06
8.360854872006811 -7.18304293522181 0.06
-1.3130124208240568 10.944678998616716 0.06
-6.425114311625709 -8.957561391502853 0.06
10.788868997614102 2.265017826049346 0.06
-9.485764026537877 5.617853756804278 0.06
3.199833119601485 -10.550406058853916 0.06
4.7674356338122825 9.941406212274845 0.06
-10.231102871586033 -4.110296100164079 0.06
10.320986429341072 -3.8803658494216027 0.06
-4.989429893154024 9.833391548255415 0.06
-2.9634320820836346 -10.621585112160872 0.06
9.360305099801973 5.830496414424865 0.06
-10.840887104598242 2.0236518439088207 0.06
6.627048014326364 -8.815454305695935 0.06
1.068218773651555 10.977199490380887 0.06
-8.203000155314761 -7.372976905694607 0.06
11.029464660835945 -0.10444757235580973 0.06
-8.062561997264284 7.527622070765094 0.06
0.8602819976210626 -10.99726851925373 0.06
6.794482154228474 8.69051277289613 0.06
-10.88084375810694 -1.8185816208422636 0.06
9.252009880694986 -6.0091857324867535 0.06
-2.763111012057452 10.681068183241171 0.06
-5.177738500606964 -9.742742120128826 0.06
10.399458097128091 3.686634140523978 0.06
-10.158939543589671 4.306500592092156 0.06
4.582074665515097 -10.038156790947466 0.06
3.402137927303037 10.497402417913026 0.06
-9.59991823291422 -5.442570157688475 0.06
10.755525823774997 -2.4715712116200805 0.06
-6.26152469130102 9.088086076849608 0.06
-1.5219229741215243 -10.93131970353265 0.06
8.506568151279335 7.032659403642414 0.06
-11.023424203384318 0.5604630516286272 0.06
7.75006063484836 -7.859806623332016 0.06
-0.4054470639886512 11.03112019145395 0.06
-7.152744065529833 -8.408225278441803 0.06
10.954334870597698 1.3684105899938561 0.06
-9.002102995194207 6.390785684398715 0.06
2.3210520962650287 -10.7936424420315 0.06
5.579758000011298 9.527134966048813 0.06
-10.55025981388802 -3.2560739947764614 0.06
9.979288887287042 -4.7258642917533455 0.06
-4.166312441788774 10.226037386856948 0.06
-3.8356371514830583 -10.355089938873682 0.06
9.823444986536641 5.044792225304045 0.06
-10.651647488398936 2.915888506593599 0.06
5.884780216623979 -9.345553049554159 0.06
1.9736574959086468 10.866677325146066 0.06
-8.796009206606275 -6.679836976850383 0.06
10.998519253578872 -1.0161565965218573 0.06
-7.423866122228027 8.179010441320822 0.06
-0.05071641448346521 -11.046149910502843 0.06
7.499271037042153 8.111161070585439 0.06
-11.009190707058488 -0.9152704385136647 0.06
8.736448809875208 -6.761986556658486 0.06
-1.8744059521284753 10.887910833884769 0.06
-5.972794130386867 -9.294930353478513 0.06
10.683225305666513 2.8193433753919823 0.06
-9.782317571477613 5.137729355538339 0.06
3.742843491196018 -10.396688059204797 0.06
4.263180137186867 10.194866115741558 0.06
-10.030480156999866 -4.637830076666452 0.06
10.529404185613757 -3.3558378232536055 0.06
-5.497444123920566 9.587393186073639 0.06
-2.422646007396981 -10.783356913449701 0.06
9.070807978149439 6.3150964065119775 0.06
-10.954766182299055 1.4707473920279326 0.06
7.084517988092871 -8.484668813594823 0.06
0.5074291173387618 11.042305723483516 0.06
-7.833453305735439 -7.7998082865454155 0.06
11.045291377455259 0.4599330245943941 0.06
-8.455480324560881 7.122138195862521 0.06
1.4239310640354823 -10.96368643864256 0.06
6.356161319742777 9.046502820283967 0.06
-10.798102042535309 -2.3771815830926393 0.06
9.568338794641091 -5.541380036684572 0.06
-3.3123822668736884 10.549792591236132 0.06
-4.684026438613097 -10.016980399420452 0.06
10.220646251704881 4.222367842515731 0.06
-10.38897969839757 3.7906596822035 0.06
5.100164978033892 -9.813170598580083 0.06
2.868115807997883 10.681475165533676 0.06
-9.33047351095236 -5.939045719761412 0.06
10.892213696265676 -1.9234554309581589 0.06
-6.732579059636557 8.776239468345388 0.06
-0.9639097022925495 -11.019567962757264 0.06
8.154701426918349 7.474680236492786 0.06
-11.06254897928594 -0.0031750432414319792 0.06
8.159657393807372 -7.470608490322906 0.06
-0.9703935316277555 11.02081378092267 0.06
-6.729189622532744 -8.782255235644065 0.06
10.894668155764382 1.9303382542377248 0.06
-9.337695346567434 5.936113679394362 0.06
2.8756561990946516 -10.685064409006083 0.06
5.097446064820368 9.821712865699515 0.06
-10.393594175242454 -3.799105173638415 0.06
10.230589233751193 -4.219602342668586 0.06
-4.693609288361517 10.02247633313277 0.06
-3.3092991596338375 -10.561180761261818 0.06
9.574540114277651 5.552313175613212 0.06
-10.81094279897041 2.3735028538828074 0.06
6.368634528570497 -9.053203534743911 0.06
1.4193761432032532 10.977949324172775 0.06
-8.46244731395102 -7.136314557150854 0.06
11.060907792471085 -0.454223300208635 0.06
-7.849465974813115 7.806784479556945 0.06
0.5145657651323765 -11.059169140281462 0.06
7.091225890728741 8.50261814776239 0.06
-10.97273286083977 -1.4795720883576802 0.06
9.090759060686427 -6.3212419428896744 0.06
-2.4334044648901316 10.802247113922768 0.06
-5.502720747080598 -9.609373776664574 0.06
10.549003867632454 3.368756061319305 0.06
-10.054479096666611 4.641923103056986 0.06
4.278460389352962 -10.214929108747537 0.06
3.7454346109240584 10.422654152148201 0.06
-9.802568195671132 -5.155546214439051 0.06
10.711066696033056 -2.820115287205745 0.06
-5.993290977726422 9.315066465479628 0.06
-1.873047071406324 -10.917494889776508 0.06
8.756145242659914 6.785272322423334 0.06
-11.04034441922081 0.9114796240069901 0.06
7.525417329062886 -8.13007343284426 0.06
-0.05722516866888552 11.078660807158546 0.06
-7.4416349179723 -8.208049082919487 0.06
11.03213682762345 1.0256495583747907 0.06
-8.827930215945488 6.696092002235085 0.06
1.9863767354714923 -10.901114964295058 0.06
5.899145187807852 9.380303089621545 0.06
-10.686584893412505 -2.9320476319268156 0.06
9.860926310010582 -5.056889588328097 0.06
-3.855417291107342 10.39017600964635 0.06
-4.17576831276725 -10.266107295274532 0.06
10.014145051298486 4.749410373041481 0.06
-10.592730645181737 3.262523176718855 0.06
5.607175369302709 -9.561358918997081 0.06
2.324143117743716 10.83828209488222 0.06
-9.035272818466519 -6.422137112821566 0.06
11.000867868555398 -1.367810710071191 0.06
-7.188047179813551 8.439903894048468 0.06
-0.4008471872158234 -11.079229284228266 0.06
7.779800554441025 7.899031797196359 0.06
-11.07275249692798 -0.5693436060721371 0.06
8.549636888819954 -7.060007724452508 0.06
-1.5353319039087971 10.98147330483664 0.06
-6.286028288587134 -9.134869914513416 0.06
10.806076980834312 2.48971891672189 0.06
-9.65023818134114 5.463781020812021 0.06
3.4251935011188666 -10.54789312990481 0.06
4.599555322645118 10.09178333268838 0.06
-10.208885610992274 -4.3345881674819955 0.06
10.456111750898623 -3.6999631150485492 0.06
-5.210933996703691 9.791637599604966 0.06
-2.7718882526260167 -10.740420639572452 0.06
9.299331904995602 6.047514044690671 0.06
-10.942519585284202 1.822433846720281 0.06
6.837914826137564 -8.735726691608894 0.06
0.8588679011189854 11.060847432653047 0.06
-8.105126790222245 -7.576075482360353 0.06
11.094484343001133 0.11143232431723973 0.06
-8.256334256660132 7.412350817540976 0.06
1.0810367955933238 -11.04315894328128 0.06
6.662694355800372 8.873471920346955 0.06
-10.90725050978227 -2.0425196001151256 0.06
9.422751816954426 -5.8618894732058955 0.06
-2.9885158195018207 10.68778616910852 0.06
-5.016060895060221 -9.899956216925792 0.06
10.386433137018178 3.9117779449057077 0.06
-10.301418704043849 4.131679160338513 0.06
4.8052314020566325 -10.005486053795131 0.06
3.21551112253813 10.624052344601546 0.06
-9.547849512245513 -5.662028761099075 0.06
10.865373423285295 -2.274568172767211 0.06
-6.4756022152386015 9.01701591159719 0.06
-1.31605258180874 -11.023520562956035 0.06
8.417038805836345 7.239713926740827 0.06
-11.097269081303292 0.34730237135677067 0.06
7.948503853764084 -7.7525019501253585 0.06
-0.6242648629667432 11.086040473535405 0.06
-7.028484281408126 -8.59653469172311 0.06
10.989906947820614 1.591208747538867 0.06
-9.178833584050464 6.250521101180871 0.06
2.5461231100891637 -10.809590977843236 0.06
5.424561756548855 9.690930282970134 0.06
-10.546459875087553 -3.4816927065966428 0.06
10.128891466981937 -4.556924143553467 0.06
-4.390749260602777 10.202515421724007 0.06
-3.6542463803190977 -10.489350951890437 0.06
9.780378642544683 5.266326386434461 0.06
-10.769535563040405 2.7234360202523566 0.06
6.1017129748857295 -9.283269831913277 0.06
1.7716171931340656 10.967286470271112 0.06
-8.71498398775931 -6.8905046326882955 0.06
11.081075821172847 -0.8060760791752303 0.06
-7.626652780940836 8.079861840339067 0.06
0.16579486709052726 -11.110018544631078 0.06
7.382756696517435 8.304511036781575 0.06
-11.053879233394529 -1.1365535154708875 0.06
8.918878522092239 -6.628997353156941 0.06
-2.0987650487989757 10.913074052252181 0.06
-5.8243473627014914 -9.465039767406802 0.06
10.68866765633113 3.0450589046027963 0.06
-9.938800904450659 4.974960962830843 0.06
3.968185234127777 -10.382365142280939 0.06
4.087336006539905 10.336521870031643 0.06
-9.996499093325971 -4.861070445604863 0.06
10.655144373596512 -3.1682642531541823 0.06
-5.716871407013223 9.534011816422018 0.06
-2.2247794001447105 -10.89221541380319 0.06
8.998432906934394 6.5290278923742 0.06
-11.045906163065565 1.2641032539908033 0.06
7.291312870058136 -8.393852311717463 0.06
0.2935904512862396 11.115026074954281 0.06
-7.724889096517677 -7.997880247071864 0.06
11.099032105432249 0.6793278461716248 0.06
-8.643309703930775 6.996656155760131 0.06
1.647200851723238 -10.998032976586416 0.06
6.214721134699209 9.222648275735285 0.06
-10.812788449403516 -2.602615213289494 0.06
9.731448360813516 -5.385063862278697 0.06
-3.538251795749129 10.544703610338134 0.06
-4.514030620658918 -10.165801864867998 0.06
10.195818214641832 4.446941750684156 0.06
-10.522370218982706 3.608285600484785 0.06
5.321721444423864 -9.768791167179241 0.06
2.674759913750132 10.798410040547425 0.06
-9.266880259026607 -6.155885822922888 0.06
10.9917942400777 -1.7205985539325324 0.06
-6.943039805270324 8.693917313986363 0.06
-0.7531057098982229 -11.101028411355351 0.06
8.054278934858548 7.67714731130606 0.06
-11.125262378828847 -0.22031114864092352 0.06
8.352577547881857 -7.352853072557611 0.06
-1.1921979854653835 11.064296812877549 0.06
-6.5950016738548385 -8.96414819834277 0.06
10.918584861531569 2.1551112782252417 0.06
-9.507165184563219 5.786519692650241 0.06
3.101675027111945 -10.689228785379708 0.06
4.9335907785349 9.97745869597842 0.06
-10.377971620579164 -4.02463725600874 0.06
10.371415209371442 -4.042739981104245 0.06
-4.9169255726708725 9.987183933062173 0.06
-3.1207838323244097 -10.686005253222675 0.06
9.519845764479953 5.771701362727727 0.06
-10.918806703686288 2.1747781881229633 0.06
6.582412201638891 -8.979523907630933 0.06
1.2119642288748496 11.068023432751117 0.06
-8.37034468433454 -7.342842083650752 0.06
11.132499165168642 -0.2397130316013863 0.06
-8.047159082126305 7.696962433775559 0.06
0.734530861208162 -11.111726437144355 0.06
6.964523951700546 8.689960076213781 0.06
-11.005850587513663 -1.7033064449256239 0.06
9.266312200363348 -6.178629152603139 0.06
-2.6591933911473524 10.815668749942292 0.06
-5.345288255004943 -9.77179069929899 0.06
10.542623853052806 3.5948688839847875 0.06
-10.202512897485748 4.4708758176264505 0.06
4.5031637183087625 -10.18879367374311 0.06
3.562081977578613 10.555168022585413 0.06
-9.756875026577827 -5.377117230983713 0.06
10.827042653533388 -2.6258612641510033 0.06
-6.210030643571805 9.250163209689825 0.06
-1.6693793790980567 -11.016041597989823 0.06
8.672526863671493 6.995518408159348 0.06
-11.12070403825617 0.6999583512702436 0.06
7.727557162188098 -8.028378435594293 0.06
-0.27497951508568286 11.140214821370515 0.06
-7.322640473233589 -8.400531917668156 0.06
11.074410806056816 1.2479684686289318 0.06
-9.009279130031155 6.560708007310272 0.06
2.2115564815299034 -10.923782217208611 0.06
5.748407308906676 9.549126316627522 0.06
-10.689468996667548 -3.1583623239399454 0.06
10.015927920479179 -4.891951337837045 0.06
-4.0811321056699015 10.373252177406581 0.06
-3.9978922220131476 -10.406097144519014 0.06
9.977540346528015 4.972794851329147 0.06
-10.716633511463113 3.07307113178101 0.06
5.82651668392345 -9.505351299765922 0.06
2.1245659322876214 10.945145937782776 0.06
-8.960289027383437 -6.635753201088177 0.06
11.089871144126997 -1.159637015043663 0.06
-7.394299642968156 8.346516206777594 0.06
-0.18567172247963987 -11.149687260702494 0.06
7.6687224120945885 8.096338466630343 0.06
-11.124122522440473 -0.7898722084822358 0.06
8.736483962906515 -6.932088283185473 0.06
-1.7595237513216966 11.01335898663686 0.06
-6.142245928037419 -9.309823572952807 0.06
10.818231243803924 2.715855805374177 0.06
-9.81195558790737 5.30523586100876 0.06
3.651542084477843 -10.540220130779396 0.06
4.427460806625898 10.239022941950642 0.06
-10.181441493462845 -4.5594132424241955 0.06
10.58774283980551 -3.515636721583612 0.06
-5.432511805709428 9.744630084350442 0.06
-2.5767414101352193 -10.85543199072678 0.06
9.233118717641322 6.264145492079624 0.06
-11.0400272552228 1.617961125595337 0.06
7.047938507014486 -8.650812840499004 0.06
0.6466355672130633 11.140101545462459 0.06
-8.002160714726015 -7.777880424363417 0.06
11.154874857050402 0.329798307371001 0.06
-8.448372276790408 7.292119436265377 0.06
1.3038632233286378 -11.084220346729447 0.06
6.526117052530598 9.054269502100617 0.06
-10.928665408715617 -2.2680988480096547 0.06
9.590921416637322 -5.710011066529343 0.06
-3.2151189293444458 10.689387740659942 0.06
-4.850043645438703 -10.05420691239939 0.06
10.368206428502557 4.137667876468367 0.06
-10.440566104175597 3.9527938757718686 0.06
5.0286763485016746 -9.967568117751687 0.06
3.0251274308904104 10.747027683358521 0.06
-9.490528376191197 -5.881315426051362 0.06
10.971231768638942 -2.074144035212523 0.06
-6.689048949733402 8.940728390241508 0.06
-1.107123127690761 -11.11144807755192 0.06
8.322367172366606 7.445683625317066 0.06
-11.166589279102844 0.1314681399632926 0.06
8.14541651080736 -7.640169491933205 0.06
-0.8453501836490563 11.136219424338071 0.06
-6.899349774174441 -8.782879521751342 0.06
11.020557389619281 1.8158509911630583 0.06
-9.353180612971089 6.105572243544558 0.06
2.772600614299241 -10.8204753053453 0.06
5.264907615544308 9.851941321373346 0.06
-10.53749198133579 -3.708269507908496 0.06
10.275330381266274 -4.3837866686035545 0.06
-4.615688400687826 10.173761378553944 0.06
-3.468951050711134 -10.620093154382882 0.06
9.732056214498487 5.487903227813094 0.06
-10.883576648259458 2.527401697685078 0.06
6.318228423950785 -9.215746827185543 0.06
1.5663452570161143 11.063749931005454 0.06
-8.628775458656513 -7.100298168674826 0.06
11.159219785103312 -0.5931389278733767 0.06
-7.828115190935786 7.975626154568704 0.06
0.3847658609885636 -11.169241479716415 0.06
7.261290509266203 8.496096759103004 0.06
-11.093724578152148 -1.3598805036116057 0.06
9.099117503360517 -6.491229518360777 0.06
-2.3247365634845853 10.933233735286093 0.06
-5.671331830038965 -9.632548742341609 0.06
10.68898447798188 3.271942974665434 0.06
-10.092294011848482 4.807868714764086 0.06
4.1942426597428195 -10.362833999982508 0.06
3.907446097118279 10.474820523432138 0.06
-9.957267041129645 -5.084568130297135 0.06
10.777186310956035 -2.9769540169344 0.06
-5.9360956446585975 9.475376958066906 0.06
-2.0235139067442414 -10.997062856472755 0.06
8.920842130799691 6.742297507330069 0.06
-11.13275302169658 1.0544240882613098 0.06
7.496992109667334 -8.297897884861305 0.06
0.07710390563653412 11.18320414674326 0.06
-7.6113041437688045 -8.194391327673328 0.06
11.148016215151708 0.9009630773314541 0.06
-8.829144914148436 6.866309058363659 0.06
1.8722863805008212 -11.027445021825823 0.06
6.068608891317834 9.396381544201903 0.06
-10.822400318876124 -2.8294259732302582 0.06
9.891746199575069 -5.224304463102451 0.06
-3.765049262778635 10.534438952732607 0.06
-4.339854492959626 -10.311433604496425 0.06
10.165753044229351 4.671987269218712 0.06
-10.652217456833526 3.422026191064453 0.06
5.543289555888723 -9.719153301578027 0.06
2.477843480368311 10.911475229628497 0.06
-9.198047593013111 -6.3722774952653864 0.06
11.087208352566858 -1.5145332438648276 0.06
-7.152595461429555 8.60641494265396 0.06
-0.5394700092606761 -11.17805761790072 0.06
7.948775147791279 7.878259557151932 0.06
-11.183313692289122 -0.4398805063407734 0.06
8.543703501500236 -7.230154249976458 0.06
-1.416018558925577 11.102922653102576 0.06
-6.456046123205109 -9.143821326723764 0.06
10.9374865060403 2.381467810025234 0.06
-9.674006556392463 5.632370473155653 0.06
3.328832588683 -10.688258679341649 0.06
4.765427568228889 10.130187564500673 0.06
-10.357134528230521 -4.250854545163265 0.06
10.508858843766049 -3.8618500491086 0.06
-5.14046826176947 9.946636921580115 0.06
-2.9285521847671916 -10.807107943436826 0.06
9.45989702027808 5.990855395161354 0.06
-11.02263786926384 1.9726769636893768 0.06
6.795496934687791 -8.900630394002937 0.06
1.001541424738279 11.153784773543608 0.06
-8.273108658240238 -7.548223176943725 0.06
11.199530798850205 -0.022580646707112326 0.06
-8.243261032862645 7.582126848324836 0.06
0.9567091754859067 -11.159511976495258 0.06
6.832966779427456 8.875278305002091 0.06
-11.034021118300183 -1.928828131510314 0.06
9.439424594969683 -6.031356672912108 0.06
-2.886330034184495 10.824005678757034 0.06
-5.183427357103027 -9.931368527732518 0.06
10.531060603225976 3.821879455344155 0.06
-10.34733100667931 4.295665377821341 0.06
4.728307922942278 -10.157416216038472 0.06
3.3748633769183662 10.684114244388029 0.06
-9.705921240566923 -5.598668848209533 0.06
10.939126345807862 -2.428068118989322 0.06
-6.426290762460205 9.180021080385307 0.06
-1.4625265632013968 -11.110401255217127 0.06
8.583731527396397 7.204828454972479 0.06
-11.196613913182714 0.4856303935332918 0.06
7.928311620683016 -7.921608097182205 0.06
-0.4951405684569347 11.197090506799887 0.06
-7.198711226036832 -8.591190644150046 0.06
11.111813733864597 1.472275634484968 0.06
-9.188379169064355 6.42056759527569 0.06
2.438290766315968 -10.941423039938558 0.06
5.593127878882911 9.715293126327316 0.06
-10.687209825641348 -3.385785897353083 0.06
10.167885921779028 -4.722721236923457 0.06
-4.307501620477432 10.35110766003254 0.06
-3.816006903205091 -10.542679513040843 0.06
9.93567757440363 5.196374807256766 0.06
-10.836791137067488 2.879923237097742 0.06
6.045592733170318 -9.444088548115072 0.06
1.921634629899565 11.047955482765614 0.06
-8.880093335341092 -6.848645293459921 0.06
11.174542138451788 -0.9484766712815682 0.06
-7.599374909833338 8.247999816912923 0.06
0.03210000391115883 -11.21556817953281 0.06
7.552638096323445 8.292023744898696 0.06
-11.170705799333078 -1.012586759120593 0.06
8.921277862968669 -6.799323590748214 0.06
-1.9854744524153811 11.040284923805448 0.06
-5.993816399498773 -9.482307998008691 0.06
10.825290789336123 2.9433109462499027 0.06
-9.970806616299335 5.14227726016027 0.06
3.878758189547652 -10.52735650137379 0.06
4.2512204297176845 10.38302098899694 0.06
-10.148750630012051 -4.784648435342978 0.06
10.71578202113183 -3.327463850380323 0.06
-5.654039162670756 9.692359936928952 0.06
-2.378076981873642 -10.966528615212873 0.06
9.161667364950459 6.480266282646241 0.06
-11.133327382336859 1.4103266989277092 0.06
7.256995220358082 -8.560725458259947 0.06
0.43162166863463647 11.21488754893089 0.06
-7.894125415870469 -7.978269481441944 0.06
11.210570944406374 0.5505443673598008 0.06
-8.638556330462288 7.166962015068169 0.06
1.5286499709914052 -11.120396992292497 0.06
6.384794672310926 9.23278923145276 0.06
-10.945042665869648 -2.4952036073821793 0.06
9.756406724553694 -5.553604939594055 0.06
-3.4428010241655795 10.6858374078967 0.06
-4.6797507608830955 -10.205387440759615 0.06
10.344753052465174 4.364181971860533 0.06
-10.576280985645843 3.7699178389808745 0.06
5.252285830140701 -9.924388825439237 0.06
2.8310684841444878 10.866234455324616 0.06
-9.42795153745022 -6.1003057142646595 0.06
11.073014380520618 -1.8703883363578904 0.06
-6.9017406464525175 8.859231120650664 0.06
-0.8952313685148716 -11.195023930158747 0.06
8.222571695495333 7.6504453930760805 0.06
-11.231315241812835 -0.08693640792370126 0.06
8.340677585021439 -7.522838388714792 0.06
-1.0685941046625713 11.181596783978593 0.06
-6.765380155659888 -8.967141760304864 0.06
11.046235692868139 2.0422235474124593 0.06
-9.52502999068528 5.955988891573424 0.06
3.0003668553165066 -10.82625506504988 0.06
5.100855143772155 10.010058781158737 0.06
-10.523326225952239 -3.935683567334375 0.06
10.418501958691802 -4.206520763854029 0.06
-4.841006878808812 10.139756032534796 0.06
-3.2798288616713114 -10.747219297946229 0.06
9.678469306681215 5.709398556733419 0.06
-10.993680663808753 2.3278714445169797 0.06
6.534202113390965 -9.14298653293097 0.06
1.3579351414284981 11.155985485454595 0.06
-8.537396990904925 -7.309093830269767 0.06
11.232877411796329 -0.3774454285798314 0.06
-8.028131241863377 7.866327527087668 0.06
0.6060902177814196 -11.223754035433496 0.06
7.134907204754088 8.685798707059025 0.06
-11.128671609792528 -1.5851398050007401 0.06
9.277049719015485 -6.348728101825967 0.06
-2.552204504954317 10.948344722600348 0.06
-5.51380255676458 -9.79734562853717 0.06
10.68414092735035 3.499876089880494 0.06
-10.242690484352973 4.636517188768428 0.06
4.420893683662309 -10.338070373031647 0.06
3.723584044398306 10.609661722425574 0.06
-9.912770510921229 -5.308199393185082 0.06
10.89543646884878 -2.7819892439188263 0.06
-6.1549923943167855 9.4114859945655 0.06
-1.8189395208629182 -11.097813253945256 0.06
8.838043926311807 6.954781057415323 0.06
-11.215228970841782 0.841807063163058 0.06
7.701432713273673 -8.196824639024442 0.06
-0.1419269213693968 11.246770947653848 0.06
-7.492728236426248 -8.38922067745633 0.06
11.192184040148321 1.124729483675626 0.06
-9.012868173113699 6.731137147174625 0.06
2.0990736169965527 -11.05187268974942 0.06
5.9178749792126935 9.567588814869104 0.06
-10.826897930355898 -3.057495904438004 0.06
10.049123343517639 -5.059161988587522 0.06
-3.9926536883937196 10.518969366081265 0.06
-4.161567503784169 -10.45377232923348 0.06
10.130432180492965 4.897381324384754 0.06
-10.778424592645719 3.231959668784554 0.06
5.764745087720752 -9.664249276255218 0.06
2.277452889870724 11.020581125077731 0.06
-9.123978680935991 -6.588096313035013 0.06
11.17837432423901 -1.3053533878586452 0.06
-7.36112235882001 8.513746391482433 0.06
-0.3231032730903631 -11.250582397143639 0.06
7.8382148643912855 8.077895006722699 0.06
-11.236638819385327 -0.6617764295309576 0.06
8.732915924005395 -7.1025473926087255 0.06
-1.6417433686435088 11.13663677738998 0.06
-6.312368640828011 -9.321158841168362 0.06
10.951328558866669 2.609291627195255 0.06
-9.838108120684462 5.473721641234827 0.06
3.5570092128863426 -10.682119895387885 0.06
4.593021578137296 10.279793421210623 0.06
-10.331059299546773 -4.4776348387567495 0.06
10.642820190831172 -3.677006715473383 0.06
-5.364113558296189 9.900822477638057 0.06
-2.7326868418775594 -10.924395755566039 0.06
9.3946919363318 6.20965082926748 0.06
-11.1223508023101 1.7672896283156019 0.06
7.007764591349699 -8.816531939046406 0.06
0.788205308339723 11.235156091123304 0.06
-8.17075900273011 -7.752334959178745 0.06
11.261934267988314 0.1970698949878741 0.06
-8.437651149243674 7.462308160593939 0.06
1.1809911632285497 -11.202466686956766 0.06
6.696595248228367 9.058455281194764 0.06
-11.057195188524993 -2.1560228576848983 0.06
9.609982717153168 -5.879475501778831 0.06
-3.1146962335634614 10.82721881983668 0.06
-5.017198784092516 -10.087998630100055 0.06
10.51428552112399 4.049666650513648 0.06
-10.488830520237768 4.116361781686434 0.06
4.953769842117062 -10.120778841143181 0.06
3.1838575377676546 10.80939642992152 0.06
-9.649699782666769 -5.820076812585977 0.06
11.04722864012442 -2.2268227079888443 0.06
-6.641946940475688 9.104643916151014 0.06
-1.2525829418229373 -11.200492666568476 0.06
8.48977393641822 7.413078881848881 0.06
-11.268001409069669 0.26859680788127005 0.06
8.127558883414505 -7.809787871423267 0.06
-0.7176013072102305 11.249224344988866 0.06
-7.069883186216059 -8.779906134649702 0.06
11.144291695707008 1.6984588899928763 0.06
-9.365114811478186 6.275717056068724 0.06
2.666463139025078 -10.953993533329319 0.06
5.433363112904462 9.878692488549744 0.06
-10.679773833653945 -3.614198508936738 0.06
10.316694625903905 -4.549264995122344 0.06
-4.534403518289811 10.323719520275676 0.06
-3.630187056555488 -10.675754864852276 0.06
9.888544582785244 5.420026386860918 0.06
-10.95311090064453 2.6831626112075257 0.06
6.264279075415791 -9.377569390055607 0.06
1.7154401103613985 11.146625732828895 0.06
-8.794695356117575 -7.060689314300974 0.06
11.254804130128244 -0.7344276631828612 0.06
-7.803150221505427 8.144375152252003 0.06
0.25236367393330067 -11.2768041827496 0.06
7.431578692308499 8.485967130505886 0.06
-11.21244385297331 -1.2373774056128082 0.06
9.103901268263991 -6.6617551514372915 0.06
-2.213069462383795 11.062202473045968 0.06
-5.840791308178404 -9.652209948727164 0.06
10.827217178128517 3.171965979899339 0.06
-10.126682973043529 4.974966528879394 0.06
4.106720549322747 -10.509274300814985 0.06
4.0709047380330805 10.523674957630526 0.06
-10.11079579226276 -5.010170500807503 0.06
10.840133341464531 -3.1355237424183304 0.06
-5.875391788243542 9.634820773353304 0.06
-2.1759822963144226 -11.073621857645593 0.06
9.084982356146808 6.69575205548273 0.06
-11.222339288548756 1.1996253134604271 0.06
7.464961476725674 -8.465479912621708 0.06
0.21392764429425432 11.285133360444028 0.06
-7.781047002135592 -8.177120981773276 0.06
11.26150967020514 0.773563150541791 0.06
-8.826767495878839 7.036915202963357 0.06
1.755284592785045 -11.151635575032545 0.06
6.238774123756348 9.40891584789386 0.06
-10.956339014619271 -2.723717202047895 0.06
9.919097024720012 -5.3927279009969205 0.06
-3.671442091509033 10.6771022739644 0.06
-4.505248514704489 -10.35339247883287 0.06
10.316050733831634 4.591197801991526 0.06
-10.708464225165542 3.583126279989274 0.06
5.4759359395080525 -9.875936694126999 0.06
2.6334178924757756 10.981580496612883 0.06
-9.360118393546946 -6.31887518936592 0.06
11.170636760641571 -1.6633924256780828 0.06
-7.113553293665291 8.772534385124045 0.06
-0.6804756931430831 -11.274171935492266 0.06
8.117673463436489 7.853876593187538 0.06
-11.291379680895494 -0.30780659814304906 0.06
8.53416675427862 -7.400540372848831 0.06
-1.293886468711881 11.222114676213407 0.06
-6.62661755917988 -9.149204321927066 0.06
11.066893837021611 2.2702116201123412 0.06
-9.694268765595245 5.801823256563791 0.06
3.2293032776415096 -10.826892460028123 0.06
4.932466230367078 10.165174710072051 0.06
-10.503935325155838 -4.163813478644711 0.06
10.558304073569241 -4.025197521867862 0.06
-5.066581368357386 10.100482822014689 0.06
-3.0869595643706242 -10.870633865968477 0.06
9.61961220634645 5.930688071337965 0.06
-11.099759434032348 2.124933059324437 0.06
6.749509718483125 -9.064994129071561 0.06
1.1464820195299918 11.243912974534018 0.06
-8.440864617266215 -7.5167682226461725 0.06
11.301977172930638 -0.1590973995854049 0.06
-8.226579414350292 7.7519927205453465 0.06
0.8296602542890154 -11.273493862261741 0.06
7.00364407028265 8.873498167960294 0.06
-11.158667635296416 -1.8122186967880887 0.06
9.45256017261011 -6.201540629810076 0.06
-2.781051974478666 10.958364381386863 0.06
-5.351816943750907 -9.95932002701895 0.06
10.674104758425315 3.7287380715413723 0.06
-10.389885366402428 4.460973220387755 0.06
4.648015768112073 -10.308052649234073 0.06
3.535825606395756 10.740946759069057 0.06
-9.862998689845314 -5.53184027644595 0.06
11.009803143319438 -2.583454033915336 0.06
-6.373437227975301 9.34233899519058 0.06
-1.6111480396158966 -11.19438260889996 0.06
8.75004924420216 7.166354597983362 0.06
-11.293258363415719 0.6263509696176209 0.06
7.904512169338423 -8.09065432241304 0.06
-0.36339700205108194 11.305659760443012 0.06
-7.369193753424431 -8.582248156776311 0.06
11.231478304198333 1.3505166057187705 0.06
-9.194362633655075 6.591183183681616 0.06
2.32744751636998 -11.071268583976419 0.06
5.762572214593751 9.73615742845154 0.06
-10.826244130417715 -3.2867062583376683 0.06
10.203472184484536 -4.88969890488672 0.06
-4.2209435302409775 10.49826822454622 0.06
-3.979241290472795 -10.5927163066041 0.06
10.0898397291007 5.1230005115226325 0.06
-10.900896549136112 3.0381662931828517 0.06
5.985963718574435 -9.604074050105536 0.06
2.073676408817299 11.125640033342558 0.06
-9.044679373456114 -6.8032179908759005 0.06
11.26521251719094 -1.0931545830872016 0.06
-7.5684972004357975 8.415928358000413 0.06
-0.1041076965568062 -11.318531777024688 0.06
7.722625500962579 8.275932296236025 0.06
-11.28517599768882 -0.8858909081756018 0.06
8.920096314795675 -6.97007042538084 0.06
-1.8692594175223278 11.165387106142093 0.06
-6.164017369569007 -9.496046012296464 0.06
10.960069022251135 2.838465611468823 0.06
-9.99935979839455 5.310631188686605 0.06
3.7860845577915287 -10.670780839341257 0.06
4.416440204474304 10.426171680933658 0.06
-10.299724985969984 -4.7048554933584965 0.06
10.773200960627939 -3.4882862643317125 0.06
-5.587737457224785 9.849730458704295 0.06
-2.5332723910731585 -11.037777448047523 0.06
9.324231253786689 6.427963248643192 0.06
-11.217862008753523 1.5587084244862488 0.06
7.219091297246183 -8.72724016181659 0.06
0.5720550702391863 11.312062278674638 0.06
-8.063318125673675 -7.955055047212581 0.06
11.31964342848833 0.4191332149579545 0.06
-8.630209477225122 7.337539395411359 0.06
1.4072660655063571 -11.240533893942684 0.06
6.555452746766243 9.239374399000992 0.06
-11.075326027335757 -2.384775332860341 0.06
9.777874202895594 -5.723039059131858 0.06
-3.344173050619701 10.825271664374474 0.06
-4.846665577769499 -10.241573745146018 0.06
10.492272639675637 4.278108794165247 0.06
-10.626910101602004 3.9330372096471846 0.06
5.179425996257485 -10.078866322622408 0.06
2.989145226029569 10.930919943797257 0.06
-9.58820628369283 -6.041216786488739 0.06
11.15126232739982 -2.022213763555562 0.06
-6.856874934818243 9.024038238408643 0.06
-1.039644533773558 -11.286236717497765 0.06
8.390671452724948 7.620146492845568 0.06
-11.334796112077019 0.04896016384477346 0.06
8.32517774533545 -7.692945827741892 0.06
-0.9422533972155164 11.296555162324301 0.06
-6.93619491548328 -8.96656010376465 0.06
11.17179322689707 1.9264049666300116 0.06
-9.539371597963076 6.126205148048457 0.06
2.895956264834179 -10.961452335898182 0.06
5.26917159229423 10.039214647120534 0.06
-10.667130079337104 -3.8434796565744436 0.06
10.462249820837236 -4.37165056773654 0.06
-4.761715053206526 10.291067473885612 0.06
-3.440509490572105 -10.805225330611265 0.06
9.836131899895422 5.643625541073725 0.06
-11.065502025477322 2.4828743270969893 0.06
6.4824513090887645 -9.305795238736632 0.06
1.50607505919994 11.241073699431738 0.06
-8.70410737696483 -7.27176146269021 0.06
11.33058255467121 -0.5175895785083509 0.06
-8.005503326461474 8.035665279864157 0.06
0.4750135607438175 -11.333329701244445 0.06
7.305577870091158 8.678048858126715 0.06
-11.249280612016973 -1.4641330923447753 0.06
9.284237817454917 -6.519426980106453 0.06
-2.442193247859449 11.07906549037913 0.06
-5.683224676508911 -9.819417359310084 0.06
10.823974547091803 3.401701780566429 0.06
-10.279477746656372 4.803367283062627 0.06
4.3353073585067285 -10.485948221657278 0.06
3.886586453371787 10.660883909904793 0.06
-10.067562422237135 -5.235855887470431 0.06
10.960702609858815 -2.9398976679867936 0.06
-6.096445331777193 9.572008896603267 0.06
-1.970546549554441 -11.176624995768583 0.06
9.003070883416164 6.910478613539301 0.06
-11.306984384809937 0.9859534074510141 0.06
7.671714184356791 -8.36509422980631 0.06
-0.006343564450000053 11.350769126327524 0.06
-7.662954195512567 -8.374313882192162 0.06
11.307630451364773 0.9987460014278462 0.06
-9.012887705976524 6.9020181975605714 0.06
1.9836535515956903 -11.177885246648485 0.06
6.088104779645775 9.582535165187462 0.06
-10.96251373101741 -2.953522083420872 0.06
10.078882886686227 -5.227439120301978 0.06
-3.9009214721212118 10.663152051262502 0.06
-4.3266054196936885 -10.498118190527158 0.06
10.28207985333209 4.818592521650109 0.06
-10.837018376634726 3.39249652976702 0.06
5.6995025866641615 -9.822202923204577 0.06
2.4322612123811265 11.092975497797978 0.06
-9.287031029857472 -6.536899467673072 0.06
11.264016428232564 -1.4532494295567187 0.06
-7.3243631671018985 8.680651138964233 0.06
-0.4629560840830197 -11.348818073447585 0.06
8.007696202006773 8.055855108948169 0.06
-11.346717604057464 -0.5310363582397126 0.06
8.725764445093047 -7.273309758889007 0.06
-1.5211159262317875 11.257717634536942 0.06
-6.483106624939111 -9.328951092682962 0.06
11.082486306328683 2.4996994359397005 0.06
-9.860785173073882 5.643129962218334 0.06
3.459290571436356 -10.822352273991617 0.06
4.759805063802295 10.317182549252584 0.06
-10.479294631915906 -4.392537309744617 0.06
10.694636189255775 -3.8398902040892695 0.06
-5.2922882493309675 10.055927858034453 0.06
-2.890424931682444 -10.99024311443148 0.06
9.555481888942312 6.151647411067665 0.06
-11.201726725849836 1.9186761997224804 0.06
6.964027091127625 -8.981777478541792 0.06
0.9320827464919436 11.327454336861924 0.06
-8.33919702784984 -7.723198361475667 0.06
11.36644977693234 0.061801848473720236 0.06
-8.423338830234274 7.632651108957327 0.06
1.0553669962087444 -11.318400969364593 0.06
6.867540938574247 9.059077296116131 0.06
-11.183662424209714 -2.041003376116691 0.06
9.625534953982463 -6.049717088398583 0.06
-3.0111612128335334 10.963252626402754 0.06
-5.185434747361656 -10.118362835995475 0.06
10.65884633831649 3.9584081063171346 0.06
-10.533775200575844 4.281305878319526 0.06
4.875485971550599 -10.27276187503698 0.06
3.3442486347254063 10.868578613100118 0.06
-9.807943448853514 -5.755366652446344 0.06
11.120196494672138 -2.3814344248543757 0.06
-6.591305783178377 9.267938717570336 0.06
-1.400233027881623 -11.286688950601476 0.06
8.65687170765899 7.376894484614333 0.06
-11.36676772573133 0.4081561824505791 0.06
8.106108499031365 -7.979411319259806 0.06
-0.5871999209402189 11.35980617144711 0.06
-7.2407356531092475 -8.77335438710831 0.06
11.265844147201372 1.5782128028148261 0.06
-9.373512432384521 6.446492432317968 0.06
2.5572920683386844 -11.085587818298679 0.06
5.6027558211804225 9.901975924441995 0.06
-10.820404350654565 -3.5169375439913333 0.06
10.354686518993084 -4.715979971690178 0.06
-4.449796732491997 10.472311542324528 0.06
-3.79294965236581 -10.728165403955055 0.06
10.043962470598476 5.348721145209324 0.06
-11.019540031782377 2.8407283375827537 0.06
6.206821081248784 -9.538625271251915 0.06
1.8666041541510365 11.226566212858948 0.06
-8.960158204248032 -7.017518432811323 0.06
11.347645399829425 -0.8780340994119333 0.06
-7.774597112539548 8.312980195916008 0.06
0.11741304299076365 -11.381837029993692 0.06
7.602037082891507 8.47225071573914 0.06
-11.328865830289654 -1.1121146520460614 0.06
9.105127052693446 -6.8327638152002566 0.06
-2.0984526398235186 11.189124028198888 0.06
-6.011042907722643 -9.668369208998865 0.06
10.96366845088509 3.068871795801672 0.06
-10.157652819258823 5.1431594573183625 0.06
4.01593765906081 -10.654212533948119 0.06
4.23575307012887 10.569219267708181 0.06
-10.2631133002527 -4.932393474387073 0.06
10.89990456133498 -3.2957670660695833 0.06
-5.811215796413611 9.793353407669557 0.06
-2.330395349664206 -11.14716365333637 0.06
9.248518402711198 6.6456683151292095 0.06
-11.309090030122679 1.3470273533153716 0.06
7.429353491010526 -8.632769353203509 0.06
0.3531914750112033 11.384430410959496 0.06
-7.950811069142659 -8.156261603381699 0.06
11.372594447119383 0.6435025573759978 0.06
-8.82081683636561 7.207856154175733 0.06
1.6354219533126855 -11.273659345333392 0.06
6.409585162825667 9.417920048529032 0.06
-11.088369379386878 -2.614969312683324 0.06
9.94298789875622 -5.562103167434723 0.06
-3.574640816426536 10.818130292871196 0.06
-4.67189306736799 -10.391988027662412 0.06
10.46499863508843 4.507083709850234 0.06
-10.761470024788569 3.7457659971729598 0.06
5.405152637617066 -10.031666111073537 0.06
2.7908092136404288 11.048591943458664 0.06
-9.521439064691034 -6.261964399242108 0.06
11.251142159918052 -1.814331859752939 0.06
-7.070950704909845 8.93821325146894 0.06
-0.8238090211604634 -11.367556408333966 0.06
8.286444093289845 7.825908528010142 0.06
-11.396929860589916 -0.1731754970944929 0.06
8.52104766780009 -7.571112642345158 0.06
-1.1689872348923653 11.339024157512794 0.06
-6.797687514076757 -9.151035157891428 0.06
11.194269337001693 2.15599953865108 0.06
-9.711036179504825 5.972083080496149 0.06
3.126651971908134 -10.963760643436311 0.06
5.10061424289322 10.196751166189888 0.06
-10.6492502419839 -4.073508228002722 0.06
10.604448814798413 -4.189948130266118 0.06
-4.989313100605248 10.253133900624183 0.06
-3.2470530925202747 -10.93099474953467 0.06
9.778432740923263 5.867048076438439 0.06
-11.173875618610765 2.2791453792630008 0.06
6.699985123572956 -9.228770196721829 0.06
1.2936339114488586 11.331218438594744 0.06
-8.608344356271864 -7.481738263521541 0.06
11.401805037306083 -0.2980635691621057 0.06
-8.206312531264219 7.921895899291779 0.06
0.6999425708261089 -11.385081484009913 0.06
7.174671873363966 8.868149948527034 0.06
-11.28116243386376 -1.6927416048473283 0.06
9.462172157215322 -6.3723855868284645 0.06
-2.6727293333592654 11.090830352620175 0.06
-5.5211729244060965 -9.983819386327314 0.06
10.815529626696685 3.632398504300739 0.06
-10.42908545295285 4.627545420091225 0.06
4.564396323153549 -10.45735560288462 0.06
3.698340445546719 10.794548529180519 0.06
-10.019038641034596 -5.461580788513125 0.06
11.077397438242796 -2.740668895582233 0.06
-6.317075422330545 9.503923300857776 0.06
-1.7618607705529141 -11.275453278036618 0.06
8.915942821685414 7.124321974787236 0.06
-11.387186205501644 0.7694090727520103 0.06
7.8771307002813655 -8.259589089699608 0.06
-0.22908755457990448 11.41172725280168 0.06
-7.539878322336243 -8.569727818569504 0.06
11.348875083870427 1.2259830058793757 0.06
-9.196799797813608 6.762312731524299 0.06
2.213642264559139 -11.199097638852761 0.06
5.9328384591465335 9.7535341193678 0.06
-10.963528653097915 -3.184499877955878 0.06
10.23565621189985 -5.057800105954769 0.06
-4.131117908904388 10.643959076524554 0.06
-4.143892202208741 -10.63946227102073 0.06
10.242823458340101 5.046242919368603 0.06
-10.96184771289897 3.198107990548728 0.06
5.922861550037709 -9.763181400500807 0.06
2.2276859134958205 11.200331042911737 0.06
-9.208694221456824 -6.75425426939997 0.06
11.353072956024603 -1.2400542146143563 0.06
-7.534046881128514 8.583597007837547 0.06
-0.2427740779672549 -11.418890521721764 0.06
7.892666267688124 8.256259394356382 0.06
-11.397266344292957 -0.7565182596917612 0.06
8.915351882562222 -7.141183432043618 0.06
-1.750169980161043 11.288352627400647 0.06
-6.334894484185048 -9.50626697890617 0.06
11.092970111048876 2.730570291235206 0.06
-10.024468682643194 5.4799660245941135 0.06
3.6902087208602885 -10.812601888374818 0.06
4.58293810800531 10.465977178371483 0.06
-10.44938214874204 -4.621732652323285 0.06
10.827399401124921 -3.650674212870785 0.06
-5.518003659061991 10.006079932649872 0.06
-2.6903087265548966 -11.105955112272992 0.06
9.486078021972586 6.372152207931689 0.06
-11.299498286200503 1.7091923473242825 0.06
7.177630311130466 -8.893347126742619 0.06
0.7148358215574128 11.40653364297052 0.06
-8.232415565082631 -7.928261723971103 0.06
11.426228199744882 0.28514755365400757 0.06
-8.618289303087426 7.5083346681064285 0.06
1.2831002216920162 -11.358417751654228 0.06
6.726640173795701 9.242419162333947 0.06
-11.203608231794679 -2.271379005904244 0.06
9.79586128725341 -5.893309905383388 0.06
-3.2424136476967576 10.96297193908795 0.06
-5.0147180571988175 -10.27436629709123 0.06
10.638338662075295 4.188764795377517 0.06
-10.674258071769119 4.0975864380476255 0.06
5.10318099890699 -10.232181765996666 0.06
3.148933044663011 10.992461993576752 0.06
-9.747599348737849 -5.978654274708105 0.06
11.226528586347214 -2.176018359281196 0.06
-6.8084738141254295 9.18829060937715 0.06
-1.1862897815182023 -11.374652370699753 0.06
8.55852760938535 7.586277424362275 0.06
-11.435685789954793 0.18732462044828233 0.06
8.306100307028917 -7.863122642409574 0.06
-0.8132279172083242 11.409148099427627 0.06
-7.107391461407309 -8.962420801006528 0.06
11.295229150204031 1.8077052979900057 0.06
-9.550202738289766 6.297112644503245 0.06
2.788490344032809 -11.094788037688499 0.06
5.43848340984092 10.06493408825339 0.06
-10.809346624457428 -3.748069576772933 0.06
10.502661593419125 -4.5380722178165955 0.06
-4.679090775613178 10.441077986183787 0.06
-3.602768522533125 -10.86002113133508 0.06
9.99278986852858 5.574419309975931 0.06
-11.134263569001133 2.639730057413851 0.06
6.427192813925421 -9.467903280696602 0.06
1.6563280578802928 11.323275911355271 0.06
-8.870426389053511 -7.230873783740321 0.06
11.425597580945864 -0.6600908409333281 0.06
-7.979299695730675 8.204923909806377 0.06
0.3413538273098059 -11.440431703593223 0.06
7.476482234860571 8.666730259550848 0.06
-11.367651312670658 -1.3403371342826766 0.06
9.287891445342346 -6.690670556792981 0.06
-2.3292079471602607 11.20780042376226 0.06
-5.853498290461455 -9.838015946498807 0.06
10.962089970725724 3.300391412198635 0.06
-10.312879767954737 4.971369116421542 0.06
4.246446979204479 -10.632388633454157 0.06
4.051031998149877 10.708834658820997 0.06
-10.22120862675161 -5.1601254062685795 0.06
11.02283614079951 -3.0995295470577764 0.06
-6.034424307692453 9.731686558594582 0.06
-2.1241441309016955 -11.25246691668791 0.06
9.167559503353436 6.862641820208462 0.06
-11.395955479185048 1.1323421375327907 0.06
7.638427975572999 -8.533136472715283 0.06
0.13171682121149705 11.452189776589016 0.06
-7.833265501860704 -8.355833386165559 0.06
11.420725830163175 0.8700698318202411 0.06
-9.00935486980152 7.073296602715291 0.06
1.8653457727813962 -11.301791236258374 0.06
6.2590408668456705 9.593977664512035 0.06
-11.09628352561693 -2.846487646051244 0.06
10.105213908955097 -5.396726031054424 0.06
-3.8059791804913465 10.80576339171215 0.06
-4.492948845070103 -10.539137093499791 0.06
10.432442839103453 4.736468769963451 0.06
-10.892412217177707 3.5546246062105964 0.06
5.630825801274124 -9.979168341886291 0.06
2.5889342463669274 11.162321419310075 0.06
-9.449399140317464 -6.482195298428427 0.06
11.346784888486038 -1.6032693767501744 0.06
-7.284050463841321 8.847180841387445 0.06
-0.6051757105142571 -11.444376888210364 0.06
8.177114524430722 8.030242714535104 0.06
-11.45433677561398 -0.397704703036266 0.06
8.71504882914415 -7.444321588004728 0.06
-1.3976919912462544 11.376574928228885 0.06
-6.654404606319281 -9.333214844596514 0.06
11.211673532546433 2.387127269250174 0.06
-9.879996365331309 5.813404494875625 0.06
3.358431299574514 -10.960882227541642 0.06
4.927754312196491 10.351194976360407 0.06
-10.626108635847869 -4.304162550271464 0.06
10.743190480259564 -4.00423005144064 0.06
-5.217074207668115 10.20990385418414 0.06
-3.049898797901808 -11.05296871082865 0.06
9.715443013507953 6.090169706279091 0.06
-11.278144709468075 2.0720646496423027 0.06
6.916756350835315 -9.146501056862093 0.06
1.07821281432749 11.416981086391447 0.06
-8.507423920017972 -7.690496618886588 0.06
11.468401425067634 -0.07595231073932218 0.06
-8.405456751442228 7.803095334521698 0.06
0.9270422868927631 -11.431998626588118 0.06
7.038899507053818 9.056152258525556 0.06
-11.308038129243219 -1.9230896150677728 0.06
9.63758999104022 -6.220679959988407 0.06
-2.9045603485375815 11.097455977912382 0.06
-5.354694848294128 -10.145306455778078 0.06
10.80185175724471 3.8639356379874332 0.06
-10.575402080096854 4.447569093817787 0.06
4.793864710746812 -10.423476441910177 0.06
3.506243703562795 10.924571162806634 0.06
-9.96521525638882 -5.6872211926243486 0.06
11.190127281474206 -2.5379226592642183 0.06
-6.537157720120939 9.430565674563919 0.06
-1.5500177852649646 -11.370023960632727 0.06
8.823610727076217 7.337158423874025 0.06
-11.462870442175845 0.5500920158403947 0.06
8.081088881494226 -8.148987819931405 0.06
-0.4541985031518696 11.46794243618857 0.06
-7.41185330288222 -8.763243156306569 0.06
11.385187769203224 1.4551630355342722 0.06
-9.378387561965377 6.617843057792555 0.06
2.4451351494706683 -11.21522688583798 0.06
5.773029408625816 9.921800816743978 0.06
-10.959348199198054 -3.416531435349951 0.06
10.389310279756812 -4.883874682149355 0.06
-4.361909596502153 10.619498324871211 0.06
-3.957181775063316 -10.777323990634535 0.06
10.198267272451673 5.274025468239714 0.06
-11.082858267085905 3.000042104985458 0.06
6.145888527746005 -9.69886870745862 0.06
2.0197813440819883 11.30356064795949 0.06
-9.125115433784863 -6.970815470237416 0.06
11.437728005575595 -1.0239033501613974 0.06
-7.742481440162709 8.481390283953214 0.06
-0.020032725015870327 -11.48431968772763 0.06
7.772612639180435 8.454968525148544 0.06
-11.442965588131822 -0.9841435610879803 0.06
9.102811140364288 -7.004200835417259 0.06
-1.9809350311841785 11.313969082608779 0.06
-6.182030742123504 -9.68103795589295 0.06
11.098304807753442 2.9627065994115727 0.06
-10.185210044972168 5.3123908308593055 0.06
3.9219370531159665 -10.797611298402812 0.06
4.40193407689785 10.611454960684963 0.06
-10.414178539401073 -4.851276672122314 0.06
10.956496479163272 -3.457627062319302 0.06
-5.7436035431031 9.950930526320315 0.06
-2.4866966692395924 -11.217679781273521 0.06
9.411402967794245 6.592078138022462 0.06
-11.392991878908578 1.4965747716446327 0.06
7.390195737803737 -8.79971629979896 0.06
0.49484134865028845 11.481077128896311 0.06
-8.120544217458717 -8.131836300141426 0.06
11.481247714842928 0.5108335447227994 0.06
-8.8113113885645 7.379077965013892 0.06
1.512748505830862 -11.393489016017286 0.06
6.580986656499558 9.423407803282993 0.06
-11.218459821274847 -2.5032297614166286 0.06
9.963427578711851 -5.732373930908915 0.06
-3.474689942192562 10.95748738560195 0.06
-4.839731272632158 -10.427224041359535 0.06
10.612557366469122 4.419686204178071 0.06
-10.811233650887022 3.909888354662835 0.06
5.330977252384719 -10.186298716145952 0.06
2.9499607840094253 11.112503380103266 0.06
-9.68196364504132 -6.201578829306147 0.06
11.328713423268912 -1.9672956497300569 0.06
-7.024817243475904 9.103402808607541 0.06
-0.9694152895125289 -11.458195058405114 0.06
8.45503590744804 7.7943805272622075 0.06
-11.499943525826348 -0.036040294181117 0.06
8.504366832465294 -7.741817924677915 0.06
-1.0413719280763045 11.453625823616495 0.06
-6.9692012587929355 -9.149329692083406 0.06
11.319583359542715 2.0388802236432784 0.06
-9.724319801505942 6.143094041119627 0.06
3.020924543636476 -11.09882943835316 0.06
5.2698149570075135 10.224922998189275 0.06
-10.793041602901265 -3.979981527349405 0.06
10.647294148903402 -4.35604491560032 0.06
-4.908702726782122 10.404548886909117 0.06
-3.4087759383687692 -10.988186683980125 0.06
9.936314076423324 5.799970911536691 0.06
-11.244977551956906 2.4352576570016704 0.06
6.6469546118175975 -9.39191111480708 0.06
1.4429418306711426 11.415687402574557 0.06
-8.775497823790738 -7.443160480914275 0.06
11.498995843116091 -0.43942530650712436 0.06
-8.182483076246411 8.09178414856335 0.06
0.5676081394804414 -11.494251650281353 0.06
7.3459961698307445 8.859251676797088 0.06
-11.4014778587093 -1.5704466362667653 0.06
9.468273778589786 -6.543836157306287 0.06
-2.5614092753138697 11.221371686399845 0.06
-5.69143897038553 -10.004874934069736 0.06
10.955299296821947 3.5329049402796824 0.06
-10.464934630052769 4.795325138999686 0.06
4.477490457679289 -10.60528543705406 0.06
3.8623509840433137 10.844917928507325 0.06
-10.173998030452537 -5.387927623525387 0.06
11.141902627650246 -2.8996561582298948 0.06
-6.257238668405534 9.664727841310928 0.06
-1.9146090093187036 -11.353601734314783 0.06
9.081363366215765 7.078759736758571 0.06
-11.478381074960971 0.9147501833713099 0.06
7.846191969850605 -8.428361143914746 0.06
-0.09226509965609145 11.515271909572325 0.06
-7.71071171014263 -8.553649801287712 0.06
11.463978451255038 1.0987256569135764 0.06
-9.195706094255913 6.933901457914201 0.06
2.0969233908524862 -11.324880233048637 0.06
6.103870694221422 9.76743377495977 0.06
-11.099029303062009 -3.0792123229441097 0.06
10.264443642373514 -5.226968214226861 0.06
-4.038067160141592 10.78814226872199 0.06
-4.309902739947907 -10.68291806447047 0.06
10.394587250171693 4.966140946305101 0.06
-11.01964030190959 3.359691595448892 0.06
5.856321356262384 -9.921365842069585 0.06
2.3836070104731935 11.272019234352957 0.06
-9.372090221032481 -6.701785201633021 0.06
11.438109299029563 -1.3891204639819643 0.06
-7.4960507301153925 8.750955573623747 0.06
-0.383845493091994 -11.51662548828575 0.06
8.06270805495154 8.233027318102348 0.06
-11.506953290401155 -0.6245205941568931 0.06
8.907062175070422 -7.312608522916413 0.06
-1.6282556567962174 11.409153496912518 0.06
-6.506392324914029 -9.512983701988553 0.06
11.223961838752174 2.619671857739993 0.06
-10.046141170725997 5.650225444868911 0.06
3.5911745470282814 -10.952783453203859 0.06
4.7506573452808825 10.50244042057506 0.06
-10.597682223389175 -4.535320439843373 0.06
10.878375297462348 -3.81457086545276 0.06
-5.4448746444522795 10.161365071003042 0.06
-2.8491295587485235 -11.17105459468646 0.06
9.647161321964232 6.3128661024923804 0.06
-11.378224287921359 1.861722872437373 0.06
7.13264101722578 -9.058997302096321 0.06
0.8599095888680769 11.498284893799282 0.06
-8.401366357017956 -7.897913859695281 0.06
11.53030381815474 0.14864003850328145 0.06
-8.602815562501206 7.6792945247325335 0.06
1.1562030117523225 -11.474022598705952 0.06
6.898302123510454 9.241938531107593 0.06
-11.329858985909055 -2.155062727489822 0.06
9.81037812784775 -6.064361548312116 0.06
-3.1375680762060587 11.098903845298084 0.06
-5.183851598915165 -10.303770309960559 0.06
10.78291290424202 4.096192048663117 0.06
-10.718325133353998 4.263508688358923 0.06
5.023589400904353 -10.384293405481253 0.06
3.3103753054343588 11.050855864464545 0.06
-9.906085769096268 -5.912652935468852 0.06
11.298803476835946 -2.331746125083079 0.06
-6.7565679683623285 9.351940402338979 0.06
-1.3351121797002001 -11.46025634388761 0.06
8.7260898344184 7.548864563738038 0.06
-11.533964976606633 0.32810351782865577 0.06
8.283467136340368 -8.033316388713263 0.06
-0.6815692101940231 11.51935169233562 0.06
-7.2789156397364305 -8.954741040901208 0.06
11.416515139923419 1.6861737929108562 0.06
-9.55753579185995 6.4686559336013545 0.06
2.678015671998411 -11.226229645813012 0.06
5.608734281593541 10.087224581542607 0.06
-10.94993938528379 -3.649496877462821 0.06
10.539739793423328 -4.705728964456921 0.06
-4.593174231706771 10.589747422728502 0.06
-3.766549209238206 -10.91160423835043 0.06
10.148399704037422 5.501816377078865 0.06
-11.199957873475551 2.798382324196072 0.06
6.368459189349863 -9.629264123160464 0.06
1.8086386958262697 11.40257979879816 0.06
-9.036304822129212 -7.186459153266257 0.06
11.5179053619565 -0.8048950695672825 0.06
-7.949544290470586 8.374051920895077 0.06
0.2051634524838696 -11.545038239770578 0.06
7.647566907871684 8.651862249806452 0.06
-11.483757403071843 -1.2138022521781167 0.06
9.288025190768067 -6.8624039560242895 0.06
-2.213296424221082 11.334518910766798 0.06
-6.024567459609765 -9.85315111650132 0.06
11.098452518652962 3.1959899391590274 0.06
-10.342901338770115 5.140466116653954 0.06
4.15435428816503 -10.7773531281296 0.06
4.216863907929659 10.7535137876882 0.06
-10.373667139568505 -5.081046159742755 0.06
11.081831910157177 -3.2608283479849267 0.06
-5.968963706958358 9.890473813979488 0.06
-2.279676403403684 -11.325328935433374 0.06
9.331461785227262 6.811300973444298 0.06
-11.482127320970843 1.2809184927289263 0.06
7.601600061840458 -8.700900901620887 0.06
0.27220099617738475 11.551013229049651 0.06
-8.003609612104167 -8.333800644185928 0.06
11.531445922463709 0.738752284121781 0.06
-9.002286435092868 7.244918145882873 0.06
1.7441992660174628 -11.42356200667831 0.06
6.430627767308335 9.60192827083826 0.06
-11.228174485099933 -2.7364388778393853 0.06
10.128123464546416 -5.566966416901068 0.06
-3.707870043945603 10.9467666339066 0.06
-4.660541078168323 -10.576831135018923 0.06
10.581480742696252 4.65104991286359 0.06
-10.944603238331316 3.7182872341318243 0.06
5.558750882788412 -10.135101806252322 0.06
2.747415800819842 11.228611063591323 0.06
-9.611036291705737 -6.424015986866414 0.06
11.426666989630707 -1.755357943008765 0.06
-7.240212214304387 9.013286142791516 0.06
-0.7497081951353186 -11.537241335004957 0.06
8.346418219919753 8.001081358053522 0.06
-11.559474171656976 -0.26183367773312627 0.06
8.700787999993299 -7.615529408988759 0.06
-1.271521633129529 11.493182010935163 0.06
-6.826207665863639 -9.33396426511825 0.06
11.338859310084132 2.271622668076373 0.06
-9.895751001860136 5.984489293931786 0.06
3.254476044736012 -11.097674786829874 0.06
5.09681278188474 10.38183507220262 0.06
-10.77146256947505 -4.212551971714766 0.06
10.788482465941327 -4.16996955409468 0.06
-5.138509290870008 10.362708249663434 0.06
-3.2110520108346643 -11.112566984442195 0.06
9.874529943666696 6.025251728486523 0.06
-11.351594273794667 2.2273992554439226 0.06
6.865982279152841 -9.310654506658443 0.06
1.2265409243795249 11.503721022383248 0.06
-8.675389081216748 -7.65425530600497 0.06
11.567769175396199 -0.21613954925825102 0.06
-8.38402595742062 7.973588197624533 0.06
0.7960681072669407 -11.5432350564559 0.06
7.210616676800284 9.04969652199728 0.06
-11.430293325824469 -1.8023302931518042 0.06
9.646159365789584 -6.392308619723385 0.06
-2.7949396318345507 11.22979574410864 0.06
-5.524922796510728 -10.168836122811504 0.06
10.943264750135093 3.766292156544784 0.06
-10.613712837698817 4.615094776802244 0.06
4.708945561207676 -10.572881901429835 0.06
3.66978616690357 10.977370791277993 0.06
-10.121471264966132 -5.6156762221895296 0.06
11.257012771927034 -2.6962313425727484 0.06
-6.4795345533676105 9.59247788486975 0.06
-1.7018820845858431 -11.450484591062763 0.06
8.989941490945752 7.293898271114843 0.06
-11.556291677074531 0.6943505414255476 0.06
8.052523160330487 -8.318465648924752 0.06
-0.3186490451388998 11.573610620114714 0.06
-7.583182587755975 -8.749590952767713 0.06
11.502295578397511 1.3293594048176278 0.06
-9.37975395003932 6.789713973115641 0.06
2.330039642167354 -11.342879496227079 0.06
5.944127926388141 9.938176049695064 0.06
-11.096570123693242 -3.3130245229938424 0.06
10.420569859134096 -5.0528926181847575 0.06
-4.270783190559838 10.765240867682968 0.06
-4.122826790910713 -10.823229612835021 0.06
10.351416543559862 5.19597686116049 0.06
-11.143059639852526 3.1610475894376764 0.06
6.081515057525585 -9.858254135752922 0.06
2.1749160982844553 11.377598163295412 0.06
-9.289518714125458 -6.9206099485459305 0.06
11.525036248506469 -1.1719810026668307 0.06
-7.706828379642702 8.649554689504765 0.06
-0.1599208041455251 -11.584231754259816 0.06
7.943252628101232 8.434141194345925 0.06
-11.554718179280174 -0.8535149661325508 0.06
9.096969469352784 -7.176011878032487 0.06
-1.8605650873571864 11.436708335692906 0.06
-6.353699294020163 -9.690227308023672 0.06
11.231092820410312 2.8535160870981566 0.06
-10.209360864667905 5.482604375202303 0.06
3.824761322765183 -10.939433295371362 0.06
4.5693911595819205 10.650383299709667 0.06
-10.563950627455249 -4.766859253291193 0.06
11.009905397709211 -3.6210472426486784 0.06
-5.672590455462518 10.10750797796349 0.06
-2.6448303107934255 -11.285161612804151 0.06
9.57358897057292 6.535012947387675 0.06
-11.474031341783666 1.6482125978665925 0.06
7.347515395611283 -8.966271104046275 0.06
0.6388236905643766 11.575055260877752 0.06
-8.290194612961836 -8.103867797491429 0.06
11.587446600543437 0.37560788004832674 0.06
-8.798269251023845 7.550527013824157 0.06
1.3873138130638762 -11.51109727107204 0.06
6.752923607800873 9.425392445262197 0.06
-11.346578791420688 -2.3885455260644006 0.06
9.98042453048048 -5.903484241647764 0.06
-3.371633501040928 11.095138013321804 0.06
-5.008706657940382 -10.459104054110165 0.06
10.758687672605955 4.329046033864354 0.06
-10.85775367950904 4.075436790714326 0.06
5.253446936628135 -10.339791839492344 0.06
3.1108163872586143 11.173308435945161 0.06
-9.841646378309324 -6.13775175160343 0.06
11.403339283008783 -2.122228356371843 0.06
-6.975182045415924 9.268054565727768 0.06
-1.1172402619357098 -11.546071808070044 0.06
8.623398053313029 7.759317367791905 0.06
-11.600399913123484 0.10354639348951535 0.06
8.484144476036827 -7.912603396464012 0.06
-0.9110911421063878 11.56589438525077 0.06
-7.141104404945158 -9.144103448543923 0.06
11.442806284372447 1.9189018573982641 0.06
-9.734130333155214 6.314800603118644 0.06
2.912166393662036 -11.232065121589416 0.06
5.44001211708835 10.24969600358625 0.06
-10.935271841262086 -3.883275647916405 0.06
10.68684092536936 -4.523431334269435 0.06
-4.82478906406742 10.55468665983294 0.06
-3.572071704437851 -11.042205564938305 0.06
10.093211853663057 5.729491642115869 0.06
-11.3130562079316 2.5932140744991163 0.06
6.590449228000454 -9.554369627199286 0.06
1.5943509671635605 11.497305988513338 0.06
-8.942275229923949 -7.401061661159744 0.06
11.59353096775959 -0.58312923061654 0.06
-8.155113371838224 8.261605527527042 0.06
0.43270850264759264 -11.600981137461455 0.06
7.517563267063923 8.846821040672816 0.06
-11.519586264145667 -1.4453830990109495 0.06
9.470877954614346 -6.715837309583963 0.06
-2.4471384955139475 11.349956527836296 0.06
-5.862559133628685 -10.02249471961482 0.06
11.093377949940521 3.430301103368838 0.06
-10.49743601724329 4.964255942624573 0.06
4.3873385890726295 -10.751802644432896 0.06
4.027800734407317 10.89205312344316 0.06
-10.327833966293857 -5.310917582176068 0.06
11.20331193943373 -3.060359715416085 0.06
-6.1939598680679495 9.824706670062147 0.06
-2.069337461151702 -11.42881631980645 0.06
9.246262229993592 7.029696634577763 0.06
-11.566826518150037 1.062320243156986 0.06
7.811720357421271 -8.596919509769188 0.06
0.04701795581150286 11.616272608364154 0.06
-7.881641005979561 -8.534033926160681 0.06
11.576762778030394 0.9687949118415035 0.06
-9.191096634441434 7.105894922974821 0.06
1.9773388081403527 -11.448586429678649 0.06
6.275613369384435 9.77786668133716 0.06
-11.232712065344007 -2.9708886981970912 0.06
10.289839858383923 -5.397146995294228 0.06
-3.941833234844136 10.93077996982275 0.06
-4.477216417447777 -10.72308412497711 0.06
10.54508974802929 4.882733067249073 0.06
-11.074269807008301 3.52286080360612 0.06
5.786377841332018 -10.078582810958187 0.06
2.541384010023077 11.340695186521813 0.06
-9.534819943786284 -6.645841454592138 0.06
11.520307286086183 -1.5402986834213666 0.06
-7.454535142368798 8.917954126995083 0.06
-0.5272687558809755 -11.611717687709762 0.06
8.232698818316994 8.206257988077267 0.06
-11.614213264543892 -0.48994922766824645 0.06
8.8952444709129 -7.48429193729731 0.06
-1.5035654995032561 11.527761742363673 0.06
-6.678455828029915 -9.516208685871348 0.06
11.353012047542915 2.505816722816237 0.06
-10.064384897295106 5.821353505766354 0.06
3.4890254515785295 -11.09128943803367 0.06
4.919541522467466 10.535564114404055 0.06
-10.74458545382557 -4.445658941646334 0.06
10.926126408604436 -3.9799198111515683 0.06
-5.368386861948861 10.315542763250749 0.06
-3.0096788929744087 -11.233068724136979 0.06
9.807435020217433 6.250137464425299 0.06
-11.454027968332742 2.0162448513638696 0.06
7.084151781650539 -9.224141886080108 0.06
1.0072224935523035 11.587299204235745 0.06
-8.570119406518991 -7.864035437229833 0.06
11.631848805286424 0.009662864833505102 0.06
-8.58380767125842 7.850365969994338 0.06
1.0266245469644155 -11.587322470681917 0.06
7.070384107348072 9.237947205659916 0.06
-11.454048039230821 -2.0358741402632377 0.06
9.82143459712418 -6.236138424891816 0.06
-3.029681144388662 11.233033079419638 0.06
-5.354009992232106 -10.329790753112029 0.06
10.925957273353585 4.000432184258585 0.06
-10.759111314989434 4.430747534182728 0.06
4.940689335051861 -10.535159652065309 0.06
3.4734157994006045 11.106096644837658 0.06
-10.063620779387461 -5.84324711172486 0.06
11.368077185252687 -2.4893415013085916 0.06
-6.70118768719128 9.51494001983386 0.06
-1.4860572445129423 -11.543033997438917 0.06
8.89330806406972 7.507933915369297 0.06
-11.629614319412065 0.47124386651272715 0.06
8.257299753129525 -8.203474921456584 0.06
-0.5473283647681886 11.627142024638736 0.06
-7.45071362454123 -8.943537694060204 0.06
11.53562290009485 1.5618592467976309 0.06
-9.56138285100146 6.6407799223114745 0.06
2.564578376542792 -11.35574470259741 0.06
5.77986827073751 10.106093348714023 0.06
-11.08887199226144 -3.5478046647525305 0.06
10.573486717120842 -4.874564456735506 0.06
-4.504005175427978 10.737035781803 0.06
-3.931795218457145 -10.959972005444063 0.06
10.302918080263204 5.425852839083049 0.06
-11.26257737110815 2.958775246584743 0.06
6.306282598105371 -9.789831448642689 0.06
1.9629519727153206 11.478972931095056 0.06
-9.201693723567365 -7.138545553378574 0.06
11.607488700231182 -0.9519485668908094 0.06
-7.916260697948801 8.542998101492891 0.06
0.0664944187729193 -11.647127478149798 0.06
7.818778812170947 8.633463840565192 0.06
-11.597572585666807 -1.0845783144567094 0.06
9.28465334439981 -7.034572643332744 0.06
-2.0945060505995152 11.45919039042471 0.06
-6.196376611119929 -9.864832329703626 0.06
11.233027601712573 3.0885418726582734 0.06
-10.369547017258915 5.310602099278078 0.06
4.059070594665034 -10.92080335449392 0.06
4.384025818306487 10.794920917932755 0.06
-10.524896142384202 -4.9986559385524965 0.06
11.137684606157995 -3.4237379592707224 0.06
-5.9000975116482826 10.04832569899293 0.06
-2.4370879395442384 -11.395200848380341 0.06
9.494729965496916 6.756485986242771 0.06
-11.565484893690973 1.4316281548663055 0.06
7.56125605776778 -8.868337320426532 0.06
0.4150561688194427 11.647219770259552 0.06
-8.173934283251699 -8.30823677642149 0.06
11.639766469807912 0.6048442182376169 0.06
-8.991698865789928 7.416828938768384 0.06
1.6202625689447303 -11.543168941312288 0.06
6.602810361467513 9.606398666019295 0.06
-11.358153854992036 -2.623421621914703 0.06
10.147618364041824 -5.738104350546541 0.06
-3.6066368591815614 11.086125137575932 0.06
-4.829325813399246 -10.611202202768343 0.06
10.729153319880941 4.562375372378715 0.06
-10.99358839089721 3.8834281622723568 0.06
5.483313576058898 -10.289959777696323 0.06
2.9076501107780617 11.29183646858616 0.06
-9.771895985687765 -6.362393326799228 0.06
11.503649918476494 -1.9094602779675187 0.06
-7.192876017414358 9.178917942661071 0.06
-0.8965000231123382 -11.62739384851823 0.06
8.515555963127069 7.968394232143076 0.06
-11.66210761019943 -0.12347505063189927 0.06
8.683000566289792 -7.786880066227502 0.06
-1.1426544763629938 11.60751225489974 0.06
-6.998461225953805 -9.331213236702995 0.06
11.46401277047435 2.1532327320568645 0.06
-9.908058132761173 6.156328779217787 0.06
3.147469020539365 -11.23269508019981 0.06
5.2669243170479465 10.409106985639498 0.06
-10.915317826280138 -4.11774656229485 0.06
10.830511362576472 -4.337052412076886 0.06
-5.0566309474330415 10.514299000002922 0.06
-3.3738285585135444 -11.169032225656725 0.06
10.0326975203861 5.956927099137495 0.06
-11.422064827703794 2.3846247234590074 0.06
6.811734412936848 -9.474189901390615 0.06
1.3770129257616586 11.587658754135166 0.06
-8.843042185890962 -7.614499648601528 0.06
11.664532956400222 -0.3587072748817693 0.06
-8.359067169696958 8.144077360419319 0.06
0.6624950873812007 -11.652085661339596 0.06
7.382638499989393 9.039726145103865 0.06
-11.550399079661439 -1.678773689499627 0.06
9.651254351228134 -6.564547924107189 0.06
-2.6823446205202592 11.360238876747532 0.06
-5.696062676614301 -10.188958238410908 0.06
11.083048409133827 3.6655201487368942 0.06
-10.648708954469646 4.783826669414137 0.06
4.620767612941652 -10.720937769952288 0.06
3.8348198566745824 11.026974048525478 0.06
-10.276667726543382 -5.540767134451845 0.06
11.320844612121743 -2.856304827604035 0.06
-6.418467708225746 9.753628672369242 0.06
-1.855771227025155 -11.528057648751831 0.06
9.15581475398278 7.247141242638458 0.06
-11.647013499960986 0.8408784286248246 0.06
8.02043413451157 -8.487793370126399 0.06
-0.18060309967273663 11.676788193693874 0.06
-7.754670276176295 -8.732415983437107 0.06
11.617140619743251 1.2008512901735118 0.06
-9.377625072296766 6.962050560246678 0.06
2.2120523735401476 -11.468514476457507 0.06
6.115995789697353 9.951110264709373 0.06
-11.232034973045195 -3.2064607223993304 0.06
10.448468998596129 -5.222977655071447 0.06
-4.176458181433878 10.90950031205527 0.06
-4.289828466462577 -10.865881083848071 0.06
10.503368016375807 5.114612430338563 0.06
-11.20013804491741 3.3236888805653346 0.06
6.013733931851427 -10.016736204817354 0.06
2.33195325895547 11.448667782674407 0.06
-9.453319958785476 -6.866931028984356 0.06
11.609554366314603 -1.3222130749563623 0.06
-7.6676627686161085 8.817422960637558 0.06
-0.3021988028504472 -11.68155280275511 0.06
8.113904619867277 8.40978904727678 0.06
-11.664098669789585 -0.7202792662661176 0.06
9.087617694326841 -7.348142938304731 0.06
-1.7373908279040369 11.557312538437081 0.06
-6.525993398670376 -9.695948131075719 0.06
11.361999149866726 2.7413455306523904 0.06
-10.230111272088205 5.653744189534386 0.06
3.724452644637714 -11.079641352401762 0.06
4.738068110385575 10.686005361281982 0.06
-10.71238884442944 -4.67917997578034 0.06
11.060127468445165 -3.785971524159258 0.06
-5.598211575246379 10.263041808293364 0.06
-2.8047407468839154 -11.349600404541523 0.06
9.735029560187447 6.474503800468158 0.06
-11.552194848172418 1.801886286605964 0.06
7.301339298943846 -9.13238437877525 0.06
0.785085355968294 11.666346513962464 0.06
-8.45971071165857 -8.072378501721118 0.06
11.691168229935991 0.23787689954124575 0.06
-8.781708230085712 7.722149996059703 0.06
1.2591670085318922 -11.626456831065296 0.06
6.9253413610041195 9.423887044822091 0.06
-11.472694815290419 -2.270963160249049 0.06
9.993986988577623 -6.075378512664144 0.06
-3.2655151098155533 11.231046748525548 0.06
-5.178763132069776 -10.48763140189027 0.06
10.903350445600475 4.2352035441551 0.06
-10.90102852298785 4.242355140839267 0.06
5.172598454660458 -10.492102993530146 0.06
3.2733202166445396 11.231000612559246 0.06
-10.000441724027997 -6.070516067380102 0.06
11.475008380363331 -2.279074959405971 0.06
-6.9220738969103905 9.432120279434091 0.06
-1.2672301269405528 -11.63117052602077 0.06
8.791479955377168 7.720743500091261 0.06
-11.69827824306031 0.24553237656523702 0.06
8.460400526019965 -8.083416538773758 0.06
-0.7781950438507265 11.675804575005792 0.06
-7.313342893858749 -9.135371679184475 0.06
11.563908550647794 1.7961121992389126 0.06
-9.740478234394265 6.48714758312863 0.06
2.800422507233163 -11.363434066380725 0.06
5.611149839160027 10.271075770458246 0.06
-11.075903523146566 -3.7834324555817678 0.06
10.723089818118314 -4.692051230812311 0.06
-4.7376105381418645 10.703506266120797 0.06
-3.7368843952887136 -11.093047147481514 0.06
10.2490819149952 5.655644958775114 0.06
-11.378102456009886 2.752959226095046 0.06
6.530499661777231 -9.716098711289808 0.06
1.7478069304961894 11.576060250953669 0.06
-9.108627048688897 -7.3554682575545804 0.06
11.6853917584861 -0.7291223839007652 0.06
-8.124225432520703 8.431308387289828 0.06
0.2952947783944002 -11.705246729302761 0.06
7.689319790159023 8.830875447240144 0.06
-11.635460049230058 -1.3175998796187236 0.06
9.469997351805624 -6.888334352860242 0.06
-2.3299632736006792 11.476553103770836 0.06
-6.034477827725522 -10.036686572105811 0.06
11.229729885127622 3.324630311338632 0.06
-10.526592546900678 5.13428177562696 0.06
4.293980740686758 -10.896867871026574 0.06
4.194633603078146 10.935952127543704 0.06
-10.480503744039028 -5.230587086664739 0.06
11.261618484191803 -3.222723866003657 0.06
-6.127271563041094 9.98381406040537 0.06
-2.225991245283736 -11.501085295567552 0.06
9.410591015642934 6.977161080002418 0.06
-11.652506037339482 1.2120656128143164 0.06
7.773739926957788 -8.765213491297423 0.06
0.18870962580996442 11.71470821988865 0.06
-8.052613604638879 -8.510899725316055 0.06
11.687202466134801 0.8362407043265762 0.06
-9.182986269039029 7.278239016591904 0.06
1.85493601435502 -11.57018635902848 0.06
6.448011285212054 9.784842894281851 0.06
-11.364543028388347 -2.859573701779658 0.06
10.311850044029173 -5.568280584655873 0.06
-3.842457688077423 11.071834487352795 0.06
-4.645777133982963 -10.759960725828002 0.06
10.69428976839341 4.796057375557139 0.06
-11.125731589113 3.6875597089420964 0.06
5.7130653446960675 -10.234787949304707 0.06
2.7009616300463506 11.406349384137652 0.06
-9.696836198426793 -6.5864533506948835 0.06
11.59965259932606 -1.6935346394296806 0.06
-7.4095261908446215 9.084543005962798 0.06
-0.6729910974426248 -11.70414811008315 0.06
8.40258680676946 8.175973028007359 0.06
-11.71902271126596 -0.3528550592419965 0.06
8.879915778938864 -7.656180232919847 0.06
-1.3761481469014927 11.644149444153474 0.06
-6.8510302703426795 -9.515954194659008 0.06
11.480088668616022 2.3890508911938304 0.06
-10.07920728794519 5.993294623713457 0.06
3.383804452623556 -11.228083871543042 0.06
5.089534622507554 10.565350790498956 0.06
-10.890052242892581 -4.35278785918522 0.06
10.970650351384002 -4.146665029596441 0.06
-5.288576391810364 10.468570090895225 0.06
-3.1719011358158244 -11.29199022248117 0.06
9.966853206943933 6.183998476004939 0.06
-11.526897210788022 2.1727035444181806 0.06
7.032190642294016 -9.388732330321941 0.06
1.1567210699513264 11.67355971271534 0.06
-8.738623899858226 -7.826650135072258 0.06
11.730841684684128 -0.13173218618578755 0.06
-8.561284767224752 8.021496315182437 0.06
0.8944145266537217 -11.698291441681167 0.06
7.242831966623476 9.230459636619248 0.06
-11.576145216015256 -1.9138604802145731 0.06
9.829040348199513 -6.408585322320833 0.06
-2.918797262494005 11.36532544806604 0.06
-5.525137394362983 -10.35243240854109 0.06
11.067433821400646 3.9015264460102146 0.06
-10.796616491359002 4.5992469316742355 0.06
4.854518562359397 -10.684739094975976 0.06
3.6379987122047144 11.158179303542171 0.06
-10.220159824428782 -5.770470792156555 0.06
11.434339813899523 -2.6487493313396446 0.06
-6.642362926353072 9.677242104784309 0.06
-1.6390709007542668 -11.622970643613472 0.06
9.060132503369324 7.463511172457016 0.06
-11.722614453933593 0.6166930877083477 0.06
8.227619391308865 -8.37354639037477 0.06
-0.41055605947963125 11.7324952044322 0.06
-7.6227319087125505 -8.928827372499455 0.06
11.652524195320451 1.4348100492648799 0.06
-9.561755778754154 6.813429857822091 0.06
2.448224186982144 -11.48330084645855 0.06
5.951829799100141 10.121547413441462 0.06
-11.226108206597843 -3.443035656765206 0.06
10.603904495319211 -5.0445227181715655 0.06
-4.411622985865322 10.882903226188532 0.06
-4.098450605209028 -11.005121654786999 0.06
10.456301867745486 5.346564434343075 0.06
-11.322114397270566 3.1208533408538384 0.06
6.240694863600891 -9.949559167090042 0.06
2.119213291875693 11.552442816285108 0.06
-9.366544396907276 -7.087160648719974 0.06
11.694330372931406 -1.1011980424673944 0.06
-7.879472211885549 8.711711523123538 0.06
-0.07460169876983913 -11.746677597795074 0.06
7.990065178426055 8.611553776439154 0.06
-11.709070609519317 -0.9527147848600634 0.06
9.277789958283787 -7.207122413971374 0.06
-1.9728837994333766 11.58178438384748 0.06
-6.368870521254954 -9.873068838182466 0.06
11.365780747611232 2.9780913346017215 0.06
-10.392821184951828 5.481721245887689 0.06
3.960636831015572 -11.062701111970933 0.06
4.552461744592074 10.83305552759819 0.06
-10.674854000193092 -4.912992171229417 0.06
11.190388807829466 -3.5882026600521093 0.06
-5.82785935973349 10.205197464192782 0.06
-2.5963237100040675 -11.462072377753977 0.06
9.657316524270286 6.698226448102222 0.06
-11.646013142193494 1.5844172088993493 0.06
7.517421277586429 -9.035395804019368 0.06
0.5602299519930517 11.740789683870922 0.06
-8.34418756872718 -8.279162627820448 0.06
11.745663246563824 0.4683960912729453 0.06
-8.977608378234107 7.588975412205573 0.06
1.4935838213537582 -11.660583491772199 0.06
6.775533869250664 9.607400313645577 0.06
-11.486188983892735 -2.507481331196945 0.06
10.163705230858673 -5.910084261684942 0.06
-3.5023220438578515 11.223802399414708 0.06
-4.999247117246912 -10.642252029561153 0.06
10.875420496234137 4.470484205328372 0.06
-11.039364504438584 4.049991523218468 0.06
5.4045492776523885 -10.443698918746511 0.06
3.069581803949012 11.351989585480826 0.06
-9.931931955013063 -6.297358782933561 0.06
11.577720810169163 -2.065521929628421 0.06
-7.142069165066069 9.344027399436097 0.06
-1.0454980809271144 -11.714816847171694 0.06
8.684476713529566 7.932204246750253 0.06
-11.762214928497157 0.017319810584287616 0.06
8.661704880569483 -7.958320712431664 0.06
-1.0111397483423563 11.719539086897665 0.06
-7.171111038670466 -9.324975413965369 0.06
11.587103134537173 2.0320041706647176 0.06
-9.91692661060771 6.328867718622397 0.06
3.037454059904607 -11.365908359386372 0.06
5.43803312577535 10.433014699643149 0.06
-11.057635956114957 -4.019786942368175 0.06
10.869276253551623 -4.505422702031276 0.06
-4.971476273558402 10.664634248836006 0.06
-3.538172815804679 -11.222358625774744 0.06
10.189900802875865 5.885229105782529 0.06
-11.489545715642828 2.5436861536269655 0.06
6.754041975775945 -9.637059561373302 0.06
1.5295750650002917 11.668778861583133 0.06
-9.0103331816824 -7.571254582635108 0.06
11.758672702430633 -0.5036032933894611 0.06
-8.330600845437724 8.314510782601241 0.06
0.5263734614310899 -11.758525884612453 0.06
7.554911348094471 9.026256949723589 0.06
-11.668326532191601 -1.5524676931110377 0.06
9.65288601282117 -6.737343068560589 0.06
-2.566820490729812 11.488752437421985 0.06
-5.868058928719177 -10.20567902733959 0.06
11.221165969331414 3.561661731371828 0.06
-10.68039176718437 4.953708883196542 0.06
4.529369600137928 -10.867603738881282 0.06
4.001288985063888 11.073377373593226 0.06
-10.430761098649024 -5.462528984171182 0.06
11.381614371221767 -3.018087855712308 0.06
-6.353988291225577 9.913971595428762 0.06
-2.0116309070209843 -11.602729898343664 0.06
9.321181532336642 7.196914258293366 0.06
-11.735017973076237 0.9896227420475461 0.06
7.984844330845516 -8.65691983399201 0.06
-0.04011182578764673 11.77745265502825 0.06
-7.926263445664865 -8.711736209844563 0.06
11.72969600050486 1.069687681400639 0.06
-9.372014187429539 7.1347985304855985 0.06
2.091219788478351 -11.59210074991917 0.06
6.288577760533812 9.960611916429611 0.06
-11.365707725852904 -3.0968835771607015 0.06
10.4730112842267 -5.394074029938804 0.06
-4.078974877354367 11.052237961151215 0.06
-4.458130942004533 -10.905277094321894 0.06
10.654079616242488 5.029968939344095 0.06
-11.254087288065538 3.4879104507715897 0.06
5.942578088044319 -10.174269785468418 0.06
2.4908380569841566 11.516758475103982 0.06
-9.616471331013638 -6.809807569953266 0.06
11.691266576450463 -1.474545977028952 0.06
-7.625009165529147 8.98494492056554 0.06
-0.44681472125838284 -11.776262420856066 0.06
8.284516483275526 8.381932154243202 0.06
-11.771082174731891 -0.5844864717931403 0.06
9.074771243756997 -7.520540331218305 0.06
-1.611459890163171 11.67575252488658 0.06
-6.698858229368539 -9.698211093950338 0.06
11.490990573586624 2.6262398286796587 0.06
-10.247467095124032 5.825754726586956 0.06
3.6210528340402 -11.21819844596669 0.06
4.9079090884465195 10.718322087880363 0.06
-10.859452650397824 -4.588277251187826 0.06
11.107158741938703 -3.9523442007718246 0.06
-5.520501615731274 10.41748827264559 0.06
-2.9663728342512825 -11.410987345896762 0.06
9.895678123692363 6.4105814457252155 0.06
-11.62746879460472 1.9575416803975016 0.06
7.251693996182048 -9.298007000736087 0.06
0.9335735891688173 11.754932596727489 0.06
-8.629041257666769 -8.037390557481 0.06
11.79238976461741 0.09769155207378653 0.06
-8.76164589739603 7.893893916733576 0.06
1.1283568436243372 -11.739540486469059 0.06
7.098185589301441 9.418904466010543 0.06
-11.596776521612322 -2.1505288437454726 0.06
10.004123011135647 -6.248001502725992 0.06
-3.1563780219682562 11.365178299632424 0.06
-5.349844963332144 -10.512809275750689 0.06
11.046506744852612 4.138198730839996 0.06
-10.941056481282066 4.41058761089673 0.06
5.088468237552582 -10.643189888159403 0.06
3.437416844381528 11.285573332266383 0.06
-10.158304367507677 -5.999904363994021 0.06
11.543709311197428 -2.4377808225051303 0.06
-6.865521291589789 9.595551958836307 0.06
-1.4193314594145892 -11.713475069692857 0.06
8.959231315418172 7.678683105639297 0.06
-11.793557759147344 0.38986585084549863 0.06
8.433154666801224 -8.254205132283104 0.06
-0.6427334187595317 11.78333118232742 0.06
-7.485862986281711 -9.12314942060128 0.06
11.68286068783583 1.6705586336971572 0.06
-9.743373778834655 6.660080135097274 0.06
2.685737504735581 -11.492902768911636 0.06
5.78317259122706 10.289067731338934 0.06
-11.214899369130356 -3.6804934642354112 0.06
10.756041377260699 -4.86184881404757 0.06
-4.647205237595275 10.850966937543726 0.06
-3.9031583886050734 -11.140707095757516 0.06
10.40388031661397 5.578465233159783 0.06
-11.440107108109482 2.9144380856321064 0.06
6.467136304046881 -9.877051585613941 0.06
1.9032557132326893 11.65193622064793 0.06
-9.274504020303997 -7.306406447588651 0.06
11.774559572715049 -0.8773521918730222 0.06
-8.089841021770159 8.600841368289776 0.06
0.1554177046994342 -11.807025253511826 0.06
7.861212674502339 8.811432079193699 0.06
-11.749071690398562 -1.1871454897674103 0.06
9.46564444087055 -7.06127292483561 0.06
-2.2099295231805693 11.601129751130918 0.06
-6.2071398102502435 -10.04745815497664 0.06
11.364319543432424 3.2159355271460073 0.06
-10.552407016667148 5.305346940077902 0.06
4.197456595643162 -11.040441935343518 0.06
4.362793863911377 10.976612851923731 0.06
-10.631964860969273 -5.146972235704664 0.06
11.316815302960265 -3.386693283821903 0.06
-6.057205990745425 10.14200451516749 0.06
-2.3845158599874043 -11.570396886601106 0.06
9.57430158101483 6.921181202351007 0.06
-11.73540313240614 1.3639330335145374 0.06
7.73227448409401 -8.933192671303395 0.06
0.33275830341047274 11.810557646085616 0.06
-8.223577201523122 -8.484266498088633 0.06
11.795271982069137 0.7011125936786862 0.06
-9.171389643722545 7.450879948235569 0.06
1.7297621408474224 -11.689650248664027 0.06
6.621009578673589 9.788372293650903 0.06
-11.49448840996361 -2.745311675058453 0.06
10.330479238217137 -5.740313467813817 0.06
-3.739981731529748 11.211268288994951 0.06
-4.81552915011513 -10.793548026686661 0.06
10.842146317446621 4.706151637068094 0.06
-11.174020927911393 3.8537327751931887 0.06
5.636417896559476 -10.389937117006246 0.06
2.8622849635145022 11.468972263792375 0.06
-9.858092037738311 -6.523650923791105 0.06
11.676130906160497 -1.8487744757551356 0.06
-7.361049682700333 9.25067281708835 0.06
-0.8209601261142989 -11.793897764154583 0.06
8.572320559937891 8.142193820934635 0.06
-11.821358127009054 -0.2132886143164343 0.06
8.861092894325584 -7.82822027782386 0.06
-1.2460518701361638 11.758288767373005 0.06
-7.024061256758598 -9.51223230694577 0.06
11.605159749846282 2.2694200097266637 0.06
-10.090615612741116 6.165993557887101 0.06
3.2755542222866487 -11.363130930199658 0.06
5.260580983135021 10.59180285503267 0.06
-11.034043171172037 -4.256746562424375 0.06
11.011944650000034 -4.31475086480502 0.06
-5.205479000238012 10.620404341553154 0.06
-3.3357410644980168 -11.34781175163836 0.06
10.125370205085876 6.114481025398578 0.06
-11.596819871699674 2.331044586307091 0.06
6.976785364524977 -9.552720344349567 0.06
1.3083522272349806 11.757049563963285 0.06
-8.906829303926326 -7.7857813834398995 0.06
11.827261019274157 -0.2754937058410097 0.06
-8.535265765785788 8.192633173003976 0.06
0.7596222827205249 -11.806903657928038 0.06
7.4155918619991805 9.219490080056032 0.06
-11.696120444736575 -1.789068624233034 0.06
9.833204868708334 -6.5816473629335945 0.06
-2.8049604926643856 11.49574689329023 0.06
-5.697178310883217 -10.371699923059955 0.06
11.207304766033864 3.7995157429907636 0.06
-10.830840433457874 4.768951195490901 0.06
4.765114525482308 -10.832990517813514 0.06
3.80406859517638 11.207098737996057 0.06
-10.375658570730115 -5.694357665587463 0.06
11.497581426203249 -2.8099148292832807 0.06
-6.580123362885428 9.838799547160688 0.06
-1.7940994454174208 -11.700051588773142 0.06
9.226513627829695 7.41562177268184 0.06
-11.812946042744821 0.7643989738346747 0.06
8.194447054230757 -8.543479237138047 0.06
-0.2713026061898047 11.835387399484421 0.06
-7.794917295909913 -8.910626484704906 0.06
11.767190882018944 1.3050742301226608 0.06
-9.558666263200795 6.986551314400185 0.06
2.32899848243468 -11.608865839039444 0.06
6.12456362990849 10.133593653941437 0.06
-11.361611943046231 -3.33523223413741 0.06
10.63099514432172 -5.215548124733203 0.06
-4.316066720058797 11.027310101198792 0.06
-4.266459785616686 -11.047050325662305 0.06
10.608508147372833 5.263986596404314 0.06
-11.378561236841954 3.284561489672212 0.06
6.171727524649076 -10.108401424631346 0.06
2.277368425886907 11.622976944516985 0.06
-9.530808406063617 -7.032331841352988 0.06
11.778413172028552 -1.2525905751618622 0.06
-7.839201887955213 8.880141539405745 0.06
-0.2180736911255413 -11.843666825153388 0.06
8.161373539202005 8.586150589968321 0.06
-11.818225303181302 -0.8182607672650912 0.06
9.267448899947771 -7.379999382578352 0.06
-1.8484762922596825 11.702270523148657 0.06
-6.541994300320753 -9.877869738692185 0.06
11.49667762555749 2.8646821069720456 0.06
-10.412728098450229 5.653768084007787 0.06
3.8590936034763765 -11.203008370951425 0.06
4.722116057872055 10.867917000786623 0.06
-10.823499276806674 -4.824091977249749 0.06
11.239939032214012 -3.754167091661208 0.06
-5.752282599053568 10.36104458539898 0.06
-2.7573290516789632 -11.525933216046639 0.06
9.819174191621922 6.636551679493353 0.06
-11.723697014152684 1.7392321065192715 0.06
7.470120789998336 -9.202026699745804 0.06
0.7076703234372551 11.831703288763045 0.06
-8.514317814620705 -8.246598823250258 0.06
11.84911209442252 0.32945800006978476 0.06
-8.960030995294064 7.761304308128221 0.06
1.3642108105927662 -11.775777208501435 0.06
6.948743837146328 9.604944512370748 0.06
-11.612247349854483 -2.3886631168495858 0.06
10.176390552994478 -6.082850919833952 0.06
-3.3949676864846383 11.359762075313249 0.06
-5.1702494060409085 -10.669982243627851 0.06
11.020242384793423 4.375415155205574 0.06
-11.081928335314062 4.217921807118209 0.06
5.322493088630148 -10.596276106325481 0.06
3.2331558705954313 11.409062324154178 0.06
-10.091098171730739 -6.228943545136092 0.06
11.648866790824218 -2.223488810323245 0.06
-7.087818696664599 9.508565934104455 0.06
-1.1966496181783315 -11.799492772628563 0.06
8.8531297143807 7.892534083572243 0.06
-11.859774019041208 0.16049989805339818 0.06
8.6369190933986 -8.129798802804821 0.06
-0.8770263234326299 11.829236020470901 0.06
-7.344103174780708 -9.315264277419933 0.06
11.708099740706247 1.9079833494227063 0.06
-9.922365142616382 6.5020512130089685 0.06
2.9244746641863975 -11.49728002348955 0.06
5.610083760224619 10.453562082049546 0.06
-11.198378684861547 -3.918713415196189 0.06
10.90477613798022 -4.675024853467332 0.06
-4.88308206521206 10.813672343122125 0.06
-3.7040295158644385 -11.272540323529789 0.06
10.346095079174198 5.810190755275378 0.06
-11.554026261389067 2.704529007263886 0.06
6.692933932352858 -9.799216059316159 0.06
1.6841739503391395 11.747065936011387 0.06
-9.177212290635035 -7.524544808333409 0.06
11.850168391122523 -0.6507757694019125 0.06
-8.298647231598542 8.484836717667692 0.06
0.38775311058074824 -11.862531244436617 0.06
7.727381903792535 9.009304574324242 0.06
-11.784046930567229 -1.4234598477614793 0.06
9.651065261216074 -6.910639574145674 0.06
-2.448412084552145 11.615303623419365 0.06
-6.040856330850171 -10.219004589001193 0.06
11.35758083048856 3.454758700534498 0.06
-10.708762517633216 5.124685877293741 0.06
4.43478995268041 -11.012839691723698 0.06
4.169138118464582 11.116577141780901 0.06
-10.58370805697938 -5.3809965401057225 0.06
11.439313586334986 -3.1815255261417934 0.06
-6.286127143347719 10.073460454961198 0.06
-2.1694071785180977 -11.674488104143759 0.06
9.485993106940075 7.143243995208717 0.06
-11.820287190130434 1.1405309039383327 0.06
7.945776058187389 -8.825794175774558 0.06
0.10277397091260417 11.875581565165676 0.06
-8.09790947682473 -8.687569401458168 0.06
11.839934921809306 0.9359172224724243 0.06
-9.36293438989813 7.307903913603608 0.06
1.96758799584396 -11.71360736402799 0.06
6.461818932594196 9.966689324061788 0.06
-11.497553513928185 -2.9843363071808233 0.06
10.49420019681176 -5.566126321710281 0.06
-3.9783732780885432 11.193415299192244 0.06
-4.627678707442555 -10.941416260278318 0.06
10.80350947585727 4.942082861007313 0.06
-11.30490113165683 3.6536571272444425 0.06
5.868080191979809 -10.330809980853111 0.06
2.651516080052739 11.581859197780886 0.06
-9.778925249179515 -6.749268180399959 0.06
11.770157116192049 -1.628926474753758 0.06
-7.578891902908822 9.152070668653248 0.06
-0.5937169124156092 -11.868340247393975 0.06
8.455036381865828 8.350590385195844 0.06
-11.875643891310165 -0.44618624674857227 0.06
9.058445373006723 -7.693150682539183 0.06
-1.4828195735825078 11.791999241528156 0.06
-6.872239284431065 -9.697026720470683 0.06
11.618034010799692 2.508243553545328 0.06
-10.261434045973509 5.9985807754947995 0.06
3.5146033944672244 -11.35506772236958 0.06
5.078858597456778 10.747334336803679 0.06
-11.005101702230201 -4.494189195346581 0.06
11.150995214291953 -4.120109917324777 0.06
-5.439495013146103 10.570803848428875 0.06
-3.1296717832721614 -11.469313603219247 0.06
10.055488293369951 6.343276375966911 0.06
-11.699839585849992 2.1151249763022277 0.06
7.198605802567706 -9.463090113659415 0.06
1.08423598648391 11.840795257313305 0.06
-8.798135281131518 -7.998925901326304 0.06
11.891088436686916 -0.04489755996410286 0.06
-8.7380996424351 8.06570608433481 0.06
0.9949317306364014 -11.850321128618114 0.06
7.271402284018046 9.410457418424311 0.06
-11.71879266951488 -2.027288427660042 0.06
10.010840530940126 -6.421298300506401 0.06
-3.044265175881283 11.497497533764315 0.06
-5.521896759908232 -10.53464077094777 0.06
11.18811781575579 4.038071289708476 0.06
-10.977835789035785 4.58007875357674 0.06
5.0010924346496175 -10.793010444731829 0.06
3.6030511931402445 11.337019983205934 0.06
-10.315189229703154 -5.925948966656403 0.06
11.609430668255321 -2.598291661644784 0.06
-6.805552483107608 9.758301870697988 0.06
-1.573491184711501 -11.792969324628775 0.06
9.126602112636373 7.633160150135808 0.06
-11.886217763855218 0.5364953589851965 0.06
8.402426392205426 -8.424917253217966 0.06
-0.504755712303248 11.888449086020314 0.06
-7.658611254053559 -9.107451545810397 0.06
11.799633344346164 1.5422882152808515 0.06
-9.742827105091704 6.833543736619415 0.06
2.568155688134109 -11.620437873053858 0.06
5.956025175782352 10.30367721279383 0.06
-11.352222274981415 -3.574499883818126 0.06
10.78569607720965 -5.032768634664656 0.06
-4.55361096448681 10.997028106907136 0.06
-4.070838409527004 -11.185181028643198 0.06
10.557563340378886 5.497986569089437 0.06
-11.499060961852187 3.0775959766686607 0.06
6.400389299484012 -10.037181716749506 0.06
2.060643656906777 11.724919945110495 0.06
-9.439857153760672 -7.253902185485652 0.06
11.861015815385013 -1.027766426376462 0.06
-8.051981704390588 8.770153398439465 0.06
0.013127678946437396 -11.906293615733045 0.06
8.033189158835349 8.788507947221202 0.06
-11.860393771725626 -1.0540681095697897 0.06
9.457831547864899 -7.234598980746029 0.06
-2.087082836899841 11.723654943400465 0.06
-6.380490167701257 -10.054817015732688 0.06
11.497111530084693 3.104259406814073 0.06
-10.574882138133145 5.477396075197828 0.06
4.097805545604426 -11.182485846644907 0.06
4.532226134392373 11.01403315169928 0.06
-10.782175029955791 -5.060108854896093 0.06
11.36889541156625 -3.5522129892319048 0.06
-5.9837951361585775 10.299232775720965 0.06
-2.5448571508502242 -11.636739323443079 0.06
9.737346044004854 6.8617849003960325 0.06
-11.815501339421472 1.517869591937791 0.06
7.687347627935243 -9.100806911877562 0.06
0.47911272191301324 11.903799855495771 0.06
-8.394479787889237 -8.454153363330896 0.06
11.900945888753595 0.5634598059834256 0.06
-9.15632125040041 7.62376423818745 0.06
1.6018639957426115 -11.806948451617103 0.06
6.794553709315545 9.788464634008053 0.06
-11.622514581178507 -2.628146649312594 0.06
10.345732383436305 -5.913190462881896 0.06
-3.634446281362829 11.34904402264296 0.06
-4.986417065883921 -10.823846120721672 0.06
10.988618606908139 4.61305333937429 0.06
-11.219133067059445 4.0213248095140655 0.06
5.556469268656713 -10.543986402991685 0.06
3.0252994488670004 11.528554256483552 0.06
-10.01854076550469 -6.457463970470195 0.06
11.749727898987285 -2.005964680586337 0.06
-7.309131211507434 9.416294437461474 0.06
-0.9711237903108773 -11.880947714045892 0.06
8.741848905945567 8.104941560900874 0.06
-11.921196093428907 -0.07130008425929556 0.06
8.838792449599792 -8.000359243990093 0.06
-1.1133246158400292 11.870151991434847 0.06
-7.197494708653885 -9.505054966642714 0.06
11.728193481712271 2.1469694118738203 0.06
-10.098617035445136 6.33939539478469 0.06
3.1643171334902793 -11.496394960103794 0.06
5.432625277328384 10.614922637312658 0.06
-11.176519014420776 -4.157574138880849 0.06
11.050006781983708 -4.48412200080619 0.06
-5.119130189141846 10.771003022310252 0.06
-3.5011437992624765 -11.400525957028734 0.06
10.282940579466779 6.041616757057293 0.06
-11.663783821496237 2.4912139541602345 0.06
6.917963492969082 -9.716057899680663 0.06
1.4620632146372627 11.837751946902948 0.06
-9.074685366232556 -7.741452415657202 0.06
11.921085446066945 -0.42157061990952227 0.06
-8.505769411499626 8.363724452562824 0.06
0.6222968210626352 -11.913133368954425 0.06
7.588610264678531 9.205052647911126 0.06
-11.813943785616477 -1.661545133390555 0.06
9.833937530370653 -6.7552699908121765 0.06
-2.688214594305868 11.624263516238823 0.06
-5.870077577542894 -10.387597856753416 0.06
11.34553250987669 3.694440697498218 0.06
-10.861782854982206 4.939804977042578 0.06
4.672514397565018 -10.979872913861419 0.06
3.9715703399886007 11.252849818358142 0.06
-10.53007291713171 -5.61494117154306 0.06
11.557792088695999 -2.9727835498865725 0.06
-6.5144984458485595 9.99956549051191 0.06
-1.9510895147514122 -11.77426217244321 0.06
9.39240218548743 7.364290949307405 0.06
-11.900589811475982 0.9143096515918678 0.06
8.157803566165635 -8.713222192498897 0.06
-0.12961798909133126 11.935794869923994 0.06
-7.96721689374146 -8.888951286179976 0.06
11.879594937521476 1.172699501327649 0.06
-9.552125866999535 7.160090182462676 0.06
2.2069463367105917 -11.732407590383131 0.06
6.298014851698215 10.142238851840787 0.06
-11.495347291225773 -3.224436486288459 0.06
10.654760612869179 -5.387585385165751 0.06
-4.217375160575265 11.170216952009607 0.06
-4.435767512580013 -11.085755119717366 0.06
10.759494223007103 5.178154503785767 0.06
-11.4319101669028 3.449844914755512 0.06
6.099411885543819 -10.266312612154708 0.06
2.4373634853732518 11.69056282820332 0.06
-9.694437579050577 -6.9740863219415345 0.06
11.859719941606386 -1.406073577969449 0.06
-7.795472594397838 9.048237785889151 0.06
-0.3638706777238385 -11.93807346810585 0.06
8.332651724186372 8.557272652160496 0.06
-11.925010605339212 -0.6812650457401461 0.06
9.253643902663343 -7.553149973534322 0.06
-1.7213298425752719 11.820618578274988 0.06
-6.715693379212965 -9.879244021502615 0.06
11.625684069334344 2.748357676872806 0.06
-10.429271936697733 5.826687469772952 0.06
3.754481239797663 -11.341687291580888 0.06
4.892933462686879 10.899504673594986 0.06
-10.970790749776855 -4.731992215189138 0.06
11.286329777933167 -3.921576232044852 0.06
-5.673400336777863 10.515822774212623 0.06
-2.9200496376982463 -11.586773067311638 0.06
9.980255953400997 6.571490782509246 0.06
-11.798521498435719 1.8960196335877275 0.06
7.4193794686049745 -9.36818062917464 0.06
0.8573255897479606 11.9199409743993 0.06
-8.684273657309173 -8.210565817589305 0.06
11.950088954423682 0.18807972075986576 0.06
-8.938982596680166 7.933762672039615 0.06
1.2321910131000087 -11.888721769275097 0.06
7.122386126869123 9.599042444941174 0.06
-11.736296585213008 -2.2670117917464565 0.06
10.185680731211367 -6.25634941813751 0.06
-3.2846155928393297 11.49396800096802 0.06
-5.34227742643336 -10.694394414786682 0.06
11.163579302775183 4.277206699546981 0.06
-11.12127661101885 4.387163837971532 0.06
5.237179863812358 -10.74764844391918 0.06
3.398317635478878 11.463046595403565 0.06
-10.249348855479022 -6.157178577781454 0.06
11.71707501699082 -2.383307165727821 0.06
-7.030151449175857 9.672485233984625 0.06
-1.3499022136655212 -11.881404126345545 0.06
9.021464491698104 7.849406246655238 0.06
-11.954762862977576 0.30601452575364324 0.06
8.608661203213847 -8.301262090084903 0.06
-0.74036276301304 11.93657668593235 0.06
-7.517384014751819 -9.302093182437694 0.06
11.826972071273037 1.781216333107126 0.06
-9.924382339144241 6.675824682125941 0.06
2.8085740476092855 -11.626775641556673 0.06
5.78302109896507 10.470752932283565 0.06
-11.33750793293979 -3.814566013392267 0.06
10.937009975953512 -4.845803626427033 0.06
-4.791484866523378 10.961371847258786 0.06
-3.8713437248089533 -11.319571447911901 0.06
10.501235876284142 5.73184482262411 0.06
-11.615495808520894 2.8670990778544034 0.06
6.628439037654346 -9.96061222636942 0.06
1.84075651853129 11.822504617866917 0.06
-9.34363001025043 -7.474394840490266 0.06
11.939000078103028 -0.8001731906630514 0.06
-8.263226414597602 8.655003710056771 0.06
0.24668360117349936 -11.964077365217598 0.06
7.899997153216545 8.988884523630867 0.06
-11.897531655488953 -1.2917973938038159 0.06
9.645802900495104 -7.084383276249263 0.06
-2.3271639534033213 11.739859791921718 0.06
-6.21439998323781 -10.228940944610734 0.06
11.492256577117287 3.3448525775741564 0.06
-10.73382239846031 5.296702438150721 0.06
4.337066842853588 -11.156605720407084 0.06
4.33831215386563 11.156569708276006 0.06
-10.73546550744027 -5.296204333157875 0.06
11.49393380379595 -3.3465632690802 0.06
-6.214914889509856 10.232049301882235 0.06
-2.329046423524863 -11.743319069030955 0.06
9.650201026997221 7.086156937193939 0.06
-11.902803312228514 1.2935506601606028 0.06
7.90325145664671 -8.994365814942801 0.06
0.24800380052301077 11.971152580889033 0.06
-8.269556047699893 -8.659933185305192 0.06
11.947830708072173 0.7995882510690475 0.06
-9.350398658415235 7.481313048436524 0.06
1.841202810647651 -11.833003516016683 0.06
6.635664717074186 9.969350719208185 0.06
-11.62753764412692 -2.8688618534902384 0.06
10.512039157802898 -5.739079433569337 0.06
-3.874693120856815 11.332994009492149 0.06
-4.798416580673845 -10.97429716739593 0.06
10.951615949381159 4.850990424362865 0.06
-11.352573337025362 3.820874065899166 0.06
5.790272686936848 -10.486312135870893 0.06
2.813933243621982 11.643958935879116 0.06
-9.940634392278117 -6.685341268705544 0.06
11.846210279677795 -1.7853016578875858 0.06
-7.529335137067447 9.318750581152043 0.06
-0.742854046187391 -11.957766006493983 0.06
8.625412770643976 8.315783458941906 0.06
-11.977759129710906 -0.3054279467027189 0.06
9.038655212658655 -7.865920921715302 0.06
-1.3515168811930605 11.906023774537417 0.06
-7.046082375058876 -9.692405437448679 0.06
11.743096546102425 2.3874009945791084 0.06
-10.272017767811843 6.172167445699915 0.06
3.4051455620261333 -11.490212517678415 0.06
5.250861466298148 10.773042924900338 0.06
-11.149295869118065 -4.396953675315091 0.06
11.19163287031626 -4.289213645419942 0.06
-5.355225974606346 10.722945246568292 0.06
-3.2945831312197362 -11.524570360385777 0.06
10.214413954381635 6.27261887639714 0.06
-11.769293673174253 2.2745826946014702 0.06
7.142100849511106 -9.627585131039496 0.06
1.2370204622071885 11.923916318730216 0.06
-8.966942097446632 -7.9570063102299615 0.06
11.987241580931585 -0.18984014429215654 0.06
-8.711086721513992 8.237534104952928 0.06
0.8589397828114028 -11.958771778468886 0.06
7.444937744515129 9.398558505446141 0.06
-11.838712173685934 -1.9012874765853927 0.06
10.014147401976953 -6.595214311262241 0.06
-2.9292192382576694 11.627969498335517 0.06
-5.694863451525007 -10.55312893261921 0.06
11.328145107033 3.934860662590772 0.06
-11.01136465935372 4.75077344637017 0.06
4.910506959913736 -10.941522809766417 0.06
3.770168511066131 11.385333960765728 0.06
-10.471051476226327 -5.848681986757231 0.06
11.67216108042821 -2.760553515608226 0.06
-6.7421955336466315 9.920322544457687 0.06
-1.7296565469645504 -11.86963724085714 0.06
9.293542604807593 7.584198431780787 0.06
-11.976237652094959 0.6853697546164841 0.06
8.368235054373104 -8.59550126954567 0.06
-0.36431106857298157 11.991133284444606 0.06
-7.831534572206984 -9.088292812422296 0.06
11.914197314376453 1.4113477084350696 0.06
-9.738848263607208 7.007484177537246 0.06
2.447721084184238 -11.746006193342483 0.06
6.129652713469349 10.314909481534865 0.06
-11.487835330814875 -3.4654926651316864 0.06
10.812054360700863 -5.204755565946346 0.06
-4.456865279890714 11.141649423532616 0.06
-4.239869506520896 -11.22646456225976 0.06
10.710087504757034 5.414242850154328 0.06
-11.55495484065683 3.242378545201242 0.06
6.330288593943885 -10.196442826661853 0.06
2.219917421953079 11.794997526057783 0.06
-9.604637729805297 -7.197981250267367 0.06
11.944741973668952 -1.1803131713537678 0.06
-8.01066889521691 8.939193691335046 0.06
-0.1315252051881246 -12.003028831107597 0.06
8.205196780048684 8.762119937588091 0.06
-11.969399013210996 -0.9184156262518868 0.06
9.446570901772986 -7.408258783126835 0.06
-1.9614685284284736 11.844097315202399 0.06
-6.554474301336334 -10.058770632295062 0.06
11.628070635601839 2.9896443423013173 0.06
-10.594020581383868 5.650374139932243 0.06
3.9950667363746826 -11.322960821795355 0.06
4.702875353440758 11.048210869185992 0.06
-10.9310921924523 -4.970032543163916 0.06
11.417851841372546 -3.7192283243255653 0.06
-5.907070778671356 10.455453831171893 0.06
-2.706961282232564 -11.700100880611833 0.06
9.899676786999047 6.798999890642171 0.06
-11.892784266528187 1.6738226876881688 0.06
7.638982799331786 -9.268006354740654 0.06
0.6277219203891955 11.994413916097065 0.06
-8.56526964756079 -8.420579306946395 0.06
12.00419887513612 0.42333127238688945 0.06
-9.137795474892219 7.796838709312852 0.06
1.4712881044178672 -11.922051472536028 0.06
6.968589447829703 9.785129590741072 0.06
-11.748588089177325 -2.5081223875322927 0.06
10.35761437122495 -6.086856704161386 0.06
-3.525892002779477 11.48512453501205 0.06
-5.158385800915426 -10.850855078237574 0.06
11.133666068761952 4.516799737568492 0.06
-11.26106325569019 4.1902809394292735 0.06
5.473253020595187 -10.696892136155514 0.06
3.1899508424402203 11.585085827166536 0.06
-10.17813594289326 -6.3879220978330915 0.06
11.820429332109153 -2.165052055866917 0.06
-7.253796204492124 9.581359017576561 0.06
-1.12343034555811 -11.965279113279356 0.06
8.91112095937471 8.06423730103429 0.06
-12.018513308365083 0.07306063681198081 0.06
8.813030962173979 -8.17254460127094 0.06
-0.9780140443829748 11.979711537803807 0.06
-7.3712768543361715 -9.494434029299898 0.06
11.849158221333294 2.021744159336101 0.06
-10.103218659329292 6.513445533800099 0.06
3.0501353030470653 -11.62784049740561 0.06
5.605612495180689 10.634712433999997 0.06
-11.317440760352309 -4.055309437751479 0.06
11.084834220364884 -4.654723440444949 0.06
-5.029565242457609 10.920323872113974 0.06
-3.66805477759368 -11.450125507983405 0.06
10.43951914518614 5.9654371187107555 0.06
-11.727776982378169 2.6531579394376137 0.06
6.855752398380415 -9.878697234559889 0.06
1.617801589080803 11.915650129907625 0.06
-9.24214211484346 -7.6936863160020295 0.06
12.012293708404329 -0.5699121537832075 0.06
-8.472814324948336 8.534718355924246 0.06
0.48248685851746287 -12.016954956700053 0.06
7.761833947985995 9.187161355059144 0.06
-11.929585456204718 -1.5313362932775054 0.06
9.831247634838647 -6.92939895968471 0.06
-2.5686030662183583 11.750841599145726 0.06
-6.043780344740305 -10.400130727280825 0.06
11.48207965899514 3.586341688195653 0.06
-10.889443455485427 5.111753244219209 0.06
4.576755127741331 -11.12534550028418 0.06
4.1404491549125355 11.295427428636073 0.06
-10.683359005500268 -5.5322545458064685 0.06
11.614961909683498 -3.137301362094736 0.06
-6.445517443537788 10.15949333800904 0.06
-2.109988053540308 -11.84558780364728 0.06
9.557749199061046 7.309543778365923 0.06
-11.985526582228703 1.066373549319944 0.06
8.117709619037875 -8.88272427473576 0.06
0.014448098718686334 12.03369399862085 0.06
-8.139578107352081 -8.863817926509702 0.06
11.989708487167647 1.037733295572681 0.06
-9.542146073535077 7.333992658253695 0.06
2.08211255851138 -11.85389418265952 0.06
6.472128864703358 10.14748973681046 0.06
-11.627278535433915 -3.110690254499437 0.06
10.67520282583293 -5.560579522615301 0.06
-4.11558685991318 11.311584539688063 0.06
-4.606318854708202 -11.121233142451414 0.06
10.90921763393117 5.08910312486642 0.06
-11.482153496512332 3.6166491511521652 0.06
6.023779062709371 -10.423247373235666 0.06
2.599144890396267 11.755188039275552 0.06
-9.857384012462692 -6.912451115982298 0.06
11.938233612392722 -1.5615947668766847 0.06
-7.748307059300963 9.215950179704036 0.06
-0.5119420713957241 -12.029875947636995 0.06
8.50384785605092 8.524938219197733 0.06
-12.029400593282014 -0.5417761219787273 0.06
9.23638861121402 -7.726520913233588 0.06
-1.591490494792088 11.936798482214 0.06
-6.889913496861303 -9.877200615851056 0.06
11.752766098735298 2.6291612785103773 0.06
-10.442456845013906 6.0004245716467635 0.06
3.6468398318276356 -11.478700241795472 0.06
5.064858977724279 10.927817876216904 0.06
-11.116687424151102 -4.63672952777286 0.06
11.329555565734877 -4.0903753718853135 0.06
-5.591245485035665 10.669487987999627 0.06
-3.08443145119908 -11.64458168518105 0.06
10.140515057523888 6.503072686671376 0.06
-11.87047166082383 2.0547268795580607 0.06
7.365222038854796 -9.533808489704816 0.06
1.009144353291079 12.005483233682046 0.06
-8.854004021101172 -8.171083942435317 0.06
12.048569896795566 0.04431074397588158 0.06
-8.914478964716182 8.106297847206994 0.06
1.0975716330882355 -11.999389005705252 0.06
7.296406904741969 9.589705223855098 0.06
-11.85830449962649 -2.1425719110774715 0.06
10.191582122987269 -6.43052515976777 0.06
-3.17130732763028 11.626384211512988 0.06
-5.515276236974494 -10.715490097511381 0.06
11.30539178709166 4.175897094081757 0.06
-11.157406071274373 4.5576627519694535 0.06
5.148644256082936 -10.897773273669452 0.06
3.565012733283579 11.513934349800937 0.06
-10.406638481038145 -6.082094665900564 0.06
11.782332712374208 -2.544923545986528 0.06
-6.9690941033417175 9.835737256493166 0.06
-1.5052037436553343 -11.960533503572739 0.06
9.18943085437963 7.802843108289164 0.06
-12.047159561182822 0.4538132957520459 0.06
8.576949102724678 -8.47265861989437 0.06
-0.6011973528210802 12.041534858271223 0.06
-7.6909002402356395 -9.285475404886029 0.06
11.943689777083948 1.6517489242558636 0.06
-9.92298675794557 6.850133852826302 0.06
2.689795178885729 -11.7543609735129 0.06
5.956790330470907 10.484591024871134 0.06
-11.474985832659963 -3.7073845417292723 0.06
10.96597672997298 -5.0177040922807645 0.06
-4.6967210133738355 11.107691556868721 0.06
-4.040060817870478 -11.363446158094284 0.06
10.655278969579992 5.650223896486435 0.06
-11.67394375796763 3.0313424642901423 0.06
6.560585882892918 -10.12120115762878 0.06
1.9992700055972303 11.895079631709882 0.06
-9.509537115479086 -7.4208290540428 0.06
12.025147929287954 -0.9517443347567953 0.06
-8.224358366596709 8.824960592421402 0.06
0.10321422046412586 -12.06314000684291 0.06
8.072704380049212 8.965012213730347 0.06
-12.008752247300402 -1.1575273054911421 0.06
9.637109673234395 -7.258520313814107 0.06
-2.203120398471391 11.86238848250382 0.06
-6.388635294069217 -10.235494080862592 0.06
11.625156997670347 3.231984650259991 0.06
-10.755572595138348 5.469703662056012 0.06
4.236238229066913 -11.298862140348117 0.06
4.508756296836334 11.193351448772558 0.06
-10.885990597539006 -5.20818670079063 0.06
11.54546661760705 -3.5131468204049257 0.06
-6.140381983198864 10.389692444938245 0.06
-2.490495324414013 -11.809209670383195 0.06
9.813757113199705 7.0256794207480215 0.06
-11.982548601308377 1.4486300484536119 0.06
7.857292543497036 -9.162584454503321 0.06
0.3955274554375434 12.064143485220786 0.06
-8.441151129691038 -8.628845091071907 0.06
12.05335683435053 0.6607488356519466 0.06
-9.334419901117892 7.654972574060228 0.06
1.7121097928745752 -11.950258576999202 0.06
6.810060830878401 9.968604289454758 0.06
-11.755625619070532 -2.750502918422853 0.06
10.526531572219891 -5.912878576383742 0.06
-3.7679739231108247 11.470935991223943 0.06
-4.970289687375793 -11.003918412255057 0.06
11.098357625474659 4.756727658492604 0.06
-11.397097703427725 3.989506728722543 0.06
5.709187837682835 -10.640731846731898 0.06
2.9780357638799457 11.70304673959102 0.06
-10.101551705001574 -6.618055088255146 0.06
11.91941045237521 -1.943618910128373 0.06
-7.476362893046324 9.484935312983426 0.06
-0.8941750772458299 -12.04451953924408 0.06
8.795594393261783 8.277530988720121 0.06
-12.07740334177654 -0.16226065464209244 0.06
9.015415813592092 -8.038798275117596 0.06
-1.2175985565094454 12.017797375359018 0.06
-7.220333615339885 -9.68435761851001 0.06
11.866145451498923 2.263756197975272 0.06
-10.279223877960588 6.346460152460181 0.06
3.2927203474464 -11.623596376058162 0.06
5.4238628308467804 10.795448670257239 0.06
-11.291995247663762 -4.296608351565105 0.06
11.229067723174147 -4.459600662432523 0.06
-5.267728522240595 10.873869422426083 0.06
-3.4610527166983407 -11.576748856748816 0.06
10.372409251775625 6.198639069479641 0.06
-11.835817589651386 2.435861651346174 0.06
7.082205129226678 -9.791443739692085 0.06
1.391875217247141 12.004277711699826 0.06
-9.135411306049736 -7.9116534472446824 0.06
12.080826664764379 -0.3370861847035179 0.06
-8.680624302223558 8.409325878074043 0.06
0.7204288500313398 -12.06486561350944 0.06
7.618738570052626 9.383220268180455 0.06
-11.95650412790313 -1.7725713072921538 0.06
10.014051443124618 -6.769695243838807 0.06
-2.8112826446800447 11.756559441083127 0.06
-5.868690273887204 -10.568276797528618 0.06
11.46655028742099 3.8286060787244254 0.06
-11.04164132435037 4.92261687158347 0.06
4.816747535690572 -11.088685367410276 0.06
3.938714348346335 11.430508706183234 0.06
-10.625846526597286 -5.768135365367253 0.06
11.731889248969189 -2.92451272008196 0.06
-6.675478358815548 10.081566777092997 0.06
-1.8877750788955183 -11.943462866836445 0.06
9.460003329224769 7.531821626343542 0.06
-12.063596942316057 0.8364381706633736 0.06
8.3305999081426 -8.765905838557389 0.06
-0.22144836462773665 12.091358923702652 0.06
-8.004580112053562 -9.065687907142879 0.06
12.026523562799506 1.2777836254344082 0.06
-9.731447260326108 7.181847549168074 0.06
2.3244774830240464 -11.869574736734009 0.06
6.304000629252227 10.322769786563466 0.06
-11.621701839109818 -3.3535125410279165 0.06
10.835116680056643 -5.377754785182971 0.06
-4.357005546457834 11.284790767583408 0.06
-4.41019703053035 -11.264553348974884 0.06
10.861409575752122 5.327267782621794 0.06
-11.607779630991564 3.408731734580674 0.06
6.256863979178462 -10.35478889915478 0.06
2.381023959530768 11.862155154277003 0.06
-9.768797303741664 -7.138669290449698 0.06
12.02571964916667 -1.3349407925622376 0.06
-7.96592390329433 9.107911745670577 0.06
-0.2784911239501523 -12.097208053674246 0.06
8.377183367810005 8.732284856902425 0.06
-12.07606029708055 -0.780235670342475 0.06
9.431874677793273 -7.582198893619319 0.06
-1.8331316699863016 11.962425685474216 0.06
-6.72903791446557 -10.059326455865962 0.06
11.757161855246023 2.8721325020875805 0.06
-10.6098250165416 5.824226396558433 0.06
3.889279108748555 -11.461828301551725 0.06
4.874686762218367 11.07914387352439 0.06
-11.078674530736883 -4.876778715709979 0.06
11.463677677410878 -3.8876849291617672 0.06
-5.827064535862917 10.610622926807299 0.06
-2.870774710745518 -11.760469912386325 0.06
10.061246461937529 6.7328537509847655 0.06
-11.967235627152954 1.831740004531507 0.06
7.587203325413058 -9.434741421938444 0.06
0.7785352108980566 12.08237902589519 0.06
-8.735895353724338 -8.383563226264686 0.06
12.105005783849446 0.2807756630683878 0.06
-9.11582664031313 7.970050480627926 0.06
1.3380807466432094 -12.03492999212969 0.06
7.143062864825778 9.778376803393646 0.06
-11.872675678214923 -2.3852824235137917 0.06
10.366130083667452 -6.261257628343101 0.06
-3.4143593500126967 11.619472889463658 0.06
-5.331380576194094 -10.874574987179056 0.06
11.277248369188596 4.417427896370599 0.06
-11.299806787110818 4.360546591192928 0.06
5.38680254295566 -10.848610895557387 0.06
3.3561851943341368 11.63855751119237 0.06
-10.336831395270337 -6.3150547666472 0.06
11.888221056038159 -2.3259836892744943 0.06
-7.195069967073498 9.745817983572083 0.06
-1.2778283236097485 -12.046873236461847 0.06
9.080086120518885 8.020101997104545 0.06
-12.113286614701913 0.21974391933221252 0.06
8.783824878254388 -8.344724112165679 0.06
-0.8401675661892475 12.086939995744318 0.06
-7.545354220005332 -9.4803813053404 0.06
11.968022515174313 1.8937890791428478 0.06
-10.104427569003004 6.688089675144318 0.06
2.9330506314845985 -11.75743228741496 0.06
5.779487927485842 10.651174550069369 0.06
-11.456769624185197 -3.9499911111732104 0.06
11.116424472994112 -4.826500485467457 0.06
-4.936819267849692 11.068324874008173 0.06
-3.836419731740567 -11.496603134922577 0.06
10.595060975737743 5.885973404662919 0.06
-11.788787363616384 2.8168231210778374 0.06
6.790179321433207 -10.040590858250368 0.06
1.7755151866923689 11.990727493435285 0.06
-9.409149859367401 -7.642506063063765 0.06
12.10086468599341 -0.7204678003059236 0.06
-8.43641904685755 8.705563374407145 0.06
0.34024085745025373 -12.118342962588635 0.06
7.935209980858847 9.165830162057235 0.06
-12.043015855437591 -1.3984881499958361 0.06
9.825144456226319 -7.103980321924128 0.06
-2.446169185332946 11.875447625951939 0.06
-6.218232062892942 -10.409303051213861 0.06
11.61690904002762 3.4752588904604735 0.06
-10.913821959926121 5.284741263963107 0.06
4.477873482053856 -11.269367731985627 0.06
4.310650543234603 11.334826504808587 0.06
-10.83547323035175 -5.446330863464929 0.06
11.669081075291162 -3.303414424240724 0.06
-6.373209486056663 10.318536759000155 0.06
-2.2707422880613803 -11.91401399450285 0.06
9.722505968167473 7.2514052223653795 0.06
-12.067737304743744 1.2205393658936954 0.06
8.074185816080892 -9.051934788065926 0.06
0.16084622289119846 12.129061319516099 0.06
-8.311948634644951 -8.835242492146095 0.06
12.097503829588618 0.9002228019155604 0.06
-9.528738329589606 7.508205234688905 0.06
1.9545417290524745 -11.97329389221665 0.06
6.6468513680138965 10.149353028224597 0.06
-11.757370173543924 -2.9940351705114874 0.06
10.692323724207926 -5.734475858937796 0.06
-4.010740181351088 11.451373856341249 0.06
-4.778059176038135 -11.153481542114006 0.06
11.05763616635007 4.996867259856611 0.06
-11.529283603277612 3.7849200249402863 0.06
5.944860026793086 -10.57916061234717 0.06
2.76265934412067 11.81684024383603 0.06
-10.019600075230255 -6.847453127436935 0.06
12.013937233933383 -1.7191021316690567 0.06
-7.69772791335069 9.383228920367534 0.06
-0.6622375473172795 -12.119052827301447 0.06
8.674910346834226 8.489165475733671 0.06
-12.131369509475116 -0.39984224961541653 0.06
9.215696624636406 -7.900059222731512 0.06
-1.4590040607075228 12.050780354435101 0.06
-7.06460068985774 -9.871748431400668 0.06
11.87788993991384 2.5071359307571597 0.06
-10.4522869758633 6.17492485575318 0.06
3.5362092758717374 -11.614009813894539 0.06
5.23783791765751 10.95285597222703 0.06
-11.261148545980866 -4.53834038227115 0.06
11.369610975758613 -4.2605100938630915 0.06
-5.505850803152828 10.821996439355418 0.06
-3.25042076020831 -11.699348908448146 0.06
10.299905019722457 6.4313261917505145 0.06
-11.939532677032464 2.2153012106876226 0.06
7.307673120541801 -9.698861457063444 0.06
1.1630754816956237 12.088310693553444 0.06
-9.023458116442978 -8.128173449231959 0.06
12.144531148738368 -0.10179969215850025 0.06
-8.88653582709553 8.278857469104512 0.06
0.9603996369149087 -12.107750928120948 0.06
7.470752633091767 9.576943932964861 0.06
-11.978239101669606 -2.0153878096369726 0.06
10.194101083827357 -6.6053238446506075 0.06
-3.0550842534891993 11.756974959745484 0.06
-5.689191192492354 -10.733270870301721 0.06
11.445640609392248 4.071524412383046 0.06
-11.190313506209275 4.7293639776137235 0.06
5.056920758300352 -11.046608187324788 0.06
3.73318708553618 11.561717613935478 0.06
-10.56292178626649 -6.003722456711069 0.06
11.844627201748647 -2.7082847803722605 0.06
-6.904673226492414 9.99827423285433 0.06
-1.6625023528707197 -12.03686362499382 0.06
9.356978894179058 7.75286695190158 0.06
-12.136942363210265 0.6038460665699562 0.06
8.541800620991516 -8.64393672762758 0.06
-0.4595781361591831 12.144084483268571 0.06
-7.864598826583005 -9.265424183323137 0.06
12.058222700440384 1.5196266997470855 0.06
-9.91818694550266 7.024924747928669 0.06
2.5681808183261343 -11.880001990083239 0.06
6.131336939142808 10.495080149227205 0.06
-11.610774744508268 -3.5972086167317308 0.06
10.99167540383748 -5.19067161518374 0.06
-4.598826674179285 11.252590511560308 0.06
-4.210126458813111 -11.404158680095685 0.06
10.808180392350048 5.5653604201722615 0.06
-11.729359602939216 3.197205546244657 0.06
6.489402937847947 -10.280936217594702 0.06
2.1596619188760995 11.964775818884215 0.06
-9.674884660449408 -7.363871726680251 0.06
12.10859225087919 -1.1054382397712241 0.06
-8.182062987487294 8.994656484201636 0.06
-0.042605990640409805 -12.159695091965158 0.06
8.24545115948354 8.937703014565406 0.06
-12.117680430272515 -1.0206963259415427 0.06
9.624996301487753 -7.432997120700845 0.06
-2.076325506846204 11.982857438425105 0.06
-6.563507966489347 -10.238669990473905 0.06
11.756246102220185 3.1161960118119536 0.06
-10.77401432515684 5.643634938699991 0.06
4.132341895003335 -11.439569505134372 0.06
4.680416042501512 11.226918796762295 0.06
-11.035240727156411 -5.116977828143133 0.06
11.59390370513169 -3.6812221986907594 0.06
-6.062558748667319 10.546344457628784 0.06
-2.6537008379224685 -11.872146893582878 0.06
9.976613461731857 6.961837676590191 0.06
-12.059505451148445 1.6057173704363314 0.06
7.807921255560049 -9.330400080756108 0.06
0.5452949785133272 12.154532215861217 0.06
-8.61264298360529 -8.594322593256233 0.06
12.156486951967159 0.5194468082991913 0.06
-9.31501099668454 7.828829422822169 0.06
1.5803542833588342 -12.065342114464444 0.06
6.984953285039167 9.964458219382555 0.06
-11.881783156402186 -2.629302003239135 0.06
10.53768086782598 -6.087469254776923 0.06
-3.658255020899917 11.607203375579346 0.06
-5.143243443637105 -11.030278640156103 0.06
11.243693339697332 4.6593304328890275 0.06
-11.438468104565372 4.159500861983408 0.06
5.624857771721475 -10.794024969764733 0.06
3.143770134169027 11.759111758270983 0.06
-10.261630403370997 -6.547437778597978 0.06
11.989742143150643 -2.1038258817586315 0.06
-7.419999107054511 9.650575798951598 0.06
-1.047629215044032 -12.128580833213187 0.06
8.96553028042398 8.235852523618957 0.06
-12.17455214780391 -0.01673321257888661 0.06
8.988742188653195 -8.211730260178191 0.06
-1.0811111186289284 12.127291484464983 0.06
-7.394939412771656 -9.67289362504501 0.06
11.987148207249469 2.13735300253277 0.06
-10.283058007436438 6.521404604507942 0.06
3.1773685734846193 -11.755183067406152 0.06
5.597808117525808 10.814552430838836 0.06
-11.433160175680896 -4.1931907179645895 0.06
11.26329585138822 -4.631216531765813 0.06
-5.177036533034589 11.023533586632974 0.06
-3.6290266575856505 -11.625840422031121 0.06
10.529428597333954 6.121366956297096 0.06
-11.899397983209223 2.5989089320705836 0.06
7.018944536485839 -9.954617902950147 0.06
1.5487487113695446 12.081861505125408 0.06
-9.303492790538364 -7.862888902712583 0.06
12.171821316150348 -0.4865859098946796 0.06
-8.6467295053543 8.58102959214309 0.06
0.5794465522748409 -12.168575992820887 0.06
7.792751652049302 9.364455226519206 0.06
-12.072137827193943 -1.6411850234611287 0.06
10.010560477897467 -6.944687100104457 0.06
-2.6904976368863123 11.88323282890263 0.06
-6.043322753536833 -10.580087433314718 0.06
11.603295261152153 3.7193465934924643 0.06
-11.068664072386806 5.0955544990367425 0.06
4.719849731845594 -11.2344567518326 0.06
4.108634535902309 11.472537742382496 0.06
-10.779530062518772 -5.6843409144116315 0.06
11.788603981288704 -3.0901158833196045 0.06
-6.605428768283357 10.241987638497452 0.06
-2.0477945754904066 -12.014430380862509 0.06
9.62593510394999 7.476053328765338 0.06
-12.148275305535783 0.9896499890918458 0.06
8.289540152555738 -8.93607990447524 0.06
-0.07621624270502805 12.189101323901937 0.06
-8.177695335771451 -9.039651486384964 0.06
12.13658324860979 1.141642259888903 0.06
-9.720634097114027 7.356580234730275 0.06
2.198468474849937 -11.99111072274337 0.06
6.479014639354299 10.327263398550107 0.06
-11.753785331932436 -3.2386000634301775 0.06
10.854883534886408 -5.551711758012291 0.06
-4.254068967590403 11.426412263654079 0.06
-4.581766614870661 -11.299443114014808 0.06
11.011486577000333 5.237094935605185 0.06
-11.657526316715934 3.5766017635565 0.06
6.180145132981795 -10.512174186878822 0.06
2.543910485805921 11.926379142061798 0.06
-9.932287708376101 -7.075991865317613 0.06
12.10393058793005 -1.4915979091468772 0.06
-7.917767973205941 9.276257344558434 0.06
-0.42772049336308227 -12.18880860377901 0.06
8.549097040916424 8.699019472618398 0.06
-12.180350692380815 -0.6395756488627613 0.06
9.413755038135822 -7.75636616476894 0.06
-1.7021171275190348 12.07860907903747 0.06
-6.904127001818744 -10.056491950116468 0.06
11.884350407652422 2.751765867244468 0.06
-10.622298152264609 5.998898395905357 0.06
3.780481437271534 -11.599049965512062 0.06
5.047605886055259 11.106830097694855 0.06
-11.22488047995183 -4.780382642717671 0.06
11.506366093398045 -4.057528721364743 0.06
-5.743807903848664 10.764695572271686 0.06
-3.036244161030729 -11.817834886078195 0.06
10.222007994921436 6.66337396157249 0.06
-12.03883927099486 1.9915694833853927 0.06
7.532032460076138 -9.600962817361571 0.06
0.9315021497527951 12.167674541382421 0.06
-8.906305766353878 -8.343123971044161 0.06
12.203341636974363 0.13584141963286045 0.06
-9.090429047647776 8.143346961150653 0.06
1.2022879897824457 -12.145554890149109 0.06
7.31792032187686 9.768215915030835 0.06
-11.994744309455271 -2.259670097777648 0.06
10.371284432450976 -6.4363389610243535 0.06
-3.29988860379719 11.752052382564054 0.06
-5.505346898410384 -10.89500599027661 0.06
11.419325422078801 4.314974728160623 0.06
-11.335359034723709 4.532067470140706 0.06
5.297151097037853 -10.999099520194854 0.06
3.523948825720127 11.688959948331833 0.06
-10.49458121844907 -6.238891331749259 0.06
11.953089049255393 -2.48870692942557 0.06
-7.1329777229509785 9.90962304045341 0.06
-1.4342665042041056 -12.125711508811273 0.06
9.248694074205694 7.972556548670726 0.06
-12.205493027277903 0.3687003676028778 0.06
8.751190612814984 -8.51684582801514 0.06
-0.6998323737764303 12.191810146512884 0.06
-7.719673621782263 -9.46290860006368 0.06
12.084755120099947 1.7631487989441388 0.06
-10.102250869520386 6.863273808414947 0.06
2.8131048387543567 -11.88513530281321 0.06
5.954197151637016 10.664311336389128 0.06
-11.59446706336119 -3.8416576521903316 0.06
11.14477511902915 -4.999398718472933 0.06
-4.840927235776951 11.214964266457248 0.06
-4.006184667566872 -11.539951664082139 0.06
10.749521411266292 5.803256795001196 0.06
-11.846803094098629 2.9821563422555797 0.06
6.7212714131256215 -10.20169155537945 0.06
1.9351520955270372 12.062967560562257 0.06
-9.575659191744796 -7.587934570326329 0.06
12.18677742286214 -0.8731872912597956 0.06
-8.396602077963133 8.876208286444456 0.06
0.19560705745955298 -12.217272112835666 0.06
8.108685721230088 9.141073015479053 0.06
-12.154205586046775 -1.2630465439204355 0.06
9.81563727993353 -7.278960419509033 0.06
-2.3209560415206925 11.99804830184179 0.06
-6.393378469289883 -10.41511938234126 0.06
11.749983716358884 3.361232313497702 0.06
-10.934918155632307 5.458714585836395 0.06
4.37590608179738 -11.411899314456326 0.06
4.482120284403921 11.371042069930747 0.06
-10.986372248701706 -5.357203077442283 0.06
11.720139882972378 -3.4710691614487037 0.06
-6.297603605633 10.476649694741075 0.06
-2.4332997006701746 -11.979526391586543 0.06
9.886624072303398 7.189900169887688 0.06
-12.147203085342904 1.3767560435443411 0.06
8.027252712169197 -9.22080332156436 0.06
0.3095271769348827 12.221873544049568 0.06
-8.484276461678117 -8.803241046445036 0.06
12.202953460434177 0.7602149975352925 0.06
-9.511914084331718 7.682674693900029 0.06
1.824278236615875 -12.09057521027886 0.06
6.822128348082658 10.147835473749415 0.06
-11.885586934577919 -2.87451269271692 0.06
10.706125302504374 -5.9092199998879416 0.06
-3.9028733356983683 11.589546139754338 0.06
-4.950934118827969 -11.182497545317196 0.06
11.204707864384815 4.901481579460753 0.06
-11.57329296768398 3.954603631738146 0.06
5.862685642097335 -10.734007502417061 0.06
2.9278538097019706 11.875507234177986 0.06
-10.181038413206656 -6.779119177947126 0.06
12.086814004567323 -1.8785439092539835 0.06
-7.6437577302638475 9.55002449007497 0.06
-0.8147070138436198 -12.205582840716538 0.06
8.845787895629792 8.449972574247179 0.06
-12.230891786428035 -0.2555114648841498 0.06
9.1915815357624 -8.073712211333259 0.06
-1.323916152981128 12.1625345228647 0.06
-7.239701282618578 -9.86289639702511 0.06
12.001022044321125 2.3823244723837345 0.06
-10.458766526181552 6.350134073452644 0.06
3.422629308600534 -11.74757884059131 0.06
5.41181587672023 10.974618395027631 0.06
-11.404133614649425 -4.4368611088497065 0.06
11.406490682363916 -4.431926253125743 0.06
-5.417248935748081 10.97330460563892 0.06
-3.417964095996866 -11.751064693825677 0.06
10.458379629235713 6.356280007267416 0.06
-12.005689863643047 2.3776902443376877 0.06
7.246757267607443 -9.863290987514194 0.06
1.319068080873312 12.168404143437266 0.06
-9.19258543917754 -8.081854548519239 0.06
12.237949120382149 -0.2502025718049776 0.06
-8.85516889642411 8.451389460662845 0.06
0.8207217858662818 -12.213779748718432 0.06
7.645370062064029 9.560769666407358 0.06
-12.096068619252781 -1.8855036351935566 0.06
10.193244004854769 -6.7806914586561415 0.06
-2.9359875668249265 11.885704733310915 0.06
-5.863967928879998 -10.747738372749255 0.06
11.584286790026649 3.9641265830462684 0.06
-11.219995791437565 4.902213218549694 0.06
4.962043740751889 -11.19411103727603 0.06
3.9027868796117877 11.606388524098705 0.06
-10.71815377914485 -5.922092498990793 0.06
11.903945942638495 -2.8733379534507373 0.06
-6.836915311290762 10.160048672434495 0.06
-1.821746428770683 -12.110377366096454 0.06
9.524058986069784 7.699500011680201 0.06
-12.224089694313317 0.7560629242219207 0.06
8.503233563197165 -8.81504503503625 0.06
-0.31555294507520687 12.244199701852889 0.06
-8.0384270369829 -9.241952757458908 0.06
12.170540896754188 1.3848950431111227 0.06
-9.909991475305514 7.200143676300639 0.06
2.4437735531702525 -12.003664891224917 0.06
6.306606692092504 10.502224146877367 0.06
-11.74483727281702 -3.4840777022116107 0.06
11.01410507819592 -5.364651836462351 0.06
-4.497837887447723 11.396028007083865 0.06
-4.381486580046565 -11.441703341236911 0.06
10.9598964446073 5.477286730077612 0.06
-11.781732961164815 3.3646349626374885 0.06
6.414918589247401 -10.439771046020509 0.06
2.3218800127677466 12.031578167734674 0.06
-9.839623980451089 -7.303547078189601 0.06
12.18931351741866 -1.2612041762041577 0.06
-8.136360144213402 9.164040790156692 0.06
-0.1907282084743119 -12.25371873149095 0.06
8.41818535398025 8.906972288383546 0.06
-12.224288135354858 -0.8813509992179557 0.06
9.609473525470662 -7.607760417053002 0.06
-1.9468231854293503 12.101234626461661 0.06
-6.738963987741068 -10.238474709248885 0.06
11.885488139485878 2.9975275955594687 0.06
-10.789148874374312 5.818441936342369 0.06
4.025415486831735 -11.578688619976583 0.06
4.85323715760332 11.25726827840833 0.06
-11.183173559258123 -5.022611785068605 0.06
11.6392368600278 -3.8507356850568457 0.06
-5.9814754187456 10.701960185636189 0.06
-2.818610171437113 -11.932117863207322 0.06
10.138722447592052 6.894657869009386 0.06
-12.13365641632842 1.7647611652833282 0.06
7.755159487674267 -9.49776296402136 0.06
0.6972566352021697 12.24229689170568 0.06
-8.78398015639203 -8.556383150146507 0.06
12.25719491239098 0.3757297960725446 0.06
-9.292184832833899 8.002830813684097 0.06
1.445981435796294 -12.178223913499558 0.06
7.16028837545055 9.956920727834872 0.06
-12.005976206921394 -2.5053014427085194 0.06
10.545490532049739 -6.262797253500174 0.06
-3.545575604867236 11.741758540788103 0.06
-5.317223539566117 -11.053376580497202 0.06
11.387582186633862 4.558834493887573 0.06
-11.47667852209859 4.3308024776478735 0.06
5.537314517320108 -10.94614762993246 0.06
3.3110831022842304 11.812143272487337 0.06
-10.420823979883847 -6.473517404029883 0.06
12.05719001398666 -2.2658704655430784 0.06
-7.3602676646552405 9.815623256045972 0.06
-1.2031658963467635 -12.20993004999898 0.06
9.135169747937947 8.190767587739218 0.06
-12.26918136155204 0.13110574870718758 0.06
8.958649350599801 -8.38466468101127 0.06
-0.9421008931622104 12.23447775375406 0.06
-7.56984645988251 -9.658023844131069 0.06
12.106072521210343 2.008235073689293 0.06
-10.283525837951561 6.696946792395967 0.06
3.0591309100677724 -11.88493660374627 0.06
5.772643029175734 10.830355139962345 0.06
-11.572751245767334 -4.086738137389111 0.06
11.294313433217303 -4.804007084949729 0.06
-5.083183776643286 11.171895214907385 0.06
-3.7984513302137666 -11.671836508964528 0.06
10.685426676722289 6.040832453924846 0.06
-11.960021647142465 2.763671869069061 0.06
6.952344907164858 -10.117059864002924 0.06
1.7075896366068972 12.156649934622315 0.06
-9.471136718620695 -7.810734232912731 0.06
12.260203349653466 -0.6382897658163967 0.06
-8.609419442772307 8.752593721772662 0.06
0.43604031029868273 -12.269876480543504 0.06
7.966924167312315 9.342275917157176 0.06
-12.18558278850104 -1.5071735482641817 0.06
10.003682371679028 -7.120136164888862 0.06
-2.56690629625079 12.00795536576765 0.06
-6.218706695350596 -10.588563974269679 0.06
11.738342182619629 3.6071211240728602 0.06
-11.092431283119794 5.269532069289017 0.06
4.6198490025182934 -11.378795858698352 0.06
4.279875166873506 11.511414706975831 0.06
-10.93205803651505 -5.597330353504852 0.06
11.842294222408198 -3.257309863970186 0.06
-6.532074504291152 10.401538476128882 0.06
-2.2096630691872607 -12.082524120425747 0.06
9.791289029900332 7.416917090877679 0.06
-12.230252592351672 1.1449548145124382 0.06
8.245074969231922 -9.105972696628584 0.06
0.07133686026118669 12.28433600372312 0.06
-8.350827991234304 -9.010198214291274 0.06
12.244347746786945 1.0029697182634612 0.06
-9.706418808702008 7.5316289015110085 0.06
2.069737482354332 -12.110581602637321 0.06
6.654640739557078 10.328395646344461 0.06
-11.884049586834662 -3.1207956385599767 0.06
10.871355507391034 -5.726572223583553 0.06
-4.148092622673113 11.566474293998361 0.06
-4.75452415819026 -11.331129689010941 0.06
11.16027579947589 5.1437577780872195 0.06
-11.704186011347288 3.745935105121614 0.06
6.100161656877366 -10.668553217749967 0.06
2.70852445936379 11.987655953230728 0.06
-10.09506105758688 -7.009974482378154 0.06
12.179356708475241 -1.6502333676541496 0.06
-7.866222323268565 9.44418055528966 0.06
-0.5791639409212976 -12.277807993674461 0.06
8.720886203715114 8.66234055102034 0.06
-12.282243478052667 -0.4964827749607703 0.06
9.392224168989722 -7.930707733830906 0.06
-1.5684695930006827 12.192616746860875 0.06
-7.079687839051434 -10.050274628167495 0.06
12.009601752165638 2.6285862653487415 0.06
-10.631442771015339 6.174335964832634 0.06
3.6687123646966318 -11.734587746705126 0.06
5.221578518096763 11.131267572893504 0.06
-11.369668739077927 -4.680879486125886 0.06
11.545910384509646 -4.228705876846048 0.06
-5.657332293695401 10.917627549917205 0.06
-3.203316604470389 -11.872184412799706 0.06
10.38191459085645 6.5905879425254605 0.06
-12.107579212917665 2.1532592976518345 0.06
7.473493421921505 -9.766621528066704 0.06
1.0865725104495785 12.250280004127877 0.06
-9.076450030763581 -8.29928038079518 0.06
12.299181660180693 -0.011423216486212159 0.06
-9.061617013304057 8.316675844602727 0.06
1.063955720482084 -12.25389726678225 0.06
7.493108462963019 9.754656609141707 0.06
-12.114761179765583 -2.1313285896934815 0.06
10.373082394417706 -6.612046705719903 0.06
-3.182519905841288 11.882826559742591 0.06
-5.6802305447302714 -10.912148320047399 0.06
11.55985740159825 4.2094770286478775 0.06
-11.367715485069166 4.704789543701049 0.06
5.204331850769641 -11.148315118755148 0.06
3.693188308193339 11.736283914434928 0.06
-10.651339784847892 -6.159461079324757 0.06
12.01501944790614 -2.6531693625619295 0.06
-7.067544651735982 10.072726174959692 0.06
-1.5926938900425693 -12.201775533610716 0.06
9.416894789950879 7.9216218361517345 0.06
-12.29510975804739 0.5198807916896753 0.06
8.71514458741212 -8.688858084955768 0.06
-0.5570554719181867 12.294294985935794 0.06
-7.89418215941178 -9.442027750119397 0.06
12.19932502336665 1.6298677781526563 0.06
-10.096695722632152 7.038944202405755 0.06
2.6903394982532522 -12.010914760505898 0.06
6.129686018316254 10.674125224900552 0.06
-11.730494791783906 -3.730347428850383 0.06
11.169883842491679 -5.173363987314576 0.06
-4.7419240154893165 11.360200554185903 0.06
-4.177295845336814 -11.580164049810858 0.06
10.902856066204365 5.7173183923611175 0.06
-11.901812452784462 3.1491046884384066 0.06
6.649055771327336 -10.361952390827641 0.06
2.0966606319270125 12.132354025271743 0.06
-9.741620987367785 -7.529994723668503 0.06
12.270011153522391 -1.0280205700452267 0.06
-8.353381916421808 9.04660215541709 0.06
0.04863350354173804 -12.313717342148685 0.06
8.282208811272522 9.112903884409175 0.06
-12.263125475595048 -1.125057140687412 0.06
9.802735439322738 -7.454285875028274 0.06
-2.193006570265803 12.118610571462847 0.06
-6.569165577067477 -10.417584346722215 0.06
11.881267003640318 3.244301833709038 0.06
-10.952731926624205 5.6336190271890825 0.06
4.270889438834343 -11.552900216017331 0.06
4.654804416272449 11.404069266987577 0.06
-11.136012989158752 -5.26490405470865 0.06
11.768128772434105 -3.6402122459286024 0.06
-6.218728772726634 10.63378636475559 0.06
-2.597608006612887 -12.042110805169525 0.06
10.050055373226671 7.125053473138129 0.06
-12.223905213989863 1.5349727422307797 0.06
7.976930850425291 -9.389279749135886 0.06
0.460441955210407 12.31210758586368 0.06
-8.656509858796836 -8.767829666716455 0.06
12.306030094497558 0.6177566780864968 0.06
-9.491684825842837 7.857348100145802 0.06
1.6913663073990632 -12.20570686253751 0.06
6.997906069141155 10.142943884665701 0.06
-12.011893795300452 -2.7521641394405445 0.06
10.716609643452749 -6.084757821791724 0.06
-3.7920244162829677 11.72606288684799 0.06
-5.1248895872607445 -11.208278490401032 0.06
11.350391040960554 4.802980659682314 0.06
-11.614174204629299 4.125646318399509 0.06
5.777286702953976 -10.887743492196684 0.06
3.0946754880244214 11.931176958867924 0.06
-10.341651953318413 -6.707476043671379 0.06
12.15684729924643 -2.039868560178521 0.06
-7.586419063157075 9.716287655178132 0.06
-0.9693005858171658 -12.28944491725865 0.06
9.016429485951305 8.407377672310668 0.06
-12.327942069927335 -0.10883161542389629 0.06
9.164056967233801 -8.24742747172072 0.06
-1.1862722150613763 12.272031544604722 0.06
-7.4151618786689415 -9.850653496755173 0.06
12.12212910655482 2.254769594441184 0.06
-10.461899772610602 6.525998249145507 0.06
3.306139540831037 -11.879370409939812 0.06
5.586738714680181 10.993104681294254 0.06
-11.545602395120904 -4.332327934699598 0.06
11.44018948651579 -4.604569959574246 0.06
-5.325472448948882 11.123369237577544 0.06
-3.587008232622138 -11.799719146619594 0.06
10.615892954915914 6.277962788179513 0.06
-12.068928706707409 2.5418418267889655 0.06
7.182499004911285 -10.027048820288472 0.06
1.4770714691220836 12.24574456189192 0.06
-9.361335769747157 -8.03214744673256 0.06
12.32880042905122 -0.4008490746234238 0.06
-8.820393906256943 8.623842028844535 0.06
0.6785846649473986 -12.317447903380724 0.06
7.820206222438423 9.541193564671842 0.06
-12.211761518598987 -1.7529633803548152 0.06
10.189017348069214 -6.95657426329545 0.06
-2.814058329924813 12.012538271147392 0.06
-6.039552350536876 -10.758894339341962 0.06
11.721291611318362 3.853741423920108 0.06
-11.24644992111719 5.076156436892303 0.06
4.864047486374064 -11.340239946769122 0.06
4.073758550506181 11.647939357336034 0.06
-10.872289745311166 -5.837235278280435 0.06
11.960276554840158 -3.0400303833581823 0.06
-6.765846812513554 10.321013366409337 0.06
-1.9828845773545876 -12.181057784646182 0.06
9.690621789529317 7.64276450849427 0.06
-12.308580180655138 0.9104141565153538 0.06
8.46126574652447 -8.985932448371273 0.06
-0.1691694289467149 12.341854872923676 0.06
-8.212332416465747 -9.215074404553977 0.06
12.280614654756482 1.247599174967797 0.06
-9.898408982802907 7.375737224790939 0.06
2.316615828802559 -12.125316123785865 0.06
6.482545627293947 10.506026945998766 0.06
-11.877136280215897 -3.368031143142727 0.06
11.03326494387851 -5.5395906598034435 0.06
-4.393790595541413 11.537963607263281 0.06
-4.554087365795109 -11.476074601740152 0.06
11.110383701615834 5.386035091128655 0.06
-11.831053605216049 3.5335775908425044 0.06
6.337161176779921 -10.597659563295727 0.06
2.4858722658225543 12.095471841892497 0.06
-10.003706694634891 -7.239879306156774 0.06
12.267292397881219 -1.418991622556555 0.06
-8.087269707140374 9.333063199398666 0.06
-0.3411037987170159 -12.345187248417938 0.06
8.59085510912513 8.872835425838726 0.06
-12.328547521584213 -0.7395376988631597 0.06
9.590552138615708 -7.7827572027202345 0.06
-1.814657192086879 12.21748825557886 0.06
-6.914949618438515 -10.234914351105097 0.06
12.01284761268711 2.876020207571141 0.06
-10.800977630340213 5.994070589248206 0.06
3.9154965462580233 -11.716180554952262 0.06
5.0271656642648495 11.284396544965823 0.06
-11.329747029626029 -4.925122561386692 0.06
11.681458023085549 -4.021633804175893 0.06
-5.897162170396791 10.856494753650509 0.06
-2.9851707621670465 -11.989109871908884 0.06
10.300036728793817 6.824166131147333 0.06
-12.20498423926806 1.9257101856765249 0.06
7.699029129191968 -9.66462365888365 0.06
0.8513628872579241 12.327415837644153 0.06
-8.955111479135944 -8.515044239241957 0.06
12.355454789680877 0.2296452484853559 0.06
-9.2659543419862 8.176924246452765 0.06
1.3090362473575692 -12.288873996550864 0.06
7.336012674008688 9.946000102894828 0.06
-12.128170971872425 -2.3785434360194144 0.06
10.549964145607248 -6.4388086263222295 0.06
-3.429974753380055 11.874564126365877 0.06
-5.492175924490693 -11.073211079648251 0.06
11.52998353117243 4.455275498876873 0.06
-11.51172307706091 4.5033578357780195 0.06
5.44659003785797 -11.097056229446904 0.06
3.4799216510557383 11.862130723546825 0.06
-10.579086208661371 -6.3963219892146475 0.06
12.121738907894965 -2.429700773516238 0.06
-7.297192436658606 9.980029185446927 0.06
-1.3607347610038842 -12.288547550878247 0.06
9.30446239617816 8.142295715466652 0.06
-12.36126701366432 0.28120778242150324 0.06
8.925152348051709 -8.557549623815634 0.06
-0.8006140413927425 12.339328067472913 0.06
-7.745001727569402 -9.639758723118906 0.06
12.2228863472824 1.8764459335183454 0.06
-10.280633136242642 6.8730329780956065 0.06
2.938047906621906 -12.012821254742562 0.06
5.948313531702029 10.84285783954445 0.06
-11.710729317913051 -3.9772878752451115 0.06
11.322116778298644 -4.977918406178262 0.06
-4.986203949079124 11.31891205806405 0.06
-3.9692733504496807 -11.714728723679862 0.06
10.84035845583681 5.957065430979197 0.06
-12.017675548694926 2.930098019913344 0.06
6.882432053107536 -10.278722149876318 0.06
1.8683468942456323 12.22862542899907 0.06
-9.638293542462042 -7.7552109957972455 0.06
12.345950790830136 -0.7921483891296655 0.06
-8.568711253006096 8.923967024961863 0.06
0.2902573728698225 -12.368740867909503 0.06
8.14120357277418 9.316694928280572 0.06
-12.296808770121991 -1.370581654280723 0.06
9.993425066252911 -7.29598899705777 0.06
-2.4405505752507635 12.130693009455115 0.06
-6.394788170639031 -10.593709654915749 0.06
11.87165347053105 3.4919684814768974 0.06
-11.112941459535662 5.4444955796596455 0.06
4.516780719991396 -11.521661856152264 0.06
4.45238257865448 11.547133383368102 0.06
-11.083386679898078 -5.507135344610471 0.06
11.892949084023702 -3.4260417517624893 0.06
-6.455443276124235 10.560172920399667 0.06
-2.3733288072319683 -12.147728609611054 0.06
9.956016492382483 7.35443645722825 0.06
-12.309508858222948 1.3023024492531698 0.06
8.197223557198143 -9.275533728757383 0.06
0.2211626864063948 12.377038703427468 0.06
-8.523926107618292 -8.97734279794769 0.06
12.349788668835764 0.8618119488007696 0.06
-9.688811497338442 7.706940493415167 0.06
1.9383277912998265 -12.227955077341212 0.06
6.830825195431058 10.326171950411453 0.06
-12.012458642257197 -3.000139558097319 0.06
10.884533295161933 -5.9022821812000235 0.06
-4.039113500675176 11.704937510668884 0.06
-4.928415808311449 -11.359609043465616 0.06
11.307734811214894 5.047289712235555 0.06
-11.747749987731174 3.9166784685192346 0.06
6.01694311090338 -10.823880801272358 0.06
2.874813559408133 12.045972231357798 0.06
-10.257069749572365 -6.940642632523843 0.06
12.251980127824293 -1.8107962191805747 0.06
-7.81130818022897 9.61163173001796 0.06
-0.7327722796766927 -12.364183951484119 0.06
8.892499543184188 8.622264892385818 0.06
-12.381712164508519 -0.35100409579064085 0.06
9.367294315253918 -8.105171016789937 0.06
-1.4322336132918123 12.304418185227494 0.06
-7.255666974489197 -10.040682086158629 0.06
12.132881605221764 2.502635401665891 0.06
-10.637261762398623 6.350485193921187 0.06
3.5540104344440238 -11.86840384516229 0.06
5.3965507053474475 11.152454460100431 0.06
-11.51299828196763 -4.578304332327681 0.06
11.582303997888134 -4.401162812315015 0.06
-5.5676690660999055 11.069374922297746 0.06
-3.3719392391170824 -11.923507276288404 0.06
10.54091973861269 6.514523088003094 0.06
-12.173439659774814 2.3167578315010995 0.06
7.411609429322583 -9.931668825891075 0.06
1.243696258907216 12.330175165648711 0.06
-9.246277576146564 -8.252051319814319 0.06
12.392501305307464 -0.16097017721555806 0.06
-9.029404903282236 8.489985105557178 0.06
0.923129672463203 -12.359928462892412 0.06
7.668574206941016 9.737708643856571 0.06
-12.232693739179929 -2.0003009482145875 0.06
10.371529044951112 -6.7883271333764945 0.06
-3.062293289671709 12.011759230355546 0.06
-5.855977550230464 -10.926002330733635 0.06
11.698804754178724 4.100971509728557 0.06
-11.396871769004289 4.878659024862575 0.06
5.108377912448106 -11.296215078671809 0.06
3.8638504458638074 11.780520350646574 0.06
-10.807061749973666 -6.076793260615021 0.06
12.073998573506307 -2.8193187912982967 0.06
-6.9987959237258615 10.235079658607365 0.06
-1.7530596832207106 -12.275047117916335 0.06
9.584638521944733 7.867318755691365 0.06
-12.382114239597577 0.6732361825948862 0.06
8.675703264290675 -8.860709501500212 0.06
-0.41188370530516044 12.394367745605425 0.06
-8.068827209840807 -9.417750658078214 0.06
12.311701461292683 1.4939903373193708 0.06
-10.08776937989734 7.215047396795509 0.06
2.5647960668475704 -12.13473613785991 0.06
6.305900639551867 10.680618761293719 0.06
-11.864814792932936 -3.616098716766427 0.06
11.191748463733921 -5.34834239035885 0.06
-4.639844407371074 11.503992518920871 0.06
-4.349699763043387 -11.617233404360105 0.06
11.055020836721049 5.628189255849832 0.06
-11.953803897103079 3.3176154674107807 0.06
6.573559475560668 -10.521326713930453 0.06
2.2599893181622224 12.19887077896117 0.06
-9.906986407054136 -7.4687094153169875 0.06
12.350545327357702 -1.1849177679834344 0.06
-8.306777092435539 9.216694328043443 0.06
-0.10063192686188771 -12.407653815903153 0.06
8.455727172767656 9.081336794752119 0.06
-12.369746596331954 -0.9845654587350054 0.06
9.786448348958592 -7.629903584788322 0.06
-2.0623635826942617 12.237101636121869 0.06
-6.745539664307989 -10.416702675858982 0.06
12.010722484272517 3.1245072260743254 0.06
-10.967263285095889 5.80940066060069 0.06
4.1628599873656436 -11.692330679791354 0.06
4.828649219014472 11.433903389469013 0.06
-11.284352660717403 -5.169466609676487 0.06
11.813038354783517 -3.81079057787404 0.06
-6.136613930026266 10.789901272662673 0.06
-2.763615133768299 -12.101753236304516 0.06
10.212752018316896 7.056889981597005 0.06
-12.297825189591222 1.6951388162199819 0.06
7.923240797007186 -9.557314229041594 0.06
0.6135417274157245 12.399740583928349 0.06
-8.828597378084327 -8.729024477894571 0.06
12.406706686577715 0.47289448424340685 0.06
-9.468062114978217 8.032172793641472 0.06
1.555850035072665 -12.31865782739193 0.06
7.174131064098262 10.13468516901933 0.06
-12.13625599611286 -2.6270307186659774 0.06
10.723778949838355 -6.2610354602896034 0.06
-3.6782314299371284 11.8608858669082 0.06
-5.299871732724414 -11.230821858469161 0.06
11.494644287728233 4.7013990150376195 0.06
-11.651920093015464 4.297994665653103 0.06
5.688693966490087 -11.040324313878614 0.06
3.263071798690815 11.983837550492275 0.06
-10.501393907795574 -6.632550489315103 0.06
12.224020695689923 -2.203024745967346 0.06
-7.525734478775274 9.88196946741757 0.06
-1.125968561050984 -12.370618206036625 0.06
9.186784384588002 8.361398966147355 0.06
-12.422495240834268 0.04014961332301441 0.06
9.133136605676784 -8.421152874876856 0.06
-1.0461175493575339 12.379242225311136 0.06
-7.59092935368053 -9.835028802572534 0.06
12.241178081356141 2.1245138692242107 0.06
-10.461691103542762 6.702463670476267 0.06
3.1867794886162657 -12.009347879503478 0.06
5.762552543092352 11.008314502597566 0.06
-11.685514929317813 -4.224777016209315 0.06
11.470702345585993 -4.778387562658352 0.06
-5.23055386263099 11.272147368186598 0.06
-3.7575001683317435 -11.845302549322534 0.06
10.772399350592394 6.196403168884076 0.06
-12.129234888570265 2.7077040122380254 0.06
7.11492286147973 -10.190086980747177 0.06
1.6370351547501487 12.320313141398323 0.06
-9.529659172850213 -7.979072380252721 0.06
12.417061922002228 -0.5536905500027632 0.06
-8.782226644946252 8.796163661323959 0.06
0.5340347100741681 -12.418728072086772 0.06
7.995208419993987 9.518226847520355 0.06
-12.325286522336736 -1.6178109105530165 0.06
10.18142767907464 -7.132918786567864 0.06
-2.6893375016824663 12.137440578723519 0.06
-6.215890618399481 -10.766740631226025 0.06
11.856616630485647 3.7404066727685175 0.06
-11.269673038185477 5.251139839348723 0.06
4.762966223224913 -11.484953319731806 0.06
4.246048763116511 11.686362560747323 0.06
-11.025285254997105 -5.749181250051475 0.06
12.013606847735204 -3.208309602898359 0.06
-6.691494179954784 10.481121392276268 0.06
-2.1458656010747097 -12.248888146363502 0.06
9.85661824931308 7.58268268407088 0.06
-12.390392672923989 1.066850228828549 0.06
8.415915033919928 -9.156548156474718 0.06
-0.02047507986418007 12.437024594777666 0.06
-8.386262787729153 -9.184802472298971 0.06
12.38841451552218 1.1077841809663618 0.06
-9.88344819854184 7.551652250119841 0.06
2.18674997821523 -12.244922397989123 0.06
6.659100043760415 10.506492593020283 0.06
-12.007634901733974 -3.2491081955915475 0.06
11.049154332893085 -5.715434237913158 0.06
-4.286720676937868 11.678357154921807 0.06
-4.72787523611242 -11.507267084401706 0.06
11.259599022549676 5.291637728661931 0.06
-11.87731149042321 3.7039805290337093 0.06
6.256159026353035 -10.754555975817015 0.06
2.6515868598528693 12.156442206692534 0.06
-10.167084708447184 -7.17289261952662 0.06
12.34250978013108 -1.5787502422386617 0.06
-8.034811583091354 9.501673685420956 0.06
-0.49368429214777515 -12.434077200165943 0.06
8.763408850188803 8.835307879436494 0.06
-12.430430996090902 -0.5953026553128644 0.06
9.568243020547753 -7.957934750909888 0.06
-1.6798711633710468 12.331586794669793 0.06
-7.0914113841112085 -10.227995139874578 0.06
12.138289294567324 2.7517145566704984 0.06
-10.80950211383635 6.170467085315951 0.06
3.8026225417033133 -11.852006657327268 0.06
5.202147826145189 11.308300402577434 0.06
-11.474919356776288 -4.824544098200455 0.06
11.720559310965486 -4.193863307040449 0.06
-5.809649157537533 11.009903572071986 0.06
-3.153330257483116 -12.043110407500276 0.06
10.46050925016343 6.750388598239759 0.06
-12.273471875371435 2.08851337665489 0.06
7.6395520967299895 -9.830933005638297 0.06
1.0075643686814182 12.409867607793553 0.06
-9.125986064699564 -8.470323390928437 0.06
12.451240901496345 0.0812404634682519 0.06
-9.236332533714702 8.351057497505533 0.06
1.1695635854988684 -12.397262642191421 0.06
7.5120730207978035 9.931704734344542 0.06
-12.248333919002949 -2.249070076409778 0.06
10.551105414113593 -6.615449685415409 0.06
-3.311491462153938 12.00558304690287 0.06
-5.6680467943521835 -11.089781131160072 0.06
11.670857019315422 4.348689047827626 0.06
-11.543596059118249 4.677113428591359 0.06
5.352716264141244 -11.24670745576668 0.06
3.650232979929552 11.909063741211341 0.06
-10.736371151017865 -6.315879551384063 0.06
12.183373874752165 -2.595265117094285 0.06
-7.230797312309393 10.143745374776481 0.06
-1.5202856285684874 -12.364413920908992 0.06
9.473358109422326 8.090456484688751 0.06
-12.450785373610557 0.43352460170722507 0.06
8.888266297909022 -8.73033345396696 0.06
-0.6566965870263541 12.441814561895221 0.06
-7.920352458316482 -9.61810880246424 0.06
12.337557902650643 1.7420289890649612 0.06
-10.274385785438177 7.049609686499383 0.06
2.8141600210196684 -12.138801562596475 0.06
6.1247658420874895 10.85206171101134 0.06
-11.84705553153625 -3.864877130349212 0.06
11.346702357352884 -5.152896817678627 0.06
-4.886130704487926 11.464542151288045 0.06
-4.141439557295352 -11.754508853766255 0.06
10.994179187708761 5.870095739300302 0.06
-12.072346855744449 3.0981351478909236 0.06
6.809231795360725 -10.43955757477531 0.06
2.0309695730292208 12.297770635096002 0.06
-9.804913999962663 -7.696340783342186 0.06
12.429041899022037 -0.948112584219145 0.06
-8.524622134206389 9.095098540917439 0.06
0.14214484297099717 -12.46514319386732 0.06
8.315537600441738 9.287724932169326 0.06
-12.405785790120689 -1.2314539900620005 0.06
9.979796611366394 -7.472192422292126 0.06
-2.3114723263975163 12.251411987371025 0.06
-6.571513506507405 -10.59552784120691 0.06
12.003191821123401 3.3739274007180855 0.06
-11.130193258063281 5.6203912709136805 0.06
4.410680205146174 -11.663014195649929 0.06
4.62610333784259 11.57968772927844 0.06
-11.233472510524798 -5.413787524024533 0.06
11.940557871927654 -3.596258848740813 0.06
-6.375562792612142 10.717844889596961 0.06
-2.5387402319184 -12.210028584521778 0.06
10.1200691636976 7.288634997170385 0.06
-12.38602438714283 1.4616428705751172 0.06
8.146005166042807 -9.444712797899356 0.06
0.37321313219575103 12.467185406416183 0.06
-8.69693799238187 -8.94110001938603 0.06
12.45287788216511 0.7182147672409808 0.06
-9.667822364938178 7.882462224457608 0.06
1.8042825786114545 -12.343199114351156 0.06
7.0075145330486395 10.320597854248179 0.06
-12.13897681189862 -2.876672028610074 0.06
10.894417741285798 -6.078787879039478 0.06
-3.9271685298765067 11.841762847564024 0.06
-5.103387947629252 -11.384877314050975 0.06
11.453821466143257 4.9477241052544505 0.06
-11.78820970591452 4.088778782152773 0.06
5.9305190449342176 -10.978112035212273 0.06
3.042725667178299 12.101314825848238 0.06
-10.418266470251385 -6.8680218225363685 0.06
12.32178318600886 -1.9732356972722056 0.06
-7.75304681190029 9.778561506299521 0.06
-0.8884964854330366 -12.447914443607539 0.06
9.063886027189374 8.578809362966473 0.06
-12.478730513913451 -0.20318651806989851 0.06
9.338977812744863 -8.27970370321663 0.06
-1.2934536173413944 12.413983153677407 0.06
-7.4320112211925915 -10.027722034842581 0.06
12.254155956034213 2.373954886932615 0.06
-10.639758153490863 6.527292427586241 0.06
3.4364141204871954 -12.000460740843087 0.06
5.572468734966511 11.17038907996587 0.06
-11.654828367590703 -4.472692223035589 0.06
11.61554056074219 -4.574846170283002 0.06
-5.474849562233001 11.219894040093122 0.06
-3.5420594714453992 -11.971792459809182 0.06
10.698977215494576 6.435206798722781 0.06
-12.236405035578782 2.482013659362546 0.06
7.346403732129194 -10.096056269878762 0.06
1.402823531646292 12.40734001061708 0.06
-9.415738114618748 -8.201455709623492 0.06
12.483276271563204 -0.31275154328488697 0.06
-8.993807165674767 8.663222995320925 0.06
0.7798554528086659 -12.463620078962796 0.06
7.844264741670807 9.717381883129852 0.06
-12.348509707631232 -1.8666301188337444 0.06
10.366629588992758 -6.965126773047268 0.06
-2.9392487102167255 12.138814481632435 0.06
-6.032534195906843 -10.936568528346292 0.06
11.836128210280346 3.9894948288982386 0.06
-11.422823690240653 5.05362235843528 0.06
5.009322361863488 -11.442757074889531 0.06
4.035882257909526 11.821660391006466 0.06
-10.961702058419458 -5.990917123649986 0.06
12.13001295861052 -2.98710321615121 0.06
-6.926756731372739 10.396636051357309 0.06
-1.9153132637077892 -12.345508296618046 0.06
9.751875809436267 7.809668251426034 0.06
-12.466484147229076 0.8287176882908602 0.06
8.632883178521665 -9.032348976096843 0.06
-0.2643637829951967 12.492001912833688 0.06
-8.243556422670512 -9.390089323656499 0.06
12.421853936872258 1.3555606851082584 0.06
-10.075479214125554 7.391530193790996 0.06
2.4365159132516205 -12.256565187868565 0.06
6.482787378816333 10.68379463491599 0.06
-11.997389332765168 -3.498949727854429 0.06
11.210366968730204 -5.524280263201967 0.06
-4.534723173904891 11.646299229199375 0.06
-4.523343140629934 -11.651153025864698 0.06
11.205971908408115 5.535900431543925 0.06
-12.002766089238452 3.4876361918966667 0.06
6.4948096180381665 -10.679768163468669 0.06
2.4250868620391923 12.262501935231851 0.06
-10.0717068984781 -7.404101576231153 0.06
12.428359631503291 -1.3438291818603203 0.06
-8.256806199634932 9.386434433887564 0.06
-0.2521415003964014 -12.499056950977455 0.06
8.62918900321284 9.04638586104034 0.06
-12.474040283752323 -0.8416168958167923 0.06
9.766785535913828 -7.805760712157688 0.06
-1.9290697922714277 12.353488970187568 0.06
-6.922447265436677 -10.412479236821953 0.06
12.138314021170402 3.0018881930308465 0.06
-10.978512401255383 5.98600580149082 0.06
4.051854113867395 -11.830151234871678 0.06
5.003601201428962 11.46053990949199 0.06
-11.431348761614414 -5.070923534262437 0.06
11.854859439333106 -3.9827512693682996 0.06
-6.051288023849293 10.944949211961568 0.06
-2.931269202975326 -12.15843990237598 0.06
10.374666443584315 6.985434573766018 0.06
-12.36894474355155 1.8572037936016792 0.06
